日付,コード,PDFファイル名,価格交渉,増産,価格改定,価格転嫁,値上,想定以上,上方修正,下方修正,想定以下,未達,大幅,計画を上,計画を下,計画以,需要回復,需要の回復,需要が増,需要が低,悪化,グローバルニッチトップ,トップシェア,シェア拡大,レアアース,検索キーワード一覧
20260515,5210,5210_1630_日山村硝_新中期経営計画の策定および資本コストや株価を意識した経営の実現に向けた対応のアップデートについて.pdf,,24,8 9 10,,,,8 9,,,9,1 8,,,,,,,,13,,17,18,,価格交渉 / 増産 / 価格改定 / 価格転嫁 / 値上 / 想定以上 / 上方修正 / 下方修正 / 想定以下 / 未達 / 大幅 / 計画を上 / 計画を下 / 計画以 / 需要回復 / 需要の回復 / 需要が増 / 需要が低 / 悪化 / グローバルニッチトップ / トップシェア / シェア拡大 / レアアース
20260515,7047,7047_1530_G-ポート_2026年3月期 通期 決算説明資料(事業計画及び成長可能性に関する事項).pdf,,,,72,35 72,5,3 10 12,,,108,3 5 6 7 10 11 14 16 18 19 23 25 26 27 38 43,,,,75,,,,,,,31 35 38 42 52 71 82,,価格交渉 / 増産 / 価格改定 / 価格転嫁 / 値上 / 想定以上 / 上方修正 / 下方修正 / 想定以下 / 未達 / 大幅 / 計画を上 / 計画を下 / 計画以 / 需要回復 / 需要の回復 / 需要が増 / 需要が低 / 悪化 / グローバルニッチトップ / トップシェア / シェア拡大 / レアアース
20260515,9268,9268_1530_オプティマス_2026年3月期 通期 決算説明資料.pdf,,,,,,,14,14,,,14 52 53,,14,,31 32 53,,,52,3 23 32,,34 58,,,価格交渉 / 増産 / 価格改定 / 価格転嫁 / 値上 / 想定以上 / 上方修正 / 下方修正 / 想定以下 / 未達 / 大幅 / 計画を上 / 計画を下 / 計画以 / 需要回復 / 需要の回復 / 需要が増 / 需要が低 / 悪化 / グローバルニッチトップ / トップシェア / シェア拡大 / レアアース
20260515,4099,4099_1200_四国化成HD_2026年12月期 第1四半期決算補足説明資料.pdf,,12,,,3 5,,11,,,,3 6 15,11,11,,,,,,15,,,,,価格交渉 / 増産 / 価格改定 / 価格転嫁 / 値上 / 想定以上 / 上方修正 / 下方修正 / 想定以下 / 未達 / 大幅 / 計画を上 / 計画を下 / 計画以 / 需要回復 / 需要の回復 / 需要が増 / 需要が低 / 悪化 / グローバルニッチトップ / トップシェア / シェア拡大 / レアアース
20260515,4416,4416_1600_G-TrueData_2026年3月期 通期決算説明資料(事業計画及び成長可能性に関する事項).pdf,,,,31,6 12 31 36 40 41,3 16 20,,16,,,55,,,,,,,,31,,11,,,価格交渉 / 増産 / 価格改定 / 価格転嫁 / 値上 / 想定以上 / 上方修正 / 下方修正 / 想定以下 / 未達 / 大幅 / 計画を上 / 計画を下 / 計画以 / 需要回復 / 需要の回復 / 需要が増 / 需要が低 / 悪化 / グローバルニッチトップ / トップシェア / シェア拡大 / レアアース
20260515,5870,5870_1530_G-ナルネット_2026年3月期決算説明_事業計画及び成長可能性に関する事項.pdf,,,,42 64,42 75,76,25,25,,21 28,14 20 35 45 64 76 77,,,,,,,,,,,,,価格交渉 / 増産 / 価格改定 / 価格転嫁 / 値上 / 想定以上 / 上方修正 / 下方修正 / 想定以下 / 未達 / 大幅 / 計画を上 / 計画を下 / 計画以 / 需要回復 / 需要の回復 / 需要が増 / 需要が低 / 悪化 / グローバルニッチトップ / トップシェア / シェア拡大 / レアアース
20260515,9218,9218_1530_G-メンタルヘルスT_2026年12月期第1四半期決算説明資料.pdf,8 17,,,,,,,,,5,5 7 8 9 10 14 17 21 42,5,5,,,,,,14 37,,,41,,価格交渉 / 増産 / 価格改定 / 価格転嫁 / 値上 / 想定以上 / 上方修正 / 下方修正 / 想定以下 / 未達 / 大幅 / 計画を上 / 計画を下 / 計画以 / 需要回復 / 需要の回復 / 需要が増 / 需要が低 / 悪化 / グローバルニッチトップ / トップシェア / シェア拡大 / レアアース
20260515,2762,2762_1600_SANKO MF_第三者割当による新株式、第3回無担保転換社債型新株予約権付社債及び第8回新株予約権発行並びに主要株主及び主要株主である筆頭株主の異動に関するお知らせ.pdf,,,,,,22 30 41,,27,,6 7 18 23,9 17 19 20 23 31,,,,,6 12,,,22 41,,,,,価格交渉 / 増産 / 価格改定 / 価格転嫁 / 値上 / 想定以上 / 上方修正 / 下方修正 / 想定以下 / 未達 / 大幅 / 計画を上 / 計画を下 / 計画以 / 需要回復 / 需要の回復 / 需要が増 / 需要が低 / 悪化 / グローバルニッチトップ / トップシェア / シェア拡大 / レアアース
20260515,3878,3878_1400_巴川コーポ_2026年3月期 決算短信〔日本基準〕(連結).pdf,,,4,4 6,,4,,,,,4,,,,,,,,4,,,6,,価格交渉 / 増産 / 価格改定 / 価格転嫁 / 値上 / 想定以上 / 上方修正 / 下方修正 / 想定以下 / 未達 / 大幅 / 計画を上 / 計画を下 / 計画以 / 需要回復 / 需要の回復 / 需要が増 / 需要が低 / 悪化 / グローバルニッチトップ / トップシェア / シェア拡大 / レアアース
20260515,6574,6574_1930_G-コンヴァノ_中期経営計画の改定に関するお知らせ.pdf,,,,,,25,,12 25 27,,,8 21 29 33,,,20,,,30,,30,,,,,価格交渉 / 増産 / 価格改定 / 価格転嫁 / 値上 / 想定以上 / 上方修正 / 下方修正 / 想定以下 / 未達 / 大幅 / 計画を上 / 計画を下 / 計画以 / 需要回復 / 需要の回復 / 需要が増 / 需要が低 / 悪化 / グローバルニッチトップ / トップシェア / シェア拡大 / レアアース
20260515,7354,7354_1530_DmMiX_2026年12月期第1四半期決算説明資料.pdf,4,,,9,,,,,,46,4 11 45 46,38,,,,,,,,,,44,,価格交渉 / 増産 / 価格改定 / 価格転嫁 / 値上 / 想定以上 / 上方修正 / 下方修正 / 想定以下 / 未達 / 大幅 / 計画を上 / 計画を下 / 計画以 / 需要回復 / 需要の回復 / 需要が増 / 需要が低 / 悪化 / グローバルニッチトップ / トップシェア / シェア拡大 / レアアース
20260515,8769,8769_1530_ARM_2026年3月期 通期決算説明資料.pdf,,,20 21 23 31,,,,,,,11 20 23 35,6 16 27 28 29,28,20 31,,23,,,,,,,,,価格交渉 / 増産 / 価格改定 / 価格転嫁 / 値上 / 想定以上 / 上方修正 / 下方修正 / 想定以下 / 未達 / 大幅 / 計画を上 / 計画を下 / 計画以 / 需要回復 / 需要の回復 / 需要が増 / 需要が低 / 悪化 / グローバルニッチトップ / トップシェア / シェア拡大 / レアアース
20260515,2058,2058_1400_ヒガシマル_2026年3月期 決算短信〔日本基準〕(連結).pdf,,,4 5,4,,,,,,,,,,,,4,,,15,,,5,,価格交渉 / 増産 / 価格改定 / 価格転嫁 / 値上 / 想定以上 / 上方修正 / 下方修正 / 想定以下 / 未達 / 大幅 / 計画を上 / 計画を下 / 計画以 / 需要回復 / 需要の回復 / 需要が増 / 需要が低 / 悪化 / グローバルニッチトップ / トップシェア / シェア拡大 / レアアース
20260515,3360,3360_1000_シップHD_2026年3月期決算説明会資料.pdf,,,6,16,,,,,,,,,,,28,,19,,16,,,,,価格交渉 / 増産 / 価格改定 / 価格転嫁 / 値上 / 想定以上 / 上方修正 / 下方修正 / 想定以下 / 未達 / 大幅 / 計画を上 / 計画を下 / 計画以 / 需要回復 / 需要の回復 / 需要が増 / 需要が低 / 悪化 / グローバルニッチトップ / トップシェア / シェア拡大 / レアアース
20260515,3551,3551_1100_ダイニック_2026年3月期決算短信〔日本基準〕(連結).pdf,7,,,4 5,,,,,,4,4,,,,,,,,5 8,,,,,価格交渉 / 増産 / 価格改定 / 価格転嫁 / 値上 / 想定以上 / 上方修正 / 下方修正 / 想定以下 / 未達 / 大幅 / 計画を上 / 計画を下 / 計画以 / 需要回復 / 需要の回復 / 需要が増 / 需要が低 / 悪化 / グローバルニッチトップ / トップシェア / シェア拡大 / レアアース
20260515,3769,3769_1600_GMOPG_2026年9月期 第2四半期決算説明会.pdf,,,,,47,,,,,,,,19,49,,,,,24,,,10 13 14 15 16,,価格交渉 / 増産 / 価格改定 / 価格転嫁 / 値上 / 想定以上 / 上方修正 / 下方修正 / 想定以下 / 未達 / 大幅 / 計画を上 / 計画を下 / 計画以 / 需要回復 / 需要の回復 / 需要が増 / 需要が低 / 悪化 / グローバルニッチトップ / トップシェア / シェア拡大 / レアアース
20260515,3861,3861_1400_王子HD_2025年度決算説明会資料.pdf,,,,16 28 29,2 25 26 28,,,,,,36,,25,,,,,,2 15 26,,,,,価格交渉 / 増産 / 価格改定 / 価格転嫁 / 値上 / 想定以上 / 上方修正 / 下方修正 / 想定以下 / 未達 / 大幅 / 計画を上 / 計画を下 / 計画以 / 需要回復 / 需要の回復 / 需要が増 / 需要が低 / 悪化 / グローバルニッチトップ / トップシェア / シェア拡大 / レアアース
20260515,3865,3865_1500_北越コーポレーション_中期経営計画の策定に関するお知らせ.pdf,,19,8 15,,,,,,,10,,,1,,,,,,,,,2,,価格交渉 / 増産 / 価格改定 / 価格転嫁 / 値上 / 想定以上 / 上方修正 / 下方修正 / 想定以下 / 未達 / 大幅 / 計画を上 / 計画を下 / 計画以 / 需要回復 / 需要の回復 / 需要が増 / 需要が低 / 悪化 / グローバルニッチトップ / トップシェア / シェア拡大 / レアアース
20260515,4112,4112_1700_保土谷化_新中期経営計画「コード2030(CODE_CHORD 2030)」の策定に関するお知らせ.pdf,,,,10,,,,,,1 5 8 9,1 5 8,8,10,,,,,,,,,,,価格交渉 / 増産 / 価格改定 / 価格転嫁 / 値上 / 想定以上 / 上方修正 / 下方修正 / 想定以下 / 未達 / 大幅 / 計画を上 / 計画を下 / 計画以 / 需要回復 / 需要の回復 / 需要が増 / 需要が低 / 悪化 / グローバルニッチトップ / トップシェア / シェア拡大 / レアアース
20260515,4116,4116_1430_大日精化_2026年3月期 決算補足説明資料.pdf,,,17 20,7,,,20,,,,17,,,,,,,,7,,,,,価格交渉 / 増産 / 価格改定 / 価格転嫁 / 値上 / 想定以上 / 上方修正 / 下方修正 / 想定以下 / 未達 / 大幅 / 計画を上 / 計画を下 / 計画以 / 需要回復 / 需要の回復 / 需要が増 / 需要が低 / 悪化 / グローバルニッチトップ / トップシェア / シェア拡大 / レアアース
20260515,4631,4631_1200_DIC_2026年12月期 第1四半期決算説明資料.pdf,,,10,,9,,,,,,2 10 11 12,,,,,,,,4,,,10,,価格交渉 / 増産 / 価格改定 / 価格転嫁 / 値上 / 想定以上 / 上方修正 / 下方修正 / 想定以下 / 未達 / 大幅 / 計画を上 / 計画を下 / 計画以 / 需要回復 / 需要の回復 / 需要が増 / 需要が低 / 悪化 / グローバルニッチトップ / トップシェア / シェア拡大 / レアアース
20260515,4919,4919_1530_ミルボン_2026年12月期(第67期)第1四半期 株式会社ミルボン決算説明資料.pdf,,,5,,,,,,,10,4 12,3 10 11 16,22,,,,,,,,,,,価格交渉 / 増産 / 価格改定 / 価格転嫁 / 値上 / 想定以上 / 上方修正 / 下方修正 / 想定以下 / 未達 / 大幅 / 計画を上 / 計画を下 / 計画以 / 需要回復 / 需要の回復 / 需要が増 / 需要が低 / 悪化 / グローバルニッチトップ / トップシェア / シェア拡大 / レアアース
20260515,5125,5125_1153_G-ファインズ_2026年6月期 第3四半期_決算説明資料.pdf,,,,25,,,,2,,38,7 35,,,,,,,,38,,,,,価格交渉 / 増産 / 価格改定 / 価格転嫁 / 値上 / 想定以上 / 上方修正 / 下方修正 / 想定以下 / 未達 / 大幅 / 計画を上 / 計画を下 / 計画以 / 需要回復 / 需要の回復 / 需要が増 / 需要が低 / 悪化 / グローバルニッチトップ / トップシェア / シェア拡大 / レアアース
20260515,5703,5703_1400_日軽金HD_2026年3月期 決算短信〔日本基準〕(連結).pdf,,,5 6,,6,,,,,,5 6,,,,4,,,,6,,,,,価格交渉 / 増産 / 価格改定 / 価格転嫁 / 値上 / 想定以上 / 上方修正 / 下方修正 / 想定以下 / 未達 / 大幅 / 計画を上 / 計画を下 / 計画以 / 需要回復 / 需要の回復 / 需要が増 / 需要が低 / 悪化 / グローバルニッチトップ / トップシェア / シェア拡大 / レアアース
20260515,6018,6018_1530_阪神内燃機工業_2026年3月期 決算説明資料.pdf,17,,4 5 9,24,,,,,,,,,,,38,,,,4 5 9 11,,,,,価格交渉 / 増産 / 価格改定 / 価格転嫁 / 値上 / 想定以上 / 上方修正 / 下方修正 / 想定以下 / 未達 / 大幅 / 計画を上 / 計画を下 / 計画以 / 需要回復 / 需要の回復 / 需要が増 / 需要が低 / 悪化 / グローバルニッチトップ / トップシェア / シェア拡大 / レアアース
20260515,6229,6229_1400_オーケーエム_2026年3月期決算説明資料.pdf,,39,,35,,,,,,,13 16 20 35 47 48,,,,,,28,,,,30,,,価格交渉 / 増産 / 価格改定 / 価格転嫁 / 値上 / 想定以上 / 上方修正 / 下方修正 / 想定以下 / 未達 / 大幅 / 計画を上 / 計画を下 / 計画以 / 需要回復 / 需要の回復 / 需要が増 / 需要が低 / 悪化 / グローバルニッチトップ / トップシェア / シェア拡大 / レアアース
20260515,6240,6240_1530_ヤマシンフィルタ_2026年3月期決算説明資料(速報版).pdf,,,,4 21,,,,,,,10 15 41,,,,16 21,20,,,,,,20 21 30 32 34,,価格交渉 / 増産 / 価格改定 / 価格転嫁 / 値上 / 想定以上 / 上方修正 / 下方修正 / 想定以下 / 未達 / 大幅 / 計画を上 / 計画を下 / 計画以 / 需要回復 / 需要の回復 / 需要が増 / 需要が低 / 悪化 / グローバルニッチトップ / トップシェア / シェア拡大 / レアアース
20260515,6361,6361_1530_荏原製_2026年12月期 第1四半期 決算説明会資料.pdf,,10,,,,,3 19,,,,3 10,,,,,,18,,14,,,,,価格交渉 / 増産 / 価格改定 / 価格転嫁 / 値上 / 想定以上 / 上方修正 / 下方修正 / 想定以下 / 未達 / 大幅 / 計画を上 / 計画を下 / 計画以 / 需要回復 / 需要の回復 / 需要が増 / 需要が低 / 悪化 / グローバルニッチトップ / トップシェア / シェア拡大 / レアアース
20260515,6428,6428_1600_オーイズミ_2026年3月期 決算短信〔日本基準〕(連結).pdf,,4,,,4,4,,,,,,,,,,,,,4,,,7,,価格交渉 / 増産 / 価格改定 / 価格転嫁 / 値上 / 想定以上 / 上方修正 / 下方修正 / 想定以下 / 未達 / 大幅 / 計画を上 / 計画を下 / 計画以 / 需要回復 / 需要の回復 / 需要が増 / 需要が低 / 悪化 / グローバルニッチトップ / トップシェア / シェア拡大 / レアアース
20260515,6472,6472_0930_NTN_2026年3月期決算説明会資料.pdf,,,,,,,,,,,3,,,28 29,27 28,,6,4,,,,,,価格交渉 / 増産 / 価格改定 / 価格転嫁 / 値上 / 想定以上 / 上方修正 / 下方修正 / 想定以下 / 未達 / 大幅 / 計画を上 / 計画を下 / 計画以 / 需要回復 / 需要の回復 / 需要が増 / 需要が低 / 悪化 / グローバルニッチトップ / トップシェア / シェア拡大 / レアアース
20260515,6574,6574_1930_G-コンヴァノ_2026年3月期通期決算説明資料.pdf,,,,,,13,,13,,,6 22 31,31,,31,,,,,,,,,,価格交渉 / 増産 / 価格改定 / 価格転嫁 / 値上 / 想定以上 / 上方修正 / 下方修正 / 想定以下 / 未達 / 大幅 / 計画を上 / 計画を下 / 計画以 / 需要回復 / 需要の回復 / 需要が増 / 需要が低 / 悪化 / グローバルニッチトップ / トップシェア / シェア拡大 / レアアース
20260515,7039,7039_1200_G-ブリッジグループ_2026年12月期 第1四半期決算説明資料.pdf,,,,9,,,,27 28,,27,11 15 19 23 26 32 37,,13,,,,,,,,,,,価格交渉 / 増産 / 価格改定 / 価格転嫁 / 値上 / 想定以上 / 上方修正 / 下方修正 / 想定以下 / 未達 / 大幅 / 計画を上 / 計画を下 / 計画以 / 需要回復 / 需要の回復 / 需要が増 / 需要が低 / 悪化 / グローバルニッチトップ / トップシェア / シェア拡大 / レアアース
20260515,7047,7047_1530_G-ポート_2026年3月期決算短信〔IFRS〕(連結).pdf,,,,4,4 6,,,,,,2 4 5,,,4,,,,,,,,6,,価格交渉 / 増産 / 価格改定 / 価格転嫁 / 値上 / 想定以上 / 上方修正 / 下方修正 / 想定以下 / 未達 / 大幅 / 計画を上 / 計画を下 / 計画以 / 需要回復 / 需要の回復 / 需要が増 / 需要が低 / 悪化 / グローバルニッチトップ / トップシェア / シェア拡大 / レアアース
20260515,7087,7087_1700_ウイルテック_2026年3月期 決算説明資料.pdf,,17,,,18,,,,,,9,,,,,,2,,,,,,16,価格交渉 / 増産 / 価格改定 / 価格転嫁 / 値上 / 想定以上 / 上方修正 / 下方修正 / 想定以下 / 未達 / 大幅 / 計画を上 / 計画を下 / 計画以 / 需要回復 / 需要の回復 / 需要が増 / 需要が低 / 悪化 / グローバルニッチトップ / トップシェア / シェア拡大 / レアアース
20260515,7746,7746_1530_岡本硝子_中期経営計画策定に関するお知らせ.pdf,,4 13,,,,,,,,,15,,,,,,,,,4,12,,13 18,価格交渉 / 増産 / 価格改定 / 価格転嫁 / 値上 / 想定以上 / 上方修正 / 下方修正 / 想定以下 / 未達 / 大幅 / 計画を上 / 計画を下 / 計画以 / 需要回復 / 需要の回復 / 需要が増 / 需要が低 / 悪化 / グローバルニッチトップ / トップシェア / シェア拡大 / レアアース
20260515,8141,8141_1535_新光商_加賀電子株式会社による当社株式に対する公開買付けに関する意見表明に関するお知らせ.pdf,28 71,,,,,22 28 72,,22 28 64 72,,,20 21 22 23 28 29 53 65 71 72,,,,,,,,6 45,,,,,価格交渉 / 増産 / 価格改定 / 価格転嫁 / 値上 / 想定以上 / 上方修正 / 下方修正 / 想定以下 / 未達 / 大幅 / 計画を上 / 計画を下 / 計画以 / 需要回復 / 需要の回復 / 需要が増 / 需要が低 / 悪化 / グローバルニッチトップ / トップシェア / シェア拡大 / レアアース
20260515,8154,8154_1535_加賀電子_新光商事株式会社(証券コード_8141)の普通株式に対する公開買付けの開始に関するお知らせ.pdf,31,,,,,32,,24 32,,,13 25 31 32,,,,,,,,5,,,,,価格交渉 / 増産 / 価格改定 / 価格転嫁 / 値上 / 想定以上 / 上方修正 / 下方修正 / 想定以下 / 未達 / 大幅 / 計画を上 / 計画を下 / 計画以 / 需要回復 / 需要の回復 / 需要が増 / 需要が低 / 悪化 / グローバルニッチトップ / トップシェア / シェア拡大 / レアアース
20260515,9557,9557_1530_G-エアクロ_2026年6月期 第3四半期 決算説明資料.pdf,,,,,,,,2 18,,18 19,40,,18 19,,,,,,2 10,,,,,価格交渉 / 増産 / 価格改定 / 価格転嫁 / 値上 / 想定以上 / 上方修正 / 下方修正 / 想定以下 / 未達 / 大幅 / 計画を上 / 計画を下 / 計画以 / 需要回復 / 需要の回復 / 需要が増 / 需要が低 / 悪化 / グローバルニッチトップ / トップシェア / シェア拡大 / レアアース
20260515,9788,9788_1530_ナック_2026年3月期 決算補足説明資料.pdf,,,16,,,,,,,45 52,4 16 24 36,,,,,,48,,24 28 45,,,,,価格交渉 / 増産 / 価格改定 / 価格転嫁 / 値上 / 想定以上 / 上方修正 / 下方修正 / 想定以下 / 未達 / 大幅 / 計画を上 / 計画を下 / 計画以 / 需要回復 / 需要の回復 / 需要が増 / 需要が低 / 悪化 / グローバルニッチトップ / トップシェア / シェア拡大 / レアアース
20260515,1301,1301_1130_極洋_2026年3月期 決算短信[日本基準](連結).pdf,,,5,,4,,,,,,4,,4,,,,,,,,,,,価格交渉 / 増産 / 価格改定 / 価格転嫁 / 値上 / 想定以上 / 上方修正 / 下方修正 / 想定以下 / 未達 / 大幅 / 計画を上 / 計画を下 / 計画以 / 需要回復 / 需要の回復 / 需要が増 / 需要が低 / 悪化 / グローバルニッチトップ / トップシェア / シェア拡大 / レアアース
20260515,142A,142A_1600_G-ジンジブ_2026年3月期 通期 決算説明資料(事業計画及び成長可能性に関する事項).pdf,,,,,,,,,,12 24 25,9 12 14 15 24 25 26 28 56 58,,31,,,,,,56,,,,,価格交渉 / 増産 / 価格改定 / 価格転嫁 / 値上 / 想定以上 / 上方修正 / 下方修正 / 想定以下 / 未達 / 大幅 / 計画を上 / 計画を下 / 計画以 / 需要回復 / 需要の回復 / 需要が増 / 需要が低 / 悪化 / グローバルニッチトップ / トップシェア / シェア拡大 / レアアース
20260515,150A,150A_1530_G-JSH_2026年3月期通期決算説明資料.pdf,,,,,56,,,,,27,2 26 28 41,,,,,,,,61 62,,,,,価格交渉 / 増産 / 価格改定 / 価格転嫁 / 値上 / 想定以上 / 上方修正 / 下方修正 / 想定以下 / 未達 / 大幅 / 計画を上 / 計画を下 / 計画以 / 需要回復 / 需要の回復 / 需要が増 / 需要が低 / 悪化 / グローバルニッチトップ / トップシェア / シェア拡大 / レアアース
20260515,150A,150A_1530_G-JSH_事業計画及び成長可能性に関する事項.pdf,,,,,33,,,,,11,10 12 62,,,,,,,,45 46,,,,,価格交渉 / 増産 / 価格改定 / 価格転嫁 / 値上 / 想定以上 / 上方修正 / 下方修正 / 想定以下 / 未達 / 大幅 / 計画を上 / 計画を下 / 計画以 / 需要回復 / 需要の回復 / 需要が増 / 需要が低 / 悪化 / グローバルニッチトップ / トップシェア / シェア拡大 / レアアース
20260515,177A,177A_1430_G-コージンバイオ_2026年3月期決算短信〔日本基準〕(連結).pdf,,,,,,,,,,,4,4,4,,,,,,4,,,,,価格交渉 / 増産 / 価格改定 / 価格転嫁 / 値上 / 想定以上 / 上方修正 / 下方修正 / 想定以下 / 未達 / 大幅 / 計画を上 / 計画を下 / 計画以 / 需要回復 / 需要の回復 / 需要が増 / 需要が低 / 悪化 / グローバルニッチトップ / トップシェア / シェア拡大 / レアアース
20260515,2109,2109_1700_DM三井製糖_2026年3月期 決算短信〔日本基準〕(連結).pdf,,,,,4,,,,,,4,,,,,,,,5,,5,,,価格交渉 / 増産 / 価格改定 / 価格転嫁 / 値上 / 想定以上 / 上方修正 / 下方修正 / 想定以下 / 未達 / 大幅 / 計画を上 / 計画を下 / 計画以 / 需要回復 / 需要の回復 / 需要が増 / 需要が低 / 悪化 / グローバルニッチトップ / トップシェア / シェア拡大 / レアアース
20260515,2160,2160_1600_G-GNI_2026年12月期 第1四半期決算説明資料.pdf,15,,,,,,,,,,36,,,,,,,,16,,,23,,価格交渉 / 増産 / 価格改定 / 価格転嫁 / 値上 / 想定以上 / 上方修正 / 下方修正 / 想定以下 / 未達 / 大幅 / 計画を上 / 計画を下 / 計画以 / 需要回復 / 需要の回復 / 需要が増 / 需要が低 / 悪化 / グローバルニッチトップ / トップシェア / シェア拡大 / レアアース
20260515,253A,253A_1200_ETSグループ_2026年9月期 第2四半期決算 補足説明資料.pdf,,,,,,35,15,,,,15 19 27 34,38,,,,,,,,,,,,価格交渉 / 増産 / 価格改定 / 価格転嫁 / 値上 / 想定以上 / 上方修正 / 下方修正 / 想定以下 / 未達 / 大幅 / 計画を上 / 計画を下 / 計画以 / 需要回復 / 需要の回復 / 需要が増 / 需要が低 / 悪化 / グローバルニッチトップ / トップシェア / シェア拡大 / レアアース
20260515,2762,2762_1600_SANKO MF_資金調達に関する補足説明資料.pdf,,,,,,,,,,2,3,,2,,,,,,2,,,,,価格交渉 / 増産 / 価格改定 / 価格転嫁 / 値上 / 想定以上 / 上方修正 / 下方修正 / 想定以下 / 未達 / 大幅 / 計画を上 / 計画を下 / 計画以 / 需要回復 / 需要の回復 / 需要が増 / 需要が低 / 悪化 / グローバルニッチトップ / トップシェア / シェア拡大 / レアアース
20260515,287A,287A_1600_黒田グループ_2026年3月期 決算説明資料.pdf,,,,7,,,,,,,4,,,,,,,,,,,12,8,価格交渉 / 増産 / 価格改定 / 価格転嫁 / 値上 / 想定以上 / 上方修正 / 下方修正 / 想定以下 / 未達 / 大幅 / 計画を上 / 計画を下 / 計画以 / 需要回復 / 需要の回復 / 需要が増 / 需要が低 / 悪化 / グローバルニッチトップ / トップシェア / シェア拡大 / レアアース
20260515,3024,3024_1530_クリエイト_2026年3月期 決算短信[日本基準](連結).pdf,,,5,,,,,,,,5,,,,,,,5,4,,,,,価格交渉 / 増産 / 価格改定 / 価格転嫁 / 値上 / 想定以上 / 上方修正 / 下方修正 / 想定以下 / 未達 / 大幅 / 計画を上 / 計画を下 / 計画以 / 需要回復 / 需要の回復 / 需要が増 / 需要が低 / 悪化 / グローバルニッチトップ / トップシェア / シェア拡大 / レアアース
20260515,3055,3055_1530_ほくたけ_2026年3月期 決算短信〔日本基準〕(連結).pdf,19 20,,,,,4,,,,,4 5,,,,,,,,4,,,,,価格交渉 / 増産 / 価格改定 / 価格転嫁 / 値上 / 想定以上 / 上方修正 / 下方修正 / 想定以下 / 未達 / 大幅 / 計画を上 / 計画を下 / 計画以 / 需要回復 / 需要の回復 / 需要が増 / 需要が低 / 悪化 / グローバルニッチトップ / トップシェア / シェア拡大 / レアアース
20260515,3374,3374_1545_内外テック_2026年3月期決算説明資料.pdf,,3 16 17,,8,,,,,,20,7 17,,,,,,,,,,,,,価格交渉 / 増産 / 価格改定 / 価格転嫁 / 値上 / 想定以上 / 上方修正 / 下方修正 / 想定以下 / 未達 / 大幅 / 計画を上 / 計画を下 / 計画以 / 需要回復 / 需要の回復 / 需要が増 / 需要が低 / 悪化 / グローバルニッチトップ / トップシェア / シェア拡大 / レアアース
20260515,3417,3417_1530_大木ヘルスケア_2026年3月期決算短信〔日本基準〕(連結).pdf,5,,,4,4,,,,,,4,,,,,,,,,,,,,価格交渉 / 増産 / 価格改定 / 価格転嫁 / 値上 / 想定以上 / 上方修正 / 下方修正 / 想定以下 / 未達 / 大幅 / 計画を上 / 計画を下 / 計画以 / 需要回復 / 需要の回復 / 需要が増 / 需要が低 / 悪化 / グローバルニッチトップ / トップシェア / シェア拡大 / レアアース
20260515,3551,3551_1100_ダイニック_ダイニックグループ中期経営計画 「SOLID FOUNDATION 2026」実績報告 並びに新中期経営計画「SOLID FOUNDATION 2029」の策定について.pdf,,,,7 8 9 17 19,17,,,,,7 8,,,,,,,,,7 8 9 14 16,,,,,価格交渉 / 増産 / 価格改定 / 価格転嫁 / 値上 / 想定以上 / 上方修正 / 下方修正 / 想定以下 / 未達 / 大幅 / 計画を上 / 計画を下 / 計画以 / 需要回復 / 需要の回復 / 需要が増 / 需要が低 / 悪化 / グローバルニッチトップ / トップシェア / シェア拡大 / レアアース
20260515,4031,4031_1400_片倉コープアグリ_2026年3月期 決算短信〔日本基準〕(連結).pdf,,,4,,,,,,,4,,4 6,4,,,,,,,,,,,価格交渉 / 増産 / 価格改定 / 価格転嫁 / 値上 / 想定以上 / 上方修正 / 下方修正 / 想定以下 / 未達 / 大幅 / 計画を上 / 計画を下 / 計画以 / 需要回復 / 需要の回復 / 需要が増 / 需要が低 / 悪化 / グローバルニッチトップ / トップシェア / シェア拡大 / レアアース
20260515,4097,4097_1530_高圧ガス_2026年3月期 決算短信[日本基準](連結).pdf,,,4,,,,,,,,4,,,,4,4,,,,,,,,価格交渉 / 増産 / 価格改定 / 価格転嫁 / 値上 / 想定以上 / 上方修正 / 下方修正 / 想定以下 / 未達 / 大幅 / 計画を上 / 計画を下 / 計画以 / 需要回復 / 需要の回復 / 需要が増 / 需要が低 / 悪化 / グローバルニッチトップ / トップシェア / シェア拡大 / レアアース
20260515,4178,4178_1530_G-Sイノベーション_2026年12月期 第1四半期 決算補足説明資料.pdf,,17,,,,,,,,,2 4 5 42,10,,,,,,,43 44,,,,,価格交渉 / 増産 / 価格改定 / 価格転嫁 / 値上 / 想定以上 / 上方修正 / 下方修正 / 想定以下 / 未達 / 大幅 / 計画を上 / 計画を下 / 計画以 / 需要回復 / 需要の回復 / 需要が増 / 需要が低 / 悪化 / グローバルニッチトップ / トップシェア / シェア拡大 / レアアース
20260515,4216,4216_1600_旭有機材_中期経営計画『GNT2030』に関するお知らせ.pdf,,15,,,,,1 4,,,,24,,,,,,,,,,,14 15 21,,価格交渉 / 増産 / 価格改定 / 価格転嫁 / 値上 / 想定以上 / 上方修正 / 下方修正 / 想定以下 / 未達 / 大幅 / 計画を上 / 計画を下 / 計画以 / 需要回復 / 需要の回復 / 需要が増 / 需要が低 / 悪化 / グローバルニッチトップ / トップシェア / シェア拡大 / レアアース
20260515,4310,4310_1700_DI_2026年3月期 決算説明会資料.pdf,,,,,,,,,,6,19,,12,,,,,,27,,,,,価格交渉 / 増産 / 価格改定 / 価格転嫁 / 値上 / 想定以上 / 上方修正 / 下方修正 / 想定以下 / 未達 / 大幅 / 計画を上 / 計画を下 / 計画以 / 需要回復 / 需要の回復 / 需要が増 / 需要が低 / 悪化 / グローバルニッチトップ / トップシェア / シェア拡大 / レアアース
20260515,4415,4415_1530_G-ブロードエンター_2026年12月期 第1四半期決算説明書き起こし.pdf,,,,,26,,,,,,11 18,,,,,,21,,17,,,,,価格交渉 / 増産 / 価格改定 / 価格転嫁 / 値上 / 想定以上 / 上方修正 / 下方修正 / 想定以下 / 未達 / 大幅 / 計画を上 / 計画を下 / 計画以 / 需要回復 / 需要の回復 / 需要が増 / 需要が低 / 悪化 / グローバルニッチトップ / トップシェア / シェア拡大 / レアアース
20260515,4651,4651_1530_サニックスHD_中期経営計画(2027年3月期~2029年3月期)策定に関するお知らせ.pdf,,,49,,47 49,,,,,11 12,,,,,,,,,,,55,,,価格交渉 / 増産 / 価格改定 / 価格転嫁 / 値上 / 想定以上 / 上方修正 / 下方修正 / 想定以下 / 未達 / 大幅 / 計画を上 / 計画を下 / 計画以 / 需要回復 / 需要の回復 / 需要が増 / 需要が低 / 悪化 / グローバルニッチトップ / トップシェア / シェア拡大 / レアアース
20260515,4662,4662_1530_フォーカスシステムズ_2026年3月期決算短信〔日本基準〕(非連結).pdf,,,,4 5,,7,,,,7 8,,,,,,,,,6 7 8,,,,,価格交渉 / 増産 / 価格改定 / 価格転嫁 / 値上 / 想定以上 / 上方修正 / 下方修正 / 想定以下 / 未達 / 大幅 / 計画を上 / 計画を下 / 計画以 / 需要回復 / 需要の回復 / 需要が増 / 需要が低 / 悪化 / グローバルニッチトップ / トップシェア / シェア拡大 / レアアース
20260515,4932,4932_1530_アルマード_2026年3月期 決算説明資料.pdf,,,,,,,,,,6 13,2 3 4 6 7 8 10 11 14 16,,,7 8,,,,,6 13 14 17,,,,,価格交渉 / 増産 / 価格改定 / 価格転嫁 / 値上 / 想定以上 / 上方修正 / 下方修正 / 想定以下 / 未達 / 大幅 / 計画を上 / 計画を下 / 計画以 / 需要回復 / 需要の回復 / 需要が増 / 需要が低 / 悪化 / グローバルニッチトップ / トップシェア / シェア拡大 / レアアース
20260515,4972,4972_1530_綜研化学_2026年3月期 決算短信〔日本基準〕(連結).pdf,,,,,6,,,,,,4,,,,4,,,,6,,,,,価格交渉 / 増産 / 価格改定 / 価格転嫁 / 値上 / 想定以上 / 上方修正 / 下方修正 / 想定以下 / 未達 / 大幅 / 計画を上 / 計画を下 / 計画以 / 需要回復 / 需要の回復 / 需要が増 / 需要が低 / 悪化 / グローバルニッチトップ / トップシェア / シェア拡大 / レアアース
20260515,5105,5105_1100_TOYO TIRE_2026年度第1四半期決算説明資料.pdf,17,,,17,17,,,,,,17,,,,,,,,,,,,,価格交渉 / 増産 / 価格改定 / 価格転嫁 / 値上 / 想定以上 / 上方修正 / 下方修正 / 想定以下 / 未達 / 大幅 / 計画を上 / 計画を下 / 計画以 / 需要回復 / 需要の回復 / 需要が増 / 需要が低 / 悪化 / グローバルニッチトップ / トップシェア / シェア拡大 / レアアース
20260515,5110,5110_1530_住友ゴム_2026年12月期 第1四半期決算短信〔IFRS〕(連結).pdf,,,,6,4,,,,,,4,,,,,,,,5,,,,,価格交渉 / 増産 / 価格改定 / 価格転嫁 / 値上 / 想定以上 / 上方修正 / 下方修正 / 想定以下 / 未達 / 大幅 / 計画を上 / 計画を下 / 計画以 / 需要回復 / 需要の回復 / 需要が増 / 需要が低 / 悪化 / グローバルニッチトップ / トップシェア / シェア拡大 / レアアース
20260515,5199,5199_1400_不二ラテ_2026年3月期 決算短信〔日本基準〕(連結).pdf,,,,,4,4,,,,,4,,,,6,,,,,,,,,価格交渉 / 増産 / 価格改定 / 価格転嫁 / 値上 / 想定以上 / 上方修正 / 下方修正 / 想定以下 / 未達 / 大幅 / 計画を上 / 計画を下 / 計画以 / 需要回復 / 需要の回復 / 需要が増 / 需要が低 / 悪化 / グローバルニッチトップ / トップシェア / シェア拡大 / レアアース
20260515,5237,5237_1100_ノザワ_2026年3月期 決算補足説明資料.pdf,,,4 16,,7,,,,,,3,,,,,,,,8 18,,,,,価格交渉 / 増産 / 価格改定 / 価格転嫁 / 値上 / 想定以上 / 上方修正 / 下方修正 / 想定以下 / 未達 / 大幅 / 計画を上 / 計画を下 / 計画以 / 需要回復 / 需要の回復 / 需要が増 / 需要が低 / 悪化 / グローバルニッチトップ / トップシェア / シェア拡大 / レアアース
20260515,5356,5356_1500_美濃窯業_2026年3月期 決算説明資料.pdf,,,6 9 10 11 20,,,,,,,18 19,10 20 24,,,,,,,,,,,21,,価格交渉 / 増産 / 価格改定 / 価格転嫁 / 値上 / 想定以上 / 上方修正 / 下方修正 / 想定以下 / 未達 / 大幅 / 計画を上 / 計画を下 / 計画以 / 需要回復 / 需要の回復 / 需要が増 / 需要が低 / 悪化 / グローバルニッチトップ / トップシェア / シェア拡大 / レアアース
20260515,5471,5471_1140_大同特鋼_2026年3月期 決算短信〔IFRS〕(連結).pdf,,,,6,,,,,,,,,,,,,5,5,18,,,,,価格交渉 / 増産 / 価格改定 / 価格転嫁 / 値上 / 想定以上 / 上方修正 / 下方修正 / 想定以下 / 未達 / 大幅 / 計画を上 / 計画を下 / 計画以 / 需要回復 / 需要の回復 / 需要が増 / 需要が低 / 悪化 / グローバルニッチトップ / トップシェア / シェア拡大 / レアアース
20260515,5471,5471_1140_大同特鋼_2026年3月期 決算説明会.pdf,,,,,20,,,,,,,,,,26,,,,14,,,34,,価格交渉 / 増産 / 価格改定 / 価格転嫁 / 値上 / 想定以上 / 上方修正 / 下方修正 / 想定以下 / 未達 / 大幅 / 計画を上 / 計画を下 / 計画以 / 需要回復 / 需要の回復 / 需要が増 / 需要が低 / 悪化 / グローバルニッチトップ / トップシェア / シェア拡大 / レアアース
20260515,6029,6029_1200_アトラG_2026年12月期第1四半期 決算説明資料.pdf,,,,,,,3 7 11,11,,,5 8,,,,,,,,4 7,,,,,価格交渉 / 増産 / 価格改定 / 価格転嫁 / 値上 / 想定以上 / 上方修正 / 下方修正 / 想定以下 / 未達 / 大幅 / 計画を上 / 計画を下 / 計画以 / 需要回復 / 需要の回復 / 需要が増 / 需要が低 / 悪化 / グローバルニッチトップ / トップシェア / シェア拡大 / レアアース
20260515,6140,6140_1530_旭ダイヤ_2026年3月期決算短信〔日本基準〕(連結).pdf,,,,,,,,,,,4,,,,,4,,,,7,,,4 7,価格交渉 / 増産 / 価格改定 / 価格転嫁 / 値上 / 想定以上 / 上方修正 / 下方修正 / 想定以下 / 未達 / 大幅 / 計画を上 / 計画を下 / 計画以 / 需要回復 / 需要の回復 / 需要が増 / 需要が低 / 悪化 / グローバルニッチトップ / トップシェア / シェア拡大 / レアアース
20260515,6145,6145_1800_NITTOKU_2026年3月期 決算短信〔日本基準〕(連結).pdf,,,,4 7,,,,,,,,7,,,,,,,4,,,,5 7,価格交渉 / 増産 / 価格改定 / 価格転嫁 / 値上 / 想定以上 / 上方修正 / 下方修正 / 想定以下 / 未達 / 大幅 / 計画を上 / 計画を下 / 計画以 / 需要回復 / 需要の回復 / 需要が増 / 需要が低 / 悪化 / グローバルニッチトップ / トップシェア / シェア拡大 / レアアース
20260515,6310,6310_1530_井関農_2026年12月期 第1四半期 決算補足説明資料.pdf,,,5 6 8,3,,,,,,,,14,,3,,,,,,,,,,価格交渉 / 増産 / 価格改定 / 価格転嫁 / 値上 / 想定以上 / 上方修正 / 下方修正 / 想定以下 / 未達 / 大幅 / 計画を上 / 計画を下 / 計画以 / 需要回復 / 需要の回復 / 需要が増 / 需要が低 / 悪化 / グローバルニッチトップ / トップシェア / シェア拡大 / レアアース
20260515,6699,6699_1100_ダイヤHD_2026年3月期決算説明資料.pdf,,2 8 9 10 11,,,,,,,,,9,,,,,,,,3 6,,,,4 5 9,価格交渉 / 増産 / 価格改定 / 価格転嫁 / 値上 / 想定以上 / 上方修正 / 下方修正 / 想定以下 / 未達 / 大幅 / 計画を上 / 計画を下 / 計画以 / 需要回復 / 需要の回復 / 需要が増 / 需要が低 / 悪化 / グローバルニッチトップ / トップシェア / シェア拡大 / レアアース
20260515,6890,6890_1820_フェローテック_中期経営計画(ローリングプラン)資料の開示について.pdf,,5 12,,,,,8,,,,,8,,,,,9,,,,,,,価格交渉 / 増産 / 価格改定 / 価格転嫁 / 値上 / 想定以上 / 上方修正 / 下方修正 / 想定以下 / 未達 / 大幅 / 計画を上 / 計画を下 / 計画以 / 需要回復 / 需要の回復 / 需要が増 / 需要が低 / 悪化 / グローバルニッチトップ / トップシェア / シェア拡大 / レアアース
20260515,7060,7060_1500_ギークス_2026年3月期通期決算説明資料.pdf,,,,,,,8,,,,10 11 12 38,8,,,,,,,,,,34,,価格交渉 / 増産 / 価格改定 / 価格転嫁 / 値上 / 想定以上 / 上方修正 / 下方修正 / 想定以下 / 未達 / 大幅 / 計画を上 / 計画を下 / 計画以 / 需要回復 / 需要の回復 / 需要が増 / 需要が低 / 悪化 / グローバルニッチトップ / トップシェア / シェア拡大 / レアアース
20260515,7082,7082_1600_G-ジモティー_カルチュア・コンビニエンス・クラブ株式会社による当社株券等に対する公開買付けに関する賛同の意見表明及び応募推奨のお知らせ.pdf,48,,,,,,35,,,,18 19 23 24 34 37 38 45,,,,,,,,16 60 63,,,,,価格交渉 / 増産 / 価格改定 / 価格転嫁 / 値上 / 想定以上 / 上方修正 / 下方修正 / 想定以下 / 未達 / 大幅 / 計画を上 / 計画を下 / 計画以 / 需要回復 / 需要の回復 / 需要が増 / 需要が低 / 悪化 / グローバルニッチトップ / トップシェア / シェア拡大 / レアアース
20260515,7114,7114_1530_G-フーディソン_2026年3月期 通期 決算説明資料.pdf,,,5 14,,,,,,,8,5,,,,,,,,,,,36,,価格交渉 / 増産 / 価格改定 / 価格転嫁 / 値上 / 想定以上 / 上方修正 / 下方修正 / 想定以下 / 未達 / 大幅 / 計画を上 / 計画を下 / 計画以 / 需要回復 / 需要の回復 / 需要が増 / 需要が低 / 悪化 / グローバルニッチトップ / トップシェア / シェア拡大 / レアアース
20260515,7119,7119_1530_G-ハルメクHD_2026年3月期 通期決算及び中期経営計画説明資料.pdf,,,,,5 10 16 46,45,5,,,,5 7,,,,,,,,,,,,,価格交渉 / 増産 / 価格改定 / 価格転嫁 / 値上 / 想定以上 / 上方修正 / 下方修正 / 想定以下 / 未達 / 大幅 / 計画を上 / 計画を下 / 計画以 / 需要回復 / 需要の回復 / 需要が増 / 需要が低 / 悪化 / グローバルニッチトップ / トップシェア / シェア拡大 / レアアース
20260515,7957,7957_1530_フジコピアン_2026年12月期連結業績予想修正および配当予想修正に関するお知らせ.pdf,,,,2,2,,,,,,2,,,,,,,,2,,,,,価格交渉 / 増産 / 価格改定 / 価格転嫁 / 値上 / 想定以上 / 上方修正 / 下方修正 / 想定以下 / 未達 / 大幅 / 計画を上 / 計画を下 / 計画以 / 需要回復 / 需要の回復 / 需要が増 / 需要が低 / 悪化 / グローバルニッチトップ / トップシェア / シェア拡大 / レアアース
20260515,8152,8152_1530_ソマール_2026年3月期 決算短信〔日本基準〕(連結).pdf,,4,,,,,,,,,4 7,,,,,,,4,4 7,,,,,価格交渉 / 増産 / 価格改定 / 価格転嫁 / 値上 / 想定以上 / 上方修正 / 下方修正 / 想定以下 / 未達 / 大幅 / 計画を上 / 計画を下 / 計画以 / 需要回復 / 需要の回復 / 需要が増 / 需要が低 / 悪化 / グローバルニッチトップ / トップシェア / シェア拡大 / レアアース
20260515,8714,8714_1400_池田泉州_長期経営戦略・第6次中期経営計画(詳細版).pdf,,,,,,,,,,5,,,5,,,,,,39,,,10 12,,価格交渉 / 増産 / 価格改定 / 価格転嫁 / 値上 / 想定以上 / 上方修正 / 下方修正 / 想定以下 / 未達 / 大幅 / 計画を上 / 計画を下 / 計画以 / 需要回復 / 需要の回復 / 需要が増 / 需要が低 / 悪化 / グローバルニッチトップ / トップシェア / シェア拡大 / レアアース
20260515,9052,9052_1530_山陽電鉄_山陽電鉄グループ長期ビジョンの改定および中期経営計画(2026年度~2028年度)の策定について.pdf,,,,,,6,,,,,6,,,23,6,,,,,,,,,価格交渉 / 増産 / 価格改定 / 価格転嫁 / 値上 / 想定以上 / 上方修正 / 下方修正 / 想定以下 / 未達 / 大幅 / 計画を上 / 計画を下 / 計画以 / 需要回復 / 需要の回復 / 需要が増 / 需要が低 / 悪化 / グローバルニッチトップ / トップシェア / シェア拡大 / レアアース
20260515,9245,9245_1200_G-リベロ_2026年12月期第1四半期決算説明資料.pdf,34,,,,,,,,,,7 11,,,,,,,40,40,,,,,価格交渉 / 増産 / 価格改定 / 価格転嫁 / 値上 / 想定以上 / 上方修正 / 下方修正 / 想定以下 / 未達 / 大幅 / 計画を上 / 計画を下 / 計画以 / 需要回復 / 需要の回復 / 需要が増 / 需要が低 / 悪化 / グローバルニッチトップ / トップシェア / シェア拡大 / レアアース
20260515,1379,1379_1500_ホクト_2026年3月期 決算短信〔日本基準〕(連結).pdf,,,,,,,,,,4,4,,4,,,,,,,,,,,価格交渉 / 増産 / 価格改定 / 価格転嫁 / 値上 / 想定以上 / 上方修正 / 下方修正 / 想定以下 / 未達 / 大幅 / 計画を上 / 計画を下 / 計画以 / 需要回復 / 需要の回復 / 需要が増 / 需要が低 / 悪化 / グローバルニッチトップ / トップシェア / シェア拡大 / レアアース
20260515,1380,1380_1500_秋川牧園_2026年3月期 決算短信〔日本基準〕(連結).pdf,,,4,,5,,,,,,,,5,,,,,,,,,,,価格交渉 / 増産 / 価格改定 / 価格転嫁 / 値上 / 想定以上 / 上方修正 / 下方修正 / 想定以下 / 未達 / 大幅 / 計画を上 / 計画を下 / 計画以 / 需要回復 / 需要の回復 / 需要が増 / 需要が低 / 悪化 / グローバルニッチトップ / トップシェア / シェア拡大 / レアアース
20260515,147A,147A_1230_G-ソラコム_2026年3月期通期決算説明資料.pdf,,,,,,,7,,,7,5 23 37 40,,,,,,,,,,,,,価格交渉 / 増産 / 価格改定 / 価格転嫁 / 値上 / 想定以上 / 上方修正 / 下方修正 / 想定以下 / 未達 / 大幅 / 計画を上 / 計画を下 / 計画以 / 需要回復 / 需要の回復 / 需要が増 / 需要が低 / 悪化 / グローバルニッチトップ / トップシェア / シェア拡大 / レアアース
20260515,177A,177A_1430_G-コージンバイオ_事業計画及び成長可能性に関する事項.pdf,,,,,,,,,,,10 13,,10,,,,,,13 48 52,,,,,価格交渉 / 増産 / 価格改定 / 価格転嫁 / 値上 / 想定以上 / 上方修正 / 下方修正 / 想定以下 / 未達 / 大幅 / 計画を上 / 計画を下 / 計画以 / 需要回復 / 需要の回復 / 需要が増 / 需要が低 / 悪化 / グローバルニッチトップ / トップシェア / シェア拡大 / レアアース
20260515,2204,2204_1530_中村屋_2026年3月期決算説明会資料.pdf,,,8 24,,,,,,,,2 5,,,,,,,,,,,21,,価格交渉 / 増産 / 価格改定 / 価格転嫁 / 値上 / 想定以上 / 上方修正 / 下方修正 / 想定以下 / 未達 / 大幅 / 計画を上 / 計画を下 / 計画以 / 需要回復 / 需要の回復 / 需要が増 / 需要が低 / 悪化 / グローバルニッチトップ / トップシェア / シェア拡大 / レアアース
20260515,2286,2286_1530_林兼産_新中期経営計画の策定に関するお知らせ.pdf,,,7,,,,,,,,6 7,,,,,,,,7,,,,,価格交渉 / 増産 / 価格改定 / 価格転嫁 / 値上 / 想定以上 / 上方修正 / 下方修正 / 想定以下 / 未達 / 大幅 / 計画を上 / 計画を下 / 計画以 / 需要回復 / 需要の回復 / 需要が増 / 需要が低 / 悪化 / グローバルニッチトップ / トップシェア / シェア拡大 / レアアース
20260515,2334,2334_1915_G-イオレ_2026年3月期通期決算補足資料.pdf,,,35,,,,,,,,8 10 11 32 53,,,,,,,,49,,,,,価格交渉 / 増産 / 価格改定 / 価格転嫁 / 値上 / 想定以上 / 上方修正 / 下方修正 / 想定以下 / 未達 / 大幅 / 計画を上 / 計画を下 / 計画以 / 需要回復 / 需要の回復 / 需要が増 / 需要が低 / 悪化 / グローバルニッチトップ / トップシェア / シェア拡大 / レアアース
20260515,2334,2334_1915_G-イオレ_2027年3月期以降の事業計画及び成長可能性に関する事項.pdf,,,,,,,,,,,8 56 59,16,,,,,,,22,,,,,価格交渉 / 増産 / 価格改定 / 価格転嫁 / 値上 / 想定以上 / 上方修正 / 下方修正 / 想定以下 / 未達 / 大幅 / 計画を上 / 計画を下 / 計画以 / 需要回復 / 需要の回復 / 需要が増 / 需要が低 / 悪化 / グローバルニッチトップ / トップシェア / シェア拡大 / レアアース
20260515,2585,2585_1600_ライフドリンクC_2026年3月期 決算補足説明資料.pdf,,3 19 20 29,3 19,,,,,,,,,,,,,,,,3 7,,,,,価格交渉 / 増産 / 価格改定 / 価格転嫁 / 値上 / 想定以上 / 上方修正 / 下方修正 / 想定以下 / 未達 / 大幅 / 計画を上 / 計画を下 / 計画以 / 需要回復 / 需要の回復 / 需要が増 / 需要が低 / 悪化 / グローバルニッチトップ / トップシェア / シェア拡大 / レアアース
20260515,2586,2586_1530_G-フルッタフルッタ_2026年3月期 決算短信〔日本基準〕(非連結).pdf,,,,,,,,,,,4 5 6 8,,,,,4,,,4,,,,,価格交渉 / 増産 / 価格改定 / 価格転嫁 / 値上 / 想定以上 / 上方修正 / 下方修正 / 想定以下 / 未達 / 大幅 / 計画を上 / 計画を下 / 計画以 / 需要回復 / 需要の回復 / 需要が増 / 需要が低 / 悪化 / グローバルニッチトップ / トップシェア / シェア拡大 / レアアース
20260515,2586,2586_1530_G-フルッタフルッタ_2026年3月期 通期決算補足説明資料.pdf,,,,,,,,,,,10,,,,,,9,,8,,,,,価格交渉 / 増産 / 価格改定 / 価格転嫁 / 値上 / 想定以上 / 上方修正 / 下方修正 / 想定以下 / 未達 / 大幅 / 計画を上 / 計画を下 / 計画以 / 需要回復 / 需要の回復 / 需要が増 / 需要が低 / 悪化 / グローバルニッチトップ / トップシェア / シェア拡大 / レアアース
20260515,2594,2594_1400_キーコーヒー_2026年3月期 決算短信〔日本基準〕(連結).pdf,,,5 6,10,,,,,,,6,,,,,,,,,,,,,価格交渉 / 増産 / 価格改定 / 価格転嫁 / 値上 / 想定以上 / 上方修正 / 下方修正 / 想定以下 / 未達 / 大幅 / 計画を上 / 計画を下 / 計画以 / 需要回復 / 需要の回復 / 需要が増 / 需要が低 / 悪化 / グローバルニッチトップ / トップシェア / シェア拡大 / レアアース
20260515,2818,2818_1530_ピエトロ_2026年3月期 決算短信〔日本基準〕(連結).pdf,,,,,4 5,,,,,,4,,,,,,,,5 17,,,,,価格交渉 / 増産 / 価格改定 / 価格転嫁 / 値上 / 想定以上 / 上方修正 / 下方修正 / 想定以下 / 未達 / 大幅 / 計画を上 / 計画を下 / 計画以 / 需要回復 / 需要の回復 / 需要が増 / 需要が低 / 悪化 / グローバルニッチトップ / トップシェア / シェア拡大 / レアアース
20260515,2998,2998_1530_G-クリアル_2026年3月期 通期決算説明資料.pdf,,,,,,,4,,,5 23,4 7 8 14 20 32 34 35 43 58,,,,,,,,,,,,,価格交渉 / 増産 / 価格改定 / 価格転嫁 / 値上 / 想定以上 / 上方修正 / 下方修正 / 想定以下 / 未達 / 大幅 / 計画を上 / 計画を下 / 計画以 / 需要回復 / 需要の回復 / 需要が増 / 需要が低 / 悪化 / グローバルニッチトップ / トップシェア / シェア拡大 / レアアース
20260515,3036,3036_1230_アルコニックス_2026年3月期 決算短信〔日本基準〕 (連結).pdf,,,,,,,,,,,4,,,,4,,,,,,,,4,価格交渉 / 増産 / 価格改定 / 価格転嫁 / 値上 / 想定以上 / 上方修正 / 下方修正 / 想定以下 / 未達 / 大幅 / 計画を上 / 計画を下 / 計画以 / 需要回復 / 需要の回復 / 需要が増 / 需要が低 / 悪化 / グローバルニッチトップ / トップシェア / シェア拡大 / レアアース
20260515,3113,3113_1530_UNIVA・Oak_2026年3月期 決算短信〔日本基準〕(連結).pdf,,,,,,4 5 7 17,,,,,4,,,,,,,,7 17,,,,,価格交渉 / 増産 / 価格改定 / 価格転嫁 / 値上 / 想定以上 / 上方修正 / 下方修正 / 想定以下 / 未達 / 大幅 / 計画を上 / 計画を下 / 計画以 / 需要回復 / 需要の回復 / 需要が増 / 需要が低 / 悪化 / グローバルニッチトップ / トップシェア / シェア拡大 / レアアース
20260515,3113,3113_1530_UNIVA・Oak_2026年3月期決算説明資料.pdf,,,,,,,,,,12 13,12 13 23,,,,,,,,5 12 16,,,,,価格交渉 / 増産 / 価格改定 / 価格転嫁 / 値上 / 想定以上 / 上方修正 / 下方修正 / 想定以下 / 未達 / 大幅 / 計画を上 / 計画を下 / 計画以 / 需要回復 / 需要の回復 / 需要が増 / 需要が低 / 悪化 / グローバルニッチトップ / トップシェア / シェア拡大 / レアアース
20260515,3173,3173_1600_Cominix_2026年3月期 決算短信〔日本基準〕(連結).pdf,,,,,4,,,,,,5,,,,,,,,,,,7,,価格交渉 / 増産 / 価格改定 / 価格転嫁 / 値上 / 想定以上 / 上方修正 / 下方修正 / 想定以下 / 未達 / 大幅 / 計画を上 / 計画を下 / 計画以 / 需要回復 / 需要の回復 / 需要が増 / 需要が低 / 悪化 / グローバルニッチトップ / トップシェア / シェア拡大 / レアアース
20260515,3175,3175_1800_APHD_2026年3月期決算短信〔日本基準〕(連結).pdf,,,,6 9,5,,,,,,,,,,,5,,,,,,,,価格交渉 / 増産 / 価格改定 / 価格転嫁 / 値上 / 想定以上 / 上方修正 / 下方修正 / 想定以下 / 未達 / 大幅 / 計画を上 / 計画を下 / 計画以 / 需要回復 / 需要の回復 / 需要が増 / 需要が低 / 悪化 / グローバルニッチトップ / トップシェア / シェア拡大 / レアアース
20260515,3184,3184_1540_ICDA・HD_2026年3月期 決算短信〔日本基準〕(連結).pdf,,,,,,,,,,,4 7,,,,,,,,4,,,,4,価格交渉 / 増産 / 価格改定 / 価格転嫁 / 値上 / 想定以上 / 上方修正 / 下方修正 / 想定以下 / 未達 / 大幅 / 計画を上 / 計画を下 / 計画以 / 需要回復 / 需要の回復 / 需要が増 / 需要が低 / 悪化 / グローバルニッチトップ / トップシェア / シェア拡大 / レアアース
20260515,3187,3187_1600_G-ミラタップ_2026年9月期 第2四半期決算説明資料.pdf,,,,,,,,,,,,14,4,,,,,,,,,26,,価格交渉 / 増産 / 価格改定 / 価格転嫁 / 値上 / 想定以上 / 上方修正 / 下方修正 / 想定以下 / 未達 / 大幅 / 計画を上 / 計画を下 / 計画以 / 需要回復 / 需要の回復 / 需要が増 / 需要が低 / 悪化 / グローバルニッチトップ / トップシェア / シェア拡大 / レアアース
20260515,3300,3300_1530_G-アンビションDX_2026年6月期 第3四半期 決算短信〔日本基準〕(連結).pdf,,,,,,,4,,,,4,4,,,,,,,,,,,,価格交渉 / 増産 / 価格改定 / 価格転嫁 / 値上 / 想定以上 / 上方修正 / 下方修正 / 想定以下 / 未達 / 大幅 / 計画を上 / 計画を下 / 計画以 / 需要回復 / 需要の回復 / 需要が増 / 需要が低 / 悪化 / グローバルニッチトップ / トップシェア / シェア拡大 / レアアース
20260515,3315,3315_1400_日本コークス_2026年3月期 決算短信〔日本基準〕(連結).pdf,,4,,,,,,,,,4,,,,,,,,6,,,,,価格交渉 / 増産 / 価格改定 / 価格転嫁 / 値上 / 想定以上 / 上方修正 / 下方修正 / 想定以下 / 未達 / 大幅 / 計画を上 / 計画を下 / 計画以 / 需要回復 / 需要の回復 / 需要が増 / 需要が低 / 悪化 / グローバルニッチトップ / トップシェア / シェア拡大 / レアアース
20260515,3374,3374_1545_内外テック_中期経営計画策定に関するお知らせ.pdf,,,,,,4,,4,,,11,,,,,,,,,,,,,価格交渉 / 増産 / 価格改定 / 価格転嫁 / 値上 / 想定以上 / 上方修正 / 下方修正 / 想定以下 / 未達 / 大幅 / 計画を上 / 計画を下 / 計画以 / 需要回復 / 需要の回復 / 需要が増 / 需要が低 / 悪化 / グローバルニッチトップ / トップシェア / シェア拡大 / レアアース
20260515,3397,3397_1300_トリドールHD_2026年3月期 決算短信〔IFRS〕(連結).pdf,,,6,,,7,,,,,7,,,,,,,,,,,,,価格交渉 / 増産 / 価格改定 / 価格転嫁 / 値上 / 想定以上 / 上方修正 / 下方修正 / 想定以下 / 未達 / 大幅 / 計画を上 / 計画を下 / 計画以 / 需要回復 / 需要の回復 / 需要が増 / 需要が低 / 悪化 / グローバルニッチトップ / トップシェア / シェア拡大 / レアアース
20260515,3674,3674_1400_G-オークファン_2026年9月期 第2四半期決算 補足説明資料.pdf,,,7 9 29 43 44,,,,,,,,3,14,,,,,,,,,,,,価格交渉 / 増産 / 価格改定 / 価格転嫁 / 値上 / 想定以上 / 上方修正 / 下方修正 / 想定以下 / 未達 / 大幅 / 計画を上 / 計画を下 / 計画以 / 需要回復 / 需要の回復 / 需要が増 / 需要が低 / 悪化 / グローバルニッチトップ / トップシェア / シェア拡大 / レアアース
20260515,3726,3726_1940_フォーシーズHD_2026年9月期第2四半期(中間期)決算短信〔日本基準〕(連結).pdf,,,,,,,,,,,7 14,,,,,,,,4,,,,4,価格交渉 / 増産 / 価格改定 / 価格転嫁 / 値上 / 想定以上 / 上方修正 / 下方修正 / 想定以下 / 未達 / 大幅 / 計画を上 / 計画を下 / 計画以 / 需要回復 / 需要の回復 / 需要が増 / 需要が低 / 悪化 / グローバルニッチトップ / トップシェア / シェア拡大 / レアアース
20260515,3835,3835_1600_eBASE_2026年3月期決算と事業報告.pdf,,,38,,,37,,,,,30 40 43,,,,,,,,,,,,,価格交渉 / 増産 / 価格改定 / 価格転嫁 / 値上 / 想定以上 / 上方修正 / 下方修正 / 想定以下 / 未達 / 大幅 / 計画を上 / 計画を下 / 計画以 / 需要回復 / 需要の回復 / 需要が増 / 需要が低 / 悪化 / グローバルニッチトップ / トップシェア / シェア拡大 / レアアース
20260515,3861,3861_1300_王子HD_2026年3月期 決算短信〔日本基準〕(連結).pdf,,,,4,,,,,,,20,,,,,,,,4 6 7,,,,,価格交渉 / 増産 / 価格改定 / 価格転嫁 / 値上 / 想定以上 / 上方修正 / 下方修正 / 想定以下 / 未達 / 大幅 / 計画を上 / 計画を下 / 計画以 / 需要回復 / 需要の回復 / 需要が増 / 需要が低 / 悪化 / グローバルニッチトップ / トップシェア / シェア拡大 / レアアース
20260515,3863,3863_1500_日本紙_2026年3月期 決算短信〔日本基準〕(連結).pdf,,4,,,4,,,,,,,,,,,,,,4,,,,,価格交渉 / 増産 / 価格改定 / 価格転嫁 / 値上 / 想定以上 / 上方修正 / 下方修正 / 想定以下 / 未達 / 大幅 / 計画を上 / 計画を下 / 計画以 / 需要回復 / 需要の回復 / 需要が増 / 需要が低 / 悪化 / グローバルニッチトップ / トップシェア / シェア拡大 / レアアース
20260515,3863,3863_1500_日本紙_2026年3月期 決算説明資料.pdf,,,,,,,,,,,4 7,,,,,,,6,6,,,,,価格交渉 / 増産 / 価格改定 / 価格転嫁 / 値上 / 想定以上 / 上方修正 / 下方修正 / 想定以下 / 未達 / 大幅 / 計画を上 / 計画を下 / 計画以 / 需要回復 / 需要の回復 / 需要が増 / 需要が低 / 悪化 / グローバルニッチトップ / トップシェア / シェア拡大 / レアアース
20260515,3863,3863_1500_日本紙_中期経営計画2030骨子の公表について.pdf,,,6,,,,,,,6,,6,,,,,,,,,,,,価格交渉 / 増産 / 価格改定 / 価格転嫁 / 値上 / 想定以上 / 上方修正 / 下方修正 / 想定以下 / 未達 / 大幅 / 計画を上 / 計画を下 / 計画以 / 需要回復 / 需要の回復 / 需要が増 / 需要が低 / 悪化 / グローバルニッチトップ / トップシェア / シェア拡大 / レアアース
20260515,3880,3880_1300_大王紙_関係会社出資金評価損の計上(個別決算)及び 2026年3月期通期連結業績予想と実績値との差異に関するお知らせ.pdf,,,1,,,,,,,,,1,,1,,,,,,,,,,価格交渉 / 増産 / 価格改定 / 価格転嫁 / 値上 / 想定以上 / 上方修正 / 下方修正 / 想定以下 / 未達 / 大幅 / 計画を上 / 計画を下 / 計画以 / 需要回復 / 需要の回復 / 需要が増 / 需要が低 / 悪化 / グローバルニッチトップ / トップシェア / シェア拡大 / レアアース
20260515,3916,3916_1530_DIT_2026年6月期 第3四半期決算短信〔日本基準〕(連結).pdf,,,,,,6,,,,,7,,,,,4,,,,,,,,価格交渉 / 増産 / 価格改定 / 価格転嫁 / 値上 / 想定以上 / 上方修正 / 下方修正 / 想定以下 / 未達 / 大幅 / 計画を上 / 計画を下 / 計画以 / 需要回復 / 需要の回復 / 需要が増 / 需要が低 / 悪化 / グローバルニッチトップ / トップシェア / シェア拡大 / レアアース
20260515,3916,3916_1530_DIT_2026年6月期 第3四半期決算説明資料.pdf,,,,,,,30,,,,4 16 26,,,,,,,,,,,13,,価格交渉 / 増産 / 価格改定 / 価格転嫁 / 値上 / 想定以上 / 上方修正 / 下方修正 / 想定以下 / 未達 / 大幅 / 計画を上 / 計画を下 / 計画以 / 需要回復 / 需要の回復 / 需要が増 / 需要が低 / 悪化 / グローバルニッチトップ / トップシェア / シェア拡大 / レアアース
20260515,3929,3929_1530_G-ソーシャルワイヤ_2026年3月期 通期決算説明資料(事業計画及び成長可能性に関する事項).pdf,,,,,,,8,,,,16,8,,,,,,,,,,,,価格交渉 / 増産 / 価格改定 / 価格転嫁 / 値上 / 想定以上 / 上方修正 / 下方修正 / 想定以下 / 未達 / 大幅 / 計画を上 / 計画を下 / 計画以 / 需要回復 / 需要の回復 / 需要が増 / 需要が低 / 悪化 / グローバルニッチトップ / トップシェア / シェア拡大 / レアアース
20260515,3933,3933_1600_チエル_2026年3月期決算補足説明資料.pdf,,,,,,2,,,,,2 3,5,,,,,,,,,,,,価格交渉 / 増産 / 価格改定 / 価格転嫁 / 値上 / 想定以上 / 上方修正 / 下方修正 / 想定以下 / 未達 / 大幅 / 計画を上 / 計画を下 / 計画以 / 需要回復 / 需要の回復 / 需要が増 / 需要が低 / 悪化 / グローバルニッチトップ / トップシェア / シェア拡大 / レアアース
20260515,3943,3943_1600_大石産業_2026年3月期 決算補足説明資料.pdf,,,14,,,,,,,,,,,,16,,,,,,26,,,価格交渉 / 増産 / 価格改定 / 価格転嫁 / 値上 / 想定以上 / 上方修正 / 下方修正 / 想定以下 / 未達 / 大幅 / 計画を上 / 計画を下 / 計画以 / 需要回復 / 需要の回復 / 需要が増 / 需要が低 / 悪化 / グローバルニッチトップ / トップシェア / シェア拡大 / レアアース
20260515,4125,4125_1630_三和油化工業_2026年3月期 決算説明資料.pdf,,,,,,,,,,,11 12,,,,,,8 30,,8,,,,,価格交渉 / 増産 / 価格改定 / 価格転嫁 / 値上 / 想定以上 / 上方修正 / 下方修正 / 想定以下 / 未達 / 大幅 / 計画を上 / 計画を下 / 計画以 / 需要回復 / 需要の回復 / 需要が増 / 需要が低 / 悪化 / グローバルニッチトップ / トップシェア / シェア拡大 / レアアース
20260515,4216,4216_1600_旭有機材_2026年3月期決算短信〔日本基準〕(連結).pdf,,,,7,,,,,,,,,,,4,4,,,,,,,,価格交渉 / 増産 / 価格改定 / 価格転嫁 / 値上 / 想定以上 / 上方修正 / 下方修正 / 想定以下 / 未達 / 大幅 / 計画を上 / 計画を下 / 計画以 / 需要回復 / 需要の回復 / 需要が増 / 需要が低 / 悪化 / グローバルニッチトップ / トップシェア / シェア拡大 / レアアース
20260515,4240,4240_1600_クラスターT_2026年3月期決算短信〔日本基準〕(非連結).pdf,,,,,,,7,,,,4 5 7 8 9,,,,,,,,7,,,,,価格交渉 / 増産 / 価格改定 / 価格転嫁 / 値上 / 想定以上 / 上方修正 / 下方修正 / 想定以下 / 未達 / 大幅 / 計画を上 / 計画を下 / 計画以 / 需要回復 / 需要の回復 / 需要が増 / 需要が低 / 悪化 / グローバルニッチトップ / トップシェア / シェア拡大 / レアアース
20260515,4256,4256_1540_G-サインド_2026年3月期 決算説明資料.pdf,,,,,,,,,,,27,5,5,,,,,,,,,,,価格交渉 / 増産 / 価格改定 / 価格転嫁 / 値上 / 想定以上 / 上方修正 / 下方修正 / 想定以下 / 未達 / 大幅 / 計画を上 / 計画を下 / 計画以 / 需要回復 / 需要の回復 / 需要が増 / 需要が低 / 悪化 / グローバルニッチトップ / トップシェア / シェア拡大 / レアアース
20260515,4275,4275_1530_カーリット_2026年3月期 決算短信〔日本基準〕(連結).pdf,,,,,,,,,,,10,,,,,,,5,9,,,,,価格交渉 / 増産 / 価格改定 / 価格転嫁 / 値上 / 想定以上 / 上方修正 / 下方修正 / 想定以下 / 未達 / 大幅 / 計画を上 / 計画を下 / 計画以 / 需要回復 / 需要の回復 / 需要が増 / 需要が低 / 悪化 / グローバルニッチトップ / トップシェア / シェア拡大 / レアアース
20260515,4499,4499_1530_Speee_2026年9月期 第2四半期決算説明資料.pdf,,,,,,,,,,,18 20 70,,5 7,,,,,,,,,83,,価格交渉 / 増産 / 価格改定 / 価格転嫁 / 値上 / 想定以上 / 上方修正 / 下方修正 / 想定以下 / 未達 / 大幅 / 計画を上 / 計画を下 / 計画以 / 需要回復 / 需要の回復 / 需要が増 / 需要が低 / 悪化 / グローバルニッチトップ / トップシェア / シェア拡大 / レアアース
20260515,4523,4523_1530_エーザイ_2025年度 決算説明会資料.pdf,,,,,,,,,,,2 3 5 8 18 26,,,,,,,,,,11,21,,価格交渉 / 増産 / 価格改定 / 価格転嫁 / 値上 / 想定以上 / 上方修正 / 下方修正 / 想定以下 / 未達 / 大幅 / 計画を上 / 計画を下 / 計画以 / 需要回復 / 需要の回復 / 需要が増 / 需要が低 / 悪化 / グローバルニッチトップ / トップシェア / シェア拡大 / レアアース
20260515,4662,4662_1530_フォーカスシステムズ_2026年3月期(第50期) 決算説明資料(FY2026_50th Business Year).pdf,3,,,3 6,,,,,,,5,,,,,,,,,,,,,価格交渉 / 増産 / 価格改定 / 価格転嫁 / 値上 / 想定以上 / 上方修正 / 下方修正 / 想定以下 / 未達 / 大幅 / 計画を上 / 計画を下 / 計画以 / 需要回復 / 需要の回復 / 需要が増 / 需要が低 / 悪化 / グローバルニッチトップ / トップシェア / シェア拡大 / レアアース
20260515,4665,4665_1530_ダスキン_2026年3月期 決算短信〔日本基準〕(連結).pdf,,,5,,,,,,,,,5,,,,,,,4,,,,,価格交渉 / 増産 / 価格改定 / 価格転嫁 / 値上 / 想定以上 / 上方修正 / 下方修正 / 想定以下 / 未達 / 大幅 / 計画を上 / 計画を下 / 計画以 / 需要回復 / 需要の回復 / 需要が増 / 需要が低 / 悪化 / グローバルニッチトップ / トップシェア / シェア拡大 / レアアース
20260515,4681,4681_1640_リゾートトラ_2026年3月期 決算説明資料.pdf,,,3 13 32 38,,9,,,,,,35,,,,,,,,,,,,,価格交渉 / 増産 / 価格改定 / 価格転嫁 / 値上 / 想定以上 / 上方修正 / 下方修正 / 想定以下 / 未達 / 大幅 / 計画を上 / 計画を下 / 計画以 / 需要回復 / 需要の回復 / 需要が増 / 需要が低 / 悪化 / グローバルニッチトップ / トップシェア / シェア拡大 / レアアース
20260515,4681,4681_1640_リゾートトラ_2026年3月期決算短信〔日本基準〕(連結).pdf,,,4 5,8,,,4,,,,,,,,,,,,,,,,,価格交渉 / 増産 / 価格改定 / 価格転嫁 / 値上 / 想定以上 / 上方修正 / 下方修正 / 想定以下 / 未達 / 大幅 / 計画を上 / 計画を下 / 計画以 / 需要回復 / 需要の回復 / 需要が増 / 需要が低 / 悪化 / グローバルニッチトップ / トップシェア / シェア拡大 / レアアース
20260515,477A,477A_1600_G-スタートライン_2026年3月期 決算短信〔日本基準〕(非連結).pdf,,,,,,,,,,4,4,4,,,,,,,,,,,,価格交渉 / 増産 / 価格改定 / 価格転嫁 / 値上 / 想定以上 / 上方修正 / 下方修正 / 想定以下 / 未達 / 大幅 / 計画を上 / 計画を下 / 計画以 / 需要回復 / 需要の回復 / 需要が増 / 需要が低 / 悪化 / グローバルニッチトップ / トップシェア / シェア拡大 / レアアース
20260515,477A,477A_1600_G-スタートライン_2026年3月期 決算説明資料 事業計画及び成長可能性に関する事項.pdf,,,9,,,,,,,3,3,,,,,,,,,,,,,価格交渉 / 増産 / 価格改定 / 価格転嫁 / 値上 / 想定以上 / 上方修正 / 下方修正 / 想定以下 / 未達 / 大幅 / 計画を上 / 計画を下 / 計画以 / 需要回復 / 需要の回復 / 需要が増 / 需要が低 / 悪化 / グローバルニッチトップ / トップシェア / シェア拡大 / レアアース
20260515,4833,4833_1600_G-Defコンサル_2026年3月期 決算説明資料.pdf,,,,,6,,,,,,20 21,,,,,,,,5,,,,,価格交渉 / 増産 / 価格改定 / 価格転嫁 / 値上 / 想定以上 / 上方修正 / 下方修正 / 想定以下 / 未達 / 大幅 / 計画を上 / 計画を下 / 計画以 / 需要回復 / 需要の回復 / 需要が増 / 需要が低 / 悪化 / グローバルニッチトップ / トップシェア / シェア拡大 / レアアース
20260515,4932,4932_1530_アルマード_2026年3月期 決算短信〔日本基準〕(非連結).pdf,,,,,,,,,,4,4,,,,,,,,5,,,,,価格交渉 / 増産 / 価格改定 / 価格転嫁 / 値上 / 想定以上 / 上方修正 / 下方修正 / 想定以下 / 未達 / 大幅 / 計画を上 / 計画を下 / 計画以 / 需要回復 / 需要の回復 / 需要が増 / 需要が低 / 悪化 / グローバルニッチトップ / トップシェア / シェア拡大 / レアアース
20260515,4933,4933_1130_Ine_今後の成長戦略及び2026年12月期第1四半期決算説明資料.pdf,,,,,,,,,,,19 26 27 28 29 30 37 49 52,,,,,,,,19,,,12 13 29,,価格交渉 / 増産 / 価格改定 / 価格転嫁 / 値上 / 想定以上 / 上方修正 / 下方修正 / 想定以下 / 未達 / 大幅 / 計画を上 / 計画を下 / 計画以 / 需要回復 / 需要の回復 / 需要が増 / 需要が低 / 悪化 / グローバルニッチトップ / トップシェア / シェア拡大 / レアアース
20260515,5110,5110_1530_住友ゴム_2026年12月期 第1四半期決算説明会.pdf,,,,,,,,,,7,,7,,,,,,,11,,,,,価格交渉 / 増産 / 価格改定 / 価格転嫁 / 値上 / 想定以上 / 上方修正 / 下方修正 / 想定以下 / 未達 / 大幅 / 計画を上 / 計画を下 / 計画以 / 需要回復 / 需要の回復 / 需要が増 / 需要が低 / 悪化 / グローバルニッチトップ / トップシェア / シェア拡大 / レアアース
20260515,5210,5210_1630_日山村硝_株主提案に関する書面受領及び当社取締役会意見に関するお知らせ.pdf,,,2 3,3,,,1,,,,,,,,,,,,,,,,,価格交渉 / 増産 / 価格改定 / 価格転嫁 / 値上 / 想定以上 / 上方修正 / 下方修正 / 想定以下 / 未達 / 大幅 / 計画を上 / 計画を下 / 計画以 / 需要回復 / 需要の回復 / 需要が増 / 需要が低 / 悪化 / グローバルニッチトップ / トップシェア / シェア拡大 / レアアース
20260515,5237,5237_1100_ノザワ_2026年3月期 決算短信〔日本基準〕(連結).pdf,,4,,,,,,,,,4,,,,,,,,6,,,,,価格交渉 / 増産 / 価格改定 / 価格転嫁 / 値上 / 想定以上 / 上方修正 / 下方修正 / 想定以下 / 未達 / 大幅 / 計画を上 / 計画を下 / 計画以 / 需要回復 / 需要の回復 / 需要が増 / 需要が低 / 悪化 / グローバルニッチトップ / トップシェア / シェア拡大 / レアアース
20260515,5247,5247_1600_G-BTM_2026年3月期 決算説明資料(事業計画及び成長可能性に関する事項).pdf,,,,,,,,,,,15 16 31 38,,,,,,29,,73,,,,,価格交渉 / 増産 / 価格改定 / 価格転嫁 / 値上 / 想定以上 / 上方修正 / 下方修正 / 想定以下 / 未達 / 大幅 / 計画を上 / 計画を下 / 計画以 / 需要回復 / 需要の回復 / 需要が増 / 需要が低 / 悪化 / グローバルニッチトップ / トップシェア / シェア拡大 / レアアース
20260515,5351,5351_1530_品川リフラ_2026年3月期 決算短信〔日本基準〕(連結).pdf,,,,,,,,,,,,,,,6,4,,,,,,6,,価格交渉 / 増産 / 価格改定 / 価格転嫁 / 値上 / 想定以上 / 上方修正 / 下方修正 / 想定以下 / 未達 / 大幅 / 計画を上 / 計画を下 / 計画以 / 需要回復 / 需要の回復 / 需要が増 / 需要が低 / 悪化 / グローバルニッチトップ / トップシェア / シェア拡大 / レアアース
20260515,5351,5351_1530_品川リフラ_2026年3月期 決算補足説明資料.pdf,,,,,,,,,,,3 4 6 8 11 13,,,,,,,,6,,,8,,価格交渉 / 増産 / 価格改定 / 価格転嫁 / 値上 / 想定以上 / 上方修正 / 下方修正 / 想定以下 / 未達 / 大幅 / 計画を上 / 計画を下 / 計画以 / 需要回復 / 需要の回復 / 需要が増 / 需要が低 / 悪化 / グローバルニッチトップ / トップシェア / シェア拡大 / レアアース
20260515,5356,5356_1500_美濃窯業_2026年3月期 決算短信〔日本基準〕(連結).pdf,,,4,4,4,,,,,,,,,,,,,,,,,,,価格交渉 / 増産 / 価格改定 / 価格転嫁 / 値上 / 想定以上 / 上方修正 / 下方修正 / 想定以下 / 未達 / 大幅 / 計画を上 / 計画を下 / 計画以 / 需要回復 / 需要の回復 / 需要が増 / 需要が低 / 悪化 / グローバルニッチトップ / トップシェア / シェア拡大 / レアアース
20260515,5471,5471_1900_大同特鋼_東北特殊鋼株式会社(証券コード_5484)に対する公開買付けの開始に関するお知らせ.pdf,31,,,,,,,,,,13 20 21 23,,,,,,,,9 26,,,,,価格交渉 / 増産 / 価格改定 / 価格転嫁 / 値上 / 想定以上 / 上方修正 / 下方修正 / 想定以下 / 未達 / 大幅 / 計画を上 / 計画を下 / 計画以 / 需要回復 / 需要の回復 / 需要が増 / 需要が低 / 悪化 / グローバルニッチトップ / トップシェア / シェア拡大 / レアアース
20260515,5484,5484_1900_東北鋼_その他の関係会社である大同特殊鋼株式会社による当社株式に対する公開買付けに関する賛同の意見表明及び応募推奨のお知らせ.pdf,56,,,,,,,,,,17 19 26 28 59,,,,,,,,11 46,,,,,価格交渉 / 増産 / 価格改定 / 価格転嫁 / 値上 / 想定以上 / 上方修正 / 下方修正 / 想定以下 / 未達 / 大幅 / 計画を上 / 計画を下 / 計画以 / 需要回復 / 需要の回復 / 需要が増 / 需要が低 / 悪化 / グローバルニッチトップ / トップシェア / シェア拡大 / レアアース
20260515,550A,550A_1530_ソフトテックス_2026年3月期 決算短信〔日本基準〕(非連結).pdf,,,,,,,,,,4,,,,,,,,,5,,,,5,価格交渉 / 増産 / 価格改定 / 価格転嫁 / 値上 / 想定以上 / 上方修正 / 下方修正 / 想定以下 / 未達 / 大幅 / 計画を上 / 計画を下 / 計画以 / 需要回復 / 需要の回復 / 需要が増 / 需要が低 / 悪化 / グローバルニッチトップ / トップシェア / シェア拡大 / レアアース
20260515,5703,5703_1400_日軽金HD_長期ビジョン「2035ビジョン」、中期経営計画「26中計」の策定について.pdf,,15,,,,,,,,3,,,,,4,,,,,,,,,価格交渉 / 増産 / 価格改定 / 価格転嫁 / 値上 / 想定以上 / 上方修正 / 下方修正 / 想定以下 / 未達 / 大幅 / 計画を上 / 計画を下 / 計画以 / 需要回復 / 需要の回復 / 需要が増 / 需要が低 / 悪化 / グローバルニッチトップ / トップシェア / シェア拡大 / レアアース
20260515,5918,5918_1500_滝上工_2026年3月期 決算短信〔日本基準〕(連結).pdf,,,,4,,4,,,,,4,,,,,,,,,,,,,価格交渉 / 増産 / 価格改定 / 価格転嫁 / 値上 / 想定以上 / 上方修正 / 下方修正 / 想定以下 / 未達 / 大幅 / 計画を上 / 計画を下 / 計画以 / 需要回復 / 需要の回復 / 需要が増 / 需要が低 / 悪化 / グローバルニッチトップ / トップシェア / シェア拡大 / レアアース
20260515,5923,5923_1300_高田機工_2026年3月期決算短信〔日本基準〕(非連結).pdf,,,,,,,,5,,4,5,,,,,,,,,,,,,価格交渉 / 増産 / 価格改定 / 価格転嫁 / 値上 / 想定以上 / 上方修正 / 下方修正 / 想定以下 / 未達 / 大幅 / 計画を上 / 計画を下 / 計画以 / 需要回復 / 需要の回復 / 需要が増 / 需要が低 / 悪化 / グローバルニッチトップ / トップシェア / シェア拡大 / レアアース
20260515,5994,5994_1300_ファインシンター_(訂正)「新中期経営計画策定に関するお知らせ」 の一部訂正について.pdf,,,,,,,,,,13,7,7,,,,,,,,,,,,価格交渉 / 増産 / 価格改定 / 価格転嫁 / 値上 / 想定以上 / 上方修正 / 下方修正 / 想定以下 / 未達 / 大幅 / 計画を上 / 計画を下 / 計画以 / 需要回復 / 需要の回復 / 需要が増 / 需要が低 / 悪化 / グローバルニッチトップ / トップシェア / シェア拡大 / レアアース
20260515,6018,6018_1530_阪神内燃機工業_2026年3月期 決算短信〔日本基準〕(非連結).pdf,,,,4,5,,,,,,5,,,,,,,,,,,,,価格交渉 / 増産 / 価格改定 / 価格転嫁 / 値上 / 想定以上 / 上方修正 / 下方修正 / 想定以下 / 未達 / 大幅 / 計画を上 / 計画を下 / 計画以 / 需要回復 / 需要の回復 / 需要が増 / 需要が低 / 悪化 / グローバルニッチトップ / トップシェア / シェア拡大 / レアアース
20260515,6029,6029_1200_アトラG_業績予想の修正に関するお知らせ.pdf,,,,,,,,,,,,2,2,,,,,,2,,,,,価格交渉 / 増産 / 価格改定 / 価格転嫁 / 値上 / 想定以上 / 上方修正 / 下方修正 / 想定以下 / 未達 / 大幅 / 計画を上 / 計画を下 / 計画以 / 需要回復 / 需要の回復 / 需要が増 / 需要が低 / 悪化 / グローバルニッチトップ / トップシェア / シェア拡大 / レアアース
20260515,6039,6039_1600_G-日本動物高度医療_2026年3月期 決算説明資料.pdf,,,4 18,,,,17,,,,15,,,,,,,,,,,,,価格交渉 / 増産 / 価格改定 / 価格転嫁 / 値上 / 想定以上 / 上方修正 / 下方修正 / 想定以下 / 未達 / 大幅 / 計画を上 / 計画を下 / 計画以 / 需要回復 / 需要の回復 / 需要が増 / 需要が低 / 悪化 / グローバルニッチトップ / トップシェア / シェア拡大 / レアアース
20260515,6096,6096_1600_レアジョブ_2026年3月期決算短信〔日本基準〕(連結).pdf,,,,,,,,,,,4,,,,,,,,4,,,4,,価格交渉 / 増産 / 価格改定 / 価格転嫁 / 値上 / 想定以上 / 上方修正 / 下方修正 / 想定以下 / 未達 / 大幅 / 計画を上 / 計画を下 / 計画以 / 需要回復 / 需要の回復 / 需要が増 / 需要が低 / 悪化 / グローバルニッチトップ / トップシェア / シェア拡大 / レアアース
20260515,6096,6096_1600_レアジョブ_株式会社学研ホールディングスによる株式会社レアジョブの完全子会社化に関する株式交換契約締結(簡易株式交換)のお知らせ.pdf,,,,,,,,5 25,,5 25,7 8 26 28 30,,,,,,,,,,,,,価格交渉 / 増産 / 価格改定 / 価格転嫁 / 値上 / 想定以上 / 上方修正 / 下方修正 / 想定以下 / 未達 / 大幅 / 計画を上 / 計画を下 / 計画以 / 需要回復 / 需要の回復 / 需要が増 / 需要が低 / 悪化 / グローバルニッチトップ / トップシェア / シェア拡大 / レアアース
20260515,6140,6140_1530_旭ダイヤ_中期経営計画策定に関するお知らせ.pdf,,,2,,2,,,,,,,,,,,,,,,,,1,,価格交渉 / 増産 / 価格改定 / 価格転嫁 / 値上 / 想定以上 / 上方修正 / 下方修正 / 想定以下 / 未達 / 大幅 / 計画を上 / 計画を下 / 計画以 / 需要回復 / 需要の回復 / 需要が増 / 需要が低 / 悪化 / グローバルニッチトップ / トップシェア / シェア拡大 / レアアース
20260515,6178,6178_1530_日本郵政_「JP プラン 2028」の策定に関するお知らせ.pdf,,,,,,,,,4,,4 8,,,,,,,,6 8,,,,,価格交渉 / 増産 / 価格改定 / 価格転嫁 / 値上 / 想定以上 / 上方修正 / 下方修正 / 想定以下 / 未達 / 大幅 / 計画を上 / 計画を下 / 計画以 / 需要回復 / 需要の回復 / 需要が増 / 需要が低 / 悪化 / グローバルニッチトップ / トップシェア / シェア拡大 / レアアース
20260515,6191,6191_1530_エアトリ_2026年9月期 第2四半期決算説明資料.pdf,,,,,71,,,,,,,,,,99,4,,,,,,,,価格交渉 / 増産 / 価格改定 / 価格転嫁 / 値上 / 想定以上 / 上方修正 / 下方修正 / 想定以下 / 未達 / 大幅 / 計画を上 / 計画を下 / 計画以 / 需要回復 / 需要の回復 / 需要が増 / 需要が低 / 悪化 / グローバルニッチトップ / トップシェア / シェア拡大 / レアアース
20260515,6203,6203_1400_豊和工_2026年3月期 決算短信〔日本基準〕(連結).pdf,,,,4,,,,,,,4,,,,,,,,4,,,,,価格交渉 / 増産 / 価格改定 / 価格転嫁 / 値上 / 想定以上 / 上方修正 / 下方修正 / 想定以下 / 未達 / 大幅 / 計画を上 / 計画を下 / 計画以 / 需要回復 / 需要の回復 / 需要が増 / 需要が低 / 悪化 / グローバルニッチトップ / トップシェア / シェア拡大 / レアアース
20260515,6247,6247_1430_日阪製作_新中期経営計画「Challenge2028」の概要に関するお知らせ.pdf,,,,,,,,,,,,8,8,,,,,,,,,21,,価格交渉 / 増産 / 価格改定 / 価格転嫁 / 値上 / 想定以上 / 上方修正 / 下方修正 / 想定以下 / 未達 / 大幅 / 計画を上 / 計画を下 / 計画以 / 需要回復 / 需要の回復 / 需要が増 / 需要が低 / 悪化 / グローバルニッチトップ / トップシェア / シェア拡大 / レアアース
20260515,6272,6272_1300_レオン自機_2026年3月期 決算短信〔日本基準〕(連結).pdf,,,,,4 7,,,,,,5,,,,4,,,,,,,,,価格交渉 / 増産 / 価格改定 / 価格転嫁 / 値上 / 想定以上 / 上方修正 / 下方修正 / 想定以下 / 未達 / 大幅 / 計画を上 / 計画を下 / 計画以 / 需要回復 / 需要の回復 / 需要が増 / 需要が低 / 悪化 / グローバルニッチトップ / トップシェア / シェア拡大 / レアアース
20260515,6376,6376_1500_日機装_2026年12月期 第1四半期決算短信〔IFRS〕(連結).pdf,,6,,,,,,,,,,7,,,4,,,,,,,,,価格交渉 / 増産 / 価格改定 / 価格転嫁 / 値上 / 想定以上 / 上方修正 / 下方修正 / 想定以下 / 未達 / 大幅 / 計画を上 / 計画を下 / 計画以 / 需要回復 / 需要の回復 / 需要が増 / 需要が低 / 悪化 / グローバルニッチトップ / トップシェア / シェア拡大 / レアアース
20260515,6614,6614_1530_シキノハイテック_2026年3月期 決算短信〔日本基準〕(非連結).pdf,,,,,,,,,,,4,,4 5,,4,,,,,,,,,価格交渉 / 増産 / 価格改定 / 価格転嫁 / 値上 / 想定以上 / 上方修正 / 下方修正 / 想定以下 / 未達 / 大幅 / 計画を上 / 計画を下 / 計画以 / 需要回復 / 需要の回復 / 需要が増 / 需要が低 / 悪化 / グローバルニッチトップ / トップシェア / シェア拡大 / レアアース
20260515,6699,6699_1100_ダイヤHD_2026年3月期決算短信〔日本基準〕(連結).pdf,,9,,,,,,,,,9,,,,,,,,,,,,5 6,価格交渉 / 増産 / 価格改定 / 価格転嫁 / 値上 / 想定以上 / 上方修正 / 下方修正 / 想定以下 / 未達 / 大幅 / 計画を上 / 計画を下 / 計画以 / 需要回復 / 需要の回復 / 需要が増 / 需要が低 / 悪化 / グローバルニッチトップ / トップシェア / シェア拡大 / レアアース
20260515,6721,6721_1630_ウインテスト_2026年12月期 第1四半期決算短信〔日本基準〕(連結).pdf,,,,,,,,,,,5 12,,,,4,6,,,,,,,,価格交渉 / 増産 / 価格改定 / 価格転嫁 / 値上 / 想定以上 / 上方修正 / 下方修正 / 想定以下 / 未達 / 大幅 / 計画を上 / 計画を下 / 計画以 / 需要回復 / 需要の回復 / 需要が増 / 需要が低 / 悪化 / グローバルニッチトップ / トップシェア / シェア拡大 / レアアース
20260515,6731,6731_1600_ピクセラ_2026年9月期第2四半期(中間期)決算短信〔日本基準〕(連結).pdf,,7,,,,,,,,,6 7 16 22,,,,,,,,,,,6,,価格交渉 / 増産 / 価格改定 / 価格転嫁 / 値上 / 想定以上 / 上方修正 / 下方修正 / 想定以下 / 未達 / 大幅 / 計画を上 / 計画を下 / 計画以 / 需要回復 / 需要の回復 / 需要が増 / 需要が低 / 悪化 / グローバルニッチトップ / トップシェア / シェア拡大 / レアアース
20260515,6794,6794_1630_フォスター電_2026年3月期 決算短信〔日本基準〕(連結).pdf,,,,,,,,,,,,4,,,,,,,5,,,,4,価格交渉 / 増産 / 価格改定 / 価格転嫁 / 値上 / 想定以上 / 上方修正 / 下方修正 / 想定以下 / 未達 / 大幅 / 計画を上 / 計画を下 / 計画以 / 需要回復 / 需要の回復 / 需要が増 / 需要が低 / 悪化 / グローバルニッチトップ / トップシェア / シェア拡大 / レアアース
20260515,6890,6890_1700_フェローテック_2026年3月期 決算短信〔日本基準〕(連結).pdf,,,,,,,6,,,,4,,,,6,,,,,,,,,価格交渉 / 増産 / 価格改定 / 価格転嫁 / 値上 / 想定以上 / 上方修正 / 下方修正 / 想定以下 / 未達 / 大幅 / 計画を上 / 計画を下 / 計画以 / 需要回復 / 需要の回復 / 需要が増 / 需要が低 / 悪化 / グローバルニッチトップ / トップシェア / シェア拡大 / レアアース
20260515,6993,6993_1630_大黒屋_2026年3月期決算短信〔日本基準〕(連結).pdf,,,,,,,,,,,4 6,,,,,6,,,4,,,,,価格交渉 / 増産 / 価格改定 / 価格転嫁 / 値上 / 想定以上 / 上方修正 / 下方修正 / 想定以下 / 未達 / 大幅 / 計画を上 / 計画を下 / 計画以 / 需要回復 / 需要の回復 / 需要が増 / 需要が低 / 悪化 / グローバルニッチトップ / トップシェア / シェア拡大 / レアアース
20260515,7042,7042_1600_アクセスグループ_中期経営計画策定に関するお知らせ.pdf,,,,,,,,,,,15 17,,,,,,,,14,,17,,,価格交渉 / 増産 / 価格改定 / 価格転嫁 / 値上 / 想定以上 / 上方修正 / 下方修正 / 想定以下 / 未達 / 大幅 / 計画を上 / 計画を下 / 計画以 / 需要回復 / 需要の回復 / 需要が増 / 需要が低 / 悪化 / グローバルニッチトップ / トップシェア / シェア拡大 / レアアース
20260515,7044,7044_1530_ピアラ_2026年12月期 第1四半期決算補足資料.pdf,,,,,,,,,,,19 27,,,,,,,,31,,,45,,価格交渉 / 増産 / 価格改定 / 価格転嫁 / 値上 / 想定以上 / 上方修正 / 下方修正 / 想定以下 / 未達 / 大幅 / 計画を上 / 計画を下 / 計画以 / 需要回復 / 需要の回復 / 需要が増 / 需要が低 / 悪化 / グローバルニッチトップ / トップシェア / シェア拡大 / レアアース
20260515,7063,7063_1530_G-Birdman_2026年6月期第3四半期決算短信[日本基準](連結).pdf,,,,,4,,,,,,4 5 12,,,,,,,,4 14,,,,,価格交渉 / 増産 / 価格改定 / 価格転嫁 / 値上 / 想定以上 / 上方修正 / 下方修正 / 想定以下 / 未達 / 大幅 / 計画を上 / 計画を下 / 計画以 / 需要回復 / 需要の回復 / 需要が増 / 需要が低 / 悪化 / グローバルニッチトップ / トップシェア / シェア拡大 / レアアース
20260515,7072,7072_1530_G-インテM_2026年9月期 第2四半期決算説明資料.pdf,,,,,,22,,,,,11 18,,,,,,,,40,,,,,価格交渉 / 増産 / 価格改定 / 価格転嫁 / 値上 / 想定以上 / 上方修正 / 下方修正 / 想定以下 / 未達 / 大幅 / 計画を上 / 計画を下 / 計画以 / 需要回復 / 需要の回復 / 需要が増 / 需要が低 / 悪化 / グローバルニッチトップ / トップシェア / シェア拡大 / レアアース
20260515,7091,7091_1530_G-LPF_2026年3月期決算説明資料.pdf,,,,9 15 16,,,,,,,,2,16,,,,,,,,,,,価格交渉 / 増産 / 価格改定 / 価格転嫁 / 値上 / 想定以上 / 上方修正 / 下方修正 / 想定以下 / 未達 / 大幅 / 計画を上 / 計画を下 / 計画以 / 需要回復 / 需要の回復 / 需要が増 / 需要が低 / 悪化 / グローバルニッチトップ / トップシェア / シェア拡大 / レアアース
20260515,7118,7118_1530_A-伸和HD_2026年3月期 決算短信〔日本基準〕(連結).pdf,,,4,,4,,,,,,,,4,,,,,,,,,,,価格交渉 / 増産 / 価格改定 / 価格転嫁 / 値上 / 想定以上 / 上方修正 / 下方修正 / 想定以下 / 未達 / 大幅 / 計画を上 / 計画を下 / 計画以 / 需要回復 / 需要の回復 / 需要が増 / 需要が低 / 悪化 / グローバルニッチトップ / トップシェア / シェア拡大 / レアアース
20260515,7119,7119_1530_G-ハルメクHD_2026年3月期 決算短信〔IFRS〕(連結).pdf,13,,,,4,,,,,,,,,,,,,,4,,,,,価格交渉 / 増産 / 価格改定 / 価格転嫁 / 値上 / 想定以上 / 上方修正 / 下方修正 / 想定以下 / 未達 / 大幅 / 計画を上 / 計画を下 / 計画以 / 需要回復 / 需要の回復 / 需要が増 / 需要が低 / 悪化 / グローバルニッチトップ / トップシェア / シェア拡大 / レアアース
20260515,7140,7140_1540_G-ペットゴー_2026年3月期 決算短信〔日本基準〕(連結).pdf,,,4,,,,,,,,4,,,,,,4,,,,,,,価格交渉 / 増産 / 価格改定 / 価格転嫁 / 値上 / 想定以上 / 上方修正 / 下方修正 / 想定以下 / 未達 / 大幅 / 計画を上 / 計画を下 / 計画以 / 需要回復 / 需要の回復 / 需要が増 / 需要が低 / 悪化 / グローバルニッチトップ / トップシェア / シェア拡大 / レアアース
20260515,7162,7162_1700_アストマックス_2026年3月期【第14期】決算説明資料.pdf,,,,,,,5,5 7 15,,,3 7 16,,,,,,,,,,,,,価格交渉 / 増産 / 価格改定 / 価格転嫁 / 値上 / 想定以上 / 上方修正 / 下方修正 / 想定以下 / 未達 / 大幅 / 計画を上 / 計画を下 / 計画以 / 需要回復 / 需要の回復 / 需要が増 / 需要が低 / 悪化 / グローバルニッチトップ / トップシェア / シェア拡大 / レアアース
20260515,7383,7383_1700_ネットプロHD_[本編書き起こし]2026年3月期 決算説明会.pdf,,,,,,,5,,,5,,,,,,,,,11,,,,,価格交渉 / 増産 / 価格改定 / 価格転嫁 / 値上 / 想定以上 / 上方修正 / 下方修正 / 想定以下 / 未達 / 大幅 / 計画を上 / 計画を下 / 計画以 / 需要回復 / 需要の回復 / 需要が増 / 需要が低 / 悪化 / グローバルニッチトップ / トップシェア / シェア拡大 / レアアース
20260515,7414,7414_1500_小野建_2026年3月期 決算短信〔日本基準〕(連結).pdf,,,,,5,,,,,,,,,,,5,,4,,,,,,価格交渉 / 増産 / 価格改定 / 価格転嫁 / 値上 / 想定以上 / 上方修正 / 下方修正 / 想定以下 / 未達 / 大幅 / 計画を上 / 計画を下 / 計画以 / 需要回復 / 需要の回復 / 需要が増 / 需要が低 / 悪化 / グローバルニッチトップ / トップシェア / シェア拡大 / レアアース
20260515,7525,7525_1400_リックス_2026年3月期 決算短信[日本基準](連結).pdf,,5,,,,,,,,,,,,,,,5,,4 5,,,,,価格交渉 / 増産 / 価格改定 / 価格転嫁 / 値上 / 想定以上 / 上方修正 / 下方修正 / 想定以下 / 未達 / 大幅 / 計画を上 / 計画を下 / 計画以 / 需要回復 / 需要の回復 / 需要が増 / 需要が低 / 悪化 / グローバルニッチトップ / トップシェア / シェア拡大 / レアアース
20260515,7744,7744_1530_ノーリツ鋼機_2026年12月期 第1四半期決算補足説明資料.pdf,,,,16,,,,,,,20,,,,,,,,,,,13,,価格交渉 / 増産 / 価格改定 / 価格転嫁 / 値上 / 想定以上 / 上方修正 / 下方修正 / 想定以下 / 未達 / 大幅 / 計画を上 / 計画を下 / 計画以 / 需要回復 / 需要の回復 / 需要が増 / 需要が低 / 悪化 / グローバルニッチトップ / トップシェア / シェア拡大 / レアアース
20260515,7782,7782_1600_シンシア_2026年12月期 第1四半期決算説明資料.pdf,,,,,,,,,,,6 9 12,,,,,,,,16,,,15,,価格交渉 / 増産 / 価格改定 / 価格転嫁 / 値上 / 想定以上 / 上方修正 / 下方修正 / 想定以下 / 未達 / 大幅 / 計画を上 / 計画を下 / 計画以 / 需要回復 / 需要の回復 / 需要が増 / 需要が低 / 悪化 / グローバルニッチトップ / トップシェア / シェア拡大 / レアアース
20260515,7790,7790_1730_バルコス_2026年12月期第1四半期決算短信〔日本基準〕(連結).pdf,,4,,,,,,,,,4 5,,,,,,,,5,,,,,価格交渉 / 増産 / 価格改定 / 価格転嫁 / 値上 / 想定以上 / 上方修正 / 下方修正 / 想定以下 / 未達 / 大幅 / 計画を上 / 計画を下 / 計画以 / 需要回復 / 需要の回復 / 需要が増 / 需要が低 / 悪化 / グローバルニッチトップ / トップシェア / シェア拡大 / レアアース
20260515,7803,7803_1530_G-ブシロード_2026年6月期 第3四半期決算説明資料.pdf,,,,,,,2 24 25,,,,13,,,,,,,,,,20,,,価格交渉 / 増産 / 価格改定 / 価格転嫁 / 値上 / 想定以上 / 上方修正 / 下方修正 / 想定以下 / 未達 / 大幅 / 計画を上 / 計画を下 / 計画以 / 需要回復 / 需要の回復 / 需要が増 / 需要が低 / 悪化 / グローバルニッチトップ / トップシェア / シェア拡大 / レアアース
20260515,7823,7823_1530_アートネイチャー_2026年3月期 決算説明会資料.pdf,,,41 42 43,,,,,,,3 6 7 9 14,3 13 24 28,,,,,,,,,,,,,価格交渉 / 増産 / 価格改定 / 価格転嫁 / 値上 / 想定以上 / 上方修正 / 下方修正 / 想定以下 / 未達 / 大幅 / 計画を上 / 計画を下 / 計画以 / 需要回復 / 需要の回復 / 需要が増 / 需要が低 / 悪化 / グローバルニッチトップ / トップシェア / シェア拡大 / レアアース
20260515,7868,7868_1530_広済堂HD_2026年3月期決算短信〔日本基準〕(連結).pdf,,,,4,,,,,,,4 5,,4,,,,,,,,,,,価格交渉 / 増産 / 価格改定 / 価格転嫁 / 値上 / 想定以上 / 上方修正 / 下方修正 / 想定以下 / 未達 / 大幅 / 計画を上 / 計画を下 / 計画以 / 需要回復 / 需要の回復 / 需要が増 / 需要が低 / 悪化 / グローバルニッチトップ / トップシェア / シェア拡大 / レアアース
20260515,7871,7871_1700_フクビ化学工業_第7次中期経営計画の進捗状況に関するお知らせ.pdf,,,3,6,,,,,,5,,,,,,,,,,,,,,価格交渉 / 増産 / 価格改定 / 価格転嫁 / 値上 / 想定以上 / 上方修正 / 下方修正 / 想定以下 / 未達 / 大幅 / 計画を上 / 計画を下 / 計画以 / 需要回復 / 需要の回復 / 需要が増 / 需要が低 / 悪化 / グローバルニッチトップ / トップシェア / シェア拡大 / レアアース
20260515,7872,7872_1600_エステールHD_2026年3月期 決算短信〔日本基準〕(連結).pdf,,,,5,4,,,,,,,,,,,,,,4,,,,,価格交渉 / 増産 / 価格改定 / 価格転嫁 / 値上 / 想定以上 / 上方修正 / 下方修正 / 想定以下 / 未達 / 大幅 / 計画を上 / 計画を下 / 計画以 / 需要回復 / 需要の回復 / 需要が増 / 需要が低 / 悪化 / グローバルニッチトップ / トップシェア / シェア拡大 / レアアース
20260515,7887,7887_1600_南海プライウッド_2026年3月期 決算短信〔日本基準〕(連結).pdf,,,,,,,,,,,5,,,,,,,,6,,,5 6 20,,価格交渉 / 増産 / 価格改定 / 価格転嫁 / 値上 / 想定以上 / 上方修正 / 下方修正 / 想定以下 / 未達 / 大幅 / 計画を上 / 計画を下 / 計画以 / 需要回復 / 需要の回復 / 需要が増 / 需要が低 / 悪化 / グローバルニッチトップ / トップシェア / シェア拡大 / レアアース
20260515,8091,8091_1600_ニチモウ_2026年3月期 決算短信補足説明資料.pdf,,,,3 12 13 15,,,,,,,3,,3,,,,,,,,,,,価格交渉 / 増産 / 価格改定 / 価格転嫁 / 値上 / 想定以上 / 上方修正 / 下方修正 / 想定以下 / 未達 / 大幅 / 計画を上 / 計画を下 / 計画以 / 需要回復 / 需要の回復 / 需要が増 / 需要が低 / 悪化 / グローバルニッチトップ / トップシェア / シェア拡大 / レアアース
20260515,8388,8388_1400_阿波銀_2026年3月期 決算短信[日本基準](連結).pdf,,,,,,,,,,,42 51 64,45,45,,,,,,,,,,,価格交渉 / 増産 / 価格改定 / 価格転嫁 / 値上 / 想定以上 / 上方修正 / 下方修正 / 想定以下 / 未達 / 大幅 / 計画を上 / 計画を下 / 計画以 / 需要回復 / 需要の回復 / 需要が増 / 需要が低 / 悪化 / グローバルニッチトップ / トップシェア / シェア拡大 / レアアース
20260515,8929,8929_1530_青山財産_2026年12月期第1四半期決算説明資料.pdf,,,,,,,,,,,5 13 28,,23,,,,,,45,,,,,価格交渉 / 増産 / 価格改定 / 価格転嫁 / 値上 / 想定以上 / 上方修正 / 下方修正 / 想定以下 / 未達 / 大幅 / 計画を上 / 計画を下 / 計画以 / 需要回復 / 需要の回復 / 需要が増 / 需要が低 / 悪化 / グローバルニッチトップ / トップシェア / シェア拡大 / レアアース
20260515,9034,9034_1500_南総通運_2026年3月期決算短信〔日本基準〕(連結).pdf,,,,5 9,7,,,,,,7,,,,,,,,,,,,,価格交渉 / 増産 / 価格改定 / 価格転嫁 / 値上 / 想定以上 / 上方修正 / 下方修正 / 想定以下 / 未達 / 大幅 / 計画を上 / 計画を下 / 計画以 / 需要回復 / 需要の回復 / 需要が増 / 需要が低 / 悪化 / グローバルニッチトップ / トップシェア / シェア拡大 / レアアース
20260515,9048,9048_1500_名鉄_2026年3月期 決算説明資料.pdf,,,,,,,,,,18,,,,,,9,,,2 7 10 15,,,,,価格交渉 / 増産 / 価格改定 / 価格転嫁 / 値上 / 想定以上 / 上方修正 / 下方修正 / 想定以下 / 未達 / 大幅 / 計画を上 / 計画を下 / 計画以 / 需要回復 / 需要の回復 / 需要が増 / 需要が低 / 悪化 / グローバルニッチトップ / トップシェア / シェア拡大 / レアアース
20260515,9246,9246_1600_G-プロジェクトHD_2026年12月期 第1四半期 決算説明資料.pdf,,,,,,,25,,,,10,23,,,,,,,,,,,,価格交渉 / 増産 / 価格改定 / 価格転嫁 / 値上 / 想定以上 / 上方修正 / 下方修正 / 想定以下 / 未達 / 大幅 / 計画を上 / 計画を下 / 計画以 / 需要回復 / 需要の回復 / 需要が増 / 需要が低 / 悪化 / グローバルニッチトップ / トップシェア / シェア拡大 / レアアース
20260515,9467,9467_1530_G-アルファポリス_2026年3月期 決算説明資料.pdf,,,,,,,,,,4,22,,,,,,,,,,,35,,価格交渉 / 増産 / 価格改定 / 価格転嫁 / 値上 / 想定以上 / 上方修正 / 下方修正 / 想定以下 / 未達 / 大幅 / 計画を上 / 計画を下 / 計画以 / 需要回復 / 需要の回復 / 需要が増 / 需要が低 / 悪化 / グローバルニッチトップ / トップシェア / シェア拡大 / レアアース
20260515,9470,9470_1600_学研HD_株式会社学研ホールディングスによる株式会社レアジョブの完全子会社化に関する株式交換契約締結(簡易株式交換)のお知らせ.pdf,,,,,,,,5 25,,5 25,7 8 26 28 30,,,,,,,,,,,,,価格交渉 / 増産 / 価格改定 / 価格転嫁 / 値上 / 想定以上 / 上方修正 / 下方修正 / 想定以下 / 未達 / 大幅 / 計画を上 / 計画を下 / 計画以 / 需要回復 / 需要の回復 / 需要が増 / 需要が低 / 悪化 / グローバルニッチトップ / トップシェア / シェア拡大 / レアアース
20260515,9554,9554_1530_G-AViC_2026年9月期 第2四半期決算説明資料.pdf,,,,,,,5 7 10 13 22,,,,14,5 7,,,,,,,,,,,,価格交渉 / 増産 / 価格改定 / 価格転嫁 / 値上 / 想定以上 / 上方修正 / 下方修正 / 想定以下 / 未達 / 大幅 / 計画を上 / 計画を下 / 計画以 / 需要回復 / 需要の回復 / 需要が増 / 需要が低 / 悪化 / グローバルニッチトップ / トップシェア / シェア拡大 / レアアース
20260515,9557,9557_1530_G-エアクロ_2026年6月期通期業績予想の修正に関するお知らせ.pdf,,,,,,2,,2,,,,,2,,,,,,,,,,,価格交渉 / 増産 / 価格改定 / 価格転嫁 / 値上 / 想定以上 / 上方修正 / 下方修正 / 想定以下 / 未達 / 大幅 / 計画を上 / 計画を下 / 計画以 / 需要回復 / 需要の回復 / 需要が増 / 需要が低 / 悪化 / グローバルニッチトップ / トップシェア / シェア拡大 / レアアース
20260515,9788,9788_1530_ナック_2026年3月期 決算短信〔日本基準〕(連結).pdf,,,5,,,,,,,,5 6 7,,,,,,,,5 6 8,,,,,価格交渉 / 増産 / 価格改定 / 価格転嫁 / 値上 / 想定以上 / 上方修正 / 下方修正 / 想定以下 / 未達 / 大幅 / 計画を上 / 計画を下 / 計画以 / 需要回復 / 需要の回復 / 需要が増 / 需要が低 / 悪化 / グローバルニッチトップ / トップシェア / シェア拡大 / レアアース
20260515,142A,142A_1600_G-ジンジブ_2026年3月期決算短信〔日本基準〕(非連結).pdf,,,,,,,,,,,5,,,,,,,,4 7,,,,,価格交渉 / 増産 / 価格改定 / 価格転嫁 / 値上 / 想定以上 / 上方修正 / 下方修正 / 想定以下 / 未達 / 大幅 / 計画を上 / 計画を下 / 計画以 / 需要回復 / 需要の回復 / 需要が増 / 需要が低 / 悪化 / グローバルニッチトップ / トップシェア / シェア拡大 / レアアース
20260515,145A,145A_1530_G-エルイズビー_2026年12月期 第1四半期 決算説明資料.pdf,,,15 44,,,,,,,,70 77,,,,,,,,,,,,,価格交渉 / 増産 / 価格改定 / 価格転嫁 / 値上 / 想定以上 / 上方修正 / 下方修正 / 想定以下 / 未達 / 大幅 / 計画を上 / 計画を下 / 計画以 / 需要回復 / 需要の回復 / 需要が増 / 需要が低 / 悪化 / グローバルニッチトップ / トップシェア / シェア拡大 / レアアース
20260515,147A,147A_1230_G-ソラコム_2026年3月期通期決算短信〔日本基準〕(連結).pdf,,,,,,,,,,,4,,,,,,,,4,,,,,価格交渉 / 増産 / 価格改定 / 価格転嫁 / 値上 / 想定以上 / 上方修正 / 下方修正 / 想定以下 / 未達 / 大幅 / 計画を上 / 計画を下 / 計画以 / 需要回復 / 需要の回復 / 需要が増 / 需要が低 / 悪化 / グローバルニッチトップ / トップシェア / シェア拡大 / レアアース
20260515,150A,150A_1530_G-JSH_2026年3月期通期決算説明資料抜粋スマホ向け.pdf,,,,,,,,,,1,2,,,,,,,,,,,,,価格交渉 / 増産 / 価格改定 / 価格転嫁 / 値上 / 想定以上 / 上方修正 / 下方修正 / 想定以下 / 未達 / 大幅 / 計画を上 / 計画を下 / 計画以 / 需要回復 / 需要の回復 / 需要が増 / 需要が低 / 悪化 / グローバルニッチトップ / トップシェア / シェア拡大 / レアアース
20260515,153A,153A_1530_G-カウリス_2026年12月期 第1四半期決算説明資料.pdf,,,57,,,,,,,,9 45,,,,,,,,,,,,,価格交渉 / 増産 / 価格改定 / 価格転嫁 / 値上 / 想定以上 / 上方修正 / 下方修正 / 想定以下 / 未達 / 大幅 / 計画を上 / 計画を下 / 計画以 / 需要回復 / 需要の回復 / 需要が増 / 需要が低 / 悪化 / グローバルニッチトップ / トップシェア / シェア拡大 / レアアース
20260515,157A,157A_1600_G-Gモンスター_2026年6月期3Q決算説明資料.pdf,,,,,9,,,,,,,,,,,,,,13 35,,,,,価格交渉 / 増産 / 価格改定 / 価格転嫁 / 値上 / 想定以上 / 上方修正 / 下方修正 / 想定以下 / 未達 / 大幅 / 計画を上 / 計画を下 / 計画以 / 需要回復 / 需要の回復 / 需要が増 / 需要が低 / 悪化 / グローバルニッチトップ / トップシェア / シェア拡大 / レアアース
20260515,157A,157A_1600_G-Gモンスター_2026年6月期第3四半期決算短信〔日本基準〕(連結).pdf,,,,,,,,,,,4,,,,,,,,4,,,,,価格交渉 / 増産 / 価格改定 / 価格転嫁 / 値上 / 想定以上 / 上方修正 / 下方修正 / 想定以下 / 未達 / 大幅 / 計画を上 / 計画を下 / 計画以 / 需要回復 / 需要の回復 / 需要が増 / 需要が低 / 悪化 / グローバルニッチトップ / トップシェア / シェア拡大 / レアアース
20260515,160A,160A_1600_アズパートナーズ_2026年3月期 通期決算説明資料.pdf,,,,,39,,,,,,48 52,,,,,,,,,,,,,価格交渉 / 増産 / 価格改定 / 価格転嫁 / 値上 / 想定以上 / 上方修正 / 下方修正 / 想定以下 / 未達 / 大幅 / 計画を上 / 計画を下 / 計画以 / 需要回復 / 需要の回復 / 需要が増 / 需要が低 / 悪化 / グローバルニッチトップ / トップシェア / シェア拡大 / レアアース
20260515,1848,1848_1700_富士ピー・エス_2026年3月期 決算短信〔日本基準〕(連結).pdf,,,,5 6,,4,,,,,,,,,,,,,,,,,,価格交渉 / 増産 / 価格改定 / 価格転嫁 / 値上 / 想定以上 / 上方修正 / 下方修正 / 想定以下 / 未達 / 大幅 / 計画を上 / 計画を下 / 計画以 / 需要回復 / 需要の回復 / 需要が増 / 需要が低 / 悪化 / グローバルニッチトップ / トップシェア / シェア拡大 / レアアース
20260515,1848,1848_1700_富士ピー・エス_2026年3月期 決算説明資料.pdf,,,,3 5,,4,,,,,,,,,,,,,,,,,,価格交渉 / 増産 / 価格改定 / 価格転嫁 / 値上 / 想定以上 / 上方修正 / 下方修正 / 想定以下 / 未達 / 大幅 / 計画を上 / 計画を下 / 計画以 / 需要回復 / 需要の回復 / 需要が増 / 需要が低 / 悪化 / グローバルニッチトップ / トップシェア / シェア拡大 / レアアース
20260515,1861,1861_1530_熊谷組_2026年3月期 決算短信〔日本基準〕(連結).pdf,,,,6,,,,,,,6,,,,,,,,,,,,,価格交渉 / 増産 / 価格改定 / 価格転嫁 / 値上 / 想定以上 / 上方修正 / 下方修正 / 想定以下 / 未達 / 大幅 / 計画を上 / 計画を下 / 計画以 / 需要回復 / 需要の回復 / 需要が増 / 需要が低 / 悪化 / グローバルニッチトップ / トップシェア / シェア拡大 / レアアース
20260515,2109,2109_1700_DM三井製糖_DM三井グループ中期経営計画の策定に関するお知らせ.pdf,,,,,,,,,,,9,,,,,,,,,,13,,,価格交渉 / 増産 / 価格改定 / 価格転嫁 / 値上 / 想定以上 / 上方修正 / 下方修正 / 想定以下 / 未達 / 大幅 / 計画を上 / 計画を下 / 計画以 / 需要回復 / 需要の回復 / 需要が増 / 需要が低 / 悪化 / グローバルニッチトップ / トップシェア / シェア拡大 / レアアース
20260515,2173,2173_1130_G-博展_2026年12月期第1四半期 決算説明資料.pdf,,,,,,,,,,,31,,,,,,,,,,,29,,価格交渉 / 増産 / 価格改定 / 価格転嫁 / 値上 / 想定以上 / 上方修正 / 下方修正 / 想定以下 / 未達 / 大幅 / 計画を上 / 計画を下 / 計画以 / 需要回復 / 需要の回復 / 需要が増 / 需要が低 / 悪化 / グローバルニッチトップ / トップシェア / シェア拡大 / レアアース
20260515,2204,2204_1530_中村屋_2026年3月期 決算短信〔日本基準〕(非連結).pdf,,,4,,,,,,,,,,,,,,,,7,,,,,価格交渉 / 増産 / 価格改定 / 価格転嫁 / 値上 / 想定以上 / 上方修正 / 下方修正 / 想定以下 / 未達 / 大幅 / 計画を上 / 計画を下 / 計画以 / 需要回復 / 需要の回復 / 需要が増 / 需要が低 / 悪化 / グローバルニッチトップ / トップシェア / シェア拡大 / レアアース
20260515,2351,2351_1400_ASJ_2026年3月期決算補足説明資料.pdf,,,,,,,,,,,13,4,,,,,,,,,,,,価格交渉 / 増産 / 価格改定 / 価格転嫁 / 値上 / 想定以上 / 上方修正 / 下方修正 / 想定以下 / 未達 / 大幅 / 計画を上 / 計画を下 / 計画以 / 需要回復 / 需要の回復 / 需要が増 / 需要が低 / 悪化 / グローバルニッチトップ / トップシェア / シェア拡大 / レアアース
20260515,2464,2464_1600_Aoba‐BBT_2026年3月期連結業績予想と当期実績値の差異に関するお知らせ.pdf,,,,,,,,,,,2,,,1,,,,,,,,,,価格交渉 / 増産 / 価格改定 / 価格転嫁 / 値上 / 想定以上 / 上方修正 / 下方修正 / 想定以下 / 未達 / 大幅 / 計画を上 / 計画を下 / 計画以 / 需要回復 / 需要の回復 / 需要が増 / 需要が低 / 悪化 / グローバルニッチトップ / トップシェア / シェア拡大 / レアアース
20260515,2586,2586_1530_G-フルッタフルッタ_2026年3月期通期業績予想と実績との差異に関するお知らせ.pdf,,,,,,,,,,1,1,,,,,,,,,,,,,価格交渉 / 増産 / 価格改定 / 価格転嫁 / 値上 / 想定以上 / 上方修正 / 下方修正 / 想定以下 / 未達 / 大幅 / 計画を上 / 計画を下 / 計画以 / 需要回復 / 需要の回復 / 需要が増 / 需要が低 / 悪化 / グローバルニッチトップ / トップシェア / シェア拡大 / レアアース
20260515,265A,265A_1530_G-エイチエムコム_2026年12月期 第1四半期決算説明資料.pdf,,,,,,,,,,,2 5 37 44,2 4 5,,,,,,,,,,,,価格交渉 / 増産 / 価格改定 / 価格転嫁 / 値上 / 想定以上 / 上方修正 / 下方修正 / 想定以下 / 未達 / 大幅 / 計画を上 / 計画を下 / 計画以 / 需要回復 / 需要の回復 / 需要が増 / 需要が低 / 悪化 / グローバルニッチトップ / トップシェア / シェア拡大 / レアアース
20260515,2694,2694_1630_焼肉坂井HD_2026年3月期決算短信〔日本基準〕(連結).pdf,,,,,,,,,,,,,,,,5,5,,,,,,,価格交渉 / 増産 / 価格改定 / 価格転嫁 / 値上 / 想定以上 / 上方修正 / 下方修正 / 想定以下 / 未達 / 大幅 / 計画を上 / 計画を下 / 計画以 / 需要回復 / 需要の回復 / 需要が増 / 需要が低 / 悪化 / グローバルニッチトップ / トップシェア / シェア拡大 / レアアース
20260515,2762,2762_1530_SANKO MF_2026年6月期 第3四半期決算短信〔日本基準〕(連結).pdf,,,,,,,,,,4 13,4 14 15,,,,,,,,,,,,,価格交渉 / 増産 / 価格改定 / 価格転嫁 / 値上 / 想定以上 / 上方修正 / 下方修正 / 想定以下 / 未達 / 大幅 / 計画を上 / 計画を下 / 計画以 / 需要回復 / 需要の回復 / 需要が増 / 需要が低 / 悪化 / グローバルニッチトップ / トップシェア / シェア拡大 / レアアース
20260515,2762,2762_1530_SANKO MF_2026年6月期通期連結業績予想の修正に関するお知らせ.pdf,,,,,,,,,,2 3,2 3,,,,,,,,,,,,,価格交渉 / 増産 / 価格改定 / 価格転嫁 / 値上 / 想定以上 / 上方修正 / 下方修正 / 想定以下 / 未達 / 大幅 / 計画を上 / 計画を下 / 計画以 / 需要回復 / 需要の回復 / 需要が増 / 需要が低 / 悪化 / グローバルニッチトップ / トップシェア / シェア拡大 / レアアース
20260515,2804,2804_1500_ブルドックソース_2026年3月期決算短信〔日本基準〕(連結).pdf,,,,,,,,,,,4 6,,,,,,,,,,,6,,価格交渉 / 増産 / 価格改定 / 価格転嫁 / 値上 / 想定以上 / 上方修正 / 下方修正 / 想定以下 / 未達 / 大幅 / 計画を上 / 計画を下 / 計画以 / 需要回復 / 需要の回復 / 需要が増 / 需要が低 / 悪化 / グローバルニッチトップ / トップシェア / シェア拡大 / レアアース
20260515,2819,2819_1545_エバラ食品工業_2026年3月期 決算短信〔日本基準〕(連結).pdf,,,,,4,,,,,,,,,,,,,,,,,12,,価格交渉 / 増産 / 価格改定 / 価格転嫁 / 値上 / 想定以上 / 上方修正 / 下方修正 / 想定以下 / 未達 / 大幅 / 計画を上 / 計画を下 / 計画以 / 需要回復 / 需要の回復 / 需要が増 / 需要が低 / 悪化 / グローバルニッチトップ / トップシェア / シェア拡大 / レアアース
20260515,285A,285A_1530_キオクシアHD_2026年3月期 決算短信〔IFRS〕(連結).pdf,,,,,,,,,,,6 7,,,,,,5,,,,,,,価格交渉 / 増産 / 価格改定 / 価格転嫁 / 値上 / 想定以上 / 上方修正 / 下方修正 / 想定以下 / 未達 / 大幅 / 計画を上 / 計画を下 / 計画以 / 需要回復 / 需要の回復 / 需要が増 / 需要が低 / 悪化 / グローバルニッチトップ / トップシェア / シェア拡大 / レアアース
20260515,2874,2874_1300_ヨコレイ_2026 年9月期第2四半期業績予想と実績の差異及び通期業績予想の修正 並びに剰余金の配当(中間配当)及び期末配当予想の修正に関するお知らせ.pdf,,,,,,,2,,,,2,,,,,,,,,,,,,価格交渉 / 増産 / 価格改定 / 価格転嫁 / 値上 / 想定以上 / 上方修正 / 下方修正 / 想定以下 / 未達 / 大幅 / 計画を上 / 計画を下 / 計画以 / 需要回復 / 需要の回復 / 需要が増 / 需要が低 / 悪化 / グローバルニッチトップ / トップシェア / シェア拡大 / レアアース
20260515,2874,2874_1300_ヨコレイ_2026年9月期 第2四半期(中間期)決算短信〔日本基準〕(連結).pdf,,,,,,,,,,,4,,,,,,,,4,,,,,価格交渉 / 増産 / 価格改定 / 価格転嫁 / 値上 / 想定以上 / 上方修正 / 下方修正 / 想定以下 / 未達 / 大幅 / 計画を上 / 計画を下 / 計画以 / 需要回復 / 需要の回復 / 需要が増 / 需要が低 / 悪化 / グローバルニッチトップ / トップシェア / シェア拡大 / レアアース
20260515,2877,2877_1530_日東ベスト_2026年3月期 決算短信〔日本基準〕(連結).pdf,,,4,,4,,,,,,,,,,,,,,,,,,,価格交渉 / 増産 / 価格改定 / 価格転嫁 / 値上 / 想定以上 / 上方修正 / 下方修正 / 想定以下 / 未達 / 大幅 / 計画を上 / 計画を下 / 計画以 / 需要回復 / 需要の回復 / 需要が増 / 需要が低 / 悪化 / グローバルニッチトップ / トップシェア / シェア拡大 / レアアース
20260515,287A,287A_1600_黒田グループ_2026年3月期 決算短信〔IFRS〕(連結).pdf,,,,,,,,,,,4 5,,,,,,,,,,,,4,価格交渉 / 増産 / 価格改定 / 価格転嫁 / 値上 / 想定以上 / 上方修正 / 下方修正 / 想定以下 / 未達 / 大幅 / 計画を上 / 計画を下 / 計画以 / 需要回復 / 需要の回復 / 需要が増 / 需要が低 / 悪化 / グローバルニッチトップ / トップシェア / シェア拡大 / レアアース
20260515,290A,290A_1530_G-Syns_2026年12月期第1四半期決算説明資料.pdf,,25 43,,,,,,,,,52,,,,,,,,,,,,,価格交渉 / 増産 / 価格改定 / 価格転嫁 / 値上 / 想定以上 / 上方修正 / 下方修正 / 想定以下 / 未達 / 大幅 / 計画を上 / 計画を下 / 計画以 / 需要回復 / 需要の回復 / 需要が増 / 需要が低 / 悪化 / グローバルニッチトップ / トップシェア / シェア拡大 / レアアース
20260515,2933,2933_1600_紀文食品_2026年3月期 決算短信〔日本基準〕(連結).pdf,,,5 7,,,,,,,,,,,,,,,,5,,,,,価格交渉 / 増産 / 価格改定 / 価格転嫁 / 値上 / 想定以上 / 上方修正 / 下方修正 / 想定以下 / 未達 / 大幅 / 計画を上 / 計画を下 / 計画以 / 需要回復 / 需要の回復 / 需要が増 / 需要が低 / 悪化 / グローバルニッチトップ / トップシェア / シェア拡大 / レアアース
20260515,2970,2970_1530_GLC GROUP_2026年12月期 第1四半期決算説明資料.pdf,,,14,,,,,,,,,,,,,,,,14,,,,,価格交渉 / 増産 / 価格改定 / 価格転嫁 / 値上 / 想定以上 / 上方修正 / 下方修正 / 想定以下 / 未達 / 大幅 / 計画を上 / 計画を下 / 計画以 / 需要回復 / 需要の回復 / 需要が増 / 需要が低 / 悪化 / グローバルニッチトップ / トップシェア / シェア拡大 / レアアース
20260515,3053,3053_1600_ペッパー_中期経営計画の進捗に関するお知らせ.pdf,,,,,,,,,,,8,9,,,,,,,,,,,,価格交渉 / 増産 / 価格改定 / 価格転嫁 / 値上 / 想定以上 / 上方修正 / 下方修正 / 想定以下 / 未達 / 大幅 / 計画を上 / 計画を下 / 計画以 / 需要回復 / 需要の回復 / 需要が増 / 需要が低 / 悪化 / グローバルニッチトップ / トップシェア / シェア拡大 / レアアース
20260515,309A,309A_1600_P-コスモス調剤_2026年3月期 決算短信〔日本基準〕(連結).pdf,,,,,,,,,,,4,,,,,,,,5,,,,,価格交渉 / 増産 / 価格改定 / 価格転嫁 / 値上 / 想定以上 / 上方修正 / 下方修正 / 想定以下 / 未達 / 大幅 / 計画を上 / 計画を下 / 計画以 / 需要回復 / 需要の回復 / 需要が増 / 需要が低 / 悪化 / グローバルニッチトップ / トップシェア / シェア拡大 / レアアース
20260515,319A,319A_1600_G-技術承継機構_2026年12月期第1四半期決算説明資料.pdf,,,,,35,,,,,,17,,,,,,,,,,,,,価格交渉 / 増産 / 価格改定 / 価格転嫁 / 値上 / 想定以上 / 上方修正 / 下方修正 / 想定以下 / 未達 / 大幅 / 計画を上 / 計画を下 / 計画以 / 需要回復 / 需要の回復 / 需要が増 / 需要が低 / 悪化 / グローバルニッチトップ / トップシェア / シェア拡大 / レアアース
20260515,3293,3293_1500_アズマハウス_第49期 決算補足資料.pdf,,,,,,3,,3,,,,,,,,,,,,,,,,価格交渉 / 増産 / 価格改定 / 価格転嫁 / 値上 / 想定以上 / 上方修正 / 下方修正 / 想定以下 / 未達 / 大幅 / 計画を上 / 計画を下 / 計画以 / 需要回復 / 需要の回復 / 需要が増 / 需要が低 / 悪化 / グローバルニッチトップ / トップシェア / シェア拡大 / レアアース
20260515,3300,3300_1530_G-アンビションDX_2026年6月期 第3四半期 決算説明資料.pdf,,,,,,,,,,,3 8 10 12 25 27 36 43 51,26,,,,,,,,,,,,価格交渉 / 増産 / 価格改定 / 価格転嫁 / 値上 / 想定以上 / 上方修正 / 下方修正 / 想定以下 / 未達 / 大幅 / 計画を上 / 計画を下 / 計画以 / 需要回復 / 需要の回復 / 需要が増 / 需要が低 / 悪化 / グローバルニッチトップ / トップシェア / シェア拡大 / レアアース
20260515,3323,3323_1530_レカム_2026年9月期第2四半期決算短信〔IFRS〕(連結).pdf,,,,,5,,,,,,4,,,,,,,,,,,,,価格交渉 / 増産 / 価格改定 / 価格転嫁 / 値上 / 想定以上 / 上方修正 / 下方修正 / 想定以下 / 未達 / 大幅 / 計画を上 / 計画を下 / 計画以 / 需要回復 / 需要の回復 / 需要が増 / 需要が低 / 悪化 / グローバルニッチトップ / トップシェア / シェア拡大 / レアアース
20260515,3323,3323_1900_レカム_2026年9月期第2四半期決算説明資料.pdf,,,,,,,,,,4 7 55,6 55 56,,,,,,,,,,,,,価格交渉 / 増産 / 価格改定 / 価格転嫁 / 値上 / 想定以上 / 上方修正 / 下方修正 / 想定以下 / 未達 / 大幅 / 計画を上 / 計画を下 / 計画以 / 需要回復 / 需要の回復 / 需要が増 / 需要が低 / 悪化 / グローバルニッチトップ / トップシェア / シェア拡大 / レアアース
20260515,3346,3346_1530_ヒロタグループHD_2026年3月期 決算短信〔日本基準〕(連結).pdf,,,,,,,,,,,4 5 14 19,,,,,5,,,,,,,,価格交渉 / 増産 / 価格改定 / 価格転嫁 / 値上 / 想定以上 / 上方修正 / 下方修正 / 想定以下 / 未達 / 大幅 / 計画を上 / 計画を下 / 計画以 / 需要回復 / 需要の回復 / 需要が増 / 需要が低 / 悪化 / グローバルニッチトップ / トップシェア / シェア拡大 / レアアース
20260515,3358,3358_1630_Trailhead_2026年3月期 決算説明資料.pdf,,,,,,,,,,,5 9 15,,,,,,,,22,,,,,価格交渉 / 増産 / 価格改定 / 価格転嫁 / 値上 / 想定以上 / 上方修正 / 下方修正 / 想定以下 / 未達 / 大幅 / 計画を上 / 計画を下 / 計画以 / 需要回復 / 需要の回復 / 需要が増 / 需要が低 / 悪化 / グローバルニッチトップ / トップシェア / シェア拡大 / レアアース
20260515,3372,3372_1600_関門海_2026年3月期 決算短信〔日本基準〕(連結).pdf,,,,,,,,,,,5,,,,,,,,4,,,,,価格交渉 / 増産 / 価格改定 / 価格転嫁 / 値上 / 想定以上 / 上方修正 / 下方修正 / 想定以下 / 未達 / 大幅 / 計画を上 / 計画を下 / 計画以 / 需要回復 / 需要の回復 / 需要が増 / 需要が低 / 悪化 / グローバルニッチトップ / トップシェア / シェア拡大 / レアアース
20260515,3397,3397_1300_トリドールHD_通期連結業績予想と実績値との差異および減損損失に関するお知らせ.pdf,,,,,,2,,,,,1,,,,,,,,,,,,,価格交渉 / 増産 / 価格改定 / 価格転嫁 / 値上 / 想定以上 / 上方修正 / 下方修正 / 想定以下 / 未達 / 大幅 / 計画を上 / 計画を下 / 計画以 / 需要回復 / 需要の回復 / 需要が増 / 需要が低 / 悪化 / グローバルニッチトップ / トップシェア / シェア拡大 / レアアース
20260515,3417,3417_1530_大木ヘルスケア_2026年3月期通期の連結業績予想と実績値との差異に関するお知らせ.pdf,,,,1,1,,,,,,,,,,,,,,,,,,,価格交渉 / 増産 / 価格改定 / 価格転嫁 / 値上 / 想定以上 / 上方修正 / 下方修正 / 想定以下 / 未達 / 大幅 / 計画を上 / 計画を下 / 計画以 / 需要回復 / 需要の回復 / 需要が増 / 需要が低 / 悪化 / グローバルニッチトップ / トップシェア / シェア拡大 / レアアース
20260515,352A,352A_1536_G-LOIVE_2026年3月期 通期決算説明資料.pdf,,,,,,,,,,,4 12 21,,,,,,,,,,,18,,価格交渉 / 増産 / 価格改定 / 価格転嫁 / 値上 / 想定以上 / 上方修正 / 下方修正 / 想定以下 / 未達 / 大幅 / 計画を上 / 計画を下 / 計画以 / 需要回復 / 需要の回復 / 需要が増 / 需要が低 / 悪化 / グローバルニッチトップ / トップシェア / シェア拡大 / レアアース
20260515,3542,3542_1530_G-VEGA_中期経営計画の見直しに関するお知らせ.pdf,,,,,,,1,,,,,,1,,,,,,,,,,,価格交渉 / 増産 / 価格改定 / 価格転嫁 / 値上 / 想定以上 / 上方修正 / 下方修正 / 想定以下 / 未達 / 大幅 / 計画を上 / 計画を下 / 計画以 / 需要回復 / 需要の回復 / 需要が増 / 需要が低 / 悪化 / グローバルニッチトップ / トップシェア / シェア拡大 / レアアース
20260515,3542,3542_1530_G-VEGA_事業計画及び成長可能性に関する説明資料.pdf,,,,,8 35,,,,,,35,,,,,,,,,,,,,価格交渉 / 増産 / 価格改定 / 価格転嫁 / 値上 / 想定以上 / 上方修正 / 下方修正 / 想定以下 / 未達 / 大幅 / 計画を上 / 計画を下 / 計画以 / 需要回復 / 需要の回復 / 需要が増 / 需要が低 / 悪化 / グローバルニッチトップ / トップシェア / シェア拡大 / レアアース
20260515,3598,3598_1530_山喜_2026年3月期 決算短信〔日本基準〕(連結).pdf,,,,,,,,,,,,,,,,6,,,,,,4,,価格交渉 / 増産 / 価格改定 / 価格転嫁 / 値上 / 想定以上 / 上方修正 / 下方修正 / 想定以下 / 未達 / 大幅 / 計画を上 / 計画を下 / 計画以 / 需要回復 / 需要の回復 / 需要が増 / 需要が低 / 悪化 / グローバルニッチトップ / トップシェア / シェア拡大 / レアアース
20260515,3664,3664_1615_G-WIZE_第三者割当による第39回新株予約権(行使価額修正条項付)の発行及び新株予約権の買取契約の締結に関するお知らせ.pdf,,,,,4,,,,,,5 20,,,,,,,,,,,,,価格交渉 / 増産 / 価格改定 / 価格転嫁 / 値上 / 想定以上 / 上方修正 / 下方修正 / 想定以下 / 未達 / 大幅 / 計画を上 / 計画を下 / 計画以 / 需要回復 / 需要の回復 / 需要が増 / 需要が低 / 悪化 / グローバルニッチトップ / トップシェア / シェア拡大 / レアアース
20260515,3670,3670_1600_協立情報通信_2026年3月期 決算説明資料.pdf,,,,,,,,,,,7 11 20 30,,,,,,,,40,,,,,価格交渉 / 増産 / 価格改定 / 価格転嫁 / 値上 / 想定以上 / 上方修正 / 下方修正 / 想定以下 / 未達 / 大幅 / 計画を上 / 計画を下 / 計画以 / 需要回復 / 需要の回復 / 需要が増 / 需要が低 / 悪化 / グローバルニッチトップ / トップシェア / シェア拡大 / レアアース
20260515,3691,3691_1530_G-デジタルプラス_2026年9月期 第2四半期(中間期)決算短信〔IFRS〕(連結).pdf,,,,,,,,,,,6,,,,,,,,,,,4,,価格交渉 / 増産 / 価格改定 / 価格転嫁 / 値上 / 想定以上 / 上方修正 / 下方修正 / 想定以下 / 未達 / 大幅 / 計画を上 / 計画を下 / 計画以 / 需要回復 / 需要の回復 / 需要が増 / 需要が低 / 悪化 / グローバルニッチトップ / トップシェア / シェア拡大 / レアアース
20260515,3691,3691_1530_G-デジタルプラス_2026年9月期第2四半期 決算説明資料.pdf,,,,,,,,,,8 9 11,11,,,,,,,,,,,,,価格交渉 / 増産 / 価格改定 / 価格転嫁 / 値上 / 想定以上 / 上方修正 / 下方修正 / 想定以下 / 未達 / 大幅 / 計画を上 / 計画を下 / 計画以 / 需要回復 / 需要の回復 / 需要が増 / 需要が低 / 悪化 / グローバルニッチトップ / トップシェア / シェア拡大 / レアアース
20260515,3692,3692_1530_G-FFRI_令和8年3月期 決算短信〔日本基準〕(連結).pdf,,,,,,,,,,,6,,,,,,4,,,,,,,価格交渉 / 増産 / 価格改定 / 価格転嫁 / 値上 / 想定以上 / 上方修正 / 下方修正 / 想定以下 / 未達 / 大幅 / 計画を上 / 計画を下 / 計画以 / 需要回復 / 需要の回復 / 需要が増 / 需要が低 / 悪化 / グローバルニッチトップ / トップシェア / シェア拡大 / レアアース
20260515,3694,3694_1550_オプティム_2026年3月期 決算短信〔日本基準〕(連結).pdf,,,,,,,,,,,4 6 18,,,,,,,,,,,8,,価格交渉 / 増産 / 価格改定 / 価格転嫁 / 値上 / 想定以上 / 上方修正 / 下方修正 / 想定以下 / 未達 / 大幅 / 計画を上 / 計画を下 / 計画以 / 需要回復 / 需要の回復 / 需要が増 / 需要が低 / 悪化 / グローバルニッチトップ / トップシェア / シェア拡大 / レアアース
20260515,3750,3750_1600_ADR120S_2026年3月期 決算短信[日本基準](連結).pdf,,,,,,,,,,,5 13,,,,,4,,,,,,,,価格交渉 / 増産 / 価格改定 / 価格転嫁 / 値上 / 想定以上 / 上方修正 / 下方修正 / 想定以下 / 未達 / 大幅 / 計画を上 / 計画を下 / 計画以 / 需要回復 / 需要の回復 / 需要が増 / 需要が低 / 悪化 / グローバルニッチトップ / トップシェア / シェア拡大 / レアアース
20260515,377A,377A_1530_エージェントIGHD_2026年12月期 第1四半期決算説明資料(スクリプト付き).pdf,,,,,,,,,,,3 4 5 15 20,,,,,,,,,,,15,,価格交渉 / 増産 / 価格改定 / 価格転嫁 / 値上 / 想定以上 / 上方修正 / 下方修正 / 想定以下 / 未達 / 大幅 / 計画を上 / 計画を下 / 計画以 / 需要回復 / 需要の回復 / 需要が増 / 需要が低 / 悪化 / グローバルニッチトップ / トップシェア / シェア拡大 / レアアース
20260515,377A,377A_1530_エージェントIGHD_2026年12月期 第1四半期決算説明資料.pdf,,,,,,,,,,,3 4 18,,,,,,,,,,,15,,価格交渉 / 増産 / 価格改定 / 価格転嫁 / 値上 / 想定以上 / 上方修正 / 下方修正 / 想定以下 / 未達 / 大幅 / 計画を上 / 計画を下 / 計画以 / 需要回復 / 需要の回復 / 需要が増 / 需要が低 / 悪化 / グローバルニッチトップ / トップシェア / シェア拡大 / レアアース
20260515,3825,3825_1200_REMIX_2026年3月期の連結業績と前期実績値との差異に関するお知らせ.pdf,,,,1,,,,,,,2,,,,,,,,,,,,,価格交渉 / 増産 / 価格改定 / 価格転嫁 / 値上 / 想定以上 / 上方修正 / 下方修正 / 想定以下 / 未達 / 大幅 / 計画を上 / 計画を下 / 計画以 / 需要回復 / 需要の回復 / 需要が増 / 需要が低 / 悪化 / グローバルニッチトップ / トップシェア / シェア拡大 / レアアース
20260515,3844,3844_1530_コムチュア_2026年3月期 決算説明資料.pdf,12,,,,,,,,,,26,,,,,,,,,,,,,価格交渉 / 増産 / 価格改定 / 価格転嫁 / 値上 / 想定以上 / 上方修正 / 下方修正 / 想定以下 / 未達 / 大幅 / 計画を上 / 計画を下 / 計画以 / 需要回復 / 需要の回復 / 需要が増 / 需要が低 / 悪化 / グローバルニッチトップ / トップシェア / シェア拡大 / レアアース
20260515,386A,386A_1600_みのや_2026年6月期第3四半期決算において高い関心が予想される事項.pdf,,,,,,,,,,2,1,,,,,,,,,,,,,価格交渉 / 増産 / 価格改定 / 価格転嫁 / 値上 / 想定以上 / 上方修正 / 下方修正 / 想定以下 / 未達 / 大幅 / 計画を上 / 計画を下 / 計画以 / 需要回復 / 需要の回復 / 需要が増 / 需要が低 / 悪化 / グローバルニッチトップ / トップシェア / シェア拡大 / レアアース
20260515,3880,3880_1300_大王紙_2026年3月期 決算短信〔日本基準〕(連結).pdf,,,4 5 6,,,,,,,,4,,,,,,,,,,,,,価格交渉 / 増産 / 価格改定 / 価格転嫁 / 値上 / 想定以上 / 上方修正 / 下方修正 / 想定以下 / 未達 / 大幅 / 計画を上 / 計画を下 / 計画以 / 需要回復 / 需要の回復 / 需要が増 / 需要が低 / 悪化 / グローバルニッチトップ / トップシェア / シェア拡大 / レアアース
20260515,3927,3927_1130_フーバーブレイン_2026年3月期 決算補足資料.pdf,,,,,,11,,,,,11 13 15 16,,,,,,,,,,,,,価格交渉 / 増産 / 価格改定 / 価格転嫁 / 値上 / 想定以上 / 上方修正 / 下方修正 / 想定以下 / 未達 / 大幅 / 計画を上 / 計画を下 / 計画以 / 需要回復 / 需要の回復 / 需要が増 / 需要が低 / 悪化 / グローバルニッチトップ / トップシェア / シェア拡大 / レアアース
20260515,3933,3933_1600_チエル_2026年3月期決算短信〔日本基準〕(連結).pdf,,,,,,,,,,,4 6,7,,,,,,,,,,,,価格交渉 / 増産 / 価格改定 / 価格転嫁 / 値上 / 想定以上 / 上方修正 / 下方修正 / 想定以下 / 未達 / 大幅 / 計画を上 / 計画を下 / 計画以 / 需要回復 / 需要の回復 / 需要が増 / 需要が低 / 悪化 / グローバルニッチトップ / トップシェア / シェア拡大 / レアアース
20260515,3965,3965_1530_CAP_2026年9月期 第2四半期(中間期)決算短信〔日本基準〕(連結).pdf,,,,,,,,,,,5,,,,,,4,,,,,,,価格交渉 / 増産 / 価格改定 / 価格転嫁 / 値上 / 想定以上 / 上方修正 / 下方修正 / 想定以下 / 未達 / 大幅 / 計画を上 / 計画を下 / 計画以 / 需要回復 / 需要の回復 / 需要が増 / 需要が低 / 悪化 / グローバルニッチトップ / トップシェア / シェア拡大 / レアアース
20260515,3989,3989_1530_G-シェアリングT_2026年9月期 第2四半期決算説明資料.pdf,,,,,,,17 18,,,,2 18,,,,,,,,,,,,,価格交渉 / 増産 / 価格改定 / 価格転嫁 / 値上 / 想定以上 / 上方修正 / 下方修正 / 想定以下 / 未達 / 大幅 / 計画を上 / 計画を下 / 計画以 / 需要回復 / 需要の回復 / 需要が増 / 需要が低 / 悪化 / グローバルニッチトップ / トップシェア / シェア拡大 / レアアース
20260515,4021,4021_1530_日産化_2026年3月期 決算説明資料.pdf,,,,,,,25 28 44,,,,19,,,,,,,,,,,,,価格交渉 / 増産 / 価格改定 / 価格転嫁 / 値上 / 想定以上 / 上方修正 / 下方修正 / 想定以下 / 未達 / 大幅 / 計画を上 / 計画を下 / 計画以 / 需要回復 / 需要の回復 / 需要が増 / 需要が低 / 悪化 / グローバルニッチトップ / トップシェア / シェア拡大 / レアアース
20260515,4031,4031_1400_片倉コープアグリ_第111期通期連結業績予想と実績値の差異、及び個別実績の前期実績との差異に関するお知らせ.pdf,,,2,,,,,,,1,,,,,,,,,,,,,,価格交渉 / 増産 / 価格改定 / 価格転嫁 / 値上 / 想定以上 / 上方修正 / 下方修正 / 想定以下 / 未達 / 大幅 / 計画を上 / 計画を下 / 計画以 / 需要回復 / 需要の回復 / 需要が増 / 需要が低 / 悪化 / グローバルニッチトップ / トップシェア / シェア拡大 / レアアース
20260515,406A,406A_1500_P-環境のミカタHD_2026年9月期 中間決算短信〔日本基準〕(連結).pdf,,,,,,,,,,,,,4,,,4,,,,,,,,価格交渉 / 増産 / 価格改定 / 価格転嫁 / 値上 / 想定以上 / 上方修正 / 下方修正 / 想定以下 / 未達 / 大幅 / 計画を上 / 計画を下 / 計画以 / 需要回復 / 需要の回復 / 需要が増 / 需要が低 / 悪化 / グローバルニッチトップ / トップシェア / シェア拡大 / レアアース
20260515,4099,4099_1200_四国化成HD_2026年12月期 第1四半期決算短信[日本基準](連結).pdf,,,4,,,,,,,,,,,,,,4,,,,,,,価格交渉 / 増産 / 価格改定 / 価格転嫁 / 値上 / 想定以上 / 上方修正 / 下方修正 / 想定以下 / 未達 / 大幅 / 計画を上 / 計画を下 / 計画以 / 需要回復 / 需要の回復 / 需要が増 / 需要が低 / 悪化 / グローバルニッチトップ / トップシェア / シェア拡大 / レアアース
20260515,4100,4100_1530_戸田工_2026年3月期 決算短信〔日本基準〕(連結).pdf,,,,,,,,,,,4,,,,,,,,4,,,,,価格交渉 / 増産 / 価格改定 / 価格転嫁 / 値上 / 想定以上 / 上方修正 / 下方修正 / 想定以下 / 未達 / 大幅 / 計画を上 / 計画を下 / 計画以 / 需要回復 / 需要の回復 / 需要が増 / 需要が低 / 悪化 / グローバルニッチトップ / トップシェア / シェア拡大 / レアアース
20260515,4166,4166_1530_G-かっこ_2026年12月期 第1四半期 決算説明資料.pdf,,,,,,,,,,,16 38 42,,,,,,,,,,,23 28 29,,価格交渉 / 増産 / 価格改定 / 価格転嫁 / 値上 / 想定以上 / 上方修正 / 下方修正 / 想定以下 / 未達 / 大幅 / 計画を上 / 計画を下 / 計画以 / 需要回復 / 需要の回復 / 需要が増 / 需要が低 / 悪化 / グローバルニッチトップ / トップシェア / シェア拡大 / レアアース
20260515,4170,4170_1530_G-KaizenPF_2026年12月期第1四半期決算説明資料.pdf,,,,,,,,,,,20 45 54,,,,,,,,4,,,,,価格交渉 / 増産 / 価格改定 / 価格転嫁 / 値上 / 想定以上 / 上方修正 / 下方修正 / 想定以下 / 未達 / 大幅 / 計画を上 / 計画を下 / 計画以 / 需要回復 / 需要の回復 / 需要が増 / 需要が低 / 悪化 / グローバルニッチトップ / トップシェア / シェア拡大 / レアアース
20260515,4216,4216_1600_旭有機材_2026年3月期 通期決算補足資料.pdf,,,5,,,,,,,,,,,,5,,,,,,,,,価格交渉 / 増産 / 価格改定 / 価格転嫁 / 値上 / 想定以上 / 上方修正 / 下方修正 / 想定以下 / 未達 / 大幅 / 計画を上 / 計画を下 / 計画以 / 需要回復 / 需要の回復 / 需要が増 / 需要が低 / 悪化 / グローバルニッチトップ / トップシェア / シェア拡大 / レアアース
20260515,4235,4235_1530_UFHD_2026年12月期 第1四半期決算短信〔IFRS〕(連結).pdf,,,5,,,,,,,,5,,,,,,,,,,,,,価格交渉 / 増産 / 価格改定 / 価格転嫁 / 値上 / 想定以上 / 上方修正 / 下方修正 / 想定以下 / 未達 / 大幅 / 計画を上 / 計画を下 / 計画以 / 需要回復 / 需要の回復 / 需要が増 / 需要が低 / 悪化 / グローバルニッチトップ / トップシェア / シェア拡大 / レアアース
20260515,4237,4237_1530_フジプレアム_令和8年3月期 決算短信〔日本基準〕(連結).pdf,,,,,,,,,,,,,,,4,4,,,,,,,,価格交渉 / 増産 / 価格改定 / 価格転嫁 / 値上 / 想定以上 / 上方修正 / 下方修正 / 想定以下 / 未達 / 大幅 / 計画を上 / 計画を下 / 計画以 / 需要回復 / 需要の回復 / 需要が増 / 需要が低 / 悪化 / グローバルニッチトップ / トップシェア / シェア拡大 / レアアース
20260515,4237,4237_1530_フジプレアム_特別損失(固定資産の減損損失、関係会社出資金評価損)の計上及び通期連結業績予想と実績との差異に関するお知らせ.pdf,,,,,,,,,,,1,,,,,1,,,,,,,,価格交渉 / 増産 / 価格改定 / 価格転嫁 / 値上 / 想定以上 / 上方修正 / 下方修正 / 想定以下 / 未達 / 大幅 / 計画を上 / 計画を下 / 計画以 / 需要回復 / 需要の回復 / 需要が増 / 需要が低 / 悪化 / グローバルニッチトップ / トップシェア / シェア拡大 / レアアース
20260515,4260,4260_1530_G-ハイブリッドテク_2026年9月期第2四半期決算説明資料.pdf,,,,,,,,,,,,,,4,,,,,10,,,,,価格交渉 / 増産 / 価格改定 / 価格転嫁 / 値上 / 想定以上 / 上方修正 / 下方修正 / 想定以下 / 未達 / 大幅 / 計画を上 / 計画を下 / 計画以 / 需要回復 / 需要の回復 / 需要が増 / 需要が低 / 悪化 / グローバルニッチトップ / トップシェア / シェア拡大 / レアアース
20260515,4261,4261_1530_G-アジアクエスト_2026年12月期 第1四半期決算説明資料.pdf,,,,,,,,,,,10,,,,,,29,,,,,,,価格交渉 / 増産 / 価格改定 / 価格転嫁 / 値上 / 想定以上 / 上方修正 / 下方修正 / 想定以下 / 未達 / 大幅 / 計画を上 / 計画を下 / 計画以 / 需要回復 / 需要の回復 / 需要が増 / 需要が低 / 悪化 / グローバルニッチトップ / トップシェア / シェア拡大 / レアアース
20260515,4275,4275_1650_カーリット_中期経営計画 Challenge2027 ローリングプラン2026 策定のお知らせ.pdf,,4 8,,,,,,,,,7,,,,,,,,,,,,,価格交渉 / 増産 / 価格改定 / 価格転嫁 / 値上 / 想定以上 / 上方修正 / 下方修正 / 想定以下 / 未達 / 大幅 / 計画を上 / 計画を下 / 計画以 / 需要回復 / 需要の回復 / 需要が増 / 需要が低 / 悪化 / グローバルニッチトップ / トップシェア / シェア拡大 / レアアース
20260515,4372,4372_1130_G-ユミルリンク_2026年12月期第1四半期決算説明資料.pdf,,,12 17,,,,,,,,,,,,,,,,,,,34,,価格交渉 / 増産 / 価格改定 / 価格転嫁 / 値上 / 想定以上 / 上方修正 / 下方修正 / 想定以下 / 未達 / 大幅 / 計画を上 / 計画を下 / 計画以 / 需要回復 / 需要の回復 / 需要が増 / 需要が低 / 悪化 / グローバルニッチトップ / トップシェア / シェア拡大 / レアアース
20260515,437A,437A_1530_P-ジェイウェイブ_2026年3月期決算短信〔日本基準〕(非連結).pdf,,,,,,,,,,,4,,,,,,,,,,,4,,価格交渉 / 増産 / 価格改定 / 価格転嫁 / 値上 / 想定以上 / 上方修正 / 下方修正 / 想定以下 / 未達 / 大幅 / 計画を上 / 計画を下 / 計画以 / 需要回復 / 需要の回復 / 需要が増 / 需要が低 / 悪化 / グローバルニッチトップ / トップシェア / シェア拡大 / レアアース
20260515,4387,4387_1700_G-ZUU_2026年3月期 決算短信〔日本基準〕(連結).pdf,,,,,,,,,,,5,,,,,,,,5,,,,,価格交渉 / 増産 / 価格改定 / 価格転嫁 / 値上 / 想定以上 / 上方修正 / 下方修正 / 想定以下 / 未達 / 大幅 / 計画を上 / 計画を下 / 計画以 / 需要回復 / 需要の回復 / 需要が増 / 需要が低 / 悪化 / グローバルニッチトップ / トップシェア / シェア拡大 / レアアース
20260515,4391,4391_1540_G-ロジザード_2026年6月期 第3四半期決算説明資料.pdf,,,,,,,,,,7,12 16,,,,,,,,,,,,,価格交渉 / 増産 / 価格改定 / 価格転嫁 / 値上 / 想定以上 / 上方修正 / 下方修正 / 想定以下 / 未達 / 大幅 / 計画を上 / 計画を下 / 計画以 / 需要回復 / 需要の回復 / 需要が増 / 需要が低 / 悪化 / グローバルニッチトップ / トップシェア / シェア拡大 / レアアース
20260515,4425,4425_1915_G-Kudan_2026年3月期 決算説明に関する質疑応答内容の公開のお知らせ.pdf,,,,,,,,,,,3,,,,,,,,3,,,,,価格交渉 / 増産 / 価格改定 / 価格転嫁 / 値上 / 想定以上 / 上方修正 / 下方修正 / 想定以下 / 未達 / 大幅 / 計画を上 / 計画を下 / 計画以 / 需要回復 / 需要の回復 / 需要が増 / 需要が低 / 悪化 / グローバルニッチトップ / トップシェア / シェア拡大 / レアアース
20260515,4436,4436_1530_G-ミンカブ_2026年3月期 決算短信〔日本基準〕(連結).pdf,,,,,4,,,,,,5,,,,,,,,,,,,,価格交渉 / 増産 / 価格改定 / 価格転嫁 / 値上 / 想定以上 / 上方修正 / 下方修正 / 想定以下 / 未達 / 大幅 / 計画を上 / 計画を下 / 計画以 / 需要回復 / 需要の回復 / 需要が増 / 需要が低 / 悪化 / グローバルニッチトップ / トップシェア / シェア拡大 / レアアース
20260515,4448,4448_1530_G-kubell_2026年12月期 第1四半期 決算説明資料.pdf,,,109,,,,,,,,2 17 40 57 64,,,,,,,,,,,,,価格交渉 / 増産 / 価格改定 / 価格転嫁 / 値上 / 想定以上 / 上方修正 / 下方修正 / 想定以下 / 未達 / 大幅 / 計画を上 / 計画を下 / 計画以 / 需要回復 / 需要の回復 / 需要が増 / 需要が低 / 悪化 / グローバルニッチトップ / トップシェア / シェア拡大 / レアアース
20260515,4484,4484_1700_G-ランサーズ_2026年3月期 通期決算説明資料.pdf,,,,,,,,,,,2 6 7,,,,,,,,,,,19,,価格交渉 / 増産 / 価格改定 / 価格転嫁 / 値上 / 想定以上 / 上方修正 / 下方修正 / 想定以下 / 未達 / 大幅 / 計画を上 / 計画を下 / 計画以 / 需要回復 / 需要の回復 / 需要が増 / 需要が低 / 悪化 / グローバルニッチトップ / トップシェア / シェア拡大 / レアアース
20260515,4612,4612_1530_日ペイントHD_2026年12月期 第1四半期決算短信〔IFRS〕(連結).pdf,,,,,4,,,,,,,,,,,,,,,,,4,,価格交渉 / 増産 / 価格改定 / 価格転嫁 / 値上 / 想定以上 / 上方修正 / 下方修正 / 想定以下 / 未達 / 大幅 / 計画を上 / 計画を下 / 計画以 / 需要回復 / 需要の回復 / 需要が増 / 需要が低 / 悪化 / グローバルニッチトップ / トップシェア / シェア拡大 / レアアース
20260515,4634,4634_1630_artience_2026年12月期 第1四半期決算短信〔日本基準〕(連結).pdf,,,4 5,,,,,,,,,,,,,,,,4,,,,,価格交渉 / 増産 / 価格改定 / 価格転嫁 / 値上 / 想定以上 / 上方修正 / 下方修正 / 想定以下 / 未達 / 大幅 / 計画を上 / 計画を下 / 計画以 / 需要回復 / 需要の回復 / 需要が増 / 需要が低 / 悪化 / グローバルニッチトップ / トップシェア / シェア拡大 / レアアース
20260515,472A,472A_1530_G-ミラティブ_2026年12月期第1四半期決算説明資料.pdf,,,,,,,,,,,72,,,,,,,,79,,,,,価格交渉 / 増産 / 価格改定 / 価格転嫁 / 値上 / 想定以上 / 上方修正 / 下方修正 / 想定以下 / 未達 / 大幅 / 計画を上 / 計画を下 / 計画以 / 需要回復 / 需要の回復 / 需要が増 / 需要が低 / 悪化 / グローバルニッチトップ / トップシェア / シェア拡大 / レアアース
20260515,4783,4783_1540_NCD_2026年3月期決算短信〔日本基準〕(連結).pdf,4,,4,,,,,,,,,,,,,,,,,,,,,価格交渉 / 増産 / 価格改定 / 価格転嫁 / 値上 / 想定以上 / 上方修正 / 下方修正 / 想定以下 / 未達 / 大幅 / 計画を上 / 計画を下 / 計画以 / 需要回復 / 需要の回復 / 需要が増 / 需要が低 / 悪化 / グローバルニッチトップ / トップシェア / シェア拡大 / レアアース
20260515,4783,4783_1540_NCD_中期経営計画策定に関するお知らせ.pdf,,,,,,,,,,5 6,8 35,,,,,,,,,,,,,価格交渉 / 増産 / 価格改定 / 価格転嫁 / 値上 / 想定以上 / 上方修正 / 下方修正 / 想定以下 / 未達 / 大幅 / 計画を上 / 計画を下 / 計画以 / 需要回復 / 需要の回復 / 需要が増 / 需要が低 / 悪化 / グローバルニッチトップ / トップシェア / シェア拡大 / レアアース
20260515,4847,4847_1130_IWI_2026年6月期第3四半期 決算説明会資料.pdf,,,,,,,,11,,,,,,,,,,,,,24,,,価格交渉 / 増産 / 価格改定 / 価格転嫁 / 値上 / 想定以上 / 上方修正 / 下方修正 / 想定以下 / 未達 / 大幅 / 計画を上 / 計画を下 / 計画以 / 需要回復 / 需要の回復 / 需要が増 / 需要が低 / 悪化 / グローバルニッチトップ / トップシェア / シェア拡大 / レアアース
20260515,4935,4935_1600_リベルタ_2026年12月期第1四半期決算短信〔日本基準〕(連結).pdf,,,,,,,,,,,4,,,,,4,,,,,,,,価格交渉 / 増産 / 価格改定 / 価格転嫁 / 値上 / 想定以上 / 上方修正 / 下方修正 / 想定以下 / 未達 / 大幅 / 計画を上 / 計画を下 / 計画以 / 需要回復 / 需要の回復 / 需要が増 / 需要が低 / 悪化 / グローバルニッチトップ / トップシェア / シェア拡大 / レアアース
20260515,4990,4990_1400_昭和化_中期経営計画策定に関するお知らせ.pdf,,,,,,,,,,,,,,,,,,,,6,,12 18,,価格交渉 / 増産 / 価格改定 / 価格転嫁 / 値上 / 想定以上 / 上方修正 / 下方修正 / 想定以下 / 未達 / 大幅 / 計画を上 / 計画を下 / 計画以 / 需要回復 / 需要の回復 / 需要が増 / 需要が低 / 悪化 / グローバルニッチトップ / トップシェア / シェア拡大 / レアアース
20260515,5074,5074_1500_テスホールディングス_2026年6月期第3四半期決算説明資料.pdf,,,,,,,,,,,5 10 39,,,,,,,,10,,,,,価格交渉 / 増産 / 価格改定 / 価格転嫁 / 値上 / 想定以上 / 上方修正 / 下方修正 / 想定以下 / 未達 / 大幅 / 計画を上 / 計画を下 / 計画以 / 需要回復 / 需要の回復 / 需要が増 / 需要が低 / 悪化 / グローバルニッチトップ / トップシェア / シェア拡大 / レアアース
20260515,5103,5103_1600_昭和HD_2026年3月期決算短信〔日本基準〕(連結).pdf,,,,,,,,,,,9,,,,,,,,5 6 8 9,,,,,価格交渉 / 増産 / 価格改定 / 価格転嫁 / 値上 / 想定以上 / 上方修正 / 下方修正 / 想定以下 / 未達 / 大幅 / 計画を上 / 計画を下 / 計画以 / 需要回復 / 需要の回復 / 需要が増 / 需要が低 / 悪化 / グローバルニッチトップ / トップシェア / シェア拡大 / レアアース
20260515,5185,5185_1600_フコク_中期経営計画最終年度の業績目標取り下げに関するお知らせ.pdf,,,,,,,,,,,1,,,,1,,,,,,,,,価格交渉 / 増産 / 価格改定 / 価格転嫁 / 値上 / 想定以上 / 上方修正 / 下方修正 / 想定以下 / 未達 / 大幅 / 計画を上 / 計画を下 / 計画以 / 需要回復 / 需要の回復 / 需要が増 / 需要が低 / 悪化 / グローバルニッチトップ / トップシェア / シェア拡大 / レアアース
20260515,5210,5210_1630_日山村硝_2026年3月期 決算短信〔日本基準〕(連結).pdf,,,4,,,,,,,,,,,,,,,,6,,,,,価格交渉 / 増産 / 価格改定 / 価格転嫁 / 値上 / 想定以上 / 上方修正 / 下方修正 / 想定以下 / 未達 / 大幅 / 計画を上 / 計画を下 / 計画以 / 需要回復 / 需要の回復 / 需要が増 / 需要が低 / 悪化 / グローバルニッチトップ / トップシェア / シェア拡大 / レアアース
20260515,5269,5269_1400_日コンクリ_2026年3月期決算短信〔日本基準〕(連結).pdf,,,,,,,,,,,,,,,,,,4,4,,,,,価格交渉 / 増産 / 価格改定 / 価格転嫁 / 値上 / 想定以上 / 上方修正 / 下方修正 / 想定以下 / 未達 / 大幅 / 計画を上 / 計画を下 / 計画以 / 需要回復 / 需要の回復 / 需要が増 / 需要が低 / 悪化 / グローバルニッチトップ / トップシェア / シェア拡大 / レアアース
20260515,5282,5282_1530_ジオスター_2026年3月期決算短信〔日本基準〕(連結).pdf,,,,4,,,,,,,5,,,,,,,,,,,,,価格交渉 / 増産 / 価格改定 / 価格転嫁 / 値上 / 想定以上 / 上方修正 / 下方修正 / 想定以下 / 未達 / 大幅 / 計画を上 / 計画を下 / 計画以 / 需要回復 / 需要の回復 / 需要が増 / 需要が低 / 悪化 / グローバルニッチトップ / トップシェア / シェア拡大 / レアアース
20260515,5337,5337_1530_ダントーHD_2026年12月期第1四半期決算短信〔日本基準〕(連結).pdf,,,,,,,,,,,,,,,,,,,4,,,4,,価格交渉 / 増産 / 価格改定 / 価格転嫁 / 値上 / 想定以上 / 上方修正 / 下方修正 / 想定以下 / 未達 / 大幅 / 計画を上 / 計画を下 / 計画以 / 需要回復 / 需要の回復 / 需要が増 / 需要が低 / 悪化 / グローバルニッチトップ / トップシェア / シェア拡大 / レアアース
20260515,5484,5484_1900_東北鋼_2026年3月期 決算短信〔日本基準〕(連結).pdf,,,,,,,,,,,,,4,,4,,,,,,,,,価格交渉 / 増産 / 価格改定 / 価格転嫁 / 値上 / 想定以上 / 上方修正 / 下方修正 / 想定以下 / 未達 / 大幅 / 計画を上 / 計画を下 / 計画以 / 需要回復 / 需要の回復 / 需要が増 / 需要が低 / 悪化 / グローバルニッチトップ / トップシェア / シェア拡大 / レアアース
20260515,5579,5579_1500_GSI_2026年3月期 決算短信〔日本基準〕(連結).pdf,16,,,,,,,,,,5 7,,,,,,,,,,,,,価格交渉 / 増産 / 価格改定 / 価格転嫁 / 値上 / 想定以上 / 上方修正 / 下方修正 / 想定以下 / 未達 / 大幅 / 計画を上 / 計画を下 / 計画以 / 需要回復 / 需要の回復 / 需要が増 / 需要が低 / 悪化 / グローバルニッチトップ / トップシェア / シェア拡大 / レアアース
20260515,5621,5621_1530_G-ヒューマンT_2026年3月期 決算短信〔日本基準〕(連結).pdf,,,,,,4,,,,,4,,,,,,,,,,,,,価格交渉 / 増産 / 価格改定 / 価格転嫁 / 値上 / 想定以上 / 上方修正 / 下方修正 / 想定以下 / 未達 / 大幅 / 計画を上 / 計画を下 / 計画以 / 需要回復 / 需要の回復 / 需要が増 / 需要が低 / 悪化 / グローバルニッチトップ / トップシェア / シェア拡大 / レアアース
20260515,5621,5621_1530_G-ヒューマンT_2026年3月期 決算補足説明資料.pdf,,,,,,,,,,,,4,,,,,,,,,34 36,,,価格交渉 / 増産 / 価格改定 / 価格転嫁 / 値上 / 想定以上 / 上方修正 / 下方修正 / 想定以下 / 未達 / 大幅 / 計画を上 / 計画を下 / 計画以 / 需要回復 / 需要の回復 / 需要が増 / 需要が低 / 悪化 / グローバルニッチトップ / トップシェア / シェア拡大 / レアアース
20260515,5724,5724_1500_アサカ理研_2026年9月期 第2四半期(中間期)決算説明資料.pdf,,,,,,,5,,,,6,,,,,,,,,,,,,価格交渉 / 増産 / 価格改定 / 価格転嫁 / 値上 / 想定以上 / 上方修正 / 下方修正 / 想定以下 / 未達 / 大幅 / 計画を上 / 計画を下 / 計画以 / 需要回復 / 需要の回復 / 需要が増 / 需要が低 / 悪化 / グローバルニッチトップ / トップシェア / シェア拡大 / レアアース
20260515,5970,5970_1630_ジーテクト_2026年3月期 決算短信〔日本基準〕(連結).pdf,,4,,,,,,,,,7,,,,,,,,,,,,,価格交渉 / 増産 / 価格改定 / 価格転嫁 / 値上 / 想定以上 / 上方修正 / 下方修正 / 想定以下 / 未達 / 大幅 / 計画を上 / 計画を下 / 計画以 / 需要回復 / 需要の回復 / 需要が増 / 需要が低 / 悪化 / グローバルニッチトップ / トップシェア / シェア拡大 / レアアース
20260515,6036,6036_1600_KeePer技研_2026年6月期 第3四半期決算短信[日本基準](非連結).pdf,,,,,,,,,,,4 9,,,,9,,,,,,,,,価格交渉 / 増産 / 価格改定 / 価格転嫁 / 値上 / 想定以上 / 上方修正 / 下方修正 / 想定以下 / 未達 / 大幅 / 計画を上 / 計画を下 / 計画以 / 需要回復 / 需要の回復 / 需要が増 / 需要が低 / 悪化 / グローバルニッチトップ / トップシェア / シェア拡大 / レアアース
20260515,6038,6038_1530_G-イード_2026年6月期 第3四半期決算補足説明資料.pdf,,,,,,,,,,,31 32,,,,,,,,,,36,,,価格交渉 / 増産 / 価格改定 / 価格転嫁 / 値上 / 想定以上 / 上方修正 / 下方修正 / 想定以下 / 未達 / 大幅 / 計画を上 / 計画を下 / 計画以 / 需要回復 / 需要の回復 / 需要が増 / 需要が低 / 悪化 / グローバルニッチトップ / トップシェア / シェア拡大 / レアアース
20260515,6045,6045_1530_G-レントラックス_2026年3月期 決算短信〔日本基準〕(連結).pdf,,,,,,,,,,,1 5,,,,,4,,,,,,,,価格交渉 / 増産 / 価格改定 / 価格転嫁 / 値上 / 想定以上 / 上方修正 / 下方修正 / 想定以下 / 未達 / 大幅 / 計画を上 / 計画を下 / 計画以 / 需要回復 / 需要の回復 / 需要が増 / 需要が低 / 悪化 / グローバルニッチトップ / トップシェア / シェア拡大 / レアアース
20260515,6061,6061_1530_ユニバ園芸_令和8年6月期 第3四半期決算短信〔日本基準〕(連結).pdf,,,,,,,,,,,2,,,,,,,,4,,,,,価格交渉 / 増産 / 価格改定 / 価格転嫁 / 値上 / 想定以上 / 上方修正 / 下方修正 / 想定以下 / 未達 / 大幅 / 計画を上 / 計画を下 / 計画以 / 需要回復 / 需要の回復 / 需要が増 / 需要が低 / 悪化 / グローバルニッチトップ / トップシェア / シェア拡大 / レアアース
20260515,6071,6071_1530_IBJ_2026年12月期1Q 決算説明資料.pdf,,,,,,,8,,,,6 27 28 30,,,,,,,,,,,,,価格交渉 / 増産 / 価格改定 / 価格転嫁 / 値上 / 想定以上 / 上方修正 / 下方修正 / 想定以下 / 未達 / 大幅 / 計画を上 / 計画を下 / 計画以 / 需要回復 / 需要の回復 / 需要が増 / 需要が低 / 悪化 / グローバルニッチトップ / トップシェア / シェア拡大 / レアアース
20260515,6081,6081_1600_G-アライドアーキ_2026年12月期 第1四半期 決算説明資料.pdf,,,,,34 40,,,,,,5 8 22,,,,,,,,,,,,,価格交渉 / 増産 / 価格改定 / 価格転嫁 / 値上 / 想定以上 / 上方修正 / 下方修正 / 想定以下 / 未達 / 大幅 / 計画を上 / 計画を下 / 計画以 / 需要回復 / 需要の回復 / 需要が増 / 需要が低 / 悪化 / グローバルニッチトップ / トップシェア / シェア拡大 / レアアース
20260515,6089,6089_1130_ウィルグループ_2026年3月期 決算、中期経営計画説明会資料.pdf,,,,,,,,,,10,4 5 9 10 14 15,,,,,,,,,,,,,価格交渉 / 増産 / 価格改定 / 価格転嫁 / 値上 / 想定以上 / 上方修正 / 下方修正 / 想定以下 / 未達 / 大幅 / 計画を上 / 計画を下 / 計画以 / 需要回復 / 需要の回復 / 需要が増 / 需要が低 / 悪化 / グローバルニッチトップ / トップシェア / シェア拡大 / レアアース
20260515,6092,6092_1600_エンバイオHD_2026年3月期 決算短信〔日本基準〕(連結).pdf,,,,,,,,,,,4 5 7,5,,,,,,,,,,,,価格交渉 / 増産 / 価格改定 / 価格転嫁 / 値上 / 想定以上 / 上方修正 / 下方修正 / 想定以下 / 未達 / 大幅 / 計画を上 / 計画を下 / 計画以 / 需要回復 / 需要の回復 / 需要が増 / 需要が低 / 悪化 / グローバルニッチトップ / トップシェア / シェア拡大 / レアアース
20260515,6092,6092_1600_エンバイオHD_「中期経営計画2030」の策定に関するお知らせ.pdf,,,,,,,,,,9 17,9 25,,,,,,,,,,,,,価格交渉 / 増産 / 価格改定 / 価格転嫁 / 値上 / 想定以上 / 上方修正 / 下方修正 / 想定以下 / 未達 / 大幅 / 計画を上 / 計画を下 / 計画以 / 需要回復 / 需要の回復 / 需要が増 / 需要が低 / 悪化 / グローバルニッチトップ / トップシェア / シェア拡大 / レアアース
20260515,6094,6094_1530_G-フリークアウト_2026年9月期 第2四半期決算説明資料.pdf,,,,,,,4,,,,4 12 15,,,,,,,,,,,,,価格交渉 / 増産 / 価格改定 / 価格転嫁 / 値上 / 想定以上 / 上方修正 / 下方修正 / 想定以下 / 未達 / 大幅 / 計画を上 / 計画を下 / 計画以 / 需要回復 / 需要の回復 / 需要が増 / 需要が低 / 悪化 / グローバルニッチトップ / トップシェア / シェア拡大 / レアアース
20260515,6096,6096_1600_レアジョブ_2026年3月期決算補足説明資料.pdf,,,,,,,,,,,4 10 11 12,,,,11,,,,,,,,,価格交渉 / 増産 / 価格改定 / 価格転嫁 / 値上 / 想定以上 / 上方修正 / 下方修正 / 想定以下 / 未達 / 大幅 / 計画を上 / 計画を下 / 計画以 / 需要回復 / 需要の回復 / 需要が増 / 需要が低 / 悪化 / グローバルニッチトップ / トップシェア / シェア拡大 / レアアース
20260515,6098,6098_1530_リクルートHD_2026年3月期通期決算サマリー.pdf,,,,,,,,,,,4,,,,,,,,4,,,,,価格交渉 / 増産 / 価格改定 / 価格転嫁 / 値上 / 想定以上 / 上方修正 / 下方修正 / 想定以下 / 未達 / 大幅 / 計画を上 / 計画を下 / 計画以 / 需要回復 / 需要の回復 / 需要が増 / 需要が低 / 悪化 / グローバルニッチトップ / トップシェア / シェア拡大 / レアアース
20260515,6118,6118_1600_アイダ_新中期経営計画策定に関するお知らせ.pdf,,,,,,,,,,,5,,,,,,,,5,,,,,価格交渉 / 増産 / 価格改定 / 価格転嫁 / 値上 / 想定以上 / 上方修正 / 下方修正 / 想定以下 / 未達 / 大幅 / 計画を上 / 計画を下 / 計画以 / 需要回復 / 需要の回復 / 需要が増 / 需要が低 / 悪化 / グローバルニッチトップ / トップシェア / シェア拡大 / レアアース
20260515,6144,6144_1500_西部電機_2026年3月期 決算概要.pdf,,12,,3 5 7,,,,,,,,,,,,,,,,,,,,価格交渉 / 増産 / 価格改定 / 価格転嫁 / 値上 / 想定以上 / 上方修正 / 下方修正 / 想定以下 / 未達 / 大幅 / 計画を上 / 計画を下 / 計画以 / 需要回復 / 需要の回復 / 需要が増 / 需要が低 / 悪化 / グローバルニッチトップ / トップシェア / シェア拡大 / レアアース
20260515,6144,6144_1500_西部電機_2026年3月期 決算短信〔日本基準](連結).pdf,,,,4,,,,,,,,,,,,,,,4,,,,,価格交渉 / 増産 / 価格改定 / 価格転嫁 / 値上 / 想定以上 / 上方修正 / 下方修正 / 想定以下 / 未達 / 大幅 / 計画を上 / 計画を下 / 計画以 / 需要回復 / 需要の回復 / 需要が増 / 需要が低 / 悪化 / グローバルニッチトップ / トップシェア / シェア拡大 / レアアース
20260515,6167,6167_1530_冨士ダイス_2026年3月期決算短信〔日本基準〕(連結).pdf,,,6,,,,,,,,4,,,,,,,,,,,,,価格交渉 / 増産 / 価格改定 / 価格転嫁 / 値上 / 想定以上 / 上方修正 / 下方修正 / 想定以下 / 未達 / 大幅 / 計画を上 / 計画を下 / 計画以 / 需要回復 / 需要の回復 / 需要が増 / 需要が低 / 悪化 / グローバルニッチトップ / トップシェア / シェア拡大 / レアアース
20260515,6174,6174_1600_P-デンタス_2026年3月期 決算短信〔日本基準〕(連結).pdf,,,,,,,,,,,5,,,,,,,,4,,,,,価格交渉 / 増産 / 価格改定 / 価格転嫁 / 値上 / 想定以上 / 上方修正 / 下方修正 / 想定以下 / 未達 / 大幅 / 計画を上 / 計画を下 / 計画以 / 需要回復 / 需要の回復 / 需要が増 / 需要が低 / 悪化 / グローバルニッチトップ / トップシェア / シェア拡大 / レアアース
20260515,6218,6218_1500_エンシュウ_2026年3月期決算短信〔日本基準〕(連結).pdf,,,,5,,,,,,,4,,,,,,,,,,,,,価格交渉 / 増産 / 価格改定 / 価格転嫁 / 値上 / 想定以上 / 上方修正 / 下方修正 / 想定以下 / 未達 / 大幅 / 計画を上 / 計画を下 / 計画以 / 需要回復 / 需要の回復 / 需要が増 / 需要が低 / 悪化 / グローバルニッチトップ / トップシェア / シェア拡大 / レアアース
20260515,6218,6218_1500_エンシュウ_中期経営計画の進捗状況に関するお知らせ.pdf,,,,,,,,,,,2,2,,,,,,,,,,,,価格交渉 / 増産 / 価格改定 / 価格転嫁 / 値上 / 想定以上 / 上方修正 / 下方修正 / 想定以下 / 未達 / 大幅 / 計画を上 / 計画を下 / 計画以 / 需要回復 / 需要の回復 / 需要が増 / 需要が低 / 悪化 / グローバルニッチトップ / トップシェア / シェア拡大 / レアアース
20260515,6233,6233_1530_KLASS_令和8年9月期第2四半期 決算補足説明資料.pdf,,,,,4,,,,,,15,,,,,,,,,,,,,価格交渉 / 増産 / 価格改定 / 価格転嫁 / 値上 / 想定以上 / 上方修正 / 下方修正 / 想定以下 / 未達 / 大幅 / 計画を上 / 計画を下 / 計画以 / 需要回復 / 需要の回復 / 需要が増 / 需要が低 / 悪化 / グローバルニッチトップ / トップシェア / シェア拡大 / レアアース
20260515,6233,6233_1530_KLASS_令和8年9月期第2四半期(中間期)決算短信〔日本基準〕(連結).pdf,,,4,,,,,,,,,,,,,,,,4,,,,,価格交渉 / 増産 / 価格改定 / 価格転嫁 / 値上 / 想定以上 / 上方修正 / 下方修正 / 想定以下 / 未達 / 大幅 / 計画を上 / 計画を下 / 計画以 / 需要回復 / 需要の回復 / 需要が増 / 需要が低 / 悪化 / グローバルニッチトップ / トップシェア / シェア拡大 / レアアース
20260515,6240,6240_1530_ヤマシンフィルタ_2026年3月期決算短信〔日本基準〕(連結).pdf,,,,,,,,,,,4 5,,,,,,,,,,,4,,価格交渉 / 増産 / 価格改定 / 価格転嫁 / 値上 / 想定以上 / 上方修正 / 下方修正 / 想定以下 / 未達 / 大幅 / 計画を上 / 計画を下 / 計画以 / 需要回復 / 需要の回復 / 需要が増 / 需要が低 / 悪化 / グローバルニッチトップ / トップシェア / シェア拡大 / レアアース
20260515,6272,6272_1300_レオン自機_2026年3月期 決算補足説明資料.pdf,,,,,,,,,,,9,,,,,,12,,,,,,,価格交渉 / 増産 / 価格改定 / 価格転嫁 / 値上 / 想定以上 / 上方修正 / 下方修正 / 想定以下 / 未達 / 大幅 / 計画を上 / 計画を下 / 計画以 / 需要回復 / 需要の回復 / 需要が増 / 需要が低 / 悪化 / グローバルニッチトップ / トップシェア / シェア拡大 / レアアース
20260515,6276,6276_1600_シリウスV_2026年12月期 第1四半期決算短信〔日本基準〕(連結).pdf,,,,,,,,,,,4,,,,,,,,4 5,,,,,価格交渉 / 増産 / 価格改定 / 価格転嫁 / 値上 / 想定以上 / 上方修正 / 下方修正 / 想定以下 / 未達 / 大幅 / 計画を上 / 計画を下 / 計画以 / 需要回復 / 需要の回復 / 需要が増 / 需要が低 / 悪化 / グローバルニッチトップ / トップシェア / シェア拡大 / レアアース
20260515,6287,6287_1530_サトー_2026年3月期 決算説明資料.pdf,,,44,,,,,,,,,,,,,,23,,,,,,,価格交渉 / 増産 / 価格改定 / 価格転嫁 / 値上 / 想定以上 / 上方修正 / 下方修正 / 想定以下 / 未達 / 大幅 / 計画を上 / 計画を下 / 計画以 / 需要回復 / 需要の回復 / 需要が増 / 需要が低 / 悪化 / グローバルニッチトップ / トップシェア / シェア拡大 / レアアース
20260515,6310,6310_1530_井関農_2026年12月期 第1四半期決算短信〔日本基準〕(連結).pdf,,,4,,,,,,,,4,,,,,,,,,,,,,価格交渉 / 増産 / 価格改定 / 価格転嫁 / 値上 / 想定以上 / 上方修正 / 下方修正 / 想定以下 / 未達 / 大幅 / 計画を上 / 計画を下 / 計画以 / 需要回復 / 需要の回復 / 需要が増 / 需要が低 / 悪化 / グローバルニッチトップ / トップシェア / シェア拡大 / レアアース
20260515,6331,6331_1500_菱化工機_「三菱化工機グループ2050経営ビジョン」のアップデートに関するお知らせ(将来業績見通し数値の前倒し及び上方修正等).pdf,,,,,,3,1 3,,,,,,,,,,,,,,,,,価格交渉 / 増産 / 価格改定 / 価格転嫁 / 値上 / 想定以上 / 上方修正 / 下方修正 / 想定以下 / 未達 / 大幅 / 計画を上 / 計画を下 / 計画以 / 需要回復 / 需要の回復 / 需要が増 / 需要が低 / 悪化 / グローバルニッチトップ / トップシェア / シェア拡大 / レアアース
20260515,6361,6361_1530_荏原製_2026年12月期 第1四半期 決算短信〔IFRS〕(連結).pdf,,4 6,,,,,,,,,,,,,,,11,,,,,,,価格交渉 / 増産 / 価格改定 / 価格転嫁 / 値上 / 想定以上 / 上方修正 / 下方修正 / 想定以下 / 未達 / 大幅 / 計画を上 / 計画を下 / 計画以 / 需要回復 / 需要の回復 / 需要が増 / 需要が低 / 悪化 / グローバルニッチトップ / トップシェア / シェア拡大 / レアアース
20260515,6365,6365_1400_電業社_2026年3月期 決算補足説明資料.pdf,,,17,,,,,,,,,,,,,,,,,,,11 13,,価格交渉 / 増産 / 価格改定 / 価格転嫁 / 値上 / 想定以上 / 上方修正 / 下方修正 / 想定以下 / 未達 / 大幅 / 計画を上 / 計画を下 / 計画以 / 需要回復 / 需要の回復 / 需要が増 / 需要が低 / 悪化 / グローバルニッチトップ / トップシェア / シェア拡大 / レアアース
20260515,6365,6365_1400_電業社_「DMW中期経営計画2028」の策定について.pdf,,,24,,,,,,,,7 19,,,,,,,,,,,,,価格交渉 / 増産 / 価格改定 / 価格転嫁 / 値上 / 想定以上 / 上方修正 / 下方修正 / 想定以下 / 未達 / 大幅 / 計画を上 / 計画を下 / 計画以 / 需要回復 / 需要の回復 / 需要が増 / 需要が低 / 悪化 / グローバルニッチトップ / トップシェア / シェア拡大 / レアアース
20260515,6407,6407_1620_CKD_2026年3月期決算短信〔日本基準〕(連結).pdf,,,,,,,,,,,,,,,,,,,18,,,6,,価格交渉 / 増産 / 価格改定 / 価格転嫁 / 値上 / 想定以上 / 上方修正 / 下方修正 / 想定以下 / 未達 / 大幅 / 計画を上 / 計画を下 / 計画以 / 需要回復 / 需要の回復 / 需要が増 / 需要が低 / 悪化 / グローバルニッチトップ / トップシェア / シェア拡大 / レアアース
20260515,6433,6433_1500_ヒーハイスト_2026年3月期 決算短信〔日本基準〕(連結).pdf,,,,6,,,,,,,,,,,4 6,,,,,,,,,価格交渉 / 増産 / 価格改定 / 価格転嫁 / 値上 / 想定以上 / 上方修正 / 下方修正 / 想定以下 / 未達 / 大幅 / 計画を上 / 計画を下 / 計画以 / 需要回復 / 需要の回復 / 需要が増 / 需要が低 / 悪化 / グローバルニッチトップ / トップシェア / シェア拡大 / レアアース
20260515,6493,6493_1600_NITTAN_2026年3月期決算短信〔日本基準〕(連結).pdf,,,,5,,,,,,,,4,,,,,,,,,,,,価格交渉 / 増産 / 価格改定 / 価格転嫁 / 値上 / 想定以上 / 上方修正 / 下方修正 / 想定以下 / 未達 / 大幅 / 計画を上 / 計画を下 / 計画以 / 需要回復 / 需要の回復 / 需要が増 / 需要が低 / 悪化 / グローバルニッチトップ / トップシェア / シェア拡大 / レアアース
20260515,6533,6533_1530_オーケストラHD_2026年12月期 第1四半期決算短信〔IFRS〕(連結).pdf,,,,,,,,,,,,4,4,,,,,,,,,,,価格交渉 / 増産 / 価格改定 / 価格転嫁 / 値上 / 想定以上 / 上方修正 / 下方修正 / 想定以下 / 未達 / 大幅 / 計画を上 / 計画を下 / 計画以 / 需要回復 / 需要の回復 / 需要が増 / 需要が低 / 悪化 / グローバルニッチトップ / トップシェア / シェア拡大 / レアアース
20260515,6554,6554_1630_G-エスユーエス_2026年9月期 中間期決算説明会資料.pdf,,,,,,,,,,,33,29,,,,,,,,,,,,価格交渉 / 増産 / 価格改定 / 価格転嫁 / 値上 / 想定以上 / 上方修正 / 下方修正 / 想定以下 / 未達 / 大幅 / 計画を上 / 計画を下 / 計画以 / 需要回復 / 需要の回復 / 需要が増 / 需要が低 / 悪化 / グローバルニッチトップ / トップシェア / シェア拡大 / レアアース
20260515,6561,6561_1600_G-HANATOUR_2026年12月期 第1四半期決算補足説明資料.pdf,,,,,,,,,,,,,,,,,,,28 30,,,17,,価格交渉 / 増産 / 価格改定 / 価格転嫁 / 値上 / 想定以上 / 上方修正 / 下方修正 / 想定以下 / 未達 / 大幅 / 計画を上 / 計画を下 / 計画以 / 需要回復 / 需要の回復 / 需要が増 / 需要が低 / 悪化 / グローバルニッチトップ / トップシェア / シェア拡大 / レアアース
20260515,6561,6561_1600_G-HANATOUR_2026年12月期第1四半期決算短信〔日本基準〕(連結).pdf,,,,,,,,,,,,,,,5,5,,,,,,,,価格交渉 / 増産 / 価格改定 / 価格転嫁 / 値上 / 想定以上 / 上方修正 / 下方修正 / 想定以下 / 未達 / 大幅 / 計画を上 / 計画を下 / 計画以 / 需要回復 / 需要の回復 / 需要が増 / 需要が低 / 悪化 / グローバルニッチトップ / トップシェア / シェア拡大 / レアアース
20260515,6564,6564_1530_ミダックHD_2026年3月期 決算説明資料.pdf,,,,11,,,,,,,,,,,,,,,15,,,,,価格交渉 / 増産 / 価格改定 / 価格転嫁 / 値上 / 想定以上 / 上方修正 / 下方修正 / 想定以下 / 未達 / 大幅 / 計画を上 / 計画を下 / 計画以 / 需要回復 / 需要の回復 / 需要が増 / 需要が低 / 悪化 / グローバルニッチトップ / トップシェア / シェア拡大 / レアアース
20260515,6574,6574_1930_G-コンヴァノ_個別決算における特別損失の計上及び個別業績の差異に関するお知らせ.pdf,,,,,,,,,,,1 2,,,,,,,,2 3,,,,,価格交渉 / 増産 / 価格改定 / 価格転嫁 / 値上 / 想定以上 / 上方修正 / 下方修正 / 想定以下 / 未達 / 大幅 / 計画を上 / 計画を下 / 計画以 / 需要回復 / 需要の回復 / 需要が増 / 需要が低 / 悪化 / グローバルニッチトップ / トップシェア / シェア拡大 / レアアース
20260515,6596,6596_1530_P-筑波精工_2026年3月期 決算短信〔日本基準〕(非連結).pdf,,,,,6,,,,,,,,,,,,6,,,,,,,価格交渉 / 増産 / 価格改定 / 価格転嫁 / 値上 / 想定以上 / 上方修正 / 下方修正 / 想定以下 / 未達 / 大幅 / 計画を上 / 計画を下 / 計画以 / 需要回復 / 需要の回復 / 需要が増 / 需要が低 / 悪化 / グローバルニッチトップ / トップシェア / シェア拡大 / レアアース
20260515,6615,6615_1530_UMCエレ_2026年3月期 決算短信〔日本基準〕(連結).pdf,,,,6,,,,,,,,,,,,,,,6,,,,,価格交渉 / 増産 / 価格改定 / 価格転嫁 / 値上 / 想定以上 / 上方修正 / 下方修正 / 想定以下 / 未達 / 大幅 / 計画を上 / 計画を下 / 計画以 / 需要回復 / 需要の回復 / 需要が増 / 需要が低 / 悪化 / グローバルニッチトップ / トップシェア / シェア拡大 / レアアース
20260515,6633,6633_1600_CGSHD_2026年12月期 第1四半期決算短信〔日本基準〕(連結).pdf,,,,,,,,,,,4,,,,,,,,4,,,,,価格交渉 / 増産 / 価格改定 / 価格転嫁 / 値上 / 想定以上 / 上方修正 / 下方修正 / 想定以下 / 未達 / 大幅 / 計画を上 / 計画を下 / 計画以 / 需要回復 / 需要の回復 / 需要が増 / 需要が低 / 悪化 / グローバルニッチトップ / トップシェア / シェア拡大 / レアアース
20260515,6637,6637_1545_寺崎電気_2026年3月期 決算短信〔日本基準〕(連結).pdf,,,,,,,,,,,4 5,,,,,,,,4,,,,,価格交渉 / 増産 / 価格改定 / 価格転嫁 / 値上 / 想定以上 / 上方修正 / 下方修正 / 想定以下 / 未達 / 大幅 / 計画を上 / 計画を下 / 計画以 / 需要回復 / 需要の回復 / 需要が増 / 需要が低 / 悪化 / グローバルニッチトップ / トップシェア / シェア拡大 / レアアース
20260515,6651,6651_1540_日東工_2026年3月期決算短信〔日本基準〕(連結).pdf,,,4 6 10,,,,,,,,10,,,,,,,,,,,,,価格交渉 / 増産 / 価格改定 / 価格転嫁 / 値上 / 想定以上 / 上方修正 / 下方修正 / 想定以下 / 未達 / 大幅 / 計画を上 / 計画を下 / 計画以 / 需要回復 / 需要の回復 / 需要が増 / 需要が低 / 悪化 / グローバルニッチトップ / トップシェア / シェア拡大 / レアアース
20260515,6775,6775_1700_TBグループ_2026年3月期 決算短信〔日本基準〕(連結).pdf,,,,,,,,,,,4,,,,,,,,4,,,,,価格交渉 / 増産 / 価格改定 / 価格転嫁 / 値上 / 想定以上 / 上方修正 / 下方修正 / 想定以下 / 未達 / 大幅 / 計画を上 / 計画を下 / 計画以 / 需要回復 / 需要の回復 / 需要が増 / 需要が低 / 悪化 / グローバルニッチトップ / トップシェア / シェア拡大 / レアアース
20260515,6794,6794_1630_フォスター電_2026年3月期 決算説明会資料.pdf,,,,,,13,,,,,,7 13,,,,,,,,,,,,価格交渉 / 増産 / 価格改定 / 価格転嫁 / 値上 / 想定以上 / 上方修正 / 下方修正 / 想定以下 / 未達 / 大幅 / 計画を上 / 計画を下 / 計画以 / 需要回復 / 需要の回復 / 需要が増 / 需要が低 / 悪化 / グローバルニッチトップ / トップシェア / シェア拡大 / レアアース
20260515,6822,6822_1530_大井電気_中期経営計画策定に関するお知らせ.pdf,,,,,,,,,,,13,8,,,,,,,,,,,,価格交渉 / 増産 / 価格改定 / 価格転嫁 / 値上 / 想定以上 / 上方修正 / 下方修正 / 想定以下 / 未達 / 大幅 / 計画を上 / 計画を下 / 計画以 / 需要回復 / 需要の回復 / 需要が増 / 需要が低 / 悪化 / グローバルニッチトップ / トップシェア / シェア拡大 / レアアース
20260515,6858,6858_1400_小野測器_2026年12月期第1四半期決算短信〔日本基準〕(連結)(公認会計士等による期中レビューの完了).pdf,,,,,,,,,,,,,,,,,5,,5,,,,,価格交渉 / 増産 / 価格改定 / 価格転嫁 / 値上 / 想定以上 / 上方修正 / 下方修正 / 想定以下 / 未達 / 大幅 / 計画を上 / 計画を下 / 計画以 / 需要回復 / 需要の回復 / 需要が増 / 需要が低 / 悪化 / グローバルニッチトップ / トップシェア / シェア拡大 / レアアース
20260515,6907,6907_1600_ジオマテック_2026年3月期 決算短信〔日本基準〕(非連結).pdf,,,,,,,,,,,4,,,,,4,,,,,,,,価格交渉 / 増産 / 価格改定 / 価格転嫁 / 値上 / 想定以上 / 上方修正 / 下方修正 / 想定以下 / 未達 / 大幅 / 計画を上 / 計画を下 / 計画以 / 需要回復 / 需要の回復 / 需要が増 / 需要が低 / 悪化 / グローバルニッチトップ / トップシェア / シェア拡大 / レアアース
20260515,7059,7059_1700_コプロHD_2026年3月期決算短信〔日本基準〕(連結).pdf,,,,,,,,,,,5 6,,,,,,,,,,,4,,価格交渉 / 増産 / 価格改定 / 価格転嫁 / 値上 / 想定以上 / 上方修正 / 下方修正 / 想定以下 / 未達 / 大幅 / 計画を上 / 計画を下 / 計画以 / 需要回復 / 需要の回復 / 需要が増 / 需要が低 / 悪化 / グローバルニッチトップ / トップシェア / シェア拡大 / レアアース
20260515,7061,7061_1530_G-日本ホスピス_2026年12月期 第1四半期決算説明資料.pdf,,,6,,,,,,,,7,,,,,,,,,,,,,価格交渉 / 増産 / 価格改定 / 価格転嫁 / 値上 / 想定以上 / 上方修正 / 下方修正 / 想定以下 / 未達 / 大幅 / 計画を上 / 計画を下 / 計画以 / 需要回復 / 需要の回復 / 需要が増 / 需要が低 / 悪化 / グローバルニッチトップ / トップシェア / シェア拡大 / レアアース
20260515,7082,7082_1600_G-ジモティー_2026年12月期 第1四半期決算説明資料.pdf,,,,,,,,,,,2 4,27,,,,,,,,,,,,価格交渉 / 増産 / 価格改定 / 価格転嫁 / 値上 / 想定以上 / 上方修正 / 下方修正 / 想定以下 / 未達 / 大幅 / 計画を上 / 計画を下 / 計画以 / 需要回復 / 需要の回復 / 需要が増 / 需要が低 / 悪化 / グローバルニッチトップ / トップシェア / シェア拡大 / レアアース
20260515,7087,7087_1700_ウイルテック_2026年3月期 決算短信〔日本基準〕(連結).pdf,,,,,,,,,,,6,,,,,,,,,,,,8,価格交渉 / 増産 / 価格改定 / 価格転嫁 / 値上 / 想定以上 / 上方修正 / 下方修正 / 想定以下 / 未達 / 大幅 / 計画を上 / 計画を下 / 計画以 / 需要回復 / 需要の回復 / 需要が増 / 需要が低 / 悪化 / グローバルニッチトップ / トップシェア / シェア拡大 / レアアース
20260515,7162,7162_1700_アストマックス_2026年3月期決算短信〔日本基準〕(連結).pdf,,,,,,,,6,,,4 6 7,,,,,,,,,,,,,価格交渉 / 増産 / 価格改定 / 価格転嫁 / 値上 / 想定以上 / 上方修正 / 下方修正 / 想定以下 / 未達 / 大幅 / 計画を上 / 計画を下 / 計画以 / 需要回復 / 需要の回復 / 需要が増 / 需要が低 / 悪化 / グローバルニッチトップ / トップシェア / シェア拡大 / レアアース
20260515,7181,7181_1530_かんぽ生命保険_「かんぽ生命保険 中期経営計画(2026 年度~2028 年度)」 の策定に関するお知らせ.pdf,,,,,,,,,,6,37,,,,,,,,,,,,,価格交渉 / 増産 / 価格改定 / 価格転嫁 / 値上 / 想定以上 / 上方修正 / 下方修正 / 想定以下 / 未達 / 大幅 / 計画を上 / 計画を下 / 計画以 / 需要回復 / 需要の回復 / 需要が増 / 需要が低 / 悪化 / グローバルニッチトップ / トップシェア / シェア拡大 / レアアース
20260515,7256,7256_1600_河西工_東京証券取引所への「改善状況報告書」の提出に関するお知らせ.pdf,,,,,,,,,,,25,,,,,,,,19 21 22,,,,,価格交渉 / 増産 / 価格改定 / 価格転嫁 / 値上 / 想定以上 / 上方修正 / 下方修正 / 想定以下 / 未達 / 大幅 / 計画を上 / 計画を下 / 計画以 / 需要回復 / 需要の回復 / 需要が増 / 需要が低 / 悪化 / グローバルニッチトップ / トップシェア / シェア拡大 / レアアース
20260515,7266,7266_1640_今仙電機_2026年3月期 決算短信〔日本基準〕(連結).pdf,,,,,,,,,,,4,,,4,,,,,,,,,,価格交渉 / 増産 / 価格改定 / 価格転嫁 / 値上 / 想定以上 / 上方修正 / 下方修正 / 想定以下 / 未達 / 大幅 / 計画を上 / 計画を下 / 計画以 / 需要回復 / 需要の回復 / 需要が増 / 需要が低 / 悪化 / グローバルニッチトップ / トップシェア / シェア拡大 / レアアース
20260515,7280,7280_1300_ミツバ_D種種類株式の部分償還に関するお知らせ.pdf,,,,,,1,,,,,,1 7,,,,,,,,,,,,価格交渉 / 増産 / 価格改定 / 価格転嫁 / 値上 / 想定以上 / 上方修正 / 下方修正 / 想定以下 / 未達 / 大幅 / 計画を上 / 計画を下 / 計画以 / 需要回復 / 需要の回復 / 需要が増 / 需要が低 / 悪化 / グローバルニッチトップ / トップシェア / シェア拡大 / レアアース
20260515,7345,7345_1600_G-アイパートナーズ_2026年3月期決算短信〔日本基準〕(連結).pdf,,,,,,,,,,,4,,,,,,,,4,,,,,価格交渉 / 増産 / 価格改定 / 価格転嫁 / 値上 / 想定以上 / 上方修正 / 下方修正 / 想定以下 / 未達 / 大幅 / 計画を上 / 計画を下 / 計画以 / 需要回復 / 需要の回復 / 需要が増 / 需要が低 / 悪化 / グローバルニッチトップ / トップシェア / シェア拡大 / レアアース
20260515,7345,7345_1600_G-アイパートナーズ_事業計画及び成長可能性に関する事項.pdf,,,,,,,,,,,20 21 24 33 34 35 45 51 52,,,,,,,,22 51,,,,,価格交渉 / 増産 / 価格改定 / 価格転嫁 / 値上 / 想定以上 / 上方修正 / 下方修正 / 想定以下 / 未達 / 大幅 / 計画を上 / 計画を下 / 計画以 / 需要回復 / 需要の回復 / 需要が増 / 需要が低 / 悪化 / グローバルニッチトップ / トップシェア / シェア拡大 / レアアース
20260515,7350,7350_1200_おきなわFG_第2次中期経営計画における最終年度目標の上方修正及び剰余金の配当(増配)に関するお知らせ.pdf,,,,,,,1 3 4,,,,3,,,,,,,,,,,,,価格交渉 / 増産 / 価格改定 / 価格転嫁 / 値上 / 想定以上 / 上方修正 / 下方修正 / 想定以下 / 未達 / 大幅 / 計画を上 / 計画を下 / 計画以 / 需要回復 / 需要の回復 / 需要が増 / 需要が低 / 悪化 / グローバルニッチトップ / トップシェア / シェア拡大 / レアアース
20260515,7371,7371_1130_G-Zenken_2026年6月期第3四半期決算説明資料.pdf,,,,,,,,,,,23,,,,,,,,,27,,,,価格交渉 / 増産 / 価格改定 / 価格転嫁 / 値上 / 想定以上 / 上方修正 / 下方修正 / 想定以下 / 未達 / 大幅 / 計画を上 / 計画を下 / 計画以 / 需要回復 / 需要の回復 / 需要が増 / 需要が低 / 悪化 / グローバルニッチトップ / トップシェア / シェア拡大 / レアアース
20260515,7375,7375_1530_G-リファインバスG_2026年6月期第3四半期決算短信〔日本基準〕(連結).pdf,,,,,,,,,,,4,,,,,,4,,,,,,,価格交渉 / 増産 / 価格改定 / 価格転嫁 / 値上 / 想定以上 / 上方修正 / 下方修正 / 想定以下 / 未達 / 大幅 / 計画を上 / 計画を下 / 計画以 / 需要回復 / 需要の回復 / 需要が増 / 需要が低 / 悪化 / グローバルニッチトップ / トップシェア / シェア拡大 / レアアース
20260515,7383,7383_1530_ネットプロHD_2026年3月期 決算説明資料.pdf,,,,,,,,,,,53 64,,,,,,,,,,37 52,,,価格交渉 / 増産 / 価格改定 / 価格転嫁 / 値上 / 想定以上 / 上方修正 / 下方修正 / 想定以下 / 未達 / 大幅 / 計画を上 / 計画を下 / 計画以 / 需要回復 / 需要の回復 / 需要が増 / 需要が低 / 悪化 / グローバルニッチトップ / トップシェア / シェア拡大 / レアアース
20260515,7521,7521_1530_ムサシ_2026年3月期 決算短信〔日本基準〕(連結).pdf,,,,,,,,,,,4,,,,,,,,4,,,,,価格交渉 / 増産 / 価格改定 / 価格転嫁 / 値上 / 想定以上 / 上方修正 / 下方修正 / 想定以下 / 未達 / 大幅 / 計画を上 / 計画を下 / 計画以 / 需要回復 / 需要の回復 / 需要が増 / 需要が低 / 悪化 / グローバルニッチトップ / トップシェア / シェア拡大 / レアアース
20260515,7638,7638_1730_NEW ART_2026年3月期決算短信〔日本基準〕(連結).pdf,,,,,,,,,,,6,,,,,,,,,,,4 5 8,,価格交渉 / 増産 / 価格改定 / 価格転嫁 / 値上 / 想定以上 / 上方修正 / 下方修正 / 想定以下 / 未達 / 大幅 / 計画を上 / 計画を下 / 計画以 / 需要回復 / 需要の回復 / 需要が増 / 需要が低 / 悪化 / グローバルニッチトップ / トップシェア / シェア拡大 / レアアース
20260515,7677,7677_1600_ヤシマキザイ_2026年3月期決算短信〔日本基準〕(連結).pdf,,,,,,,,,,,,,,,,,4,,13,,,,,価格交渉 / 増産 / 価格改定 / 価格転嫁 / 値上 / 想定以上 / 上方修正 / 下方修正 / 想定以下 / 未達 / 大幅 / 計画を上 / 計画を下 / 計画以 / 需要回復 / 需要の回復 / 需要が増 / 需要が低 / 悪化 / グローバルニッチトップ / トップシェア / シェア拡大 / レアアース
20260515,7681,7681_1530_レオクラン_2026年9月期第2四半期決算補足説明資料.pdf,,,,,,,2,,,,5 7 10,,,,,,,,,,,,,価格交渉 / 増産 / 価格改定 / 価格転嫁 / 値上 / 想定以上 / 上方修正 / 下方修正 / 想定以下 / 未達 / 大幅 / 計画を上 / 計画を下 / 計画以 / 需要回復 / 需要の回復 / 需要が増 / 需要が低 / 悪化 / グローバルニッチトップ / トップシェア / シェア拡大 / レアアース
20260515,7686,7686_1530_ひとまいる_2026年3月期 決算短信〔日本基準〕(連結).pdf,,,,4,4,,,,,,,,,,,,,,,,,,,価格交渉 / 増産 / 価格改定 / 価格転嫁 / 値上 / 想定以上 / 上方修正 / 下方修正 / 想定以下 / 未達 / 大幅 / 計画を上 / 計画を下 / 計画以 / 需要回復 / 需要の回復 / 需要が増 / 需要が低 / 悪化 / グローバルニッチトップ / トップシェア / シェア拡大 / レアアース
20260515,7686,7686_1530_ひとまいる_2026年3月期 通期 決算補足説明資料.pdf,,,,,2 3 6 7 9 11,,2,,,,,,,,,,,,,,,,,価格交渉 / 増産 / 価格改定 / 価格転嫁 / 値上 / 想定以上 / 上方修正 / 下方修正 / 想定以下 / 未達 / 大幅 / 計画を上 / 計画を下 / 計画以 / 需要回復 / 需要の回復 / 需要が増 / 需要が低 / 悪化 / グローバルニッチトップ / トップシェア / シェア拡大 / レアアース
20260515,7709,7709_1540_クボテック_2026年3月期 決算短信〔日本基準〕(連結).pdf,,,,,,,,,,,4 13,,,,,4,,,,,,,,価格交渉 / 増産 / 価格改定 / 価格転嫁 / 値上 / 想定以上 / 上方修正 / 下方修正 / 想定以下 / 未達 / 大幅 / 計画を上 / 計画を下 / 計画以 / 需要回復 / 需要の回復 / 需要が増 / 需要が低 / 悪化 / グローバルニッチトップ / トップシェア / シェア拡大 / レアアース
20260515,7744,7744_1530_ノーリツ鋼機_2026年12月期 第1四半期決算短信〔IFRS〕(連結).pdf,17,,,,,,,,,,,,,,,5,,,,,,,,価格交渉 / 増産 / 価格改定 / 価格転嫁 / 値上 / 想定以上 / 上方修正 / 下方修正 / 想定以下 / 未達 / 大幅 / 計画を上 / 計画を下 / 計画以 / 需要回復 / 需要の回復 / 需要が増 / 需要が低 / 悪化 / グローバルニッチトップ / トップシェア / シェア拡大 / レアアース
20260515,7746,7746_1630_岡本硝子_第三者割当による第11回新株予約権(行使価額修正条項・停止指定条項付)及び第12回新株予約権の発行に関するお知らせ.pdf,,11,,,,,,8 23 32,,,,,,,,,,,,,,,,価格交渉 / 増産 / 価格改定 / 価格転嫁 / 値上 / 想定以上 / 上方修正 / 下方修正 / 想定以下 / 未達 / 大幅 / 計画を上 / 計画を下 / 計画以 / 需要回復 / 需要の回復 / 需要が増 / 需要が低 / 悪化 / グローバルニッチトップ / トップシェア / シェア拡大 / レアアース
20260515,7747,7747_1530_アサヒインテック_2026年6月期第3四半期決算短信〔日本基準〕(連結).pdf,,,,,,,5,,,,4,,,,,,,,,,,,,価格交渉 / 増産 / 価格改定 / 価格転嫁 / 値上 / 想定以上 / 上方修正 / 下方修正 / 想定以下 / 未達 / 大幅 / 計画を上 / 計画を下 / 計画以 / 需要回復 / 需要の回復 / 需要が増 / 需要が低 / 悪化 / グローバルニッチトップ / トップシェア / シェア拡大 / レアアース
20260515,7782,7782_1600_シンシア_2026年12月期 第1四半期決算短信〔日本基準〕(連結).pdf,,,,,,,,,,,4,,,,,,,,4,,,,,価格交渉 / 増産 / 価格改定 / 価格転嫁 / 値上 / 想定以上 / 上方修正 / 下方修正 / 想定以下 / 未達 / 大幅 / 計画を上 / 計画を下 / 計画以 / 需要回復 / 需要の回復 / 需要が増 / 需要が低 / 悪化 / グローバルニッチトップ / トップシェア / シェア拡大 / レアアース
20260515,7793,7793_1600_G-イメージマジック_2026年12月期 第1四半期決算説明資料.pdf,,,,,,,,,,,20,,,,,,,,,,,23,,価格交渉 / 増産 / 価格改定 / 価格転嫁 / 値上 / 想定以上 / 上方修正 / 下方修正 / 想定以下 / 未達 / 大幅 / 計画を上 / 計画を下 / 計画以 / 需要回復 / 需要の回復 / 需要が増 / 需要が低 / 悪化 / グローバルニッチトップ / トップシェア / シェア拡大 / レアアース
20260515,7800,7800_1400_アミファ_2026年9月期第2四半期(中間期) 決算説明資料.pdf,,,,,,,15,,,,3 4 6 8 9 10,,,,,,,,,,,,,価格交渉 / 増産 / 価格改定 / 価格転嫁 / 値上 / 想定以上 / 上方修正 / 下方修正 / 想定以下 / 未達 / 大幅 / 計画を上 / 計画を下 / 計画以 / 需要回復 / 需要の回復 / 需要が増 / 需要が低 / 悪化 / グローバルニッチトップ / トップシェア / シェア拡大 / レアアース
20260515,7819,7819_1500_粧美堂_2026年9月期第2四半期(中間期)決算短信〔日本基準〕(連結).pdf,,,,,,,,,,,4,,,,,,,,,,,4,,価格交渉 / 増産 / 価格改定 / 価格転嫁 / 値上 / 想定以上 / 上方修正 / 下方修正 / 想定以下 / 未達 / 大幅 / 計画を上 / 計画を下 / 計画以 / 需要回復 / 需要の回復 / 需要が増 / 需要が低 / 悪化 / グローバルニッチトップ / トップシェア / シェア拡大 / レアアース
20260515,7844,7844_1530_マーベラス_2026年3月期 決算短信〔日本基準〕(連結).pdf,,,,,,,,,,,5,,4,,,,,,,,,,,価格交渉 / 増産 / 価格改定 / 価格転嫁 / 値上 / 想定以上 / 上方修正 / 下方修正 / 想定以下 / 未達 / 大幅 / 計画を上 / 計画を下 / 計画以 / 需要回復 / 需要の回復 / 需要が増 / 需要が低 / 悪化 / グローバルニッチトップ / トップシェア / シェア拡大 / レアアース
20260515,7844,7844_1530_マーベラス_2026年3月期 決算説明資料.pdf,,,,,,,,,,7,7,,,,,,,,,,,,,価格交渉 / 増産 / 価格改定 / 価格転嫁 / 値上 / 想定以上 / 上方修正 / 下方修正 / 想定以下 / 未達 / 大幅 / 計画を上 / 計画を下 / 計画以 / 需要回復 / 需要の回復 / 需要が増 / 需要が低 / 悪化 / グローバルニッチトップ / トップシェア / シェア拡大 / レアアース
20260515,7886,7886_1530_ヤマトモビMfg_2026年3月期決算短信補足資料.pdf,,,,,,,,,,,3,,,,,,,,6 11,,,,,価格交渉 / 増産 / 価格改定 / 価格転嫁 / 値上 / 想定以上 / 上方修正 / 下方修正 / 想定以下 / 未達 / 大幅 / 計画を上 / 計画を下 / 計画以 / 需要回復 / 需要の回復 / 需要が増 / 需要が低 / 悪化 / グローバルニッチトップ / トップシェア / シェア拡大 / レアアース
20260515,7914,7914_1500_共同印_2026年3月期 決算短信〔日本基準〕(連結).pdf,,,,,,,,,,,21,,,,,,6,,,,,,,価格交渉 / 増産 / 価格改定 / 価格転嫁 / 値上 / 想定以上 / 上方修正 / 下方修正 / 想定以下 / 未達 / 大幅 / 計画を上 / 計画を下 / 計画以 / 需要回復 / 需要の回復 / 需要が増 / 需要が低 / 悪化 / グローバルニッチトップ / トップシェア / シェア拡大 / レアアース
20260515,7992,7992_1530_セーラー_2026年12月期 第1四半期決算短信〔日本基準〕(連結).pdf,,,4,,,,,,,,,,,,,,,,5,,,,,価格交渉 / 増産 / 価格改定 / 価格転嫁 / 値上 / 想定以上 / 上方修正 / 下方修正 / 想定以下 / 未達 / 大幅 / 計画を上 / 計画を下 / 計画以 / 需要回復 / 需要の回復 / 需要が増 / 需要が低 / 悪化 / グローバルニッチトップ / トップシェア / シェア拡大 / レアアース
20260515,8025,8025_1200_ツカモト_2026年3月期決算短信〔日本基準〕(連結).pdf,,,,,,,,,,,4,,4,,,,,,,,,,,価格交渉 / 増産 / 価格改定 / 価格転嫁 / 値上 / 想定以上 / 上方修正 / 下方修正 / 想定以下 / 未達 / 大幅 / 計画を上 / 計画を下 / 計画以 / 需要回復 / 需要の回復 / 需要が増 / 需要が低 / 悪化 / グローバルニッチトップ / トップシェア / シェア拡大 / レアアース
20260515,8030,8030_1530_中央魚_2026年3月期 決算短信[日本基準](連結).pdf,,,,,4,,,,,,5,,,,,,,,,,,,,価格交渉 / 増産 / 価格改定 / 価格転嫁 / 値上 / 想定以上 / 上方修正 / 下方修正 / 想定以下 / 未達 / 大幅 / 計画を上 / 計画を下 / 計画以 / 需要回復 / 需要の回復 / 需要が増 / 需要が低 / 悪化 / グローバルニッチトップ / トップシェア / シェア拡大 / レアアース
20260515,8066,8066_1330_三谷商_2026年3月期 決算短信[日本基準](連結).pdf,,,,4 5 6,,,,,,,,,,,,,,,6,,,,,価格交渉 / 増産 / 価格改定 / 価格転嫁 / 値上 / 想定以上 / 上方修正 / 下方修正 / 想定以下 / 未達 / 大幅 / 計画を上 / 計画を下 / 計画以 / 需要回復 / 需要の回復 / 需要が増 / 需要が低 / 悪化 / グローバルニッチトップ / トップシェア / シェア拡大 / レアアース
20260515,8066,8066_1330_三谷商_当社株式の大量買付行為への対応策(買収への対応方針)の更新について.pdf,,,,,,,,,,,,,,,,,4,,,,4,,,価格交渉 / 増産 / 価格改定 / 価格転嫁 / 値上 / 想定以上 / 上方修正 / 下方修正 / 想定以下 / 未達 / 大幅 / 計画を上 / 計画を下 / 計画以 / 需要回復 / 需要の回復 / 需要が増 / 需要が低 / 悪化 / グローバルニッチトップ / トップシェア / シェア拡大 / レアアース
20260515,8104,8104_1530_クワザワHD_2026年3月期 決算短信〔日本基準〕(連結).pdf,,,,,,,,,,,,,,,,,,4,5,,,,,価格交渉 / 増産 / 価格改定 / 価格転嫁 / 値上 / 想定以上 / 上方修正 / 下方修正 / 想定以下 / 未達 / 大幅 / 計画を上 / 計画を下 / 計画以 / 需要回復 / 需要の回復 / 需要が増 / 需要が低 / 悪化 / グローバルニッチトップ / トップシェア / シェア拡大 / レアアース
20260515,8105,8105_1530_BitcoinJPN_2026年3月期 決算短信〔日本基準〕(連結).pdf,,,,,,,,,,,4,,,,,4,,,,,,,,価格交渉 / 増産 / 価格改定 / 価格転嫁 / 値上 / 想定以上 / 上方修正 / 下方修正 / 想定以下 / 未達 / 大幅 / 計画を上 / 計画を下 / 計画以 / 需要回復 / 需要の回復 / 需要が増 / 需要が低 / 悪化 / グローバルニッチトップ / トップシェア / シェア拡大 / レアアース
20260515,8157,8157_1230_都築電気_2026年3月期 決算補足資料.pdf,,,,,,,2,,,,5,,,,,,,,,,,,,価格交渉 / 増産 / 価格改定 / 価格転嫁 / 値上 / 想定以上 / 上方修正 / 下方修正 / 想定以下 / 未達 / 大幅 / 計画を上 / 計画を下 / 計画以 / 需要回復 / 需要の回復 / 需要が増 / 需要が低 / 悪化 / グローバルニッチトップ / トップシェア / シェア拡大 / レアアース
20260515,8157,8157_1230_都築電気_2026年3月期決算短信〔日本基準〕(連結).pdf,,,,,,,2 7,,,,4,,,,,,,,,,,,,価格交渉 / 増産 / 価格改定 / 価格転嫁 / 値上 / 想定以上 / 上方修正 / 下方修正 / 想定以下 / 未達 / 大幅 / 計画を上 / 計画を下 / 計画以 / 需要回復 / 需要の回復 / 需要が増 / 需要が低 / 悪化 / グローバルニッチトップ / トップシェア / シェア拡大 / レアアース
20260515,8157,8157_1230_都築電気_中期経営計画「Trust & Challenge 2029」策定および長期ビジョンの見直し(上方修正)に関するお知らせ.pdf,,,,,,,1 2,,,,2,,,,,,,,,,,,,価格交渉 / 増産 / 価格改定 / 価格転嫁 / 値上 / 想定以上 / 上方修正 / 下方修正 / 想定以下 / 未達 / 大幅 / 計画を上 / 計画を下 / 計画以 / 需要回復 / 需要の回復 / 需要が増 / 需要が低 / 悪化 / グローバルニッチトップ / トップシェア / シェア拡大 / レアアース
20260515,8252,8252_1630_丸井G_2026年3月期 決算説明会資料.pdf,,,,,,,,,,,47,,,,,,,,32,,,,,価格交渉 / 増産 / 価格改定 / 価格転嫁 / 値上 / 想定以上 / 上方修正 / 下方修正 / 想定以下 / 未達 / 大幅 / 計画を上 / 計画を下 / 計画以 / 需要回復 / 需要の回復 / 需要が増 / 需要が低 / 悪化 / グローバルニッチトップ / トップシェア / シェア拡大 / レアアース
20260515,8362,8362_1300_福井銀_2026年3月期 決算短信〔日本基準〕(連結).pdf,,,,,,,,,,,32,,,,,,,,15,,,,,価格交渉 / 増産 / 価格改定 / 価格転嫁 / 値上 / 想定以上 / 上方修正 / 下方修正 / 想定以下 / 未達 / 大幅 / 計画を上 / 計画を下 / 計画以 / 需要回復 / 需要の回復 / 需要が増 / 需要が低 / 悪化 / グローバルニッチトップ / トップシェア / シェア拡大 / レアアース
20260515,8518,8518_1200_アジア投資_2026年3月期 決算短信〔日本基準〕(連結).pdf,,,,,,,,,,,24,,,,,,,,4,,,,,価格交渉 / 増産 / 価格改定 / 価格転嫁 / 値上 / 想定以上 / 上方修正 / 下方修正 / 想定以下 / 未達 / 大幅 / 計画を上 / 計画を下 / 計画以 / 需要回復 / 需要の回復 / 需要が増 / 需要が低 / 悪化 / グローバルニッチトップ / トップシェア / シェア拡大 / レアアース
20260515,8518,8518_1200_アジア投資_2026年3月期期末決算補足資料(従来連結基準).pdf,,,,,,,,,,8,16,,,,,,,,,,,,,価格交渉 / 増産 / 価格改定 / 価格転嫁 / 値上 / 想定以上 / 上方修正 / 下方修正 / 想定以下 / 未達 / 大幅 / 計画を上 / 計画を下 / 計画以 / 需要回復 / 需要の回復 / 需要が増 / 需要が低 / 悪化 / グローバルニッチトップ / トップシェア / シェア拡大 / レアアース
20260515,8541,8541_1330_愛媛銀_2026年3月期 決算短信〔日本基準〕(連結).pdf,,,,,,,,,,,4,,,,,,,,4,,,,,価格交渉 / 増産 / 価格改定 / 価格転嫁 / 値上 / 想定以上 / 上方修正 / 下方修正 / 想定以下 / 未達 / 大幅 / 計画を上 / 計画を下 / 計画以 / 需要回復 / 需要の回復 / 需要が増 / 需要が低 / 悪化 / グローバルニッチトップ / トップシェア / シェア拡大 / レアアース
20260515,8746,8746_1600_unbanked_2026年3月期 決算短信〔日本基準〕(連結).pdf,,,,,,,,,,,4,,,,,,4,,,,,,,価格交渉 / 増産 / 価格改定 / 価格転嫁 / 値上 / 想定以上 / 上方修正 / 下方修正 / 想定以下 / 未達 / 大幅 / 計画を上 / 計画を下 / 計画以 / 需要回復 / 需要の回復 / 需要が増 / 需要が低 / 悪化 / グローバルニッチトップ / トップシェア / シェア拡大 / レアアース
20260515,8750,8750_1430_第一ライフグループ_株式会社第一ライフグループ 2026年3月期 決算概要資料.pdf,,,,,,,,,,,4 6 8 10 13 14 21,,,,,,,,5,,,,,価格交渉 / 増産 / 価格改定 / 価格転嫁 / 値上 / 想定以上 / 上方修正 / 下方修正 / 想定以下 / 未達 / 大幅 / 計画を上 / 計画を下 / 計画以 / 需要回復 / 需要の回復 / 需要が増 / 需要が低 / 悪化 / グローバルニッチトップ / トップシェア / シェア拡大 / レアアース
20260515,8769,8769_1530_ARM_2026年3月期 決算短信〔日本基準〕(連結).pdf,,,5,,,,,,,,4,,,,,,,,,,,,,価格交渉 / 増産 / 価格改定 / 価格転嫁 / 値上 / 想定以上 / 上方修正 / 下方修正 / 想定以下 / 未達 / 大幅 / 計画を上 / 計画を下 / 計画以 / 需要回復 / 需要の回復 / 需要が増 / 需要が低 / 悪化 / グローバルニッチトップ / トップシェア / シェア拡大 / レアアース
20260515,8771,8771_1530_Eギャランティ_2026年3月期 決算短信〔日本基準〕(連結).pdf,,,,,,,,,,,4,,,,,,,,4,,,,,価格交渉 / 増産 / 価格改定 / 価格転嫁 / 値上 / 想定以上 / 上方修正 / 下方修正 / 想定以下 / 未達 / 大幅 / 計画を上 / 計画を下 / 計画以 / 需要回復 / 需要の回復 / 需要が増 / 需要が低 / 悪化 / グローバルニッチトップ / トップシェア / シェア拡大 / レアアース
20260515,8771,8771_1640_Eギャランティ_2026年3月期通期 決算説明資料.pdf,,,,,,,,,,,17 19 23,,,,,,,,10 16,,,,,価格交渉 / 増産 / 価格改定 / 価格転嫁 / 値上 / 想定以上 / 上方修正 / 下方修正 / 想定以下 / 未達 / 大幅 / 計画を上 / 計画を下 / 計画以 / 需要回復 / 需要の回復 / 需要が増 / 需要が低 / 悪化 / グローバルニッチトップ / トップシェア / シェア拡大 / レアアース
20260515,8848,8848_1530_レオパレス21_中期経営計画「New Growth 2028」のアップデートについて.pdf,,,,,,,1 3 5,,,,,5,,,,,,,,,,,,価格交渉 / 増産 / 価格改定 / 価格転嫁 / 値上 / 想定以上 / 上方修正 / 下方修正 / 想定以下 / 未達 / 大幅 / 計画を上 / 計画を下 / 計画以 / 需要回復 / 需要の回復 / 需要が増 / 需要が低 / 悪化 / グローバルニッチトップ / トップシェア / シェア拡大 / レアアース
20260515,9017,9017_1400_新潟交通_2026年3月期 決算短信〔日本基準〕(連結).pdf,,,5,,5,,,,,,,,,,,,,,,,,,,価格交渉 / 増産 / 価格改定 / 価格転嫁 / 値上 / 想定以上 / 上方修正 / 下方修正 / 想定以下 / 未達 / 大幅 / 計画を上 / 計画を下 / 計画以 / 需要回復 / 需要の回復 / 需要が増 / 需要が低 / 悪化 / グローバルニッチトップ / トップシェア / シェア拡大 / レアアース
20260515,9042,9042_1500_阪急阪神_2026年3月期 決算補足説明資料.pdf,,,,,,,,,,,4 30,,,,,,,,31,,,,,価格交渉 / 増産 / 価格改定 / 価格転嫁 / 値上 / 想定以上 / 上方修正 / 下方修正 / 想定以下 / 未達 / 大幅 / 計画を上 / 計画を下 / 計画以 / 需要回復 / 需要の回復 / 需要が増 / 需要が低 / 悪化 / グローバルニッチトップ / トップシェア / シェア拡大 / レアアース
20260515,9048,9048_1500_名鉄_2026年3月期 決算短信〔日本基準〕(連結).pdf,,,,,,,,,,,,,,,,6,,,4 5 6 8,,,,,価格交渉 / 増産 / 価格改定 / 価格転嫁 / 値上 / 想定以上 / 上方修正 / 下方修正 / 想定以下 / 未達 / 大幅 / 計画を上 / 計画を下 / 計画以 / 需要回復 / 需要の回復 / 需要が増 / 需要が低 / 悪化 / グローバルニッチトップ / トップシェア / シェア拡大 / レアアース
20260515,9145,9145_1600_ビーイングHD_2026年12月期 第1四半期決算説明資料.pdf,,,,,,,,,,,8 13,,,,,,,,12,,,,,価格交渉 / 増産 / 価格改定 / 価格転嫁 / 値上 / 想定以上 / 上方修正 / 下方修正 / 想定以下 / 未達 / 大幅 / 計画を上 / 計画を下 / 計画以 / 需要回復 / 需要の回復 / 需要が増 / 需要が低 / 悪化 / グローバルニッチトップ / トップシェア / シェア拡大 / レアアース
20260515,9160,9160_1530_オンザページ_2026年12月期 第1四半期決算説明資料.pdf,,,,,,,,,,,,12,,,,,,,,,,44,,価格交渉 / 増産 / 価格改定 / 価格転嫁 / 値上 / 想定以上 / 上方修正 / 下方修正 / 想定以下 / 未達 / 大幅 / 計画を上 / 計画を下 / 計画以 / 需要回復 / 需要の回復 / 需要が増 / 需要が低 / 悪化 / グローバルニッチトップ / トップシェア / シェア拡大 / レアアース
20260515,9193,9193_1430_東汽船_2026年3月期 決算短信〔日本基準〕(連結).pdf,,,,,4 5,,,,,,4 5 8,,,,,,,,,,,,,価格交渉 / 増産 / 価格改定 / 価格転嫁 / 値上 / 想定以上 / 上方修正 / 下方修正 / 想定以下 / 未達 / 大幅 / 計画を上 / 計画を下 / 計画以 / 需要回復 / 需要の回復 / 需要が増 / 需要が低 / 悪化 / グローバルニッチトップ / トップシェア / シェア拡大 / レアアース
20260515,9218,9218_1530_G-メンタルヘルスT_2026年12月期第1四半期決算短信〔日本基準〕(連結).pdf,,,,,,,,4,,,,,,,,,,,4,,,,,価格交渉 / 増産 / 価格改定 / 価格転嫁 / 値上 / 想定以上 / 上方修正 / 下方修正 / 想定以下 / 未達 / 大幅 / 計画を上 / 計画を下 / 計画以 / 需要回復 / 需要の回復 / 需要が増 / 需要が低 / 悪化 / グローバルニッチトップ / トップシェア / シェア拡大 / レアアース
20260515,9247,9247_1530_TREHD_2026年3月期 決算短信〔日本基準〕(連結).pdf,,,,4,,,,,,,4,,,,,,,,,,,,,価格交渉 / 増産 / 価格改定 / 価格転嫁 / 値上 / 想定以上 / 上方修正 / 下方修正 / 想定以下 / 未達 / 大幅 / 計画を上 / 計画を下 / 計画以 / 需要回復 / 需要の回復 / 需要が増 / 需要が低 / 悪化 / グローバルニッチトップ / トップシェア / シェア拡大 / レアアース
20260515,9254,9254_1530_G-ラバブルマーケ_2026年3月期 決算短信〔日本基準〕(連結).pdf,,,,,,,,,,,14,,,,,,,,,,,4 14,,価格交渉 / 増産 / 価格改定 / 価格転嫁 / 値上 / 想定以上 / 上方修正 / 下方修正 / 想定以下 / 未達 / 大幅 / 計画を上 / 計画を下 / 計画以 / 需要回復 / 需要の回復 / 需要が増 / 需要が低 / 悪化 / グローバルニッチトップ / トップシェア / シェア拡大 / レアアース
20260515,9258,9258_1530_G-CS-C_2026年9月期 第2四半期(中間期)決算短信〔日本基準〕(連結).pdf,,,,,,,,,,,4,,,,,,,,4,,,,,価格交渉 / 増産 / 価格改定 / 価格転嫁 / 値上 / 想定以上 / 上方修正 / 下方修正 / 想定以下 / 未達 / 大幅 / 計画を上 / 計画を下 / 計画以 / 需要回復 / 需要の回復 / 需要が増 / 需要が低 / 悪化 / グローバルニッチトップ / トップシェア / シェア拡大 / レアアース
20260515,9348,9348_1545_G-ispace_2026年3月期 決算説明資料.pdf,,,,,,,,,,6 40 41 42 44 45 46,7 29 30,,,,,,,,,,,,,価格交渉 / 増産 / 価格改定 / 価格転嫁 / 値上 / 想定以上 / 上方修正 / 下方修正 / 想定以下 / 未達 / 大幅 / 計画を上 / 計画を下 / 計画以 / 需要回復 / 需要の回復 / 需要が増 / 需要が低 / 悪化 / グローバルニッチトップ / トップシェア / シェア拡大 / レアアース
20260515,9553,9553_1530_G-マイクロアド_2026年9月期 第2四半期決算説明資料.pdf,,,,,,,5,,,,24,,,,,,,,,,,,,価格交渉 / 増産 / 価格改定 / 価格転嫁 / 値上 / 想定以上 / 上方修正 / 下方修正 / 想定以下 / 未達 / 大幅 / 計画を上 / 計画を下 / 計画以 / 需要回復 / 需要の回復 / 需要が増 / 需要が低 / 悪化 / グローバルニッチトップ / トップシェア / シェア拡大 / レアアース
20260515,9554,9554_1530_G-AViC_2026年9月期 第2四半期(中間期)決算短信〔日本基準〕(連結).pdf,,,,,,,5,,,,11,,,,,,,,,,,,,価格交渉 / 増産 / 価格改定 / 価格転嫁 / 値上 / 想定以上 / 上方修正 / 下方修正 / 想定以下 / 未達 / 大幅 / 計画を上 / 計画を下 / 計画以 / 需要回復 / 需要の回復 / 需要が増 / 需要が低 / 悪化 / グローバルニッチトップ / トップシェア / シェア拡大 / レアアース
20260515,9562,9562_1530_G-ビジネスコーチ_2026年9月期第2四半期決算説明資料.pdf,,,,,,,,11,,,,30,,,,,,,,,,,,価格交渉 / 増産 / 価格改定 / 価格転嫁 / 値上 / 想定以上 / 上方修正 / 下方修正 / 想定以下 / 未達 / 大幅 / 計画を上 / 計画を下 / 計画以 / 需要回復 / 需要の回復 / 需要が増 / 需要が低 / 悪化 / グローバルニッチトップ / トップシェア / シェア拡大 / レアアース
20260515,9563,9563_1645_G-Atlas_2026年12月期第1四半期決算説明資料.pdf,,,,,,,,,,,23,,,,,,,,,,11,,,価格交渉 / 増産 / 価格改定 / 価格転嫁 / 値上 / 想定以上 / 上方修正 / 下方修正 / 想定以下 / 未達 / 大幅 / 計画を上 / 計画を下 / 計画以 / 需要回復 / 需要の回復 / 需要が増 / 需要が低 / 悪化 / グローバルニッチトップ / トップシェア / シェア拡大 / レアアース
20260515,9610,9610_1530_ウィルソンWLW_2026年3月期 決算短信〔日本基準〕(連結).pdf,,,,,,,,,,,2 4 5,,,,,,,,4,,,,,価格交渉 / 増産 / 価格改定 / 価格転嫁 / 値上 / 想定以上 / 上方修正 / 下方修正 / 想定以下 / 未達 / 大幅 / 計画を上 / 計画を下 / 計画以 / 需要回復 / 需要の回復 / 需要が増 / 需要が低 / 悪化 / グローバルニッチトップ / トップシェア / シェア拡大 / レアアース
20260515,9610,9610_1530_ウィルソンWLW_2026年3月期 決算補足資料.pdf,,,,,,,1,,,,4 5,,,,,,,,,,,,,価格交渉 / 増産 / 価格改定 / 価格転嫁 / 値上 / 想定以上 / 上方修正 / 下方修正 / 想定以下 / 未達 / 大幅 / 計画を上 / 計画を下 / 計画以 / 需要回復 / 需要の回復 / 需要が増 / 需要が低 / 悪化 / グローバルニッチトップ / トップシェア / シェア拡大 / レアアース
20260515,9760,9760_1730_進学会HD_2026年3月期決算短信〔日本基準〕(連結).pdf,,,,,,,,,,,4,,4,,,,,,,,,,,価格交渉 / 増産 / 価格改定 / 価格転嫁 / 値上 / 想定以上 / 上方修正 / 下方修正 / 想定以下 / 未達 / 大幅 / 計画を上 / 計画を下 / 計画以 / 需要回復 / 需要の回復 / 需要が増 / 需要が低 / 悪化 / グローバルニッチトップ / トップシェア / シェア拡大 / レアアース
20260515,9782,9782_1530_ディーエムエス_2026年3月期決算説明資料.pdf,,,,,,,,,,,11,,,,,,,,,,,17 18,,価格交渉 / 増産 / 価格改定 / 価格転嫁 / 値上 / 想定以上 / 上方修正 / 下方修正 / 想定以下 / 未達 / 大幅 / 計画を上 / 計画を下 / 計画以 / 需要回復 / 需要の回復 / 需要が増 / 需要が低 / 悪化 / グローバルニッチトップ / トップシェア / シェア拡大 / レアアース
20260515,9882,9882_1530_イエローハット_(訂正)「株主提案に対する当社取締役会意見に関するお知らせ」の一部訂正に関するお知らせ.pdf,,,,,,,,,,,,,,7,,,17,,,,,,,価格交渉 / 増産 / 価格改定 / 価格転嫁 / 値上 / 想定以上 / 上方修正 / 下方修正 / 想定以下 / 未達 / 大幅 / 計画を上 / 計画を下 / 計画以 / 需要回復 / 需要の回復 / 需要が増 / 需要が低 / 悪化 / グローバルニッチトップ / トップシェア / シェア拡大 / レアアース
20260515,9929,9929_1600_平和紙業_中期経営計画の策定に関するお知らせ.pdf,,,,,,,,,,,,,,,9,,,,,,,12,,価格交渉 / 増産 / 価格改定 / 価格転嫁 / 値上 / 想定以上 / 上方修正 / 下方修正 / 想定以下 / 未達 / 大幅 / 計画を上 / 計画を下 / 計画以 / 需要回復 / 需要の回復 / 需要が増 / 需要が低 / 悪化 / グローバルニッチトップ / トップシェア / シェア拡大 / レアアース
20260515,9990,9990_1530_サックスバーHD_2026年3月期決算短信〔日本基準〕(連結).pdf,,,,,5,,,,,,4 5,,,,,,,,,,,,,価格交渉 / 増産 / 価格改定 / 価格転嫁 / 値上 / 想定以上 / 上方修正 / 下方修正 / 想定以下 / 未達 / 大幅 / 計画を上 / 計画を下 / 計画以 / 需要回復 / 需要の回復 / 需要が増 / 需要が低 / 悪化 / グローバルニッチトップ / トップシェア / シェア拡大 / レアアース
20260515,9994,9994_1530_やまや_2026年3月期 決算短信〔日本基準〕(連結).pdf,,,,,4,,,,,,,,5,,,,,,,,,,,価格交渉 / 増産 / 価格改定 / 価格転嫁 / 値上 / 想定以上 / 上方修正 / 下方修正 / 想定以下 / 未達 / 大幅 / 計画を上 / 計画を下 / 計画以 / 需要回復 / 需要の回復 / 需要が増 / 需要が低 / 悪化 / グローバルニッチトップ / トップシェア / シェア拡大 / レアアース
20260515,1384,1384_1532_ホクリヨウ_2026年3月期 決算短信〔日本基準〕(非連結).pdf,,,,,4,,,,,,,,,,,,,,,,,,,価格交渉 / 増産 / 価格改定 / 価格転嫁 / 値上 / 想定以上 / 上方修正 / 下方修正 / 想定以下 / 未達 / 大幅 / 計画を上 / 計画を下 / 計画以 / 需要回復 / 需要の回復 / 需要が増 / 需要が低 / 悪化 / グローバルニッチトップ / トップシェア / シェア拡大 / レアアース
20260515,142A,142A_1600_G-ジンジブ_法人税調整額(益)の計上及び2026年3月期通期業績と実績との差異のお知らせ.pdf,,,,,,,,,,,2,,,,,,,,,,,,,価格交渉 / 増産 / 価格改定 / 価格転嫁 / 値上 / 想定以上 / 上方修正 / 下方修正 / 想定以下 / 未達 / 大幅 / 計画を上 / 計画を下 / 計画以 / 需要回復 / 需要の回復 / 需要が増 / 需要が低 / 悪化 / グローバルニッチトップ / トップシェア / シェア拡大 / レアアース
20260515,1435,1435_1700_robot home_2026年12月期 第1四半期決算短信〔日本基準〕(連結).pdf,,,,,,,,,,,,,,,,,,,,,,4,,価格交渉 / 増産 / 価格改定 / 価格転嫁 / 値上 / 想定以上 / 上方修正 / 下方修正 / 想定以下 / 未達 / 大幅 / 計画を上 / 計画を下 / 計画以 / 需要回復 / 需要の回復 / 需要が増 / 需要が低 / 悪化 / グローバルニッチトップ / トップシェア / シェア拡大 / レアアース
20260515,1438,1438_1520_岐阜造園_2026年9月期 第2四半期(中間期)決算短信〔日本基準〕(連結).pdf,,,,,,,,,,,,4,,,,,,,,,,,,価格交渉 / 増産 / 価格改定 / 価格転嫁 / 値上 / 想定以上 / 上方修正 / 下方修正 / 想定以下 / 未達 / 大幅 / 計画を上 / 計画を下 / 計画以 / 需要回復 / 需要の回復 / 需要が増 / 需要が低 / 悪化 / グローバルニッチトップ / トップシェア / シェア拡大 / レアアース
20260515,1514,1514_1530_住石HD_2026年3月期 決算短信〔日本基準〕(連結).pdf,,4,,,,,,,,,,,,,,,,,,,,,,価格交渉 / 増産 / 価格改定 / 価格転嫁 / 値上 / 想定以上 / 上方修正 / 下方修正 / 想定以下 / 未達 / 大幅 / 計画を上 / 計画を下 / 計画以 / 需要回復 / 需要の回復 / 需要が増 / 需要が低 / 悪化 / グローバルニッチトップ / トップシェア / シェア拡大 / レアアース
20260515,1711,1711_1530_SDSHD_2026年3月期通期連結業績予想値と実績値との差異に関するお知らせ.pdf,,,,,,,1,,,,,,,,,,,,,,,,,価格交渉 / 増産 / 価格改定 / 価格転嫁 / 値上 / 想定以上 / 上方修正 / 下方修正 / 想定以下 / 未達 / 大幅 / 計画を上 / 計画を下 / 計画以 / 需要回復 / 需要の回復 / 需要が増 / 需要が低 / 悪化 / グローバルニッチトップ / トップシェア / シェア拡大 / レアアース
20260515,173A,173A_1130_G-ハンモック_2026年3月期 決算短信〔日本基準〕(非連結).pdf,,,,,,,,,,,6,,,,,,,,,,,,,価格交渉 / 増産 / 価格改定 / 価格転嫁 / 値上 / 想定以上 / 上方修正 / 下方修正 / 想定以下 / 未達 / 大幅 / 計画を上 / 計画を下 / 計画以 / 需要回復 / 需要の回復 / 需要が増 / 需要が低 / 悪化 / グローバルニッチトップ / トップシェア / シェア拡大 / レアアース
20260515,173A,173A_1130_G-ハンモック_2026年3月期 通期決算説明資料.pdf,,,,,,,,,,,56,,,,,,,,,,,,,価格交渉 / 増産 / 価格改定 / 価格転嫁 / 値上 / 想定以上 / 上方修正 / 下方修正 / 想定以下 / 未達 / 大幅 / 計画を上 / 計画を下 / 計画以 / 需要回復 / 需要の回復 / 需要が増 / 需要が低 / 悪化 / グローバルニッチトップ / トップシェア / シェア拡大 / レアアース
20260515,175A,175A_1600_G-ウィルスマート_2026年12月期 第1四半期決算説明資料.pdf,,,,,,,,,,,,,,,,,,,27,,,,,価格交渉 / 増産 / 価格改定 / 価格転嫁 / 値上 / 想定以上 / 上方修正 / 下方修正 / 想定以下 / 未達 / 大幅 / 計画を上 / 計画を下 / 計画以 / 需要回復 / 需要の回復 / 需要が増 / 需要が低 / 悪化 / グローバルニッチトップ / トップシェア / シェア拡大 / レアアース
20260515,1783,1783_1600_fantasista_2026年9月期第2四半期(中間期)決算短信〔日本基準〕(連結).pdf,,,,,,,,,,,,,,,,4,,,,,,,,価格交渉 / 増産 / 価格改定 / 価格転嫁 / 値上 / 想定以上 / 上方修正 / 下方修正 / 想定以下 / 未達 / 大幅 / 計画を上 / 計画を下 / 計画以 / 需要回復 / 需要の回復 / 需要が増 / 需要が低 / 悪化 / グローバルニッチトップ / トップシェア / シェア拡大 / レアアース
20260515,1808,1808_1530_長谷工_2026年3月期 決算説明資料.pdf,,,,,,4,,,,,,,,,,,,,,,,,,価格交渉 / 増産 / 価格改定 / 価格転嫁 / 値上 / 想定以上 / 上方修正 / 下方修正 / 想定以下 / 未達 / 大幅 / 計画を上 / 計画を下 / 計画以 / 需要回復 / 需要の回復 / 需要が増 / 需要が低 / 悪化 / グローバルニッチトップ / トップシェア / シェア拡大 / レアアース
20260515,1815,1815_0930_鉄建建設_(訂正)中期経営計画2028のアップデート(数値目標の上方修正および配当方針の変更)に関するお知らせ.pdf,,,,,,,1,,,,,,,,,,,,,,,,,価格交渉 / 増産 / 価格改定 / 価格転嫁 / 値上 / 想定以上 / 上方修正 / 下方修正 / 想定以下 / 未達 / 大幅 / 計画を上 / 計画を下 / 計画以 / 需要回復 / 需要の回復 / 需要が増 / 需要が低 / 悪化 / グローバルニッチトップ / トップシェア / シェア拡大 / レアアース
20260515,1844,1844_1700_大盛工_2026年7月期業績予想の修正に関するお知らせ.pdf,,,,,,,,,,,,2,,,,,,,,,,,,価格交渉 / 増産 / 価格改定 / 価格転嫁 / 値上 / 想定以上 / 上方修正 / 下方修正 / 想定以下 / 未達 / 大幅 / 計画を上 / 計画を下 / 計画以 / 需要回復 / 需要の回復 / 需要が増 / 需要が低 / 悪化 / グローバルニッチトップ / トップシェア / シェア拡大 / レアアース
20260515,1860,1860_1130_戸田建_2026年3月期 決算短信〔日本基準〕(連結).pdf,,,,,,,,,,,4,,,,,,,,,,,,,価格交渉 / 増産 / 価格改定 / 価格転嫁 / 値上 / 想定以上 / 上方修正 / 下方修正 / 想定以下 / 未達 / 大幅 / 計画を上 / 計画を下 / 計画以 / 需要回復 / 需要の回復 / 需要が増 / 需要が低 / 悪化 / グローバルニッチトップ / トップシェア / シェア拡大 / レアアース
20260515,1979,1979_1500_大気社_2026年3月期決算短信〔日本基準〕(連結).pdf,,7,,,,,,,,,,,,,,,,,,,,,,価格交渉 / 増産 / 価格改定 / 価格転嫁 / 値上 / 想定以上 / 上方修正 / 下方修正 / 想定以下 / 未達 / 大幅 / 計画を上 / 計画を下 / 計画以 / 需要回復 / 需要の回復 / 需要が増 / 需要が低 / 悪化 / グローバルニッチトップ / トップシェア / シェア拡大 / レアアース
20260515,2121,2121_1530_MIXI_2026年3月期決算短信〔日本基準〕(連結).pdf,,,,,,,,,,,7,,,,,,,,,,,,,価格交渉 / 増産 / 価格改定 / 価格転嫁 / 値上 / 想定以上 / 上方修正 / 下方修正 / 想定以下 / 未達 / 大幅 / 計画を上 / 計画を下 / 計画以 / 需要回復 / 需要の回復 / 需要が増 / 需要が低 / 悪化 / グローバルニッチトップ / トップシェア / シェア拡大 / レアアース
20260515,2137,2137_1600_A-Hヴェラス_2026年3月期 決算短信〔日本基準〕(非連結).pdf,,,,,,,,,,,4,,,,,,,,,,,,,価格交渉 / 増産 / 価格改定 / 価格転嫁 / 値上 / 想定以上 / 上方修正 / 下方修正 / 想定以下 / 未達 / 大幅 / 計画を上 / 計画を下 / 計画以 / 需要回復 / 需要の回復 / 需要が増 / 需要が低 / 悪化 / グローバルニッチトップ / トップシェア / シェア拡大 / レアアース
20260515,2158,2158_1600_G-FRONTEO_2026年3月期 決算短信〔日本基準〕(連結).pdf,,,,,,,,,,,2 5 9 10,,,,,,,,,,,,,価格交渉 / 増産 / 価格改定 / 価格転嫁 / 値上 / 想定以上 / 上方修正 / 下方修正 / 想定以下 / 未達 / 大幅 / 計画を上 / 計画を下 / 計画以 / 需要回復 / 需要の回復 / 需要が増 / 需要が低 / 悪化 / グローバルニッチトップ / トップシェア / シェア拡大 / レアアース
20260515,2183,2183_1600_リニカル_2026年3月期 決算短信〔日本基準〕(連結).pdf,,,,,,,,,,,4,,,,,,,,,,,,,価格交渉 / 増産 / 価格改定 / 価格転嫁 / 値上 / 想定以上 / 上方修正 / 下方修正 / 想定以下 / 未達 / 大幅 / 計画を上 / 計画を下 / 計画以 / 需要回復 / 需要の回復 / 需要が増 / 需要が低 / 悪化 / グローバルニッチトップ / トップシェア / シェア拡大 / レアアース
20260515,2222,2222_1200_寿スピリッツ_2026年3月期決算説明会資料.pdf,,,,,,,,,,,,,,,,,,,4 29,,,,,価格交渉 / 増産 / 価格改定 / 価格転嫁 / 値上 / 想定以上 / 上方修正 / 下方修正 / 想定以下 / 未達 / 大幅 / 計画を上 / 計画を下 / 計画以 / 需要回復 / 需要の回復 / 需要が増 / 需要が低 / 悪化 / グローバルニッチトップ / トップシェア / シェア拡大 / レアアース
20260515,2286,2286_1530_林兼産_2026年3月期 決算補足説明資料.pdf,,,,,9,,,,,,,,,,,,,,,,,,,価格交渉 / 増産 / 価格改定 / 価格転嫁 / 値上 / 想定以上 / 上方修正 / 下方修正 / 想定以下 / 未達 / 大幅 / 計画を上 / 計画を下 / 計画以 / 需要回復 / 需要の回復 / 需要が増 / 需要が低 / 悪化 / グローバルニッチトップ / トップシェア / シェア拡大 / レアアース
20260515,2329,2329_1530_東北新社_2026年3月期 決算短信〔日本基準〕(連結).pdf,,,,,,,,,,,3,,,,,,,,,,,,,価格交渉 / 増産 / 価格改定 / 価格転嫁 / 値上 / 想定以上 / 上方修正 / 下方修正 / 想定以下 / 未達 / 大幅 / 計画を上 / 計画を下 / 計画以 / 需要回復 / 需要の回復 / 需要が増 / 需要が低 / 悪化 / グローバルニッチトップ / トップシェア / シェア拡大 / レアアース
20260515,2351,2351_1400_ASJ_2026年3月期 決算短信〔IFRS〕(連結).pdf,,,,,,,,,,,5,,,,,,,,,,,,,価格交渉 / 増産 / 価格改定 / 価格転嫁 / 値上 / 想定以上 / 上方修正 / 下方修正 / 想定以下 / 未達 / 大幅 / 計画を上 / 計画を下 / 計画以 / 需要回復 / 需要の回復 / 需要が増 / 需要が低 / 悪化 / グローバルニッチトップ / トップシェア / シェア拡大 / レアアース
20260515,2415,2415_1530_ヒューマンHD_2026年3月期 決算短信〔日本基準〕(連結).pdf,,,,,,,,,,,9,,,,,,,,,,,,,価格交渉 / 増産 / 価格改定 / 価格転嫁 / 値上 / 想定以上 / 上方修正 / 下方修正 / 想定以下 / 未達 / 大幅 / 計画を上 / 計画を下 / 計画以 / 需要回復 / 需要の回復 / 需要が増 / 需要が低 / 悪化 / グローバルニッチトップ / トップシェア / シェア拡大 / レアアース
20260515,241A,241A_0800_G-ROXX_2026年9月期第2四半期 決算説明会 Q&Aの公開に関するお知らせ.pdf,,,,,,,,,,,4,,,,,,,,,,,,,価格交渉 / 増産 / 価格改定 / 価格転嫁 / 値上 / 想定以上 / 上方修正 / 下方修正 / 想定以下 / 未達 / 大幅 / 計画を上 / 計画を下 / 計画以 / 需要回復 / 需要の回復 / 需要が増 / 需要が低 / 悪化 / グローバルニッチトップ / トップシェア / シェア拡大 / レアアース
20260515,241A,241A_0800_G-ROXX_2026年9月期第2四半期 決算説明会 Transcriptの公開に関するお知らせ.pdf,,,,,,,,,,,2 4 5 6 7,,,,,,,,,,,,,価格交渉 / 増産 / 価格改定 / 価格転嫁 / 値上 / 想定以上 / 上方修正 / 下方修正 / 想定以下 / 未達 / 大幅 / 計画を上 / 計画を下 / 計画以 / 需要回復 / 需要の回復 / 需要が増 / 需要が低 / 悪化 / グローバルニッチトップ / トップシェア / シェア拡大 / レアアース
20260515,2464,2464_1600_Aoba‐BBT_2026年3月期 決算短信〔日本基準〕(連結).pdf,,,,,,,,,,,5 6 8,,,,,,,,,,,,,価格交渉 / 増産 / 価格改定 / 価格転嫁 / 値上 / 想定以上 / 上方修正 / 下方修正 / 想定以下 / 未達 / 大幅 / 計画を上 / 計画を下 / 計画以 / 需要回復 / 需要の回復 / 需要が増 / 需要が低 / 悪化 / グローバルニッチトップ / トップシェア / シェア拡大 / レアアース
20260515,2467,2467_1600_VLCセキュリティ_2026年3月期 通期連結業績予想値と実績値との差異に関するお知らせ.pdf,,,,,,,,,,,1,,,,,,,,,,,,,価格交渉 / 増産 / 価格改定 / 価格転嫁 / 値上 / 想定以上 / 上方修正 / 下方修正 / 想定以下 / 未達 / 大幅 / 計画を上 / 計画を下 / 計画以 / 需要回復 / 需要の回復 / 需要が増 / 需要が低 / 悪化 / グローバルニッチトップ / トップシェア / シェア拡大 / レアアース
20260515,253A,253A_1200_ETSグループ_2026年9月期 第2四半期(中間期)決算短信〔日本基準〕(連結).pdf,,,,,,,,,,,4,,,,,,,,,,,,,価格交渉 / 増産 / 価格改定 / 価格転嫁 / 値上 / 想定以上 / 上方修正 / 下方修正 / 想定以下 / 未達 / 大幅 / 計画を上 / 計画を下 / 計画以 / 需要回復 / 需要の回復 / 需要が増 / 需要が低 / 悪化 / グローバルニッチトップ / トップシェア / シェア拡大 / レアアース
20260515,254A,254A_1600_AIフュージョンCG_2026年3月期 決算短信〔IFRS〕(連結).pdf,,,,,,,,,,,7,,,,,,,,,,,,,価格交渉 / 増産 / 価格改定 / 価格転嫁 / 値上 / 想定以上 / 上方修正 / 下方修正 / 想定以下 / 未達 / 大幅 / 計画を上 / 計画を下 / 計画以 / 需要回復 / 需要の回復 / 需要が増 / 需要が低 / 悪化 / グローバルニッチトップ / トップシェア / シェア拡大 / レアアース
20260515,2585,2585_1600_ライフドリンクC_2026年3月期 決算短信[日本基準] (連結).pdf,,,4 5,,,,,,,,,,,,,,,,,,,,,価格交渉 / 増産 / 価格改定 / 価格転嫁 / 値上 / 想定以上 / 上方修正 / 下方修正 / 想定以下 / 未達 / 大幅 / 計画を上 / 計画を下 / 計画以 / 需要回復 / 需要の回復 / 需要が増 / 需要が低 / 悪化 / グローバルニッチトップ / トップシェア / シェア拡大 / レアアース
20260515,2594,2594_1400_キーコーヒー_資本コストや株価を意識した経営の実現に向けた対応についてアップデートのお知らせ.pdf,,,,,,,,,,,4,,,,,,,,,,,,,価格交渉 / 増産 / 価格改定 / 価格転嫁 / 値上 / 想定以上 / 上方修正 / 下方修正 / 想定以下 / 未達 / 大幅 / 計画を上 / 計画を下 / 計画以 / 需要回復 / 需要の回復 / 需要が増 / 需要が低 / 悪化 / グローバルニッチトップ / トップシェア / シェア拡大 / レアアース
20260515,2656,2656_1530_ベクターHD_2026年3月期決算短信〔日本基準〕(連結).pdf,,,,,,,,,,,4 6,,,,,,,,,,,,,価格交渉 / 増産 / 価格改定 / 価格転嫁 / 値上 / 想定以上 / 上方修正 / 下方修正 / 想定以下 / 未達 / 大幅 / 計画を上 / 計画を下 / 計画以 / 需要回復 / 需要の回復 / 需要が増 / 需要が低 / 悪化 / グローバルニッチトップ / トップシェア / シェア拡大 / レアアース
20260515,2656,2656_1530_ベクターHD_「継続企業の前提に関する注記」の記載解消に関するお知らせ.pdf,,,,,,,,,,,1,,,,,,,,,,,,,価格交渉 / 増産 / 価格改定 / 価格転嫁 / 値上 / 想定以上 / 上方修正 / 下方修正 / 想定以下 / 未達 / 大幅 / 計画を上 / 計画を下 / 計画以 / 需要回復 / 需要の回復 / 需要が増 / 需要が低 / 悪化 / グローバルニッチトップ / トップシェア / シェア拡大 / レアアース
20260515,2708,2708_1540_久世_2026年3月期 決算短信〔日本基準〕(連結).pdf,,,,,,,,,,,,,,,,4,,,,,,,,価格交渉 / 増産 / 価格改定 / 価格転嫁 / 値上 / 想定以上 / 上方修正 / 下方修正 / 想定以下 / 未達 / 大幅 / 計画を上 / 計画を下 / 計画以 / 需要回復 / 需要の回復 / 需要が増 / 需要が低 / 悪化 / グローバルニッチトップ / トップシェア / シェア拡大 / レアアース
20260515,271A,271A_1530_P-アクセリア_2026年3月期 決算短信〔日本基準〕(非連結).pdf,,,,,,,,,,,4,,,,,,,,,,,,,価格交渉 / 増産 / 価格改定 / 価格転嫁 / 値上 / 想定以上 / 上方修正 / 下方修正 / 想定以下 / 未達 / 大幅 / 計画を上 / 計画を下 / 計画以 / 需要回復 / 需要の回復 / 需要が増 / 需要が低 / 悪化 / グローバルニッチトップ / トップシェア / シェア拡大 / レアアース
20260515,2762,2762_1600_SANKO MF_資金使途の変更に関するお知らせ.pdf,,,,,,,,,,1,,,,,,,,,,,,,,価格交渉 / 増産 / 価格改定 / 価格転嫁 / 値上 / 想定以上 / 上方修正 / 下方修正 / 想定以下 / 未達 / 大幅 / 計画を上 / 計画を下 / 計画以 / 需要回復 / 需要の回復 / 需要が増 / 需要が低 / 悪化 / グローバルニッチトップ / トップシェア / シェア拡大 / レアアース
20260515,2784,2784_1630_アルフレッサHD_2026年3月期 決算短信〔日本基準〕(連結).pdf,,,,,,,,,,,4,,,,,,,,,,,,,価格交渉 / 増産 / 価格改定 / 価格転嫁 / 値上 / 想定以上 / 上方修正 / 下方修正 / 想定以下 / 未達 / 大幅 / 計画を上 / 計画を下 / 計画以 / 需要回復 / 需要の回復 / 需要が増 / 需要が低 / 悪化 / グローバルニッチトップ / トップシェア / シェア拡大 / レアアース
20260515,2806,2806_1300_ユタカフーズ_支配株主等に関する事項.pdf,1,,,,,,,,,,,,,,,,,,,,,,,価格交渉 / 増産 / 価格改定 / 価格転嫁 / 値上 / 想定以上 / 上方修正 / 下方修正 / 想定以下 / 未達 / 大幅 / 計画を上 / 計画を下 / 計画以 / 需要回復 / 需要の回復 / 需要が増 / 需要が低 / 悪化 / グローバルニッチトップ / トップシェア / シェア拡大 / レアアース
20260515,2813,2813_1300_和弘食品_2026年3月期 個別業績予想と実績値との差異に関するお知らせ.pdf,,,,,,,,,,,1,,,,,,,,,,,,,価格交渉 / 増産 / 価格改定 / 価格転嫁 / 値上 / 想定以上 / 上方修正 / 下方修正 / 想定以下 / 未達 / 大幅 / 計画を上 / 計画を下 / 計画以 / 需要回復 / 需要の回復 / 需要が増 / 需要が低 / 悪化 / グローバルニッチトップ / トップシェア / シェア拡大 / レアアース
20260515,2813,2813_1300_和弘食品_2026年3月期 決算短信〔日本基準〕(連結).pdf,,,,,5,,,,,,,,,,,,,,,,,,,価格交渉 / 増産 / 価格改定 / 価格転嫁 / 値上 / 想定以上 / 上方修正 / 下方修正 / 想定以下 / 未達 / 大幅 / 計画を上 / 計画を下 / 計画以 / 需要回復 / 需要の回復 / 需要が増 / 需要が低 / 悪化 / グローバルニッチトップ / トップシェア / シェア拡大 / レアアース
20260515,2875,2875_1220_東洋水産_2026年3月期 決算短信〔日本基準〕(連結).pdf,,,4,,,,,,,,,,,,,,,,,,,,,価格交渉 / 増産 / 価格改定 / 価格転嫁 / 値上 / 想定以上 / 上方修正 / 下方修正 / 想定以下 / 未達 / 大幅 / 計画を上 / 計画を下 / 計画以 / 需要回復 / 需要の回復 / 需要が増 / 需要が低 / 悪化 / グローバルニッチトップ / トップシェア / シェア拡大 / レアアース
20260515,2875,2875_1220_東洋水産_2026年3月期 決算説明会資料.pdf,,,5 9 10 11 15 16 19 25 27 30 31,,,,,,,,,,,,,,,,,,,,,価格交渉 / 増産 / 価格改定 / 価格転嫁 / 値上 / 想定以上 / 上方修正 / 下方修正 / 想定以下 / 未達 / 大幅 / 計画を上 / 計画を下 / 計画以 / 需要回復 / 需要の回復 / 需要が増 / 需要が低 / 悪化 / グローバルニッチトップ / トップシェア / シェア拡大 / レアアース
20260515,2876,2876_1300_デルソーレ_2026年3月期 決算短信〔日本基準〕(非連結).pdf,,,4,,,,,,,,,,,,,,,,,,,,,価格交渉 / 増産 / 価格改定 / 価格転嫁 / 値上 / 想定以上 / 上方修正 / 下方修正 / 想定以下 / 未達 / 大幅 / 計画を上 / 計画を下 / 計画以 / 需要回復 / 需要の回復 / 需要が増 / 需要が低 / 悪化 / グローバルニッチトップ / トップシェア / シェア拡大 / レアアース
20260515,290A,290A_1530_G-Syns_2026年12月期第1四半期決算説明資料 補足説明資料.pdf,,,,,,,,,,,11,,,,,,,,,,,,,価格交渉 / 増産 / 価格改定 / 価格転嫁 / 値上 / 想定以上 / 上方修正 / 下方修正 / 想定以下 / 未達 / 大幅 / 計画を上 / 計画を下 / 計画以 / 需要回復 / 需要の回復 / 需要が増 / 需要が低 / 悪化 / グローバルニッチトップ / トップシェア / シェア拡大 / レアアース
20260515,2911,2911_1500_旭松食品_2026年3月期決算短信〔日本基準〕(連結).pdf,,,4 6,,,,,,,,,,,,,,,,,,,,,価格交渉 / 増産 / 価格改定 / 価格転嫁 / 値上 / 想定以上 / 上方修正 / 下方修正 / 想定以下 / 未達 / 大幅 / 計画を上 / 計画を下 / 計画以 / 需要回復 / 需要の回復 / 需要が増 / 需要が低 / 悪化 / グローバルニッチトップ / トップシェア / シェア拡大 / レアアース
20260515,2962,2962_1530_テクニスコ_2026年6月期 第3四半期決算短信〔日本基準〕(連結).pdf,,,,,,,,,,,,,,,4,,,,,,,,,価格交渉 / 増産 / 価格改定 / 価格転嫁 / 値上 / 想定以上 / 上方修正 / 下方修正 / 想定以下 / 未達 / 大幅 / 計画を上 / 計画を下 / 計画以 / 需要回復 / 需要の回復 / 需要が増 / 需要が低 / 悪化 / グローバルニッチトップ / トップシェア / シェア拡大 / レアアース
20260515,298A,298A_1530_G-GVATECH_2026年12月期 第1四半期 決算短信[日本基準](非連結).pdf,,,,,,,,,,,,4,,,,,,,,,,,,価格交渉 / 増産 / 価格改定 / 価格転嫁 / 値上 / 想定以上 / 上方修正 / 下方修正 / 想定以下 / 未達 / 大幅 / 計画を上 / 計画を下 / 計画以 / 需要回復 / 需要の回復 / 需要が増 / 需要が低 / 悪化 / グローバルニッチトップ / トップシェア / シェア拡大 / レアアース
20260515,298A,298A_1530_G-GVATECH_2026年12月期 第1四半期決算説明資料.pdf,,,,,,,,,,,22 23 44 47 48,,,,,,,,,,,,,価格交渉 / 増産 / 価格改定 / 価格転嫁 / 値上 / 想定以上 / 上方修正 / 下方修正 / 想定以下 / 未達 / 大幅 / 計画を上 / 計画を下 / 計画以 / 需要回復 / 需要の回復 / 需要が増 / 需要が低 / 悪化 / グローバルニッチトップ / トップシェア / シェア拡大 / レアアース
20260515,2998,2998_1530_G-クリアル_2026年3月期決算短信〔日本基準〕(連結).pdf,,,,,,,,,,,5,,,,,,,,,,,,,価格交渉 / 増産 / 価格改定 / 価格転嫁 / 値上 / 想定以上 / 上方修正 / 下方修正 / 想定以下 / 未達 / 大幅 / 計画を上 / 計画を下 / 計画以 / 需要回復 / 需要の回復 / 需要が増 / 需要が低 / 悪化 / グローバルニッチトップ / トップシェア / シェア拡大 / レアアース
20260515,3041,3041_1530_ビューティカダンHD_2026年6月期第3四半期決算短信〔日本基準〕(連結).pdf,,,,,,,,,,,,,,,4,,,,,,,,,価格交渉 / 増産 / 価格改定 / 価格転嫁 / 値上 / 想定以上 / 上方修正 / 下方修正 / 想定以下 / 未達 / 大幅 / 計画を上 / 計画を下 / 計画以 / 需要回復 / 需要の回復 / 需要が増 / 需要が低 / 悪化 / グローバルニッチトップ / トップシェア / シェア拡大 / レアアース
20260515,3053,3053_1600_ペッパー_2026年12月期 第1四半期決算短信〔日本基準〕(非連結).pdf,,,,,,,,,,,4,,,,,,,,,,,,,価格交渉 / 増産 / 価格改定 / 価格転嫁 / 値上 / 想定以上 / 上方修正 / 下方修正 / 想定以下 / 未達 / 大幅 / 計画を上 / 計画を下 / 計画以 / 需要回復 / 需要の回復 / 需要が増 / 需要が低 / 悪化 / グローバルニッチトップ / トップシェア / シェア拡大 / レアアース
20260515,3059,3059_0900_ヒラキ_2026年3月期 決算短信〔日本基準〕(連結).pdf,,,,,,,,,,,,,4,,,,,,,,,,,価格交渉 / 増産 / 価格改定 / 価格転嫁 / 値上 / 想定以上 / 上方修正 / 下方修正 / 想定以下 / 未達 / 大幅 / 計画を上 / 計画を下 / 計画以 / 需要回復 / 需要の回復 / 需要が増 / 需要が低 / 悪化 / グローバルニッチトップ / トップシェア / シェア拡大 / レアアース
20260515,3059,3059_0900_ヒラキ_業績予想と実績との差異に関するお知らせ.pdf,,,,,,,,,,,,,1,,,,,,,,,,,価格交渉 / 増産 / 価格改定 / 価格転嫁 / 値上 / 想定以上 / 上方修正 / 下方修正 / 想定以下 / 未達 / 大幅 / 計画を上 / 計画を下 / 計画以 / 需要回復 / 需要の回復 / 需要が増 / 需要が低 / 悪化 / グローバルニッチトップ / トップシェア / シェア拡大 / レアアース
20260515,3079,3079_1530_DVx_2026年3月期 決算短信〔日本基準〕(連結).pdf,,,,4,,,,,,,,,,,,,,,,,,,,価格交渉 / 増産 / 価格改定 / 価格転嫁 / 値上 / 想定以上 / 上方修正 / 下方修正 / 想定以下 / 未達 / 大幅 / 計画を上 / 計画を下 / 計画以 / 需要回復 / 需要の回復 / 需要が増 / 需要が低 / 悪化 / グローバルニッチトップ / トップシェア / シェア拡大 / レアアース
20260515,3086,3086_1530_Jフロント_2026年4月度 J.フロントリテイリング 連結売上収益報告(IFRS).pdf,,,,,,,,,,,1 3,,,,,,,,,,,,,価格交渉 / 増産 / 価格改定 / 価格転嫁 / 値上 / 想定以上 / 上方修正 / 下方修正 / 想定以下 / 未達 / 大幅 / 計画を上 / 計画を下 / 計画以 / 需要回復 / 需要の回復 / 需要が増 / 需要が低 / 悪化 / グローバルニッチトップ / トップシェア / シェア拡大 / レアアース
20260515,3104,3104_1130_富士紡HD_個別決算における関係会社株式評価損の計上に関するお知らせ.pdf,,,,,,,,,,,,,1,,,,,,,,,,,価格交渉 / 増産 / 価格改定 / 価格転嫁 / 値上 / 想定以上 / 上方修正 / 下方修正 / 想定以下 / 未達 / 大幅 / 計画を上 / 計画を下 / 計画以 / 需要回復 / 需要の回復 / 需要が増 / 需要が低 / 悪化 / グローバルニッチトップ / トップシェア / シェア拡大 / レアアース
20260515,3113,3113_1530_UNIVA・Oak_営業外損益、特別損失及び法人税等調整額の計上、連結業績及び個別業績の前期実績との差異並びに剰余金の配当(無配)に関するお知らせ.pdf,,,,,,,,,,,2,,,,,,,,,,,,,価格交渉 / 増産 / 価格改定 / 価格転嫁 / 値上 / 想定以上 / 上方修正 / 下方修正 / 想定以下 / 未達 / 大幅 / 計画を上 / 計画を下 / 計画以 / 需要回復 / 需要の回復 / 需要が増 / 需要が低 / 悪化 / グローバルニッチトップ / トップシェア / シェア拡大 / レアアース
20260515,3133,3133_1700_G-海帆_2026年3月期決算短信〔日本基準〕(連結).pdf,,,,,,,,,,,,,,,,4,,,,,,,,価格交渉 / 増産 / 価格改定 / 価格転嫁 / 値上 / 想定以上 / 上方修正 / 下方修正 / 想定以下 / 未達 / 大幅 / 計画を上 / 計画を下 / 計画以 / 需要回復 / 需要の回復 / 需要が増 / 需要が低 / 悪化 / グローバルニッチトップ / トップシェア / シェア拡大 / レアアース
20260515,3133,3133_1700_G-海帆_営業外収益及び営業外費用並びに特別利益及び特別損失の計上に関するお知らせ.pdf,,,,,,,,,,,,,,,,,,,1,,,,,価格交渉 / 増産 / 価格改定 / 価格転嫁 / 値上 / 想定以上 / 上方修正 / 下方修正 / 想定以下 / 未達 / 大幅 / 計画を上 / 計画を下 / 計画以 / 需要回復 / 需要の回復 / 需要が増 / 需要が低 / 悪化 / グローバルニッチトップ / トップシェア / シェア拡大 / レアアース
20260515,3150,3150_1600_グリムス_2026年3月期決算短信補足資料.pdf,,,,,,,,,,,9,,,,,,,,,,,,,価格交渉 / 増産 / 価格改定 / 価格転嫁 / 値上 / 想定以上 / 上方修正 / 下方修正 / 想定以下 / 未達 / 大幅 / 計画を上 / 計画を下 / 計画以 / 需要回復 / 需要の回復 / 需要が増 / 需要が低 / 悪化 / グローバルニッチトップ / トップシェア / シェア拡大 / レアアース
20260515,3153,3153_1330_八洲電機_2026年3月期 決算短信〔日本基準〕(連結).pdf,,,,,,,,,,,4,,,,,,,,,,,,,価格交渉 / 増産 / 価格改定 / 価格転嫁 / 値上 / 想定以上 / 上方修正 / 下方修正 / 想定以下 / 未達 / 大幅 / 計画を上 / 計画を下 / 計画以 / 需要回復 / 需要の回復 / 需要が増 / 需要が低 / 悪化 / グローバルニッチトップ / トップシェア / シェア拡大 / レアアース
20260515,3183,3183_1530_ウイン・パートナーズ_2026年3月期決算短信〔日本基準〕(連結).pdf,,,,,,,,,,,,,,,,,,,,,,4,,価格交渉 / 増産 / 価格改定 / 価格転嫁 / 値上 / 想定以上 / 上方修正 / 下方修正 / 想定以下 / 未達 / 大幅 / 計画を上 / 計画を下 / 計画以 / 需要回復 / 需要の回復 / 需要が増 / 需要が低 / 悪化 / グローバルニッチトップ / トップシェア / シェア拡大 / レアアース
20260515,3187,3187_1600_G-ミラタップ_2026年9月期 第2四半期(中間期)決算短信〔日本基準〕(非連結).pdf,,,,,,,,,,,,,,,,,,,4,,,,,価格交渉 / 増産 / 価格改定 / 価格転嫁 / 値上 / 想定以上 / 上方修正 / 下方修正 / 想定以下 / 未達 / 大幅 / 計画を上 / 計画を下 / 計画以 / 需要回復 / 需要の回復 / 需要が増 / 需要が低 / 悪化 / グローバルニッチトップ / トップシェア / シェア拡大 / レアアース
20260515,326A,326A_1700_P-エアロラボ_個別業績の前期実績との差異に関するお知らせ.pdf,,,,,,,,,,,,,,,,2,,,,,,,,価格交渉 / 増産 / 価格改定 / 価格転嫁 / 値上 / 想定以上 / 上方修正 / 下方修正 / 想定以下 / 未達 / 大幅 / 計画を上 / 計画を下 / 計画以 / 需要回復 / 需要の回復 / 需要が増 / 需要が低 / 悪化 / グローバルニッチトップ / トップシェア / シェア拡大 / レアアース
20260515,3277,3277_1400_サンセイランディック_2026年12月期第1四半期決算短信補足資料.pdf,,,,,,,,,,,7,,,,,,,,,,,,,価格交渉 / 増産 / 価格改定 / 価格転嫁 / 値上 / 想定以上 / 上方修正 / 下方修正 / 想定以下 / 未達 / 大幅 / 計画を上 / 計画を下 / 計画以 / 需要回復 / 需要の回復 / 需要が増 / 需要が低 / 悪化 / グローバルニッチトップ / トップシェア / シェア拡大 / レアアース
20260515,3299,3299_1400_ムゲンエステート_2026年12月期第1四半期決算短信〔日本基準〕(連結).pdf,,,,,,,,,,,,,,,,,,,4,,,,,価格交渉 / 増産 / 価格改定 / 価格転嫁 / 値上 / 想定以上 / 上方修正 / 下方修正 / 想定以下 / 未達 / 大幅 / 計画を上 / 計画を下 / 計画以 / 需要回復 / 需要の回復 / 需要が増 / 需要が低 / 悪化 / グローバルニッチトップ / トップシェア / シェア拡大 / レアアース
20260515,3346,3346_1530_ヒロタグループHD_2026年3月期連結業績予想値と実績値との差異に関するお知らせ.pdf,,,,,,,,,,,,,,,,,,,2,,,,,価格交渉 / 増産 / 価格改定 / 価格転嫁 / 値上 / 想定以上 / 上方修正 / 下方修正 / 想定以下 / 未達 / 大幅 / 計画を上 / 計画を下 / 計画以 / 需要回復 / 需要の回復 / 需要が増 / 需要が低 / 悪化 / グローバルニッチトップ / トップシェア / シェア拡大 / レアアース
20260515,3358,3358_1630_Trailhead_2026年3月期 決算短信〔日本基準〕(連結).pdf,,,,,,,,,,,5 6,,,,,,,,,,,,,価格交渉 / 増産 / 価格改定 / 価格転嫁 / 値上 / 想定以上 / 上方修正 / 下方修正 / 想定以下 / 未達 / 大幅 / 計画を上 / 計画を下 / 計画以 / 需要回復 / 需要の回復 / 需要が増 / 需要が低 / 悪化 / グローバルニッチトップ / トップシェア / シェア拡大 / レアアース
20260515,3359,3359_1600_G-cotta_2026年9月期 第2四半期(中間期)決算短信〔日本基準〕(連結).pdf,,,,,,,,,,,,4,,,,,,,,,,,,価格交渉 / 増産 / 価格改定 / 価格転嫁 / 値上 / 想定以上 / 上方修正 / 下方修正 / 想定以下 / 未達 / 大幅 / 計画を上 / 計画を下 / 計画以 / 需要回復 / 需要の回復 / 需要が増 / 需要が低 / 悪化 / グローバルニッチトップ / トップシェア / シェア拡大 / レアアース
20260515,3374,3374_1545_内外テック_2026年3月期 決算短信〔日本基準〕(連結).pdf,,,,4,,,,,,,,,,,,,,,,,,,,価格交渉 / 増産 / 価格改定 / 価格転嫁 / 値上 / 想定以上 / 上方修正 / 下方修正 / 想定以下 / 未達 / 大幅 / 計画を上 / 計画を下 / 計画以 / 需要回復 / 需要の回復 / 需要が増 / 需要が低 / 悪化 / グローバルニッチトップ / トップシェア / シェア拡大 / レアアース
20260515,3388,3388_1530_明治電機_2026年3月期 決算短信〔日本基準〕(連結).pdf,,,,,,,,,,,,,,,,,,,4,,,,,価格交渉 / 増産 / 価格改定 / 価格転嫁 / 値上 / 想定以上 / 上方修正 / 下方修正 / 想定以下 / 未達 / 大幅 / 計画を上 / 計画を下 / 計画以 / 需要回復 / 需要の回復 / 需要が増 / 需要が低 / 悪化 / グローバルニッチトップ / トップシェア / シェア拡大 / レアアース
20260515,3393,3393_1530_スターティアHD_2026年3月期決算短信〔日本基準〕(連結.pdf,,,,,4,,,,,,,,,,,,,,,,,,,価格交渉 / 増産 / 価格改定 / 価格転嫁 / 値上 / 想定以上 / 上方修正 / 下方修正 / 想定以下 / 未達 / 大幅 / 計画を上 / 計画を下 / 計画以 / 需要回復 / 需要の回復 / 需要が増 / 需要が低 / 悪化 / グローバルニッチトップ / トップシェア / シェア拡大 / レアアース
20260515,3393,3393_1530_スターティアHD_2026年3月期通期 決算補足資料.pdf,,,,,,,,,,,14 35,,,,,,,,,,,,,価格交渉 / 増産 / 価格改定 / 価格転嫁 / 値上 / 想定以上 / 上方修正 / 下方修正 / 想定以下 / 未達 / 大幅 / 計画を上 / 計画を下 / 計画以 / 需要回復 / 需要の回復 / 需要が増 / 需要が低 / 悪化 / グローバルニッチトップ / トップシェア / シェア拡大 / レアアース
20260515,3423,3423_1200_エスイー_2026年3月期 決算短信〔日本基準〕 (連結).pdf,,,,,,,,,,,,,,,,,,,4,,,,,価格交渉 / 増産 / 価格改定 / 価格転嫁 / 値上 / 想定以上 / 上方修正 / 下方修正 / 想定以下 / 未達 / 大幅 / 計画を上 / 計画を下 / 計画以 / 需要回復 / 需要の回復 / 需要が増 / 需要が低 / 悪化 / グローバルニッチトップ / トップシェア / シェア拡大 / レアアース
20260515,3423,3423_1200_エスイー_2026年3月期 決算補足説明資料.pdf,,,,,,,,,,,3 6 7 8 13 18,,,,,,,,,,,,,価格交渉 / 増産 / 価格改定 / 価格転嫁 / 値上 / 想定以上 / 上方修正 / 下方修正 / 想定以下 / 未達 / 大幅 / 計画を上 / 計画を下 / 計画以 / 需要回復 / 需要の回復 / 需要が増 / 需要が低 / 悪化 / グローバルニッチトップ / トップシェア / シェア拡大 / レアアース
20260515,3437,3437_1300_特殊電極_2026年3月期 決算短信〔日本基準〕(連結).pdf,,,,,,,,,,,,,,,,,,,6,,,,,価格交渉 / 増産 / 価格改定 / 価格転嫁 / 値上 / 想定以上 / 上方修正 / 下方修正 / 想定以下 / 未達 / 大幅 / 計画を上 / 計画を下 / 計画以 / 需要回復 / 需要の回復 / 需要が増 / 需要が低 / 悪化 / グローバルニッチトップ / トップシェア / シェア拡大 / レアアース
20260515,3452,3452_1530_ビーロット_2026年12月期 第1四半期決算短信〔日本基準〕(連結).pdf,,,,,,,,,,,,,,,,,,,4,,,,,価格交渉 / 増産 / 価格改定 / 価格転嫁 / 値上 / 想定以上 / 上方修正 / 下方修正 / 想定以下 / 未達 / 大幅 / 計画を上 / 計画を下 / 計画以 / 需要回復 / 需要の回復 / 需要が増 / 需要が低 / 悪化 / グローバルニッチトップ / トップシェア / シェア拡大 / レアアース
20260515,3463,3463_1530_R-いちごホテル_2026年7月期の運用状況および分配予想の上方修正のお知らせ.pdf,,,,,,,1 2,,,,,,,,,,,,,,,,,価格交渉 / 増産 / 価格改定 / 価格転嫁 / 値上 / 想定以上 / 上方修正 / 下方修正 / 想定以下 / 未達 / 大幅 / 計画を上 / 計画を下 / 計画以 / 需要回復 / 需要の回復 / 需要が増 / 需要が低 / 悪化 / グローバルニッチトップ / トップシェア / シェア拡大 / レアアース
20260515,3463,3463_1530_R-いちごホテル_資産の譲渡のお知らせ(ホテルリブマックス日本橋箱崎).pdf,,,,,,,2 5,,,,,,,,,,,,,,,,,価格交渉 / 増産 / 価格改定 / 価格転嫁 / 値上 / 想定以上 / 上方修正 / 下方修正 / 想定以下 / 未達 / 大幅 / 計画を上 / 計画を下 / 計画以 / 需要回復 / 需要の回復 / 需要が増 / 需要が低 / 悪化 / グローバルニッチトップ / トップシェア / シェア拡大 / レアアース
20260515,347A,347A_1530_P-グロースパワー_2026年3月期 決算短信〔日本基準〕(非連結).pdf,,,,,,,,,,,,,,,,,,,5,,,,,価格交渉 / 増産 / 価格改定 / 価格転嫁 / 値上 / 想定以上 / 上方修正 / 下方修正 / 想定以下 / 未達 / 大幅 / 計画を上 / 計画を下 / 計画以 / 需要回復 / 需要の回復 / 需要が増 / 需要が低 / 悪化 / グローバルニッチトップ / トップシェア / シェア拡大 / レアアース
20260515,3495,3495_1400_香陵住販_2026年9月期第2四半期(中間期)決算短信〔日本基準〕(連結).pdf,,,,,,,,,,,,4,,,,,,,,,,,,価格交渉 / 増産 / 価格改定 / 価格転嫁 / 値上 / 想定以上 / 上方修正 / 下方修正 / 想定以下 / 未達 / 大幅 / 計画を上 / 計画を下 / 計画以 / 需要回復 / 需要の回復 / 需要が増 / 需要が低 / 悪化 / グローバルニッチトップ / トップシェア / シェア拡大 / レアアース
20260515,3542,3542_1530_G-VEGA_2026年3月期 決算短信〔日本基準〕(非連結).pdf,,,,,,,,,,,4 6,,,,,,,,,,,,,価格交渉 / 増産 / 価格改定 / 価格転嫁 / 値上 / 想定以上 / 上方修正 / 下方修正 / 想定以下 / 未達 / 大幅 / 計画を上 / 計画を下 / 計画以 / 需要回復 / 需要の回復 / 需要が増 / 需要が低 / 悪化 / グローバルニッチトップ / トップシェア / シェア拡大 / レアアース
20260515,3551,3551_1100_ダイニック_剰余金の配当(増配)に関するお知らせ.pdf,,,,,,,,,,,,1,,,,,,,,,,,,価格交渉 / 増産 / 価格改定 / 価格転嫁 / 値上 / 想定以上 / 上方修正 / 下方修正 / 想定以下 / 未達 / 大幅 / 計画を上 / 計画を下 / 計画以 / 需要回復 / 需要の回復 / 需要が増 / 需要が低 / 悪化 / グローバルニッチトップ / トップシェア / シェア拡大 / レアアース
20260515,362A,362A_1730_P-エクシオHD_2026年3月期 決算短信〔日本基準〕(連結).pdf,,,,,,,,,,,,,,,,4,,,,,,,,価格交渉 / 増産 / 価格改定 / 価格転嫁 / 値上 / 想定以上 / 上方修正 / 下方修正 / 想定以下 / 未達 / 大幅 / 計画を上 / 計画を下 / 計画以 / 需要回復 / 需要の回復 / 需要が増 / 需要が低 / 悪化 / グローバルニッチトップ / トップシェア / シェア拡大 / レアアース
20260515,3640,3640_1550_電算_2026年3月期 決算短信〔日本基準〕(連結).pdf,,,,,,,,,,,,,,,,,,,,,,4,,価格交渉 / 増産 / 価格改定 / 価格転嫁 / 値上 / 想定以上 / 上方修正 / 下方修正 / 想定以下 / 未達 / 大幅 / 計画を上 / 計画を下 / 計画以 / 需要回復 / 需要の回復 / 需要が増 / 需要が低 / 悪化 / グローバルニッチトップ / トップシェア / シェア拡大 / レアアース
20260515,3640,3640_1550_電算_中期経営計画(2026~2028年度)の策定に関するお知らせ.pdf,,,,,,,,,,,,,,,,,,,,,,5 9 10,,価格交渉 / 増産 / 価格改定 / 価格転嫁 / 値上 / 想定以上 / 上方修正 / 下方修正 / 想定以下 / 未達 / 大幅 / 計画を上 / 計画を下 / 計画以 / 需要回復 / 需要の回復 / 需要が増 / 需要が低 / 悪化 / グローバルニッチトップ / トップシェア / シェア拡大 / レアアース
20260515,3641,3641_1530_パピレス_2026年3月期 決算短信〔日本基準〕(連結).pdf,,4 6,,,,,,,,,,,,,,,,,,,,,,価格交渉 / 増産 / 価格改定 / 価格転嫁 / 値上 / 想定以上 / 上方修正 / 下方修正 / 想定以下 / 未達 / 大幅 / 計画を上 / 計画を下 / 計画以 / 需要回復 / 需要の回復 / 需要が増 / 需要が低 / 悪化 / グローバルニッチトップ / トップシェア / シェア拡大 / レアアース
20260515,3641,3641_1530_パピレス_通期業績予想値と実績値の差異に関するお知らせ.pdf,,,,,,,,,,1,,,,,,,,,,,,,,価格交渉 / 増産 / 価格改定 / 価格転嫁 / 値上 / 想定以上 / 上方修正 / 下方修正 / 想定以下 / 未達 / 大幅 / 計画を上 / 計画を下 / 計画以 / 需要回復 / 需要の回復 / 需要が増 / 需要が低 / 悪化 / グローバルニッチトップ / トップシェア / シェア拡大 / レアアース
20260515,3652,3652_1630_G-DMP_2026年3月期決算説明会資料.pdf,,,,,,,,,,,10 15 22,,,,,,,,,,,,,価格交渉 / 増産 / 価格改定 / 価格転嫁 / 値上 / 想定以上 / 上方修正 / 下方修正 / 想定以下 / 未達 / 大幅 / 計画を上 / 計画を下 / 計画以 / 需要回復 / 需要の回復 / 需要が増 / 需要が低 / 悪化 / グローバルニッチトップ / トップシェア / シェア拡大 / レアアース
20260515,3661,3661_1530_エムアップHD_2026年3月期 決算短信〔日本基準〕(連結).pdf,,,,,,,,,,,5 9,,,,,,,,,,,,,価格交渉 / 増産 / 価格改定 / 価格転嫁 / 値上 / 想定以上 / 上方修正 / 下方修正 / 想定以下 / 未達 / 大幅 / 計画を上 / 計画を下 / 計画以 / 需要回復 / 需要の回復 / 需要が増 / 需要が低 / 悪化 / グローバルニッチトップ / トップシェア / シェア拡大 / レアアース
20260515,3661,3661_1530_エムアップHD_2026年3月期 決算補足説明資料.pdf,,,,,,,,,,,5,,,,,,,,,,,,,価格交渉 / 増産 / 価格改定 / 価格転嫁 / 値上 / 想定以上 / 上方修正 / 下方修正 / 想定以下 / 未達 / 大幅 / 計画を上 / 計画を下 / 計画以 / 需要回復 / 需要の回復 / 需要が増 / 需要が低 / 悪化 / グローバルニッチトップ / トップシェア / シェア拡大 / レアアース
20260515,3667,3667_1600_enish_2026年12月期第1四半期決算説明資料.pdf,,,,,19,,,,,,,,,,,,,,,,,,,価格交渉 / 増産 / 価格改定 / 価格転嫁 / 値上 / 想定以上 / 上方修正 / 下方修正 / 想定以下 / 未達 / 大幅 / 計画を上 / 計画を下 / 計画以 / 需要回復 / 需要の回復 / 需要が増 / 需要が低 / 悪化 / グローバルニッチトップ / トップシェア / シェア拡大 / レアアース
20260515,3674,3674_1400_G-オークファン_2026年9月期 第2四半期(中間期)決算短信〔日本基準〕(連結).pdf,,,5,,,,,,,,,,,,,,,,,,,,,価格交渉 / 増産 / 価格改定 / 価格転嫁 / 値上 / 想定以上 / 上方修正 / 下方修正 / 想定以下 / 未達 / 大幅 / 計画を上 / 計画を下 / 計画以 / 需要回復 / 需要の回復 / 需要が増 / 需要が低 / 悪化 / グローバルニッチトップ / トップシェア / シェア拡大 / レアアース
20260515,3683,3683_1400_サイバーリンクス_2026年12月期 第1四半期決算短信〔日本基準〕(連結).pdf,,,,,,,,,,,5,,,,,,,,,,,,,価格交渉 / 増産 / 価格改定 / 価格転嫁 / 値上 / 想定以上 / 上方修正 / 下方修正 / 想定以下 / 未達 / 大幅 / 計画を上 / 計画を下 / 計画以 / 需要回復 / 需要の回復 / 需要が増 / 需要が低 / 悪化 / グローバルニッチトップ / トップシェア / シェア拡大 / レアアース
20260515,3683,3683_1400_サイバーリンクス_2026年12月期 第1四半期決算説明資料.pdf,,,,,,,,,,,44 45 50,,,,,,,,,,,,,価格交渉 / 増産 / 価格改定 / 価格転嫁 / 値上 / 想定以上 / 上方修正 / 下方修正 / 想定以下 / 未達 / 大幅 / 計画を上 / 計画を下 / 計画以 / 需要回復 / 需要の回復 / 需要が増 / 需要が低 / 悪化 / グローバルニッチトップ / トップシェア / シェア拡大 / レアアース
20260515,3692,3692_1530_G-FFRI_令和8年3月期 決算短信補足説明資料.pdf,,,,,,,,,,,,,,,,,3 28,,,,,,,価格交渉 / 増産 / 価格改定 / 価格転嫁 / 値上 / 想定以上 / 上方修正 / 下方修正 / 想定以下 / 未達 / 大幅 / 計画を上 / 計画を下 / 計画以 / 需要回復 / 需要の回復 / 需要が増 / 需要が低 / 悪化 / グローバルニッチトップ / トップシェア / シェア拡大 / レアアース
20260515,3692,3692_1530_G-FFRI_連結業績予想と実績値との差異および個別業績実績値と前期との差異 に関するお知らせ.pdf,,,,,,,,,,,,1,,,,,,,,,,,,価格交渉 / 増産 / 価格改定 / 価格転嫁 / 値上 / 想定以上 / 上方修正 / 下方修正 / 想定以下 / 未達 / 大幅 / 計画を上 / 計画を下 / 計画以 / 需要回復 / 需要の回復 / 需要が増 / 需要が低 / 悪化 / グローバルニッチトップ / トップシェア / シェア拡大 / レアアース
20260515,3694,3694_1550_オプティム_2026年3月期通期決算短信補足説明資料.pdf,,,,,,,,,,,3 12 17 22 23,,,,,,,,,,,,,価格交渉 / 増産 / 価格改定 / 価格転嫁 / 値上 / 想定以上 / 上方修正 / 下方修正 / 想定以下 / 未達 / 大幅 / 計画を上 / 計画を下 / 計画以 / 需要回復 / 需要の回復 / 需要が増 / 需要が低 / 悪化 / グローバルニッチトップ / トップシェア / シェア拡大 / レアアース
20260515,3719,3719_1600_AIストーム_令和8年12月期第1四半期決算短信〔日本基準〕(非連結).pdf,,,,,,,,,,,,,,4,,,,,,,,,,価格交渉 / 増産 / 価格改定 / 価格転嫁 / 値上 / 想定以上 / 上方修正 / 下方修正 / 想定以下 / 未達 / 大幅 / 計画を上 / 計画を下 / 計画以 / 需要回復 / 需要の回復 / 需要が増 / 需要が低 / 悪化 / グローバルニッチトップ / トップシェア / シェア拡大 / レアアース
20260515,3747,3747_1530_インタートレード_2026年9月期 第2四半期(中間期)決算短信〔日本基準〕(連結).pdf,,,,,,,,,,,,,,,,,,,5,,,,,価格交渉 / 増産 / 価格改定 / 価格転嫁 / 値上 / 想定以上 / 上方修正 / 下方修正 / 想定以下 / 未達 / 大幅 / 計画を上 / 計画を下 / 計画以 / 需要回復 / 需要の回復 / 需要が増 / 需要が低 / 悪化 / グローバルニッチトップ / トップシェア / シェア拡大 / レアアース
20260515,3769,3769_1531_GMOPG_2026年9月期 第2四半期(中間期)決算短信〔IFRS〕(連結).pdf,,,,,,,,,,,,,,6,,,,,,,,,,価格交渉 / 増産 / 価格改定 / 価格転嫁 / 値上 / 想定以上 / 上方修正 / 下方修正 / 想定以下 / 未達 / 大幅 / 計画を上 / 計画を下 / 計画以 / 需要回復 / 需要の回復 / 需要が増 / 需要が低 / 悪化 / グローバルニッチトップ / トップシェア / シェア拡大 / レアアース
20260515,3772,3772_1600_ウェルス_決算説明資料公表に関するお知らせ.pdf,,,,,,,,,,5 6,,,,,,,,,,,,,,価格交渉 / 増産 / 価格改定 / 価格転嫁 / 値上 / 想定以上 / 上方修正 / 下方修正 / 想定以下 / 未達 / 大幅 / 計画を上 / 計画を下 / 計画以 / 需要回復 / 需要の回復 / 需要が増 / 需要が低 / 悪化 / グローバルニッチトップ / トップシェア / シェア拡大 / レアアース
20260515,3799,3799_1530_キーウェア_2026年3月期 決算短信〔日本基準〕(連結).pdf,,,,,,,,,,,5,,,,,,,,,,,,,価格交渉 / 増産 / 価格改定 / 価格転嫁 / 値上 / 想定以上 / 上方修正 / 下方修正 / 想定以下 / 未達 / 大幅 / 計画を上 / 計画を下 / 計画以 / 需要回復 / 需要の回復 / 需要が増 / 需要が低 / 悪化 / グローバルニッチトップ / トップシェア / シェア拡大 / レアアース
20260515,3825,3825_1200_REMIX_2026年3月期 決算補足説明資料.pdf,,,,,,,,,,,6 16,,,,,,,,,,,,,価格交渉 / 増産 / 価格改定 / 価格転嫁 / 値上 / 想定以上 / 上方修正 / 下方修正 / 想定以下 / 未達 / 大幅 / 計画を上 / 計画を下 / 計画以 / 需要回復 / 需要の回復 / 需要が増 / 需要が低 / 悪化 / グローバルニッチトップ / トップシェア / シェア拡大 / レアアース
20260515,3835,3835_1600_eBASE_2026年3月期 決算短信〔日本基準〕(連結).pdf,,,,,,,,,,,5,,,,,,,,,,,,,価格交渉 / 増産 / 価格改定 / 価格転嫁 / 値上 / 想定以上 / 上方修正 / 下方修正 / 想定以下 / 未達 / 大幅 / 計画を上 / 計画を下 / 計画以 / 需要回復 / 需要の回復 / 需要が増 / 需要が低 / 悪化 / グローバルニッチトップ / トップシェア / シェア拡大 / レアアース
20260515,3841,3841_1540_ジーダット_2026年3月期決算短信〔日本基準〕(非連結).pdf,,,,,,,,,,,4,,,,,,,,,,,,,価格交渉 / 増産 / 価格改定 / 価格転嫁 / 値上 / 想定以上 / 上方修正 / 下方修正 / 想定以下 / 未達 / 大幅 / 計画を上 / 計画を下 / 計画以 / 需要回復 / 需要の回復 / 需要が増 / 需要が低 / 悪化 / グローバルニッチトップ / トップシェア / シェア拡大 / レアアース
20260515,3845,3845_1300_アイフリーク_2026年3月期 決算短信〔日本基準〕(非連結).pdf,,,,,,,,,,18,,,,,,,,,,,,,,価格交渉 / 増産 / 価格改定 / 価格転嫁 / 値上 / 想定以上 / 上方修正 / 下方修正 / 想定以下 / 未達 / 大幅 / 計画を上 / 計画を下 / 計画以 / 需要回復 / 需要の回復 / 需要が増 / 需要が低 / 悪化 / グローバルニッチトップ / トップシェア / シェア拡大 / レアアース
20260515,3849,3849_1600_A-NTL_2026年3月期 決算短信〔日本基準〕(非連結).pdf,,,,,,,,,,,6 7,,,,,,,,,,,,,価格交渉 / 増産 / 価格改定 / 価格転嫁 / 値上 / 想定以上 / 上方修正 / 下方修正 / 想定以下 / 未達 / 大幅 / 計画を上 / 計画を下 / 計画以 / 需要回復 / 需要の回復 / 需要が増 / 需要が低 / 悪化 / グローバルニッチトップ / トップシェア / シェア拡大 / レアアース
20260515,3865,3865_1500_北越コーポレーション_2026年3月期 決算短信〔日本基準〕(連結).pdf,,,4 5,,,,,,,,,,,,,,,,,,,,,価格交渉 / 増産 / 価格改定 / 価格転嫁 / 値上 / 想定以上 / 上方修正 / 下方修正 / 想定以下 / 未達 / 大幅 / 計画を上 / 計画を下 / 計画以 / 需要回復 / 需要の回復 / 需要が増 / 需要が低 / 悪化 / グローバルニッチトップ / トップシェア / シェア拡大 / レアアース
20260515,386A,386A_1600_みのや_2026年6月期第3四半期決算短信〔日本基準〕(非連結).pdf,,,,,,,,,,,,,,,,,,,4,,,,,価格交渉 / 増産 / 価格改定 / 価格転嫁 / 値上 / 想定以上 / 上方修正 / 下方修正 / 想定以下 / 未達 / 大幅 / 計画を上 / 計画を下 / 計画以 / 需要回復 / 需要の回復 / 需要が増 / 需要が低 / 悪化 / グローバルニッチトップ / トップシェア / シェア拡大 / レアアース
20260515,3901,3901_1530_マークラインズ_2026年12月期 第1四半期決算短信〔日本基準〕(連結).pdf,,,4 5,,,,,,,,,,,,,,,,,,,,,価格交渉 / 増産 / 価格改定 / 価格転嫁 / 値上 / 想定以上 / 上方修正 / 下方修正 / 想定以下 / 未達 / 大幅 / 計画を上 / 計画を下 / 計画以 / 需要回復 / 需要の回復 / 需要が増 / 需要が低 / 悪化 / グローバルニッチトップ / トップシェア / シェア拡大 / レアアース
20260515,3901,3901_1530_マークラインズ_2026年12月期 第1四半期決算補足説明資料.pdf,,,12 13 16 24,,,,,,,,,,,,,,,,,,,,,価格交渉 / 増産 / 価格改定 / 価格転嫁 / 値上 / 想定以上 / 上方修正 / 下方修正 / 想定以下 / 未達 / 大幅 / 計画を上 / 計画を下 / 計画以 / 需要回復 / 需要の回復 / 需要が増 / 需要が低 / 悪化 / グローバルニッチトップ / トップシェア / シェア拡大 / レアアース
20260515,3905,3905_1710_G-データセクション_2026年3月期 決算短信〔日本基準〕(連結).pdf,,,,,,,,,,,6,,,,,,,,,,,,,価格交渉 / 増産 / 価格改定 / 価格転嫁 / 値上 / 想定以上 / 上方修正 / 下方修正 / 想定以下 / 未達 / 大幅 / 計画を上 / 計画を下 / 計画以 / 需要回復 / 需要の回復 / 需要が増 / 需要が低 / 悪化 / グローバルニッチトップ / トップシェア / シェア拡大 / レアアース
20260515,3909,3909_1215_ショーケース_2026年3月期 通期決算短信〔日本基準〕(連結).pdf,,,,,,,,,,,5 7,,,,,,,,,,,,,価格交渉 / 増産 / 価格改定 / 価格転嫁 / 値上 / 想定以上 / 上方修正 / 下方修正 / 想定以下 / 未達 / 大幅 / 計画を上 / 計画を下 / 計画以 / 需要回復 / 需要の回復 / 需要が増 / 需要が低 / 悪化 / グローバルニッチトップ / トップシェア / シェア拡大 / レアアース
20260515,3912,3912_1500_モバファク_資本コストや株価を意識した経営の実現に向けた対応について(アップデート).pdf,,,,,,,,,,,18,,,,,,,,,,,,,価格交渉 / 増産 / 価格改定 / 価格転嫁 / 値上 / 想定以上 / 上方修正 / 下方修正 / 想定以下 / 未達 / 大幅 / 計画を上 / 計画を下 / 計画以 / 需要回復 / 需要の回復 / 需要が増 / 需要が低 / 悪化 / グローバルニッチトップ / トップシェア / シェア拡大 / レアアース
20260515,3928,3928_1530_マイネット_2026年12月期 第1四半期 決算説明会資料.pdf,,,,,,,,,,,3 12 17,,,,,,,,,,,,,価格交渉 / 増産 / 価格改定 / 価格転嫁 / 値上 / 想定以上 / 上方修正 / 下方修正 / 想定以下 / 未達 / 大幅 / 計画を上 / 計画を下 / 計画以 / 需要回復 / 需要の回復 / 需要が増 / 需要が低 / 悪化 / グローバルニッチトップ / トップシェア / シェア拡大 / レアアース
20260515,3933,3933_1600_チエル_2026年3月期の業績予想と実績の差異及び中計経営計画の見直しに関するお知らせ.pdf,,,,,,,,,,,,2,,,,,,,,,,,,価格交渉 / 増産 / 価格改定 / 価格転嫁 / 値上 / 想定以上 / 上方修正 / 下方修正 / 想定以下 / 未達 / 大幅 / 計画を上 / 計画を下 / 計画以 / 需要回復 / 需要の回復 / 需要が増 / 需要が低 / 悪化 / グローバルニッチトップ / トップシェア / シェア拡大 / レアアース
20260515,3943,3943_1600_大石産業_資本コストや株価を意識した経営の実現に向けた対応について(アップデート).pdf,,,,,,,,,,5,,,,,,,,,,,,,,価格交渉 / 増産 / 価格改定 / 価格転嫁 / 値上 / 想定以上 / 上方修正 / 下方修正 / 想定以下 / 未達 / 大幅 / 計画を上 / 計画を下 / 計画以 / 需要回復 / 需要の回復 / 需要が増 / 需要が低 / 悪化 / グローバルニッチトップ / トップシェア / シェア拡大 / レアアース
20260515,3945,3945_1600_スパバック_2026年3月期 決算短信〔日本基準〕(連結).pdf,,,,4,,,,,,,,,,,,,,,,,,,,価格交渉 / 増産 / 価格改定 / 価格転嫁 / 値上 / 想定以上 / 上方修正 / 下方修正 / 想定以下 / 未達 / 大幅 / 計画を上 / 計画を下 / 計画以 / 需要回復 / 需要の回復 / 需要が増 / 需要が低 / 悪化 / グローバルニッチトップ / トップシェア / シェア拡大 / レアアース
20260515,3976,3976_1530_G-シャノン_2026年12月期 第1四半期決算短信〔日本基準〕(連結).pdf,,,,,,,,,,,4,,,,,,,,,,,,,価格交渉 / 増産 / 価格改定 / 価格転嫁 / 値上 / 想定以上 / 上方修正 / 下方修正 / 想定以下 / 未達 / 大幅 / 計画を上 / 計画を下 / 計画以 / 需要回復 / 需要の回復 / 需要が増 / 需要が低 / 悪化 / グローバルニッチトップ / トップシェア / シェア拡大 / レアアース
20260515,3976,3976_1530_G-シャノン_2026年12月期 第1四半期決算補足説明資料.pdf,,,,,,,,,,,10 12,,,,,,,,,,,,,価格交渉 / 増産 / 価格改定 / 価格転嫁 / 値上 / 想定以上 / 上方修正 / 下方修正 / 想定以下 / 未達 / 大幅 / 計画を上 / 計画を下 / 計画以 / 需要回復 / 需要の回復 / 需要が増 / 需要が低 / 悪化 / グローバルニッチトップ / トップシェア / シェア拡大 / レアアース
20260515,3981,3981_1530_ビーグリー_2026年12月期 第1四半期決算短信〔日本基準〕(連結).pdf,,,,,,,,,,,4,,,,,,,,,,,,,価格交渉 / 増産 / 価格改定 / 価格転嫁 / 値上 / 想定以上 / 上方修正 / 下方修正 / 想定以下 / 未達 / 大幅 / 計画を上 / 計画を下 / 計画以 / 需要回復 / 需要の回復 / 需要が増 / 需要が低 / 悪化 / グローバルニッチトップ / トップシェア / シェア拡大 / レアアース
20260515,3998,3998_1530_G-すららネット_2026年12月期 第1四半期決算短信〔日本基準〕(連結).pdf,,,,,,,,,,,,,,,,,,,4,,,,,価格交渉 / 増産 / 価格改定 / 価格転嫁 / 値上 / 想定以上 / 上方修正 / 下方修正 / 想定以下 / 未達 / 大幅 / 計画を上 / 計画を下 / 計画以 / 需要回復 / 需要の回復 / 需要が増 / 需要が低 / 悪化 / グローバルニッチトップ / トップシェア / シェア拡大 / レアアース
20260515,4011,4011_1600_G-ヘッドウォーター_2026年12月期 第1四半期決算短信補足資料.pdf,,,,,,,,,,,7 16,,,,,,,,,,,,,価格交渉 / 増産 / 価格改定 / 価格転嫁 / 値上 / 想定以上 / 上方修正 / 下方修正 / 想定以下 / 未達 / 大幅 / 計画を上 / 計画を下 / 計画以 / 需要回復 / 需要の回復 / 需要が増 / 需要が低 / 悪化 / グローバルニッチトップ / トップシェア / シェア拡大 / レアアース
20260515,4011,4011_1600_G-ヘッドウォーター_合併により上場廃止となったBBDイニシアティブ株式会社に係る決算開示のお知らせ.pdf,,,,,,,,,,,,,,,,,,,,,,5,,価格交渉 / 増産 / 価格改定 / 価格転嫁 / 値上 / 想定以上 / 上方修正 / 下方修正 / 想定以下 / 未達 / 大幅 / 計画を上 / 計画を下 / 計画以 / 需要回復 / 需要の回復 / 需要が増 / 需要が低 / 悪化 / グローバルニッチトップ / トップシェア / シェア拡大 / レアアース
20260515,4021,4021_1530_日産化_2026年3月期 決算短信〔日本基準〕(連結).pdf,,,,,,,,,,,4,,,,,,,,,,,,,価格交渉 / 増産 / 価格改定 / 価格転嫁 / 値上 / 想定以上 / 上方修正 / 下方修正 / 想定以下 / 未達 / 大幅 / 計画を上 / 計画を下 / 計画以 / 需要回復 / 需要の回復 / 需要が増 / 需要が低 / 悪化 / グローバルニッチトップ / トップシェア / シェア拡大 / レアアース
20260515,4051,4051_1531_GMO-FG_2026年9月期 第2四半期(中間期)決算短信〔IFRS〕(連結).pdf,,,,,,,,,,,4,,,,,,,,,,,,,価格交渉 / 増産 / 価格改定 / 価格転嫁 / 値上 / 想定以上 / 上方修正 / 下方修正 / 想定以下 / 未達 / 大幅 / 計画を上 / 計画を下 / 計画以 / 需要回復 / 需要の回復 / 需要が増 / 需要が低 / 悪化 / グローバルニッチトップ / トップシェア / シェア拡大 / レアアース
20260515,4074,4074_1300_G-ラキール_2026年12月期 第1四半期決算説明資料.pdf,,,,,,,,,,,10,,,,,,,,,,,,,価格交渉 / 増産 / 価格改定 / 価格転嫁 / 値上 / 想定以上 / 上方修正 / 下方修正 / 想定以下 / 未達 / 大幅 / 計画を上 / 計画を下 / 計画以 / 需要回復 / 需要の回復 / 需要が増 / 需要が低 / 悪化 / グローバルニッチトップ / トップシェア / シェア拡大 / レアアース
20260515,407A,407A_1530_UNICON HD_2026年6月期第3四半期決算説明資料.pdf,,,,,,,,,,,45,,,,,,,,,,,,,価格交渉 / 増産 / 価格改定 / 価格転嫁 / 値上 / 想定以上 / 上方修正 / 下方修正 / 想定以下 / 未達 / 大幅 / 計画を上 / 計画を下 / 計画以 / 需要回復 / 需要の回復 / 需要が増 / 需要が低 / 悪化 / グローバルニッチトップ / トップシェア / シェア拡大 / レアアース
20260515,4098,4098_1500_チタン工_2026年3月期 決算短信[日本基準](連結).pdf,,,,,4 5,,,,,,,,,,,,,,,,,,,価格交渉 / 増産 / 価格改定 / 価格転嫁 / 値上 / 想定以上 / 上方修正 / 下方修正 / 想定以下 / 未達 / 大幅 / 計画を上 / 計画を下 / 計画以 / 需要回復 / 需要の回復 / 需要が増 / 需要が低 / 悪化 / グローバルニッチトップ / トップシェア / シェア拡大 / レアアース
20260515,4112,4112_1700_保土谷化_2025年度決算説明資料.pdf,,,,,,,,,,,13,,,,,,,,,,,,,価格交渉 / 増産 / 価格改定 / 価格転嫁 / 値上 / 想定以上 / 上方修正 / 下方修正 / 想定以下 / 未達 / 大幅 / 計画を上 / 計画を下 / 計画以 / 需要回復 / 需要の回復 / 需要が増 / 需要が低 / 悪化 / グローバルニッチトップ / トップシェア / シェア拡大 / レアアース
20260515,4112,4112_1700_保土谷化_2026年3月期 決算短信〔日本基準〕(連結).pdf,,,,,,,,,,,5,,,,,,,,,,,,,価格交渉 / 増産 / 価格改定 / 価格転嫁 / 値上 / 想定以上 / 上方修正 / 下方修正 / 想定以下 / 未達 / 大幅 / 計画を上 / 計画を下 / 計画以 / 需要回復 / 需要の回復 / 需要が増 / 需要が低 / 悪化 / グローバルニッチトップ / トップシェア / シェア拡大 / レアアース
20260515,4113,4113_1500_田岡化学工業_2026年3月期決算短信〔日本基準〕(連結).pdf,,,,,,,,,,,6,,,,,,,,,,,,,価格交渉 / 増産 / 価格改定 / 価格転嫁 / 値上 / 想定以上 / 上方修正 / 下方修正 / 想定以下 / 未達 / 大幅 / 計画を上 / 計画を下 / 計画以 / 需要回復 / 需要の回復 / 需要が増 / 需要が低 / 悪化 / グローバルニッチトップ / トップシェア / シェア拡大 / レアアース
20260515,4113,4113_1500_田岡化学工業_支配株主等に関する事項について.pdf,2,,,,,,,,,,,,,,,,,,,,,,,価格交渉 / 増産 / 価格改定 / 価格転嫁 / 値上 / 想定以上 / 上方修正 / 下方修正 / 想定以下 / 未達 / 大幅 / 計画を上 / 計画を下 / 計画以 / 需要回復 / 需要の回復 / 需要が増 / 需要が低 / 悪化 / グローバルニッチトップ / トップシェア / シェア拡大 / レアアース
20260515,4116,4116_1430_大日精化_2026年3月期 決算短信〔日本基準〕(連結).pdf,,,,,,,,,,,,,,,,,,,7,,,,,価格交渉 / 増産 / 価格改定 / 価格転嫁 / 値上 / 想定以上 / 上方修正 / 下方修正 / 想定以下 / 未達 / 大幅 / 計画を上 / 計画を下 / 計画以 / 需要回復 / 需要の回復 / 需要が増 / 需要が低 / 悪化 / グローバルニッチトップ / トップシェア / シェア拡大 / レアアース
20260515,4166,4166_1530_G-かっこ_2026年12月期 第1四半期決算短信〔日本基準〕(非連結).pdf,,,,,,,,,,,,,,,,,,,4,,,,,価格交渉 / 増産 / 価格改定 / 価格転嫁 / 値上 / 想定以上 / 上方修正 / 下方修正 / 想定以下 / 未達 / 大幅 / 計画を上 / 計画を下 / 計画以 / 需要回復 / 需要の回復 / 需要が増 / 需要が低 / 悪化 / グローバルニッチトップ / トップシェア / シェア拡大 / レアアース
20260515,4169,4169_1200_G-エネチェンジ_2026年3月期 決算説明資料.pdf,,,,,,,,,,,,,,,,,,,32,,,,,価格交渉 / 増産 / 価格改定 / 価格転嫁 / 値上 / 想定以上 / 上方修正 / 下方修正 / 想定以下 / 未達 / 大幅 / 計画を上 / 計画を下 / 計画以 / 需要回復 / 需要の回復 / 需要が増 / 需要が低 / 悪化 / グローバルニッチトップ / トップシェア / シェア拡大 / レアアース
20260515,4169,4169_1200_G-エネチェンジ_通期連結業績の前期実績値との差異に関するお知らせ.pdf,,,,,,,,,,,1,,,,,,,,,,,,,価格交渉 / 増産 / 価格改定 / 価格転嫁 / 値上 / 想定以上 / 上方修正 / 下方修正 / 想定以下 / 未達 / 大幅 / 計画を上 / 計画を下 / 計画以 / 需要回復 / 需要の回復 / 需要が増 / 需要が低 / 悪化 / グローバルニッチトップ / トップシェア / シェア拡大 / レアアース
20260515,416A,416A_1600_富士ユナイトHD_「2026~2028年度 中期経営計画」策定のお知らせ.pdf,,,,,,,,,,11,,,,,,,,,,,,,,価格交渉 / 増産 / 価格改定 / 価格転嫁 / 値上 / 想定以上 / 上方修正 / 下方修正 / 想定以下 / 未達 / 大幅 / 計画を上 / 計画を下 / 計画以 / 需要回復 / 需要の回復 / 需要が増 / 需要が低 / 悪化 / グローバルニッチトップ / トップシェア / シェア拡大 / レアアース
20260515,4178,4178_1530_G-Sイノベーション_2026年12月期 第1四半期決算短信(日本基準)(連結).pdf,,,,,,,,,,,,,4,,,,,,,,,,,価格交渉 / 増産 / 価格改定 / 価格転嫁 / 値上 / 想定以上 / 上方修正 / 下方修正 / 想定以下 / 未達 / 大幅 / 計画を上 / 計画を下 / 計画以 / 需要回復 / 需要の回復 / 需要が増 / 需要が低 / 悪化 / グローバルニッチトップ / トップシェア / シェア拡大 / レアアース
20260515,4234,4234_1200_サンエー化研_2026年3月期 決算短信〔日本基準〕(連結).pdf,,,,,4,,,,,,,,,,,,,,,,,,,価格交渉 / 増産 / 価格改定 / 価格転嫁 / 値上 / 想定以上 / 上方修正 / 下方修正 / 想定以下 / 未達 / 大幅 / 計画を上 / 計画を下 / 計画以 / 需要回復 / 需要の回復 / 需要が増 / 需要が低 / 悪化 / グローバルニッチトップ / トップシェア / シェア拡大 / レアアース
20260515,4256,4256_1540_G-サインド_2026年3月期 決算短信〔日本基準〕(連結).pdf,,,,,,,,,,,,,,,,,,,,,,4,,価格交渉 / 増産 / 価格改定 / 価格転嫁 / 値上 / 想定以上 / 上方修正 / 下方修正 / 想定以下 / 未達 / 大幅 / 計画を上 / 計画を下 / 計画以 / 需要回復 / 需要の回復 / 需要が増 / 需要が低 / 悪化 / グローバルニッチトップ / トップシェア / シェア拡大 / レアアース
20260515,4301,4301_1530_アミューズ_2026年3月期決算短信[日本基準](連結).pdf,,,,,,,,,,,4 5,,,,,,,,,,,,,価格交渉 / 増産 / 価格改定 / 価格転嫁 / 値上 / 想定以上 / 上方修正 / 下方修正 / 想定以下 / 未達 / 大幅 / 計画を上 / 計画を下 / 計画以 / 需要回復 / 需要の回復 / 需要が増 / 需要が低 / 悪化 / グローバルニッチトップ / トップシェア / シェア拡大 / レアアース
20260515,4324,4324_1545_電通グループ_2026年度第1四半期 決算説明会資料.pdf,,,,,,,,,,43,,,,,,,,,,,,,,価格交渉 / 増産 / 価格改定 / 価格転嫁 / 値上 / 想定以上 / 上方修正 / 下方修正 / 想定以下 / 未達 / 大幅 / 計画を上 / 計画を下 / 計画以 / 需要回復 / 需要の回復 / 需要が増 / 需要が低 / 悪化 / グローバルニッチトップ / トップシェア / シェア拡大 / レアアース
20260515,4343,4343_1530_イオンファン_2027年2月期 4月度の売上概況.pdf,,,,,,,,,,,,3,,,,,,,,,,,,価格交渉 / 増産 / 価格改定 / 価格転嫁 / 値上 / 想定以上 / 上方修正 / 下方修正 / 想定以下 / 未達 / 大幅 / 計画を上 / 計画を下 / 計画以 / 需要回復 / 需要の回復 / 需要が増 / 需要が低 / 悪化 / グローバルニッチトップ / トップシェア / シェア拡大 / レアアース
20260515,4365,4365_1530_松本油脂_2026年3月期 決算短信〔日本基準〕(連結).pdf,,,,,,,,,,,6,,,,,,,,,,,,,価格交渉 / 増産 / 価格改定 / 価格転嫁 / 値上 / 想定以上 / 上方修正 / 下方修正 / 想定以下 / 未達 / 大幅 / 計画を上 / 計画を下 / 計画以 / 需要回復 / 需要の回復 / 需要が増 / 需要が低 / 悪化 / グローバルニッチトップ / トップシェア / シェア拡大 / レアアース
20260515,4375,4375_1130_G-セーフィー_2026年12月期第1四半期 決算短信〔日本基準〕(連結).pdf,,,,,,,,,,,,,,,,,,,,,,4,,価格交渉 / 増産 / 価格改定 / 価格転嫁 / 値上 / 想定以上 / 上方修正 / 下方修正 / 想定以下 / 未達 / 大幅 / 計画を上 / 計画を下 / 計画以 / 需要回復 / 需要の回復 / 需要が増 / 需要が低 / 悪化 / グローバルニッチトップ / トップシェア / シェア拡大 / レアアース
20260515,4390,4390_1530_ips_投資家の皆様よりいただいたご質問と回答.pdf,,,,,,,,,,,2,,,,,,,,,,,,,価格交渉 / 増産 / 価格改定 / 価格転嫁 / 値上 / 想定以上 / 上方修正 / 下方修正 / 想定以下 / 未達 / 大幅 / 計画を上 / 計画を下 / 計画以 / 需要回復 / 需要の回復 / 需要が増 / 需要が低 / 悪化 / グローバルニッチトップ / トップシェア / シェア拡大 / レアアース
20260515,4416,4416_1600_G-TrueData_2026年3月期 決算短信〔日本基準〕(非連結).pdf,,,,,,,,,,,4,,,,,,,,,,,,,価格交渉 / 増産 / 価格改定 / 価格転嫁 / 値上 / 想定以上 / 上方修正 / 下方修正 / 想定以下 / 未達 / 大幅 / 計画を上 / 計画を下 / 計画以 / 需要回復 / 需要の回復 / 需要が増 / 需要が低 / 悪化 / グローバルニッチトップ / トップシェア / シェア拡大 / レアアース
20260515,4444,4444_1730_G-インフォネット_2026年3月期決算説明動画及び書き起こし記事公開に関するお知らせ.pdf,,,,,,,,,,,23,,,,,,,,,,,,,価格交渉 / 増産 / 価格改定 / 価格転嫁 / 値上 / 想定以上 / 上方修正 / 下方修正 / 想定以下 / 未達 / 大幅 / 計画を上 / 計画を下 / 計画以 / 需要回復 / 需要の回復 / 需要が増 / 需要が低 / 悪化 / グローバルニッチトップ / トップシェア / シェア拡大 / レアアース
20260515,4445,4445_1600_G-リビンT_2026年9月期 第2四半期決算説明資料.pdf,,,,,,,11 12,,,,,,,,,,,,,,,,,価格交渉 / 増産 / 価格改定 / 価格転嫁 / 値上 / 想定以上 / 上方修正 / 下方修正 / 想定以下 / 未達 / 大幅 / 計画を上 / 計画を下 / 計画以 / 需要回復 / 需要の回復 / 需要が増 / 需要が低 / 悪化 / グローバルニッチトップ / トップシェア / シェア拡大 / レアアース
20260515,4462,4462_1450_石原ケミカル_2026年3月期決算短信〔日本基準〕(連結).pdf,,,,,,,,,,,,,,,,,,,,,,5,,価格交渉 / 増産 / 価格改定 / 価格転嫁 / 値上 / 想定以上 / 上方修正 / 下方修正 / 想定以下 / 未達 / 大幅 / 計画を上 / 計画を下 / 計画以 / 需要回復 / 需要の回復 / 需要が増 / 需要が低 / 悪化 / グローバルニッチトップ / トップシェア / シェア拡大 / レアアース
20260515,4476,4476_1530_G-AI CROSS_2026年12月期 第1四半期決算説明資料.pdf,,,,,,,,,,,8,,,,,,,,,,,,,価格交渉 / 増産 / 価格改定 / 価格転嫁 / 値上 / 想定以上 / 上方修正 / 下方修正 / 想定以下 / 未達 / 大幅 / 計画を上 / 計画を下 / 計画以 / 需要回復 / 需要の回復 / 需要が増 / 需要が低 / 悪化 / グローバルニッチトップ / トップシェア / シェア拡大 / レアアース
20260515,4481,4481_1530_ベース_2026年12月期 第1四半期決算短信〔日本基準〕(連結).pdf,,,,,,,,,,,4,,,,,,,,,,,,,価格交渉 / 増産 / 価格改定 / 価格転嫁 / 値上 / 想定以上 / 上方修正 / 下方修正 / 想定以下 / 未達 / 大幅 / 計画を上 / 計画を下 / 計画以 / 需要回復 / 需要の回復 / 需要が増 / 需要が低 / 悪化 / グローバルニッチトップ / トップシェア / シェア拡大 / レアアース
20260515,4484,4484_1700_G-ランサーズ_2026年3月期決算短信〔日本基準〕(連結).pdf,,,,,,,,,,,4,,,,,,,,,,,,,価格交渉 / 増産 / 価格改定 / 価格転嫁 / 値上 / 想定以上 / 上方修正 / 下方修正 / 想定以下 / 未達 / 大幅 / 計画を上 / 計画を下 / 計画以 / 需要回復 / 需要の回復 / 需要が増 / 需要が低 / 悪化 / グローバルニッチトップ / トップシェア / シェア拡大 / レアアース
20260515,4484,4484_1700_G-ランサーズ_通期連結業績予想と実績との差異(売上高・営業利益の予想超過及び当期純利益の予想未達)及び期末配当実施維持並びに特別損失の計上に関するお知らせ.pdf,,,,,,,,,,1,,,,,,,,,,,,,,価格交渉 / 増産 / 価格改定 / 価格転嫁 / 値上 / 想定以上 / 上方修正 / 下方修正 / 想定以下 / 未達 / 大幅 / 計画を上 / 計画を下 / 計画以 / 需要回復 / 需要の回復 / 需要が増 / 需要が低 / 悪化 / グローバルニッチトップ / トップシェア / シェア拡大 / レアアース
20260515,4492,4492_1600_ゼネテック_「中期経営計画2026-2028」策定に関するお知らせ.pdf,,,,,,,,,,5,,,,,,,,,,,,,,価格交渉 / 増産 / 価格改定 / 価格転嫁 / 値上 / 想定以上 / 上方修正 / 下方修正 / 想定以下 / 未達 / 大幅 / 計画を上 / 計画を下 / 計画以 / 需要回復 / 需要の回復 / 需要が増 / 需要が低 / 悪化 / グローバルニッチトップ / トップシェア / シェア拡大 / レアアース
20260515,4493,4493_1600_G-サイバーセキュリ_2026年12月期 第1四半期 決算説明資料.pdf,,,6,,,,,,,,,,,,,,,,,,,,,価格交渉 / 増産 / 価格改定 / 価格転嫁 / 値上 / 想定以上 / 上方修正 / 下方修正 / 想定以下 / 未達 / 大幅 / 計画を上 / 計画を下 / 計画以 / 需要回復 / 需要の回復 / 需要が増 / 需要が低 / 悪化 / グローバルニッチトップ / トップシェア / シェア拡大 / レアアース
20260515,4523,4523_1530_エーザイ_2025年度(2026年3月期)通期決算 参考資料.pdf,,,,,,,,,,,1 3,,,,,,,,,,,,,価格交渉 / 増産 / 価格改定 / 価格転嫁 / 値上 / 想定以上 / 上方修正 / 下方修正 / 想定以下 / 未達 / 大幅 / 計画を上 / 計画を下 / 計画以 / 需要回復 / 需要の回復 / 需要が増 / 需要が低 / 悪化 / グローバルニッチトップ / トップシェア / シェア拡大 / レアアース
20260515,4523,4523_1530_エーザイ_2026年3月期 決算短信〔IFRS〕(連結).pdf,,,,,,,,,,,4 5 10 11,,,,,,,,,,,,,価格交渉 / 増産 / 価格改定 / 価格転嫁 / 値上 / 想定以上 / 上方修正 / 下方修正 / 想定以下 / 未達 / 大幅 / 計画を上 / 計画を下 / 計画以 / 需要回復 / 需要の回復 / 需要が増 / 需要が低 / 悪化 / グローバルニッチトップ / トップシェア / シェア拡大 / レアアース
20260515,4523,4523_1540_エーザイ_株式報酬制度(役員報酬BIP信託)の継続に関するお知らせ.pdf,,,,,,,,,,4 7,,,,,,,,,,,,,,価格交渉 / 増産 / 価格改定 / 価格転嫁 / 値上 / 想定以上 / 上方修正 / 下方修正 / 想定以下 / 未達 / 大幅 / 計画を上 / 計画を下 / 計画以 / 需要回復 / 需要の回復 / 需要が増 / 需要が低 / 悪化 / グローバルニッチトップ / トップシェア / シェア拡大 / レアアース
20260515,4531,4531_1500_有機薬_2026年3月期決算短信〔日本基準〕(非連結).pdf,,,,,,,,,,,,,,,,,,,4 5,,,,,価格交渉 / 増産 / 価格改定 / 価格転嫁 / 値上 / 想定以上 / 上方修正 / 下方修正 / 想定以下 / 未達 / 大幅 / 計画を上 / 計画を下 / 計画以 / 需要回復 / 需要の回復 / 需要が増 / 需要が低 / 悪化 / グローバルニッチトップ / トップシェア / シェア拡大 / レアアース
20260515,4543,4543_1530_テルモ_2026年3月期 決算短信〔IFRS〕(連結).pdf,,,,,,,,,,,,,,,,,,,18,,,,,価格交渉 / 増産 / 価格改定 / 価格転嫁 / 値上 / 想定以上 / 上方修正 / 下方修正 / 想定以下 / 未達 / 大幅 / 計画を上 / 計画を下 / 計画以 / 需要回復 / 需要の回復 / 需要が増 / 需要が低 / 悪化 / グローバルニッチトップ / トップシェア / シェア拡大 / レアアース
20260515,4579,4579_1530_G-ラクオリア創薬_2026年12月期(第18期)第1四半期 決算説明会資料.pdf,,,,,26,,,,,,,,,,,,,,,,,,,価格交渉 / 増産 / 価格改定 / 価格転嫁 / 値上 / 想定以上 / 上方修正 / 下方修正 / 想定以下 / 未達 / 大幅 / 計画を上 / 計画を下 / 計画以 / 需要回復 / 需要の回復 / 需要が増 / 需要が低 / 悪化 / グローバルニッチトップ / トップシェア / シェア拡大 / レアアース
20260515,4597,4597_1530_G-ソレイジア_製品開発品等の事業状況(2026年12月期第1四半期).pdf,,,,,,,,,,,5,,,,,,,,,,,,,価格交渉 / 増産 / 価格改定 / 価格転嫁 / 値上 / 想定以上 / 上方修正 / 下方修正 / 想定以下 / 未達 / 大幅 / 計画を上 / 計画を下 / 計画以 / 需要回復 / 需要の回復 / 需要が増 / 需要が低 / 悪化 / グローバルニッチトップ / トップシェア / シェア拡大 / レアアース
20260515,4598,4598_1535_G-DELTA-P_2026年3月期決算短信〔日本基準〕(非連結).pdf,,,,,4,,,,,,,,,,,,,,,,,,,価格交渉 / 増産 / 価格改定 / 価格転嫁 / 値上 / 想定以上 / 上方修正 / 下方修正 / 想定以下 / 未達 / 大幅 / 計画を上 / 計画を下 / 計画以 / 需要回復 / 需要の回復 / 需要が増 / 需要が低 / 悪化 / グローバルニッチトップ / トップシェア / シェア拡大 / レアアース
20260515,4631,4631_1200_DIC_2026年12月期 第1四半期決算短信〔日本基準〕(連結).pdf,,,,,,,,,,,6,,,,,,,,,,,,,価格交渉 / 増産 / 価格改定 / 価格転嫁 / 値上 / 想定以上 / 上方修正 / 下方修正 / 想定以下 / 未達 / 大幅 / 計画を上 / 計画を下 / 計画以 / 需要回復 / 需要の回復 / 需要が増 / 需要が低 / 悪化 / グローバルニッチトップ / トップシェア / シェア拡大 / レアアース
20260515,4651,4651_1530_サニックスHD_2026年3月期 決算説明資料.pdf,,,,,,,,,,,28,,,,,,,,,,,,,価格交渉 / 増産 / 価格改定 / 価格転嫁 / 値上 / 想定以上 / 上方修正 / 下方修正 / 想定以下 / 未達 / 大幅 / 計画を上 / 計画を下 / 計画以 / 需要回復 / 需要の回復 / 需要が増 / 需要が低 / 悪化 / グローバルニッチトップ / トップシェア / シェア拡大 / レアアース
20260515,4659,4659_1500_エイジス_2026年3月期通期業績予想と実績との差異に関するお知らせ.pdf,,,,,,,,,,,2,,,,,,,,,,,,,価格交渉 / 増産 / 価格改定 / 価格転嫁 / 値上 / 想定以上 / 上方修正 / 下方修正 / 想定以下 / 未達 / 大幅 / 計画を上 / 計画を下 / 計画以 / 需要回復 / 需要の回復 / 需要が増 / 需要が低 / 悪化 / グローバルニッチトップ / トップシェア / シェア拡大 / レアアース
20260515,4718,4718_1530_早稲アカ_役員向け業績連動型株式報酬制度の継続及び一部改定に関するお知らせ.pdf,,,,,,,,,,4 5,,,,,,,,,,,,,,価格交渉 / 増産 / 価格改定 / 価格転嫁 / 値上 / 想定以上 / 上方修正 / 下方修正 / 想定以下 / 未達 / 大幅 / 計画を上 / 計画を下 / 計画以 / 需要回復 / 需要の回復 / 需要が増 / 需要が低 / 悪化 / グローバルニッチトップ / トップシェア / シェア拡大 / レアアース
20260515,475A,475A_1600_ギミック_2026年3月期_決算説明動画及び書き起こし記事公開に関するお知らせ.pdf,,,,,,,,,,,11,,,,,,,,,,,,,価格交渉 / 増産 / 価格改定 / 価格転嫁 / 値上 / 想定以上 / 上方修正 / 下方修正 / 想定以下 / 未達 / 大幅 / 計画を上 / 計画を下 / 計画以 / 需要回復 / 需要の回復 / 需要が増 / 需要が低 / 悪化 / グローバルニッチトップ / トップシェア / シェア拡大 / レアアース
20260515,4766,4766_1600_ピーエイ_令和8年12月期第1四半期決算短信〔日本基準〕(連結).pdf,,,,,,,,,,,4,,,,,,,,,,,,,価格交渉 / 増産 / 価格改定 / 価格転嫁 / 値上 / 想定以上 / 上方修正 / 下方修正 / 想定以下 / 未達 / 大幅 / 計画を上 / 計画を下 / 計画以 / 需要回復 / 需要の回復 / 需要が増 / 需要が低 / 悪化 / グローバルニッチトップ / トップシェア / シェア拡大 / レアアース
20260515,4777,4777_1615_ガーラ_2026年12月期 第1四半期決算短信〔日本基準〕(連結).pdf,,,,,,,,,,,4 5,,,,,,,,,,,,,価格交渉 / 増産 / 価格改定 / 価格転嫁 / 値上 / 想定以上 / 上方修正 / 下方修正 / 想定以下 / 未達 / 大幅 / 計画を上 / 計画を下 / 計画以 / 需要回復 / 需要の回復 / 需要が増 / 需要が低 / 悪化 / グローバルニッチトップ / トップシェア / シェア拡大 / レアアース
20260515,4784,4784_1531_GMOインターネット_2026年12月期 第1四半期決算説明資料.pdf,,,,,,,,,,,,,,,,,,,,,,37,,価格交渉 / 増産 / 価格改定 / 価格転嫁 / 値上 / 想定以上 / 上方修正 / 下方修正 / 想定以下 / 未達 / 大幅 / 計画を上 / 計画を下 / 計画以 / 需要回復 / 需要の回復 / 需要が増 / 需要が低 / 悪化 / グローバルニッチトップ / トップシェア / シェア拡大 / レアアース
20260515,479A,479A_1531_G-PRONI_資金の借り入れに関するお知らせ.pdf,,,,,,,,,,,,,,,,,1,,,,,,,価格交渉 / 増産 / 価格改定 / 価格転嫁 / 値上 / 想定以上 / 上方修正 / 下方修正 / 想定以下 / 未達 / 大幅 / 計画を上 / 計画を下 / 計画以 / 需要回復 / 需要の回復 / 需要が増 / 需要が低 / 悪化 / グローバルニッチトップ / トップシェア / シェア拡大 / レアアース
20260515,4833,4833_1600_G-Defコンサル_2026年3月期 決算短信〔日本基準〕(非連結).pdf,,,,,,,,,,,4 6 7 8,,,,,,,,,,,,,価格交渉 / 増産 / 価格改定 / 価格転嫁 / 値上 / 想定以上 / 上方修正 / 下方修正 / 想定以下 / 未達 / 大幅 / 計画を上 / 計画を下 / 計画以 / 需要回復 / 需要の回復 / 需要が増 / 需要が低 / 悪化 / グローバルニッチトップ / トップシェア / シェア拡大 / レアアース
20260515,4833,4833_1600_G-Defコンサル_個別業績の前年実績との差異に関するお知らせ.pdf,,,,,,,,,,,1,,,,,,,,,,,,,価格交渉 / 増産 / 価格改定 / 価格転嫁 / 値上 / 想定以上 / 上方修正 / 下方修正 / 想定以下 / 未達 / 大幅 / 計画を上 / 計画を下 / 計画以 / 需要回復 / 需要の回復 / 需要が増 / 需要が低 / 悪化 / グローバルニッチトップ / トップシェア / シェア拡大 / レアアース
20260515,4845,4845_1530_スカラ_2026年6月期 第3四半期決算短信[IFRS](連結).pdf,,,,,,,,,,,,5,,,,,,,,,,,,価格交渉 / 増産 / 価格改定 / 価格転嫁 / 値上 / 想定以上 / 上方修正 / 下方修正 / 想定以下 / 未達 / 大幅 / 計画を上 / 計画を下 / 計画以 / 需要回復 / 需要の回復 / 需要が増 / 需要が低 / 悪化 / グローバルニッチトップ / トップシェア / シェア拡大 / レアアース
20260515,4887,4887_1500_サワイグループHD_2026年3月期決算短信〔IFRS〕(連結).pdf,,5,,,,,,,,,,,,,,,,,,,,,,価格交渉 / 増産 / 価格改定 / 価格転嫁 / 値上 / 想定以上 / 上方修正 / 下方修正 / 想定以下 / 未達 / 大幅 / 計画を上 / 計画を下 / 計画以 / 需要回復 / 需要の回復 / 需要が増 / 需要が低 / 悪化 / グローバルニッチトップ / トップシェア / シェア拡大 / レアアース
20260515,4891,4891_1530_G-ティムス_2026年12月期 第1四半期決算短信〔日本基準〕(非連結).pdf,,,,,,,,,,,,,,,,,,,4,,,,,価格交渉 / 増産 / 価格改定 / 価格転嫁 / 値上 / 想定以上 / 上方修正 / 下方修正 / 想定以下 / 未達 / 大幅 / 計画を上 / 計画を下 / 計画以 / 需要回復 / 需要の回復 / 需要が増 / 需要が低 / 悪化 / グローバルニッチトップ / トップシェア / シェア拡大 / レアアース
20260515,4894,4894_1530_G-クオリプス_2026年3月期 決算短信〔日本基準〕(連結).pdf,,,,,,,,,,,,,,,,,,,5,,,,,価格交渉 / 増産 / 価格改定 / 価格転嫁 / 値上 / 想定以上 / 上方修正 / 下方修正 / 想定以下 / 未達 / 大幅 / 計画を上 / 計画を下 / 計画以 / 需要回復 / 需要の回復 / 需要が増 / 需要が低 / 悪化 / グローバルニッチトップ / トップシェア / シェア拡大 / レアアース
20260515,490A,490A_1600_P-センス・トラスト_2026年3月期 決算短信〔日本基準〕(非連結).pdf,,,,,,,,,,,,,,,,4,,,,,,,,価格交渉 / 増産 / 価格改定 / 価格転嫁 / 値上 / 想定以上 / 上方修正 / 下方修正 / 想定以下 / 未達 / 大幅 / 計画を上 / 計画を下 / 計画以 / 需要回復 / 需要の回復 / 需要が増 / 需要が低 / 悪化 / グローバルニッチトップ / トップシェア / シェア拡大 / レアアース
20260515,4914,4914_1600_高砂香料_2026年3月期 決算短信〔日本基準〕(連結).pdf,,,,,,,,,,,6,,,,,,,,,,,,,価格交渉 / 増産 / 価格改定 / 価格転嫁 / 値上 / 想定以上 / 上方修正 / 下方修正 / 想定以下 / 未達 / 大幅 / 計画を上 / 計画を下 / 計画以 / 需要回復 / 需要の回復 / 需要が増 / 需要が低 / 悪化 / グローバルニッチトップ / トップシェア / シェア拡大 / レアアース
20260515,4933,4933_1130_Ine_2025年12月期 決算短信〔日本基準〕(連結).pdf,,,,,,,,,,,6,,,,,,,,,,,,,価格交渉 / 増産 / 価格改定 / 価格転嫁 / 値上 / 想定以上 / 上方修正 / 下方修正 / 想定以下 / 未達 / 大幅 / 計画を上 / 計画を下 / 計画以 / 需要回復 / 需要の回復 / 需要が増 / 需要が低 / 悪化 / グローバルニッチトップ / トップシェア / シェア拡大 / レアアース
20260515,4933,4933_1130_Ine_2025年12月期決算説明資料.pdf,,,,,,,,,,,2 5 6 9 10 19 29 32,,,,,,,,,,,,,価格交渉 / 増産 / 価格改定 / 価格転嫁 / 値上 / 想定以上 / 上方修正 / 下方修正 / 想定以下 / 未達 / 大幅 / 計画を上 / 計画を下 / 計画以 / 需要回復 / 需要の回復 / 需要が増 / 需要が低 / 悪化 / グローバルニッチトップ / トップシェア / シェア拡大 / レアアース
20260515,4935,4935_1600_リベルタ_2026年12月期第1四半期決算説明資料.pdf,,,,,,,,,,,5 10,,,,,,,,,,,,,価格交渉 / 増産 / 価格改定 / 価格転嫁 / 値上 / 想定以上 / 上方修正 / 下方修正 / 想定以下 / 未達 / 大幅 / 計画を上 / 計画を下 / 計画以 / 需要回復 / 需要の回復 / 需要が増 / 需要が低 / 悪化 / グローバルニッチトップ / トップシェア / シェア拡大 / レアアース
20260515,4994,4994_1500_大成ラミックG_2026年3月期 決算短信〔日本基準〕(連結).pdf,,,4,,,,,,,,,,,,,,,,,,,,,価格交渉 / 増産 / 価格改定 / 価格転嫁 / 値上 / 想定以上 / 上方修正 / 下方修正 / 想定以下 / 未達 / 大幅 / 計画を上 / 計画を下 / 計画以 / 需要回復 / 需要の回復 / 需要が増 / 需要が低 / 悪化 / グローバルニッチトップ / トップシェア / シェア拡大 / レアアース
20260515,503A,503A_1700_P-ベルチャイルド_2026年3月期 決算短信〔日本基準〕(連結).pdf,,,,,,,,,,,4,,,,,,,,,,,,,価格交渉 / 増産 / 価格改定 / 価格転嫁 / 値上 / 想定以上 / 上方修正 / 下方修正 / 想定以下 / 未達 / 大幅 / 計画を上 / 計画を下 / 計画以 / 需要回復 / 需要の回復 / 需要が増 / 需要が低 / 悪化 / グローバルニッチトップ / トップシェア / シェア拡大 / レアアース
20260515,5072,5072_1500_P-アートフォース_2026年12月期 第1四半期決算短信〔日本基準〕(連結).pdf,,,,,,,,,,,4,,,,,,,,,,,,,価格交渉 / 増産 / 価格改定 / 価格転嫁 / 値上 / 想定以上 / 上方修正 / 下方修正 / 想定以下 / 未達 / 大幅 / 計画を上 / 計画を下 / 計画以 / 需要回復 / 需要の回復 / 需要が増 / 需要が低 / 悪化 / グローバルニッチトップ / トップシェア / シェア拡大 / レアアース
20260515,5101,5101_1400_浜ゴム_外部環境変化への対応とYX2026の進捗.pdf,,,,,,,3 12,,,,,,,,,,,,,,,,,価格交渉 / 増産 / 価格改定 / 価格転嫁 / 値上 / 想定以上 / 上方修正 / 下方修正 / 想定以下 / 未達 / 大幅 / 計画を上 / 計画を下 / 計画以 / 需要回復 / 需要の回復 / 需要が増 / 需要が低 / 悪化 / グローバルニッチトップ / トップシェア / シェア拡大 / レアアース
20260515,5105,5105_1100_TOYO TIRE_2026年12月期 第1四半期決算短信〔日本基準〕(連結).pdf,,,,,4,,,,,,,,,,,,,,,,,,,価格交渉 / 増産 / 価格改定 / 価格転嫁 / 値上 / 想定以上 / 上方修正 / 下方修正 / 想定以下 / 未達 / 大幅 / 計画を上 / 計画を下 / 計画以 / 需要回復 / 需要の回復 / 需要が増 / 需要が低 / 悪化 / グローバルニッチトップ / トップシェア / シェア拡大 / レアアース
20260515,5189,5189_1330_桜ゴム_2026年3月期 決算短信〔日本基準〕(連結).pdf,,,,,,,,,,,6,,,,,,,,,,,,,価格交渉 / 増産 / 価格改定 / 価格転嫁 / 値上 / 想定以上 / 上方修正 / 下方修正 / 想定以下 / 未達 / 大幅 / 計画を上 / 計画を下 / 計画以 / 需要回復 / 需要の回復 / 需要が増 / 需要が低 / 悪化 / グローバルニッチトップ / トップシェア / シェア拡大 / レアアース
20260515,5216,5216_1540_倉元_2026年12月期 第1四半期決算説明資料.pdf,,,,,,,,,,,2 3,,,,,,,,,,,,,価格交渉 / 増産 / 価格改定 / 価格転嫁 / 値上 / 想定以上 / 上方修正 / 下方修正 / 想定以下 / 未達 / 大幅 / 計画を上 / 計画を下 / 計画以 / 需要回復 / 需要の回復 / 需要が増 / 需要が低 / 悪化 / グローバルニッチトップ / トップシェア / シェア拡大 / レアアース
20260515,5237,5237_1100_ノザワ_当社株式等の大規模買付行為に関する対応方針(継続)について.pdf,,,,,,,,,,,,,,,,,,,,,2,,,価格交渉 / 増産 / 価格改定 / 価格転嫁 / 値上 / 想定以上 / 上方修正 / 下方修正 / 想定以下 / 未達 / 大幅 / 計画を上 / 計画を下 / 計画以 / 需要回復 / 需要の回復 / 需要が増 / 需要が低 / 悪化 / グローバルニッチトップ / トップシェア / シェア拡大 / レアアース
20260515,5240,5240_1600_G-monoAI_2026年12月期 第1四半期決算短信〔日本基準〕(連結).pdf,,,,,,,,,,,,,,,,4,,,,,,,,価格交渉 / 増産 / 価格改定 / 価格転嫁 / 値上 / 想定以上 / 上方修正 / 下方修正 / 想定以下 / 未達 / 大幅 / 計画を上 / 計画を下 / 計画以 / 需要回復 / 需要の回復 / 需要が増 / 需要が低 / 悪化 / グローバルニッチトップ / トップシェア / シェア拡大 / レアアース
20260515,5241,5241_1600_日本オーエー研究所_2026年12月期第1四半期決算短信〔日本基準〕(非連結).pdf,,,,,,,,,,,,,,,,,,,4,,,,,価格交渉 / 増産 / 価格改定 / 価格転嫁 / 値上 / 想定以上 / 上方修正 / 下方修正 / 想定以下 / 未達 / 大幅 / 計画を上 / 計画を下 / 計画以 / 需要回復 / 需要の回復 / 需要が増 / 需要が低 / 悪化 / グローバルニッチトップ / トップシェア / シェア拡大 / レアアース
20260515,5242,5242_1530_G-アイズ_2026年12月期第1四半期決算説明資料.pdf,,,,,,,,,,,8,,,,,,,,,,,,,価格交渉 / 増産 / 価格改定 / 価格転嫁 / 値上 / 想定以上 / 上方修正 / 下方修正 / 想定以下 / 未達 / 大幅 / 計画を上 / 計画を下 / 計画以 / 需要回復 / 需要の回復 / 需要が増 / 需要が低 / 悪化 / グローバルニッチトップ / トップシェア / シェア拡大 / レアアース
20260515,5252,5252_1500_G-日本ナレッジ_2026年3月期 決算短信〔日本基準〕(連結).pdf,,,,,,,,,,,,,,,,,,,6,,,,,価格交渉 / 増産 / 価格改定 / 価格転嫁 / 値上 / 想定以上 / 上方修正 / 下方修正 / 想定以下 / 未達 / 大幅 / 計画を上 / 計画を下 / 計画以 / 需要回復 / 需要の回復 / 需要が増 / 需要が低 / 悪化 / グローバルニッチトップ / トップシェア / シェア拡大 / レアアース
20260515,5255,5255_1600_G-モンスターラボ_2026年12月期 第1四半期決算短信〔IFRS〕(連結).pdf,,,,,,,,,,,8,,,,,,,,,,,,,価格交渉 / 増産 / 価格改定 / 価格転嫁 / 値上 / 想定以上 / 上方修正 / 下方修正 / 想定以下 / 未達 / 大幅 / 計画を上 / 計画を下 / 計画以 / 需要回復 / 需要の回復 / 需要が増 / 需要が低 / 悪化 / グローバルニッチトップ / トップシェア / シェア拡大 / レアアース
20260515,5255,5255_1600_G-モンスターラボ_2026年12月期 第1四半期決算説明資料.pdf,,,,,,,,,,,17 18 24,,,,,,,,,,,,,価格交渉 / 増産 / 価格改定 / 価格転嫁 / 値上 / 想定以上 / 上方修正 / 下方修正 / 想定以下 / 未達 / 大幅 / 計画を上 / 計画を下 / 計画以 / 需要回復 / 需要の回復 / 需要が増 / 需要が低 / 悪化 / グローバルニッチトップ / トップシェア / シェア拡大 / レアアース
20260515,5356,5356_1500_美濃窯業_当社株式の大規模買付行為等への対応方針(買収への対応方針)の更新について.pdf,,,,,,,,,,,,,,,,,,,9,,,,,価格交渉 / 増産 / 価格改定 / 価格転嫁 / 値上 / 想定以上 / 上方修正 / 下方修正 / 想定以下 / 未達 / 大幅 / 計画を上 / 計画を下 / 計画以 / 需要回復 / 需要の回復 / 需要が増 / 需要が低 / 悪化 / グローバルニッチトップ / トップシェア / シェア拡大 / レアアース
20260515,547A,547A_1530_ムニノバHD_上場廃止となった子会社(アイフル株式会社)に関する決算開示について.pdf,,,,,,,,,,,,,,,,,,,20,,,,,価格交渉 / 増産 / 価格改定 / 価格転嫁 / 値上 / 想定以上 / 上方修正 / 下方修正 / 想定以下 / 未達 / 大幅 / 計画を上 / 計画を下 / 計画以 / 需要回復 / 需要の回復 / 需要が増 / 需要が低 / 悪化 / グローバルニッチトップ / トップシェア / シェア拡大 / レアアース
20260515,5530,5530_1530_日本システムバンク_通期連結業績予想の修正に関するお知らせ.pdf,,,,,,,,,,,,,1,,,,,,,,,,,価格交渉 / 増産 / 価格改定 / 価格転嫁 / 値上 / 想定以上 / 上方修正 / 下方修正 / 想定以下 / 未達 / 大幅 / 計画を上 / 計画を下 / 計画以 / 需要回復 / 需要の回復 / 需要が増 / 需要が低 / 悪化 / グローバルニッチトップ / トップシェア / シェア拡大 / レアアース
20260515,554A,554A_1530_G-バトンズ_2026年3月期 決算短信〔日本基準〕(非連結).pdf,,,,,,,,,,,4,,,,,,,,,,,,,価格交渉 / 増産 / 価格改定 / 価格転嫁 / 値上 / 想定以上 / 上方修正 / 下方修正 / 想定以下 / 未達 / 大幅 / 計画を上 / 計画を下 / 計画以 / 需要回復 / 需要の回復 / 需要が増 / 需要が低 / 悪化 / グローバルニッチトップ / トップシェア / シェア拡大 / レアアース
20260515,5571,5571_1530_エキサイトHD_2026年3月期 決算短信〔日本基準〕(連結).pdf,,,,,,,,,,,4,,,,,,,,,,,,,価格交渉 / 増産 / 価格改定 / 価格転嫁 / 値上 / 想定以上 / 上方修正 / 下方修正 / 想定以下 / 未達 / 大幅 / 計画を上 / 計画を下 / 計画以 / 需要回復 / 需要の回復 / 需要が増 / 需要が低 / 悪化 / グローバルニッチトップ / トップシェア / シェア拡大 / レアアース
20260515,5571,5571_1530_エキサイトHD_2026年3月期 通期決算説明資料.pdf,,,,,,,,,,5 6,,,,,,,,,,,,,,価格交渉 / 増産 / 価格改定 / 価格転嫁 / 値上 / 想定以上 / 上方修正 / 下方修正 / 想定以下 / 未達 / 大幅 / 計画を上 / 計画を下 / 計画以 / 需要回復 / 需要の回復 / 需要が増 / 需要が低 / 悪化 / グローバルニッチトップ / トップシェア / シェア拡大 / レアアース
20260515,5588,5588_1200_G-ファーストA_2026年12月期 第1四半期決算説明資料.pdf,,,,,,,,,,,9,,,,,,,,,,,,,価格交渉 / 増産 / 価格改定 / 価格転嫁 / 値上 / 想定以上 / 上方修正 / 下方修正 / 想定以下 / 未達 / 大幅 / 計画を上 / 計画を下 / 計画以 / 需要回復 / 需要の回復 / 需要が増 / 需要が低 / 悪化 / グローバルニッチトップ / トップシェア / シェア拡大 / レアアース
20260515,5591,5591_1530_G-AVILEN_2026年12月期 第1四半期決算説明資料.pdf,,,,,,,,,,,,,,,,,,,28,,,,,価格交渉 / 増産 / 価格改定 / 価格転嫁 / 値上 / 想定以上 / 上方修正 / 下方修正 / 想定以下 / 未達 / 大幅 / 計画を上 / 計画を下 / 計画以 / 需要回復 / 需要の回復 / 需要が増 / 需要が低 / 悪化 / グローバルニッチトップ / トップシェア / シェア拡大 / レアアース
20260515,5619,5619_1145_G-マーソ_2026年12月期 第1四半期決算短信〔日本基準〕(連結).pdf,,,,,,,,,,,4,,,,,,,,,,,,,価格交渉 / 増産 / 価格改定 / 価格転嫁 / 値上 / 想定以上 / 上方修正 / 下方修正 / 想定以下 / 未達 / 大幅 / 計画を上 / 計画を下 / 計画以 / 需要回復 / 需要の回復 / 需要が増 / 需要が低 / 悪化 / グローバルニッチトップ / トップシェア / シェア拡大 / レアアース
20260515,5619,5619_1145_G-マーソ_2026年12月期 第1四半期決算説明資料.pdf,,,,,,,,,,,4 12 37,,,,,,,,,,,,,価格交渉 / 増産 / 価格改定 / 価格転嫁 / 値上 / 想定以上 / 上方修正 / 下方修正 / 想定以下 / 未達 / 大幅 / 計画を上 / 計画を下 / 計画以 / 需要回復 / 需要の回復 / 需要が増 / 需要が低 / 悪化 / グローバルニッチトップ / トップシェア / シェア拡大 / レアアース
20260515,5620,5620_1530_P-エスピーオー_2026年3月期 決算短信〔日本基準〕(連結).pdf,,,,,,,,,,,,,,,,4,,,,,,,,価格交渉 / 増産 / 価格改定 / 価格転嫁 / 値上 / 想定以上 / 上方修正 / 下方修正 / 想定以下 / 未達 / 大幅 / 計画を上 / 計画を下 / 計画以 / 需要回復 / 需要の回復 / 需要が増 / 需要が低 / 悪化 / グローバルニッチトップ / トップシェア / シェア拡大 / レアアース
20260515,5699,5699_1500_イボキン_2026年12月期第1四半期 決算説明資料.pdf,,,,,,,,,,,19,,,,,,,,,,,,,価格交渉 / 増産 / 価格改定 / 価格転嫁 / 値上 / 想定以上 / 上方修正 / 下方修正 / 想定以下 / 未達 / 大幅 / 計画を上 / 計画を下 / 計画以 / 需要回復 / 需要の回復 / 需要が増 / 需要が低 / 悪化 / グローバルニッチトップ / トップシェア / シェア拡大 / レアアース
20260515,5724,5724_1500_アサカ理研_2026年9月期 第2四半期(中間期)決算短信〔日本基準〕(連結).pdf,,,,,,,5,,,,,,,,,,,,,,,,,価格交渉 / 増産 / 価格改定 / 価格転嫁 / 値上 / 想定以上 / 上方修正 / 下方修正 / 想定以下 / 未達 / 大幅 / 計画を上 / 計画を下 / 計画以 / 需要回復 / 需要の回復 / 需要が増 / 需要が低 / 悪化 / グローバルニッチトップ / トップシェア / シェア拡大 / レアアース
20260515,5870,5870_1530_G-ナルネット_2026年3月期 決算短信〔日本基準〕(非連結).pdf,,,,,,,,,,,4,,,,,,,,,,,,,価格交渉 / 増産 / 価格改定 / 価格転嫁 / 値上 / 想定以上 / 上方修正 / 下方修正 / 想定以下 / 未達 / 大幅 / 計画を上 / 計画を下 / 計画以 / 需要回復 / 需要の回復 / 需要が増 / 需要が低 / 悪化 / グローバルニッチトップ / トップシェア / シェア拡大 / レアアース
20260515,5918,5918_1500_滝上工_「瀧上グループ中期経営計画」の見直しに関するお知らせ.pdf,,,,,,,,,,2,,,,,,,,,,,,,,価格交渉 / 増産 / 価格改定 / 価格転嫁 / 値上 / 想定以上 / 上方修正 / 下方修正 / 想定以下 / 未達 / 大幅 / 計画を上 / 計画を下 / 計画以 / 需要回復 / 需要の回復 / 需要が増 / 需要が低 / 悪化 / グローバルニッチトップ / トップシェア / シェア拡大 / レアアース
20260515,5923,5923_1300_高田機工_長期ビジョン「VISION2035」の策定に関するお知らせ.pdf,,,,,,,,,,,13,,,,,,,,,,,,,価格交渉 / 増産 / 価格改定 / 価格転嫁 / 値上 / 想定以上 / 上方修正 / 下方修正 / 想定以下 / 未達 / 大幅 / 計画を上 / 計画を下 / 計画以 / 需要回復 / 需要の回復 / 需要が増 / 需要が低 / 悪化 / グローバルニッチトップ / トップシェア / シェア拡大 / レアアース
20260515,5949,5949_1600_ユニプレス_中期経営方針の策定に関するお知らせ.pdf,,,,,,,,,,,8 16 31,,,,,,,,,,,,,価格交渉 / 増産 / 価格改定 / 価格転嫁 / 値上 / 想定以上 / 上方修正 / 下方修正 / 想定以下 / 未達 / 大幅 / 計画を上 / 計画を下 / 計画以 / 需要回復 / 需要の回復 / 需要が増 / 需要が低 / 悪化 / グローバルニッチトップ / トップシェア / シェア拡大 / レアアース
20260515,5966,5966_1400_京都機械工具_新5ヵ年計画 Restart KTC vision 2030の策定並びに資本コストや株価を意識した経営の実現に向けた対応に関するお知らせ.pdf,,,,,,,,,,25,,,,,,,,,,,,,,価格交渉 / 増産 / 価格改定 / 価格転嫁 / 値上 / 想定以上 / 上方修正 / 下方修正 / 想定以下 / 未達 / 大幅 / 計画を上 / 計画を下 / 計画以 / 需要回復 / 需要の回復 / 需要が増 / 需要が低 / 悪化 / グローバルニッチトップ / トップシェア / シェア拡大 / レアアース
20260515,5983,5983_1545_イワブチ_2026年3月期 決算説明資料(資本コストや株価を意識した経営の実現に向けた対応について).pdf,,,6,,,,,,,,,,,,,,,,,,,,,価格交渉 / 増産 / 価格改定 / 価格転嫁 / 値上 / 想定以上 / 上方修正 / 下方修正 / 想定以下 / 未達 / 大幅 / 計画を上 / 計画を下 / 計画以 / 需要回復 / 需要の回復 / 需要が増 / 需要が低 / 悪化 / グローバルニッチトップ / トップシェア / シェア拡大 / レアアース
20260515,5998,5998_1600_アドバネクス_2026年3月期 決算短信〔日本基準〕(連結).pdf,,,,,,,,,,,,,,,,,,,4 5,,,,,価格交渉 / 増産 / 価格改定 / 価格転嫁 / 値上 / 想定以上 / 上方修正 / 下方修正 / 想定以下 / 未達 / 大幅 / 計画を上 / 計画を下 / 計画以 / 需要回復 / 需要の回復 / 需要が増 / 需要が低 / 悪化 / グローバルニッチトップ / トップシェア / シェア拡大 / レアアース
20260515,6035,6035_1345_IRJapan HD_株主提案に対する当社取締役会意見に関するお知らせ.pdf,,,,,,,,,,,2 3,,,,,,,,,,,,,価格交渉 / 増産 / 価格改定 / 価格転嫁 / 値上 / 想定以上 / 上方修正 / 下方修正 / 想定以下 / 未達 / 大幅 / 計画を上 / 計画を下 / 計画以 / 需要回復 / 需要の回復 / 需要が増 / 需要が低 / 悪化 / グローバルニッチトップ / トップシェア / シェア拡大 / レアアース
20260515,6038,6038_1530_G-イード_2026年6月期第3四半期決算短信〔日本基準〕(連結).pdf,,,,,,,,,,,,,,,,,,,4,,,,,価格交渉 / 増産 / 価格改定 / 価格転嫁 / 値上 / 想定以上 / 上方修正 / 下方修正 / 想定以下 / 未達 / 大幅 / 計画を上 / 計画を下 / 計画以 / 需要回復 / 需要の回復 / 需要が増 / 需要が低 / 悪化 / グローバルニッチトップ / トップシェア / シェア拡大 / レアアース
20260515,6039,6039_1600_G-日本動物高度医療_2026年3月期 決算短信〔日本基準〕(連結).pdf,,,4,,,,,,,,,,,,,,,,,,,,,価格交渉 / 増産 / 価格改定 / 価格転嫁 / 値上 / 想定以上 / 上方修正 / 下方修正 / 想定以下 / 未達 / 大幅 / 計画を上 / 計画を下 / 計画以 / 需要回復 / 需要の回復 / 需要が増 / 需要が低 / 悪化 / グローバルニッチトップ / トップシェア / シェア拡大 / レアアース
20260515,6054,6054_1400_リブセンス_2026年12月期第1四半期決算補足説明資料.pdf,,,,,,,,,,,31,,,,,,,,,,,,,価格交渉 / 増産 / 価格改定 / 価格転嫁 / 値上 / 想定以上 / 上方修正 / 下方修正 / 想定以下 / 未達 / 大幅 / 計画を上 / 計画を下 / 計画以 / 需要回復 / 需要の回復 / 需要が増 / 需要が低 / 悪化 / グローバルニッチトップ / トップシェア / シェア拡大 / レアアース
20260515,6071,6071_1530_IBJ_2026年12月期 第1四半期決算短信〔日本基準〕(連結).pdf,,,,,,,,,,,4 5,,,,,,,,,,,,,価格交渉 / 増産 / 価格改定 / 価格転嫁 / 値上 / 想定以上 / 上方修正 / 下方修正 / 想定以下 / 未達 / 大幅 / 計画を上 / 計画を下 / 計画以 / 需要回復 / 需要の回復 / 需要が増 / 需要が低 / 悪化 / グローバルニッチトップ / トップシェア / シェア拡大 / レアアース
20260515,6081,6081_1600_G-アライドアーキ_2026年12月期 第1四半期決算短信〔日本基準〕(連結).pdf,,,,,,,,,,,4,,,,,,,,,,,,,価格交渉 / 増産 / 価格改定 / 価格転嫁 / 値上 / 想定以上 / 上方修正 / 下方修正 / 想定以下 / 未達 / 大幅 / 計画を上 / 計画を下 / 計画以 / 需要回復 / 需要の回復 / 需要が増 / 需要が低 / 悪化 / グローバルニッチトップ / トップシェア / シェア拡大 / レアアース
20260515,6092,6092_1600_エンバイオHD_2026年3月期決算説明資料.pdf,,,,,,,,,,,8 11 12 14 21 34,,,,,,,,,,,,,価格交渉 / 増産 / 価格改定 / 価格転嫁 / 値上 / 想定以上 / 上方修正 / 下方修正 / 想定以下 / 未達 / 大幅 / 計画を上 / 計画を下 / 計画以 / 需要回復 / 需要の回復 / 需要が増 / 需要が低 / 悪化 / グローバルニッチトップ / トップシェア / シェア拡大 / レアアース
20260515,6098,6098_1530_リクルートHD_2026年3月期 通期決算説明.pdf,,,,,,,,,,,80,,,,,,,,,,,,,価格交渉 / 増産 / 価格改定 / 価格転嫁 / 値上 / 想定以上 / 上方修正 / 下方修正 / 想定以下 / 未達 / 大幅 / 計画を上 / 計画を下 / 計画以 / 需要回復 / 需要の回復 / 需要が増 / 需要が低 / 悪化 / グローバルニッチトップ / トップシェア / シェア拡大 / レアアース
20260515,6098,6098_1530_リクルートHD_2026年3月期決算短信〔IFRS〕(連結).pdf,,,,,,,,,,,2 15,,,,,,,,,,,,,価格交渉 / 増産 / 価格改定 / 価格転嫁 / 値上 / 想定以上 / 上方修正 / 下方修正 / 想定以下 / 未達 / 大幅 / 計画を上 / 計画を下 / 計画以 / 需要回復 / 需要の回復 / 需要が増 / 需要が低 / 悪化 / グローバルニッチトップ / トップシェア / シェア拡大 / レアアース
20260515,6118,6118_1600_アイダ_2026年3月期決算短信〔日本基準〕(連結).pdf,,,,,,,,,,,,,,,,,,,4,,,,,価格交渉 / 増産 / 価格改定 / 価格転嫁 / 値上 / 想定以上 / 上方修正 / 下方修正 / 想定以下 / 未達 / 大幅 / 計画を上 / 計画を下 / 計画以 / 需要回復 / 需要の回復 / 需要が増 / 需要が低 / 悪化 / グローバルニッチトップ / トップシェア / シェア拡大 / レアアース
20260515,6145,6145_1800_NITTOKU_2025年3月期 業績予想と実績値との差異に関するお知らせ.pdf,,,,2,,,,,,,,,,,,,,,,,,,,価格交渉 / 増産 / 価格改定 / 価格転嫁 / 値上 / 想定以上 / 上方修正 / 下方修正 / 想定以下 / 未達 / 大幅 / 計画を上 / 計画を下 / 計画以 / 需要回復 / 需要の回復 / 需要が増 / 需要が低 / 悪化 / グローバルニッチトップ / トップシェア / シェア拡大 / レアアース
20260515,6167,6167_1530_冨士ダイス_2026年3月期通期連結業績予想と実績値との差異に関するお知らせ.pdf,,,,,,,,,,1,,,,,,,,,,,,,,価格交渉 / 増産 / 価格改定 / 価格転嫁 / 値上 / 想定以上 / 上方修正 / 下方修正 / 想定以下 / 未達 / 大幅 / 計画を上 / 計画を下 / 計画以 / 需要回復 / 需要の回復 / 需要が増 / 需要が低 / 悪化 / グローバルニッチトップ / トップシェア / シェア拡大 / レアアース
20260515,6189,6189_1530_グローバルキッズC_2026年9月期第2四半期決算説明資料.pdf,,,,,,,,,,,4 7 21,,,,,,,,,,,,,価格交渉 / 増産 / 価格改定 / 価格転嫁 / 値上 / 想定以上 / 上方修正 / 下方修正 / 想定以下 / 未達 / 大幅 / 計画を上 / 計画を下 / 計画以 / 需要回復 / 需要の回復 / 需要が増 / 需要が低 / 悪化 / グローバルニッチトップ / トップシェア / シェア拡大 / レアアース
20260515,6191,6191_1530_エアトリ_2026年9月期 第2四半期 決算短信(IFRS)(連結).pdf,,,,,,,,,,,,,,,4,,,,,,,,,価格交渉 / 増産 / 価格改定 / 価格転嫁 / 値上 / 想定以上 / 上方修正 / 下方修正 / 想定以下 / 未達 / 大幅 / 計画を上 / 計画を下 / 計画以 / 需要回復 / 需要の回復 / 需要が増 / 需要が低 / 悪化 / グローバルニッチトップ / トップシェア / シェア拡大 / レアアース
20260515,6198,6198_1600_G-キャリア_2026年9月期 第2四半期(中間期)決算短信 〔日本基準〕(連結).pdf,,,,,,,,,,,4,,,,,,,,,,,,,価格交渉 / 増産 / 価格改定 / 価格転嫁 / 値上 / 想定以上 / 上方修正 / 下方修正 / 想定以下 / 未達 / 大幅 / 計画を上 / 計画を下 / 計画以 / 需要回復 / 需要の回復 / 需要が増 / 需要が低 / 悪化 / グローバルニッチトップ / トップシェア / シェア拡大 / レアアース
20260515,6229,6229_1400_オーケーエム_2026年3月期 決算短信〔日本基準〕(連結).pdf,,,,,,,,,,,5,,,,,,,,,,,,,価格交渉 / 増産 / 価格改定 / 価格転嫁 / 値上 / 想定以上 / 上方修正 / 下方修正 / 想定以下 / 未達 / 大幅 / 計画を上 / 計画を下 / 計画以 / 需要回復 / 需要の回復 / 需要が増 / 需要が低 / 悪化 / グローバルニッチトップ / トップシェア / シェア拡大 / レアアース
20260515,6247,6247_1430_日阪製作_通期個別業績の前事業年度実績値と当事業年度実績値との差異に関するお知らせ.pdf,,,,,,,,,,,1,,,,,,,,,,,,,価格交渉 / 増産 / 価格改定 / 価格転嫁 / 値上 / 想定以上 / 上方修正 / 下方修正 / 想定以下 / 未達 / 大幅 / 計画を上 / 計画を下 / 計画以 / 需要回復 / 需要の回復 / 需要が増 / 需要が低 / 悪化 / グローバルニッチトップ / トップシェア / シェア拡大 / レアアース
20260515,6265,6265_1530_コンバム_2026年12月期 第1四半期決算短信〔日本基準〕(連結).pdf,,,,,,,,,,,,,,,4,,,,,,,,,価格交渉 / 増産 / 価格改定 / 価格転嫁 / 値上 / 想定以上 / 上方修正 / 下方修正 / 想定以下 / 未達 / 大幅 / 計画を上 / 計画を下 / 計画以 / 需要回復 / 需要の回復 / 需要が増 / 需要が低 / 悪化 / グローバルニッチトップ / トップシェア / シェア拡大 / レアアース
20260515,6307,6307_1530_サンセイ_2026年3月期 決算短信〔日本基準〕(連結).pdf,,,,,,2,,,,,,,,,,,,,,,,,,価格交渉 / 増産 / 価格改定 / 価格転嫁 / 値上 / 想定以上 / 上方修正 / 下方修正 / 想定以下 / 未達 / 大幅 / 計画を上 / 計画を下 / 計画以 / 需要回復 / 需要の回復 / 需要が増 / 需要が低 / 悪化 / グローバルニッチトップ / トップシェア / シェア拡大 / レアアース
20260515,6347,6347_1530_プラコー_2026年3月期 決算短信〔日本基準〕(連結).pdf,,,,,,,,,,,5 6,,,,,,,,,,,,,価格交渉 / 増産 / 価格改定 / 価格転嫁 / 値上 / 想定以上 / 上方修正 / 下方修正 / 想定以下 / 未達 / 大幅 / 計画を上 / 計画を下 / 計画以 / 需要回復 / 需要の回復 / 需要が増 / 需要が低 / 悪化 / グローバルニッチトップ / トップシェア / シェア拡大 / レアアース
20260515,6365,6365_1400_電業社_2026年3月期 決算短信〔日本基準〕(連結).pdf,,,,,,,,,,19,,,,,,,,,,,,,,価格交渉 / 増産 / 価格改定 / 価格転嫁 / 値上 / 想定以上 / 上方修正 / 下方修正 / 想定以下 / 未達 / 大幅 / 計画を上 / 計画を下 / 計画以 / 需要回復 / 需要の回復 / 需要が増 / 需要が低 / 悪化 / グローバルニッチトップ / トップシェア / シェア拡大 / レアアース
20260515,6463,6463_1500_TPR_2026年3月期 決算短信〔日本基準〕(連結).pdf,,,,,,,,,,,5,,,,,,,,,,,,,価格交渉 / 増産 / 価格改定 / 価格転嫁 / 値上 / 想定以上 / 上方修正 / 下方修正 / 想定以下 / 未達 / 大幅 / 計画を上 / 計画を下 / 計画以 / 需要回復 / 需要の回復 / 需要が増 / 需要が低 / 悪化 / グローバルニッチトップ / トップシェア / シェア拡大 / レアアース
20260515,6482,6482_1530_YUSHIN_2026年3月期 決算短信〔日本基準〕(連結).pdf,,,,,,,,,,,,,,,,,,5,,,,,,価格交渉 / 増産 / 価格改定 / 価格転嫁 / 値上 / 想定以上 / 上方修正 / 下方修正 / 想定以下 / 未達 / 大幅 / 計画を上 / 計画を下 / 計画以 / 需要回復 / 需要の回復 / 需要が増 / 需要が低 / 悪化 / グローバルニッチトップ / トップシェア / シェア拡大 / レアアース
20260515,6494,6494_1600_NFK-HD_2026年3月期通期業績予想値と実績値との差異に関するお知らせ.pdf,,,,,,,,,,,1,,,,,,,,,,,,,価格交渉 / 増産 / 価格改定 / 価格転嫁 / 値上 / 想定以上 / 上方修正 / 下方修正 / 想定以下 / 未達 / 大幅 / 計画を上 / 計画を下 / 計画以 / 需要回復 / 需要の回復 / 需要が増 / 需要が低 / 悪化 / グローバルニッチトップ / トップシェア / シェア拡大 / レアアース
20260515,6527,6527_1600_P-ワカ製作所_2026年9月期 中間決算短信〔日本基準〕(非連結).pdf,,,4,,,,,,,,,,,,,,,,,,,,,価格交渉 / 増産 / 価格改定 / 価格転嫁 / 値上 / 想定以上 / 上方修正 / 下方修正 / 想定以下 / 未達 / 大幅 / 計画を上 / 計画を下 / 計画以 / 需要回復 / 需要の回復 / 需要が増 / 需要が低 / 悪化 / グローバルニッチトップ / トップシェア / シェア拡大 / レアアース
20260515,6533,6533_1530_オーケストラHD_2026年12月期 第1四半期 決算説明資料.pdf,,,,,,,,,,21,,,,,,,,,,,,,,価格交渉 / 増産 / 価格改定 / 価格転嫁 / 値上 / 想定以上 / 上方修正 / 下方修正 / 想定以下 / 未達 / 大幅 / 計画を上 / 計画を下 / 計画以 / 需要回復 / 需要の回復 / 需要が増 / 需要が低 / 悪化 / グローバルニッチトップ / トップシェア / シェア拡大 / レアアース
20260515,6545,6545_1600_G-IIF_2026年3月期決算補足説明資料.pdf,,,,,,,,,,,,,,,,,,,20,,,,,価格交渉 / 増産 / 価格改定 / 価格転嫁 / 値上 / 想定以上 / 上方修正 / 下方修正 / 想定以下 / 未達 / 大幅 / 計画を上 / 計画を下 / 計画以 / 需要回復 / 需要の回復 / 需要が増 / 需要が低 / 悪化 / グローバルニッチトップ / トップシェア / シェア拡大 / レアアース
20260515,6564,6564_1530_ミダックHD_2026年3月期 決算短信[日本基準](連結).pdf,,,,4,,,,,,,,,,,,,,,,,,,,価格交渉 / 増産 / 価格改定 / 価格転嫁 / 値上 / 想定以上 / 上方修正 / 下方修正 / 想定以下 / 未達 / 大幅 / 計画を上 / 計画を下 / 計画以 / 需要回復 / 需要の回復 / 需要が増 / 需要が低 / 悪化 / グローバルニッチトップ / トップシェア / シェア拡大 / レアアース
20260515,6573,6573_1600_G-CRAVIA_2026年12月期 第1四半期 決算短信〔日本基準〕(連結).pdf,,,,,,,,,,,10,,,,,,,,,,,,,価格交渉 / 増産 / 価格改定 / 価格転嫁 / 値上 / 想定以上 / 上方修正 / 下方修正 / 想定以下 / 未達 / 大幅 / 計画を上 / 計画を下 / 計画以 / 需要回復 / 需要の回復 / 需要が増 / 需要が低 / 悪化 / グローバルニッチトップ / トップシェア / シェア拡大 / レアアース
20260515,6574,6574_1930_G-コンヴァノ_業績予想と実績値との差異に関するお知らせ.pdf,,,,,,,,,,,5 8 9,,,,,,,,,,,,,価格交渉 / 増産 / 価格改定 / 価格転嫁 / 値上 / 想定以上 / 上方修正 / 下方修正 / 想定以下 / 未達 / 大幅 / 計画を上 / 計画を下 / 計画以 / 需要回復 / 需要の回復 / 需要が増 / 需要が低 / 悪化 / グローバルニッチトップ / トップシェア / シェア拡大 / レアアース
20260515,6579,6579_1630_G-ログリー_2026年3月期 通期決算説明資料.pdf,,,,,,,,,,,7,,,,,,,,,,,,,価格交渉 / 増産 / 価格改定 / 価格転嫁 / 値上 / 想定以上 / 上方修正 / 下方修正 / 想定以下 / 未達 / 大幅 / 計画を上 / 計画を下 / 計画以 / 需要回復 / 需要の回復 / 需要が増 / 需要が低 / 悪化 / グローバルニッチトップ / トップシェア / シェア拡大 / レアアース
20260515,6580,6580_1550_G-ライトアップ_2026年3月期 決算短信〔日本基準〕(連結).pdf,,,,,,,,,,,,,,,,,,,5,,,,,価格交渉 / 増産 / 価格改定 / 価格転嫁 / 値上 / 想定以上 / 上方修正 / 下方修正 / 想定以下 / 未達 / 大幅 / 計画を上 / 計画を下 / 計画以 / 需要回復 / 需要の回復 / 需要が増 / 需要が低 / 悪化 / グローバルニッチトップ / トップシェア / シェア拡大 / レアアース
20260515,6580,6580_1550_G-ライトアップ_特別損失の計上、連結業績予想値と決算値との差異及び個別業績と前期実績値との差異に関するお知らせ.pdf,,,,,,,,,,1,,,,,,,,,,,,,,価格交渉 / 増産 / 価格改定 / 価格転嫁 / 値上 / 想定以上 / 上方修正 / 下方修正 / 想定以下 / 未達 / 大幅 / 計画を上 / 計画を下 / 計画以 / 需要回復 / 需要の回復 / 需要が増 / 需要が低 / 悪化 / グローバルニッチトップ / トップシェア / シェア拡大 / レアアース
20260515,6597,6597_1530_G-HPCシステムズ_2026年6月期第3四半期決算短信〔日本基準〕(連結).pdf,,,,4,,,,,,,,,,,,,,,,,,,,価格交渉 / 増産 / 価格改定 / 価格転嫁 / 値上 / 想定以上 / 上方修正 / 下方修正 / 想定以下 / 未達 / 大幅 / 計画を上 / 計画を下 / 計画以 / 需要回復 / 需要の回復 / 需要が増 / 需要が低 / 悪化 / グローバルニッチトップ / トップシェア / シェア拡大 / レアアース
20260515,6630,6630_1530_ヤーマン_2026年12月期 第1四半期決算短信〔日本基準〕(連結).pdf,,,,,,,,,,,4 5,,,,,,,,,,,,,価格交渉 / 増産 / 価格改定 / 価格転嫁 / 値上 / 想定以上 / 上方修正 / 下方修正 / 想定以下 / 未達 / 大幅 / 計画を上 / 計画を下 / 計画以 / 需要回復 / 需要の回復 / 需要が増 / 需要が低 / 悪化 / グローバルニッチトップ / トップシェア / シェア拡大 / レアアース
20260515,6666,6666_1540_リバーエレテク_2026年3月期 決算短信〔日本基準〕(連結).pdf,,,,,,,,,,,4,,,,,,,,,,,,,価格交渉 / 増産 / 価格改定 / 価格転嫁 / 値上 / 想定以上 / 上方修正 / 下方修正 / 想定以下 / 未達 / 大幅 / 計画を上 / 計画を下 / 計画以 / 需要回復 / 需要の回復 / 需要が増 / 需要が低 / 悪化 / グローバルニッチトップ / トップシェア / シェア拡大 / レアアース
20260515,6666,6666_1540_リバーエレテク_2026年3月期通期連結業績予想値と実績値との差異に関するお知らせ.pdf,,,,,,,,,,,1,,,,,,,,,,,,,価格交渉 / 増産 / 価格改定 / 価格転嫁 / 値上 / 想定以上 / 上方修正 / 下方修正 / 想定以下 / 未達 / 大幅 / 計画を上 / 計画を下 / 計画以 / 需要回復 / 需要の回復 / 需要が増 / 需要が低 / 悪化 / グローバルニッチトップ / トップシェア / シェア拡大 / レアアース
20260515,6706,6706_1600_電気興_2026年3月期決算短信〔日本基準〕(連結).pdf,,,,,,,,,,,,,,,,4,,,,,,,,価格交渉 / 増産 / 価格改定 / 価格転嫁 / 値上 / 想定以上 / 上方修正 / 下方修正 / 想定以下 / 未達 / 大幅 / 計画を上 / 計画を下 / 計画以 / 需要回復 / 需要の回復 / 需要が増 / 需要が低 / 悪化 / グローバルニッチトップ / トップシェア / シェア拡大 / レアアース
20260515,6707,6707_1530_サンケン電_2026年3月期 決算説明会資料.pdf,,,,,,,,,,,7,,,,,,,,,,,,,価格交渉 / 増産 / 価格改定 / 価格転嫁 / 値上 / 想定以上 / 上方修正 / 下方修正 / 想定以下 / 未達 / 大幅 / 計画を上 / 計画を下 / 計画以 / 需要回復 / 需要の回復 / 需要が増 / 需要が低 / 悪化 / グローバルニッチトップ / トップシェア / シェア拡大 / レアアース
20260515,6736,6736_1600_サン電子_2026年3月期 決算補足説明資料.pdf,,,,,,,,,,,,,,,,,,,4,,,,,価格交渉 / 増産 / 価格改定 / 価格転嫁 / 値上 / 想定以上 / 上方修正 / 下方修正 / 想定以下 / 未達 / 大幅 / 計画を上 / 計画を下 / 計画以 / 需要回復 / 需要の回復 / 需要が増 / 需要が低 / 悪化 / グローバルニッチトップ / トップシェア / シェア拡大 / レアアース
20260515,6750,6750_1530_エレコム_2026年3月期 決算短信〔日本基準](連結).pdf,,,4 6,,,,,,,,,,,,,,,,,,,,,価格交渉 / 増産 / 価格改定 / 価格転嫁 / 値上 / 想定以上 / 上方修正 / 下方修正 / 想定以下 / 未達 / 大幅 / 計画を上 / 計画を下 / 計画以 / 需要回復 / 需要の回復 / 需要が増 / 需要が低 / 悪化 / グローバルニッチトップ / トップシェア / シェア拡大 / レアアース
20260515,6777,6777_1540_santecHD_2026年3月期決算短信〔日本基準〕(連結).pdf,,,,,,,,,,,4,,,,,,,,,,,,,価格交渉 / 増産 / 価格改定 / 価格転嫁 / 値上 / 想定以上 / 上方修正 / 下方修正 / 想定以下 / 未達 / 大幅 / 計画を上 / 計画を下 / 計画以 / 需要回復 / 需要の回復 / 需要が増 / 需要が低 / 悪化 / グローバルニッチトップ / トップシェア / シェア拡大 / レアアース
20260515,6820,6820_1530_アイコム_2026年3月期決算短信〔日本基準〕(連結).pdf,,,,,,,,,,,,,,,,,,5,,,,,,価格交渉 / 増産 / 価格改定 / 価格転嫁 / 値上 / 想定以上 / 上方修正 / 下方修正 / 想定以下 / 未達 / 大幅 / 計画を上 / 計画を下 / 計画以 / 需要回復 / 需要の回復 / 需要が増 / 需要が低 / 悪化 / グローバルニッチトップ / トップシェア / シェア拡大 / レアアース
20260515,6820,6820_1530_アイコム_2026年3月期通期連結業績予想と実績との差異及び剰余金の配当に関するお知らせ.pdf,,,,,,1,,,,,,,,,,,,,,,,,,価格交渉 / 増産 / 価格改定 / 価格転嫁 / 値上 / 想定以上 / 上方修正 / 下方修正 / 想定以下 / 未達 / 大幅 / 計画を上 / 計画を下 / 計画以 / 需要回復 / 需要の回復 / 需要が増 / 需要が低 / 悪化 / グローバルニッチトップ / トップシェア / シェア拡大 / レアアース
20260515,6822,6822_1530_大井電気_2026年3月期 決算短信〔日本基準〕(連結).pdf,,,,,,,,,,,4,,,,,,,,,,,,,価格交渉 / 増産 / 価格改定 / 価格転嫁 / 値上 / 想定以上 / 上方修正 / 下方修正 / 想定以下 / 未達 / 大幅 / 計画を上 / 計画を下 / 計画以 / 需要回復 / 需要の回復 / 需要が増 / 需要が低 / 悪化 / グローバルニッチトップ / トップシェア / シェア拡大 / レアアース
20260515,6836,6836_1600_プラット_2026年3月期 決算短信〔日本基準〕(連結).pdf,,,,,,,,,,,2,,,,,,,,,,,,,価格交渉 / 増産 / 価格改定 / 価格転嫁 / 値上 / 想定以上 / 上方修正 / 下方修正 / 想定以下 / 未達 / 大幅 / 計画を上 / 計画を下 / 計画以 / 需要回復 / 需要の回復 / 需要が増 / 需要が低 / 悪化 / グローバルニッチトップ / トップシェア / シェア拡大 / レアアース
20260515,6836,6836_1600_プラット_通期連結業績予想と実績値との差異に関するお知らせ.pdf,,,,,,,,,,,1,,,,,,,,,,,,,価格交渉 / 増産 / 価格改定 / 価格転嫁 / 値上 / 想定以上 / 上方修正 / 下方修正 / 想定以下 / 未達 / 大幅 / 計画を上 / 計画を下 / 計画以 / 需要回復 / 需要の回復 / 需要が増 / 需要が低 / 悪化 / グローバルニッチトップ / トップシェア / シェア拡大 / レアアース
20260515,6840,6840_1600_AKIBA_2026年3月期 決算短信〔日本基準〕(連結).pdf,,,,,,,,,,,5,,,,,,,,,,,,,価格交渉 / 増産 / 価格改定 / 価格転嫁 / 値上 / 想定以上 / 上方修正 / 下方修正 / 想定以下 / 未達 / 大幅 / 計画を上 / 計画を下 / 計画以 / 需要回復 / 需要の回復 / 需要が増 / 需要が低 / 悪化 / グローバルニッチトップ / トップシェア / シェア拡大 / レアアース
20260515,6907,6907_1600_ジオマテック_繰延税金資産の計上及び業績予想と実績値との差異に関するお知らせ.pdf,,,,,,,,,,,,1,,,,,,,,,,,,価格交渉 / 増産 / 価格改定 / 価格転嫁 / 値上 / 想定以上 / 上方修正 / 下方修正 / 想定以下 / 未達 / 大幅 / 計画を上 / 計画を下 / 計画以 / 需要回復 / 需要の回復 / 需要が増 / 需要が低 / 悪化 / グローバルニッチトップ / トップシェア / シェア拡大 / レアアース
20260515,6943,6943_1600_NKK_2026年3月期 決算短信〔日本基準〕(連結).pdf,,,,,,,,,,,,,,,2 4,,,,,,,,,価格交渉 / 増産 / 価格改定 / 価格転嫁 / 値上 / 想定以上 / 上方修正 / 下方修正 / 想定以下 / 未達 / 大幅 / 計画を上 / 計画を下 / 計画以 / 需要回復 / 需要の回復 / 需要が増 / 需要が低 / 悪化 / グローバルニッチトップ / トップシェア / シェア拡大 / レアアース
20260515,6964,6964_1600_サンコー_2026年3月期 決算短信〔日本基準〕(連結).pdf,,,,,,,,,,,,4,,,,,,,,,,,,価格交渉 / 増産 / 価格改定 / 価格転嫁 / 値上 / 想定以上 / 上方修正 / 下方修正 / 想定以下 / 未達 / 大幅 / 計画を上 / 計画を下 / 計画以 / 需要回復 / 需要の回復 / 需要が増 / 需要が低 / 悪化 / グローバルニッチトップ / トップシェア / シェア拡大 / レアアース
20260515,6982,6982_1200_リード_2026年3月期 決算短信 [日本基準](非連結).pdf,,,,,,,,,,,,,,,,,,,4 6,,,,,価格交渉 / 増産 / 価格改定 / 価格転嫁 / 値上 / 想定以上 / 上方修正 / 下方修正 / 想定以下 / 未達 / 大幅 / 計画を上 / 計画を下 / 計画以 / 需要回復 / 需要の回復 / 需要が増 / 需要が低 / 悪化 / グローバルニッチトップ / トップシェア / シェア拡大 / レアアース
20260515,6994,6994_1300_指月電_2026年3月期(2025年度)通期 決算説明資料.pdf,,,,4 8,,,,,,,,,,,,,,,,,,,,価格交渉 / 増産 / 価格改定 / 価格転嫁 / 値上 / 想定以上 / 上方修正 / 下方修正 / 想定以下 / 未達 / 大幅 / 計画を上 / 計画を下 / 計画以 / 需要回復 / 需要の回復 / 需要が増 / 需要が低 / 悪化 / グローバルニッチトップ / トップシェア / シェア拡大 / レアアース
20260515,6995,6995_1500_東海理電_(訂正・数値データ訂正)「2026年3月期第1四半期決算短信〔日本基準〕(連結)」の一部訂正について.pdf,,,,,5,,,,,,,,,,,,,,,,,,,価格交渉 / 増産 / 価格改定 / 価格転嫁 / 値上 / 想定以上 / 上方修正 / 下方修正 / 想定以下 / 未達 / 大幅 / 計画を上 / 計画を下 / 計画以 / 需要回復 / 需要の回復 / 需要が増 / 需要が低 / 悪化 / グローバルニッチトップ / トップシェア / シェア拡大 / レアアース
20260515,6995,6995_1500_東海理電_2026年3月期決算短信〔日本基準〕(連結).pdf,,,,,,,,,,,4,,,,,,,,,,,,,価格交渉 / 増産 / 価格改定 / 価格転嫁 / 値上 / 想定以上 / 上方修正 / 下方修正 / 想定以下 / 未達 / 大幅 / 計画を上 / 計画を下 / 計画以 / 需要回復 / 需要の回復 / 需要が増 / 需要が低 / 悪化 / グローバルニッチトップ / トップシェア / シェア拡大 / レアアース
20260515,7037,7037_1230_テノ._2026年12月期 第1四半期決算短信〔日本基準〕(連結).pdf,,,5,,,,,,,,,,,,,,,,,,,,,価格交渉 / 増産 / 価格改定 / 価格転嫁 / 値上 / 想定以上 / 上方修正 / 下方修正 / 想定以下 / 未達 / 大幅 / 計画を上 / 計画を下 / 計画以 / 需要回復 / 需要の回復 / 需要が増 / 需要が低 / 悪化 / グローバルニッチトップ / トップシェア / シェア拡大 / レアアース
20260515,7039,7039_1200_G-ブリッジグループ_2026年12月期 第1四半期決算短信〔日本基準〕(連結).pdf,,,,,,,,,,,4,,,,,,,,,,,,,価格交渉 / 増産 / 価格改定 / 価格転嫁 / 値上 / 想定以上 / 上方修正 / 下方修正 / 想定以下 / 未達 / 大幅 / 計画を上 / 計画を下 / 計画以 / 需要回復 / 需要の回復 / 需要が増 / 需要が低 / 悪化 / グローバルニッチトップ / トップシェア / シェア拡大 / レアアース
20260515,7042,7042_1600_アクセスグループ_2026年3月期決算短信〔日本基準〕(連結).pdf,,,,,,,,4,,,,,,,,,,,,,,,,価格交渉 / 増産 / 価格改定 / 価格転嫁 / 値上 / 想定以上 / 上方修正 / 下方修正 / 想定以下 / 未達 / 大幅 / 計画を上 / 計画を下 / 計画以 / 需要回復 / 需要の回復 / 需要が増 / 需要が低 / 悪化 / グローバルニッチトップ / トップシェア / シェア拡大 / レアアース
20260515,7042,7042_1600_アクセスグループ_2026年3月期決算説明資料.pdf,,,,,,,,,,,4,,,,,,,,,,,,,価格交渉 / 増産 / 価格改定 / 価格転嫁 / 値上 / 想定以上 / 上方修正 / 下方修正 / 想定以下 / 未達 / 大幅 / 計画を上 / 計画を下 / 計画以 / 需要回復 / 需要の回復 / 需要が増 / 需要が低 / 悪化 / グローバルニッチトップ / トップシェア / シェア拡大 / レアアース
20260515,7059,7059_1700_コプロHD_2026年3月期通期決算説明資料.pdf,,,,,,,,,,,4 17,,,,,,,,,,,,,価格交渉 / 増産 / 価格改定 / 価格転嫁 / 値上 / 想定以上 / 上方修正 / 下方修正 / 想定以下 / 未達 / 大幅 / 計画を上 / 計画を下 / 計画以 / 需要回復 / 需要の回復 / 需要が増 / 需要が低 / 悪化 / グローバルニッチトップ / トップシェア / シェア拡大 / レアアース
20260515,7060,7060_1500_ギークス_2026年3月期通期決算説明資料 スマホ向けサマリ版.pdf,,,,,,,,,,,1,,,,,,,,,,,,,価格交渉 / 増産 / 価格改定 / 価格転嫁 / 値上 / 想定以上 / 上方修正 / 下方修正 / 想定以下 / 未達 / 大幅 / 計画を上 / 計画を下 / 計画以 / 需要回復 / 需要の回復 / 需要が増 / 需要が低 / 悪化 / グローバルニッチトップ / トップシェア / シェア拡大 / レアアース
20260515,7082,7082_1600_G-ジモティー_2026年12月期 第1四半期決算短信〔日本基準〕(非連結).pdf,,,,,,,,,,,4,,,,,,,,,,,,,価格交渉 / 増産 / 価格改定 / 価格転嫁 / 値上 / 想定以上 / 上方修正 / 下方修正 / 想定以下 / 未達 / 大幅 / 計画を上 / 計画を下 / 計画以 / 需要回復 / 需要の回復 / 需要が増 / 需要が低 / 悪化 / グローバルニッチトップ / トップシェア / シェア拡大 / レアアース
20260515,7087,7087_1700_ウイルテック_通期業績予想との差異及び剰余金の配当に関するお知らせ.pdf,,,,,,,,,,,2,,,,,,,,,,,,,価格交渉 / 増産 / 価格改定 / 価格転嫁 / 値上 / 想定以上 / 上方修正 / 下方修正 / 想定以下 / 未達 / 大幅 / 計画を上 / 計画を下 / 計画以 / 需要回復 / 需要の回復 / 需要が増 / 需要が低 / 悪化 / グローバルニッチトップ / トップシェア / シェア拡大 / レアアース
20260515,7119,7119_1530_G-ハルメクHD_剰余金の配当(増配)に関するお知らせ.pdf,,,,,,,,,,,1,,,,,,,,,,,,,価格交渉 / 増産 / 価格改定 / 価格転嫁 / 値上 / 想定以上 / 上方修正 / 下方修正 / 想定以下 / 未達 / 大幅 / 計画を上 / 計画を下 / 計画以 / 需要回復 / 需要の回復 / 需要が増 / 需要が低 / 悪化 / グローバルニッチトップ / トップシェア / シェア拡大 / レアアース
20260515,7132,7132_1500_P-フローバル_2026年3月期 決算短信〔日本基準〕(連結).pdf,,,4,,,,,,,,,,,,,,,,,,,,,価格交渉 / 増産 / 価格改定 / 価格転嫁 / 値上 / 想定以上 / 上方修正 / 下方修正 / 想定以下 / 未達 / 大幅 / 計画を上 / 計画を下 / 計画以 / 需要回復 / 需要の回復 / 需要が増 / 需要が低 / 悪化 / グローバルニッチトップ / トップシェア / シェア拡大 / レアアース
20260515,7140,7140_1540_G-ペットゴー_2026年3月期 決算説明資料.pdf,,,,,,,,,,,,,,,,,,,,,,46,,価格交渉 / 増産 / 価格改定 / 価格転嫁 / 値上 / 想定以上 / 上方修正 / 下方修正 / 想定以下 / 未達 / 大幅 / 計画を上 / 計画を下 / 計画以 / 需要回復 / 需要の回復 / 需要が増 / 需要が低 / 悪化 / グローバルニッチトップ / トップシェア / シェア拡大 / レアアース
20260515,7150,7150_1530_島根銀行_2026年3月期決算短信〔日本基準〕(連結).pdf,,,,,,,,,,,,,,,,,,,5,,,,,価格交渉 / 増産 / 価格改定 / 価格転嫁 / 値上 / 想定以上 / 上方修正 / 下方修正 / 想定以下 / 未達 / 大幅 / 計画を上 / 計画を下 / 計画以 / 需要回復 / 需要の回復 / 需要が増 / 需要が低 / 悪化 / グローバルニッチトップ / トップシェア / シェア拡大 / レアアース
20260515,7181,7181_1530_かんぽ生命保険_2025年度決算のお知らせ.pdf,,,,,,,,,,,,,,,,,,,8 24 35 49 61 71,,,,,価格交渉 / 増産 / 価格改定 / 価格転嫁 / 値上 / 想定以上 / 上方修正 / 下方修正 / 想定以下 / 未達 / 大幅 / 計画を上 / 計画を下 / 計画以 / 需要回復 / 需要の回復 / 需要が増 / 需要が低 / 悪化 / グローバルニッチトップ / トップシェア / シェア拡大 / レアアース
20260515,7182,7182_1530_ゆうちょ銀行_2026年3月期決算説明資料.pdf,,,,,,,15 17,,,,,,,,,,,,,,,,,価格交渉 / 増産 / 価格改定 / 価格転嫁 / 値上 / 想定以上 / 上方修正 / 下方修正 / 想定以下 / 未達 / 大幅 / 計画を上 / 計画を下 / 計画以 / 需要回復 / 需要の回復 / 需要が増 / 需要が低 / 悪化 / グローバルニッチトップ / トップシェア / シェア拡大 / レアアース
20260515,7182,7182_1530_ゆうちょ銀行_「中期経営計画(2026~2028年度)」の策定に関するお知らせ.pdf,,,,,,,,,,,3 14 30,,,,,,,,,,,,,価格交渉 / 増産 / 価格改定 / 価格転嫁 / 値上 / 想定以上 / 上方修正 / 下方修正 / 想定以下 / 未達 / 大幅 / 計画を上 / 計画を下 / 計画以 / 需要回復 / 需要の回復 / 需要が増 / 需要が低 / 悪化 / グローバルニッチトップ / トップシェア / シェア拡大 / レアアース
20260515,7217,7217_1600_テイン_2026年3月期 決算短信〔日本基準〕(連結).pdf,,,,5,,,,,,,,,,,,,,,,,,,,価格交渉 / 増産 / 価格改定 / 価格転嫁 / 値上 / 想定以上 / 上方修正 / 下方修正 / 想定以下 / 未達 / 大幅 / 計画を上 / 計画を下 / 計画以 / 需要回復 / 需要の回復 / 需要が増 / 需要が低 / 悪化 / グローバルニッチトップ / トップシェア / シェア拡大 / レアアース
20260515,7217,7217_1600_テイン_2026年3月期決算参考資料.pdf,,,,2,,,,,,,,,,,,,,,,,,,,価格交渉 / 増産 / 価格改定 / 価格転嫁 / 値上 / 想定以上 / 上方修正 / 下方修正 / 想定以下 / 未達 / 大幅 / 計画を上 / 計画を下 / 計画以 / 需要回復 / 需要の回復 / 需要が増 / 需要が低 / 悪化 / グローバルニッチトップ / トップシェア / シェア拡大 / レアアース
20260515,7246,7246_1500_プレス工_2026年3月期期末配当予想の修正(増配)に関するお知らせ.pdf,,,,,,,1,,,,,,,,,,,,,,,,,価格交渉 / 増産 / 価格改定 / 価格転嫁 / 値上 / 想定以上 / 上方修正 / 下方修正 / 想定以下 / 未達 / 大幅 / 計画を上 / 計画を下 / 計画以 / 需要回復 / 需要の回復 / 需要が増 / 需要が低 / 悪化 / グローバルニッチトップ / トップシェア / シェア拡大 / レアアース
20260515,7246,7246_1500_プレス工_2026年3月期決算短信〔日本基準〕(連結).pdf,,,,,,,,,,,,,,,,,4,,,,,,,価格交渉 / 増産 / 価格改定 / 価格転嫁 / 値上 / 想定以上 / 上方修正 / 下方修正 / 想定以下 / 未達 / 大幅 / 計画を上 / 計画を下 / 計画以 / 需要回復 / 需要の回復 / 需要が増 / 需要が低 / 悪化 / グローバルニッチトップ / トップシェア / シェア拡大 / レアアース
20260515,7256,7256_1500_河西工_2026年3月期 決算短信〔日本基準〕(連結).pdf,,,,,,,,,,,5,,,,,,,,,,,,,価格交渉 / 増産 / 価格改定 / 価格転嫁 / 値上 / 想定以上 / 上方修正 / 下方修正 / 想定以下 / 未達 / 大幅 / 計画を上 / 計画を下 / 計画以 / 需要回復 / 需要の回復 / 需要が増 / 需要が低 / 悪化 / グローバルニッチトップ / トップシェア / シェア拡大 / レアアース
20260515,7256,7256_1500_河西工_個別業績の前期実績値との差異に関するお知らせ.pdf,,,,,,,,,,,1,,,,,,,,,,,,,価格交渉 / 増産 / 価格改定 / 価格転嫁 / 値上 / 想定以上 / 上方修正 / 下方修正 / 想定以下 / 未達 / 大幅 / 計画を上 / 計画を下 / 計画以 / 需要回復 / 需要の回復 / 需要が増 / 需要が低 / 悪化 / グローバルニッチトップ / トップシェア / シェア拡大 / レアアース
20260515,7270,7270_1300_SUBARU_2026年3月期決算 アナリスト向け説明会資料.pdf,,,,,,,,,,,2,,,,,,,,,,,,,価格交渉 / 増産 / 価格改定 / 価格転嫁 / 値上 / 想定以上 / 上方修正 / 下方修正 / 想定以下 / 未達 / 大幅 / 計画を上 / 計画を下 / 計画以 / 需要回復 / 需要の回復 / 需要が増 / 需要が低 / 悪化 / グローバルニッチトップ / トップシェア / シェア拡大 / レアアース
20260515,7272,7272_1400_ヤマハ発_2026年12月期 第1四半期連結業績の概要について.pdf,,,,,,,,,,,,,,,2,,,,,,,,,価格交渉 / 増産 / 価格改定 / 価格転嫁 / 値上 / 想定以上 / 上方修正 / 下方修正 / 想定以下 / 未達 / 大幅 / 計画を上 / 計画を下 / 計画以 / 需要回復 / 需要の回復 / 需要が増 / 需要が低 / 悪化 / グローバルニッチトップ / トップシェア / シェア拡大 / レアアース
20260515,7273,7273_1810_イクヨ_2026年3月期 決算短信〔日本基準〕(連結).pdf,,,,4,,,,,,,,,,,,,,,,,,,,価格交渉 / 増産 / 価格改定 / 価格転嫁 / 値上 / 想定以上 / 上方修正 / 下方修正 / 想定以下 / 未達 / 大幅 / 計画を上 / 計画を下 / 計画以 / 需要回復 / 需要の回復 / 需要が増 / 需要が低 / 悪化 / グローバルニッチトップ / トップシェア / シェア拡大 / レアアース
20260515,7273,7273_1810_イクヨ_2026年3月期通期連結業績予想と実績値との差異及び個別業績と前期実績値との差異に関するお知らせ.pdf,,,,,,,,,,,,,1,,,,,,,,,,,価格交渉 / 増産 / 価格改定 / 価格転嫁 / 値上 / 想定以上 / 上方修正 / 下方修正 / 想定以下 / 未達 / 大幅 / 計画を上 / 計画を下 / 計画以 / 需要回復 / 需要の回復 / 需要が増 / 需要が低 / 悪化 / グローバルニッチトップ / トップシェア / シェア拡大 / レアアース
20260515,7280,7280_1300_ミツバ_2026年3月期 決算短信〔日本基準〕(連結).pdf,,,,,,,,,,,,,,,5,,,,,,,,,価格交渉 / 増産 / 価格改定 / 価格転嫁 / 値上 / 想定以上 / 上方修正 / 下方修正 / 想定以下 / 未達 / 大幅 / 計画を上 / 計画を下 / 計画以 / 需要回復 / 需要の回復 / 需要が増 / 需要が低 / 悪化 / グローバルニッチトップ / トップシェア / シェア拡大 / レアアース
20260515,7280,7280_1300_ミツバ_2026年3月期決算補足説明資料.pdf,,,,,,,,,,,2,,,,,,,,,,,,,価格交渉 / 増産 / 価格改定 / 価格転嫁 / 値上 / 想定以上 / 上方修正 / 下方修正 / 想定以下 / 未達 / 大幅 / 計画を上 / 計画を下 / 計画以 / 需要回復 / 需要の回復 / 需要が増 / 需要が低 / 悪化 / グローバルニッチトップ / トップシェア / シェア拡大 / レアアース
20260515,7280,7280_1300_ミツバ_株主還元方針に関するお知らせ.pdf,,,,,,,,,,,,7,,,,,,,,,,,,価格交渉 / 増産 / 価格改定 / 価格転嫁 / 値上 / 想定以上 / 上方修正 / 下方修正 / 想定以下 / 未達 / 大幅 / 計画を上 / 計画を下 / 計画以 / 需要回復 / 需要の回復 / 需要が増 / 需要が低 / 悪化 / グローバルニッチトップ / トップシェア / シェア拡大 / レアアース
20260515,7287,7287_1530_日本精機_2026年3月期 決算短信〔IFRS〕(連結).pdf,,,,,,,,,,,5,,,,,,,,,,,,,価格交渉 / 増産 / 価格改定 / 価格転嫁 / 値上 / 想定以上 / 上方修正 / 下方修正 / 想定以下 / 未達 / 大幅 / 計画を上 / 計画を下 / 計画以 / 需要回復 / 需要の回復 / 需要が増 / 需要が低 / 悪化 / グローバルニッチトップ / トップシェア / シェア拡大 / レアアース
20260515,7294,7294_1530_ヨロズ_2026年3月期決算短信〔日本基準〕(連結).pdf,,,,,,,,,,,4,,,,,,,,,,,,,価格交渉 / 増産 / 価格改定 / 価格転嫁 / 値上 / 想定以上 / 上方修正 / 下方修正 / 想定以下 / 未達 / 大幅 / 計画を上 / 計画を下 / 計画以 / 需要回復 / 需要の回復 / 需要が増 / 需要が低 / 悪化 / グローバルニッチトップ / トップシェア / シェア拡大 / レアアース
20260515,7294,7294_1530_ヨロズ_2026年3月期通期連結業績予想と実績値との差異(上方修正)及び剰余金の配当(増配)に関するお知らせ.pdf,,,,,,,1,,,,,,,,,,,,,,,,,価格交渉 / 増産 / 価格改定 / 価格転嫁 / 値上 / 想定以上 / 上方修正 / 下方修正 / 想定以下 / 未達 / 大幅 / 計画を上 / 計画を下 / 計画以 / 需要回復 / 需要の回復 / 需要が増 / 需要が低 / 悪化 / グローバルニッチトップ / トップシェア / シェア拡大 / レアアース
20260515,7294,7294_1530_ヨロズ_個別決算における貸倒引当金繰入額の計上に関するお知らせ.pdf,,,,,,,,,,,,,,,,,,,1,,,,,価格交渉 / 増産 / 価格改定 / 価格転嫁 / 値上 / 想定以上 / 上方修正 / 下方修正 / 想定以下 / 未達 / 大幅 / 計画を上 / 計画を下 / 計画以 / 需要回復 / 需要の回復 / 需要が増 / 需要が低 / 悪化 / グローバルニッチトップ / トップシェア / シェア拡大 / レアアース
20260515,7320,7320_1530_G-Solvvy_2026年6月期 第3四半期決算短信〔日本基準〕(連結).pdf,,,,,,,,,,,4,,,,,,,,,,,,,価格交渉 / 増産 / 価格改定 / 価格転嫁 / 値上 / 想定以上 / 上方修正 / 下方修正 / 想定以下 / 未達 / 大幅 / 計画を上 / 計画を下 / 計画以 / 需要回復 / 需要の回復 / 需要が増 / 需要が低 / 悪化 / グローバルニッチトップ / トップシェア / シェア拡大 / レアアース
20260515,7320,7320_1530_G-Solvvy_株式会社ジャックスとの資本業務提携に向けた基本合意書締結に関するお知らせ.pdf,,,,,,,,,,,1,,,,,,,,,,,,,価格交渉 / 増産 / 価格改定 / 価格転嫁 / 値上 / 想定以上 / 上方修正 / 下方修正 / 想定以下 / 未達 / 大幅 / 計画を上 / 計画を下 / 計画以 / 需要回復 / 需要の回復 / 需要が増 / 需要が低 / 悪化 / グローバルニッチトップ / トップシェア / シェア拡大 / レアアース
20260515,7325,7325_1530_G-アイリック_2026年6月期 第3四半期決算短信〔日本基準〕(連結).pdf,,,,,,,,,,,,4,,,,,,,,,,,,価格交渉 / 増産 / 価格改定 / 価格転嫁 / 値上 / 想定以上 / 上方修正 / 下方修正 / 想定以下 / 未達 / 大幅 / 計画を上 / 計画を下 / 計画以 / 需要回復 / 需要の回復 / 需要が増 / 需要が低 / 悪化 / グローバルニッチトップ / トップシェア / シェア拡大 / レアアース
20260515,7345,7345_1600_G-アイパートナーズ_2026年3月期決算説明資料.pdf,,,,,,,,,,,13 16 32 42,,,,,,,,,,,,,価格交渉 / 増産 / 価格改定 / 価格転嫁 / 値上 / 想定以上 / 上方修正 / 下方修正 / 想定以下 / 未達 / 大幅 / 計画を上 / 計画を下 / 計画以 / 需要回復 / 需要の回復 / 需要が増 / 需要が低 / 悪化 / グローバルニッチトップ / トップシェア / シェア拡大 / レアアース
20260515,7345,7345_1600_G-アイパートナーズ_2026年3月通期連結業績と前期実績との差異及び剰余金の配当に関するお知らせ.pdf,,,,,,,,,,,1,,,,,,,,,,,,,価格交渉 / 増産 / 価格改定 / 価格転嫁 / 値上 / 想定以上 / 上方修正 / 下方修正 / 想定以下 / 未達 / 大幅 / 計画を上 / 計画を下 / 計画以 / 需要回復 / 需要の回復 / 需要が増 / 需要が低 / 悪化 / グローバルニッチトップ / トップシェア / シェア拡大 / レアアース
20260515,7354,7354_1530_DmMiX_2026年12月期 第1四半期決算短信〔IFRS〕(連結).pdf,,,,4,,,,,,,,,,,,,,,,,,,,価格交渉 / 増産 / 価格改定 / 価格転嫁 / 値上 / 想定以上 / 上方修正 / 下方修正 / 想定以下 / 未達 / 大幅 / 計画を上 / 計画を下 / 計画以 / 需要回復 / 需要の回復 / 需要が増 / 需要が低 / 悪化 / グローバルニッチトップ / トップシェア / シェア拡大 / レアアース
20260515,7369,7369_1300_G-メイホーHD_2026年6月期第3四半期決算短信〔日本基準〕(連結).pdf,,,,,,,,,,,5 6,,,,,,,,,,,,,価格交渉 / 増産 / 価格改定 / 価格転嫁 / 値上 / 想定以上 / 上方修正 / 下方修正 / 想定以下 / 未達 / 大幅 / 計画を上 / 計画を下 / 計画以 / 需要回復 / 需要の回復 / 需要が増 / 需要が低 / 悪化 / グローバルニッチトップ / トップシェア / シェア拡大 / レアアース
20260515,7369,7369_1300_G-メイホーHD_2026年6月期第3四半期決算説明資料.pdf,,,,,,,,,,,,,,,,,10,,,,,,,価格交渉 / 増産 / 価格改定 / 価格転嫁 / 値上 / 想定以上 / 上方修正 / 下方修正 / 想定以下 / 未達 / 大幅 / 計画を上 / 計画を下 / 計画以 / 需要回復 / 需要の回復 / 需要が増 / 需要が低 / 悪化 / グローバルニッチトップ / トップシェア / シェア拡大 / レアアース
20260515,7371,7371_1130_G-Zenken_2026年6月期第3四半期決算短信〔日本基準〕(連結).pdf,,,,,,,,,,,,,,,,,4,,,,,,,価格交渉 / 増産 / 価格改定 / 価格転嫁 / 値上 / 想定以上 / 上方修正 / 下方修正 / 想定以下 / 未達 / 大幅 / 計画を上 / 計画を下 / 計画以 / 需要回復 / 需要の回復 / 需要が増 / 需要が低 / 悪化 / グローバルニッチトップ / トップシェア / シェア拡大 / レアアース
20260515,7376,7376_1300_G-BCC_2026年9月期第2四半期決算説明資料.pdf,,,,,,,,,,,12 13,,,,,,,,,,,,,価格交渉 / 増産 / 価格改定 / 価格転嫁 / 値上 / 想定以上 / 上方修正 / 下方修正 / 想定以下 / 未達 / 大幅 / 計画を上 / 計画を下 / 計画以 / 需要回復 / 需要の回復 / 需要が増 / 需要が低 / 悪化 / グローバルニッチトップ / トップシェア / シェア拡大 / レアアース
20260515,7384,7384_1530_プロクレアHD_2026年3月期 決算短信〔日本基準〕(連結).pdf,,,,4,,,,,,,,,,,,,,,,,,,,価格交渉 / 増産 / 価格改定 / 価格転嫁 / 値上 / 想定以上 / 上方修正 / 下方修正 / 想定以下 / 未達 / 大幅 / 計画を上 / 計画を下 / 計画以 / 需要回復 / 需要の回復 / 需要が増 / 需要が低 / 悪化 / グローバルニッチトップ / トップシェア / シェア拡大 / レアアース
20260515,7389,7389_1520_あいちFG_2026年3月期 決算短信〔日本基準〕(連結).pdf,,,,,,,,,,,27 28,,,,,,,,,,,,,価格交渉 / 増産 / 価格改定 / 価格転嫁 / 値上 / 想定以上 / 上方修正 / 下方修正 / 想定以下 / 未達 / 大幅 / 計画を上 / 計画を下 / 計画以 / 需要回復 / 需要の回復 / 需要が増 / 需要が低 / 悪化 / グローバルニッチトップ / トップシェア / シェア拡大 / レアアース
20260515,7523,7523_1500_アールビバン_2026年3月期決算短信〔日本基準〕(連結).pdf,,,,,,,,,,,4,,,,,,,,,,,,,価格交渉 / 増産 / 価格改定 / 価格転嫁 / 値上 / 想定以上 / 上方修正 / 下方修正 / 想定以下 / 未達 / 大幅 / 計画を上 / 計画を下 / 計画以 / 需要回復 / 需要の回復 / 需要が増 / 需要が低 / 悪化 / グローバルニッチトップ / トップシェア / シェア拡大 / レアアース
20260515,7524,7524_1510_マルシェ_2026年3月期決算短信〔日本基準〕(非連結).pdf,,,,,,,,,,,,,,,,5,,,,,,,,価格交渉 / 増産 / 価格改定 / 価格転嫁 / 値上 / 想定以上 / 上方修正 / 下方修正 / 想定以下 / 未達 / 大幅 / 計画を上 / 計画を下 / 計画以 / 需要回復 / 需要の回復 / 需要が増 / 需要が低 / 悪化 / グローバルニッチトップ / トップシェア / シェア拡大 / レアアース
20260515,7524,7524_1510_マルシェ_2026年3月期通期業績予想値と実績値との差異に関するお知らせ.pdf,,,,,,,,,,1,,,,,,,,,,,,,,価格交渉 / 増産 / 価格改定 / 価格転嫁 / 値上 / 想定以上 / 上方修正 / 下方修正 / 想定以下 / 未達 / 大幅 / 計画を上 / 計画を下 / 計画以 / 需要回復 / 需要の回復 / 需要が増 / 需要が低 / 悪化 / グローバルニッチトップ / トップシェア / シェア拡大 / レアアース
20260515,7527,7527_1600_システムソフト_2026年9月期 第2四半期(中間期)決算短信[日本基準](連結).pdf,,,,,,,,,,,4,,,,,,,,,,,,,価格交渉 / 増産 / 価格改定 / 価格転嫁 / 値上 / 想定以上 / 上方修正 / 下方修正 / 想定以下 / 未達 / 大幅 / 計画を上 / 計画を下 / 計画以 / 需要回復 / 需要の回復 / 需要が増 / 需要が低 / 悪化 / グローバルニッチトップ / トップシェア / シェア拡大 / レアアース
20260515,7555,7555_1430_大田花き_2026年3月期 決算短信〔日本基準〕(連結).pdf,,,,,,,,,,,,,,,,,,,5,,,,,価格交渉 / 増産 / 価格改定 / 価格転嫁 / 値上 / 想定以上 / 上方修正 / 下方修正 / 想定以下 / 未達 / 大幅 / 計画を上 / 計画を下 / 計画以 / 需要回復 / 需要の回復 / 需要が増 / 需要が低 / 悪化 / グローバルニッチトップ / トップシェア / シェア拡大 / レアアース
20260515,7571,7571_1530_ヤマノHD_2026年3月期業績予想と実績値の差異に関するお知らせ.pdf,,,,,,,,,,,2,,,,,,,,,,,,,価格交渉 / 増産 / 価格改定 / 価格転嫁 / 値上 / 想定以上 / 上方修正 / 下方修正 / 想定以下 / 未達 / 大幅 / 計画を上 / 計画を下 / 計画以 / 需要回復 / 需要の回復 / 需要が増 / 需要が低 / 悪化 / グローバルニッチトップ / トップシェア / シェア拡大 / レアアース
20260515,7571,7571_1530_ヤマノHD_2026年3月期決算短信〔日本基準〕(連結).pdf,,,5,,,,,,,,,,,,,,,,,,,,,価格交渉 / 増産 / 価格改定 / 価格転嫁 / 値上 / 想定以上 / 上方修正 / 下方修正 / 想定以下 / 未達 / 大幅 / 計画を上 / 計画を下 / 計画以 / 需要回復 / 需要の回復 / 需要が増 / 需要が低 / 悪化 / グローバルニッチトップ / トップシェア / シェア拡大 / レアアース
20260515,7593,7593_1600_VTHD_2026年3月期 決算短信〔IFRS〕(連結).pdf,,,,,6,,,,,,,,,,,,,,,,,,,価格交渉 / 増産 / 価格改定 / 価格転嫁 / 値上 / 想定以上 / 上方修正 / 下方修正 / 想定以下 / 未達 / 大幅 / 計画を上 / 計画を下 / 計画以 / 需要回復 / 需要の回復 / 需要が増 / 需要が低 / 悪化 / グローバルニッチトップ / トップシェア / シェア拡大 / レアアース
20260515,7595,7595_1545_アルゴグラフ_2026年3月期決算短信〔日本基準〕(連結).pdf,,,,,,,,,,,6,,,,,,,,,,,,,価格交渉 / 増産 / 価格改定 / 価格転嫁 / 値上 / 想定以上 / 上方修正 / 下方修正 / 想定以下 / 未達 / 大幅 / 計画を上 / 計画を下 / 計画以 / 需要回復 / 需要の回復 / 需要が増 / 需要が低 / 悪化 / グローバルニッチトップ / トップシェア / シェア拡大 / レアアース
20260515,7596,7596_1530_魚力_2026年3月期 決算短信〔日本基準〕(連結).pdf,,,,,,,,,,,4,,,,,,,,,,,,,価格交渉 / 増産 / 価格改定 / 価格転嫁 / 値上 / 想定以上 / 上方修正 / 下方修正 / 想定以下 / 未達 / 大幅 / 計画を上 / 計画を下 / 計画以 / 需要回復 / 需要の回復 / 需要が増 / 需要が低 / 悪化 / グローバルニッチトップ / トップシェア / シェア拡大 / レアアース
20260515,7596,7596_1530_魚力_2026年3月期通期業績予想と実績との差異に関するお知らせ.pdf,,,,,,,,,,,,1,,,,,,,,,,,,価格交渉 / 増産 / 価格改定 / 価格転嫁 / 値上 / 想定以上 / 上方修正 / 下方修正 / 想定以下 / 未達 / 大幅 / 計画を上 / 計画を下 / 計画以 / 需要回復 / 需要の回復 / 需要が増 / 需要が低 / 悪化 / グローバルニッチトップ / トップシェア / シェア拡大 / レアアース
20260515,7699,7699_1700_G-OPS_2026年3月期 決算短信〔SFRS〕(連結).pdf,,,,,,,,,,,6,,,,,,,,,,,,,価格交渉 / 増産 / 価格改定 / 価格転嫁 / 値上 / 想定以上 / 上方修正 / 下方修正 / 想定以下 / 未達 / 大幅 / 計画を上 / 計画を下 / 計画以 / 需要回復 / 需要の回復 / 需要が増 / 需要が低 / 悪化 / グローバルニッチトップ / トップシェア / シェア拡大 / レアアース
20260515,7707,7707_1600_G-PSS_特別利益の計上及び2026年6月期通期連結業績予想の修正に関するお知らせ.pdf,,,,,,,1,,,,,,,,,,,,,,,,,価格交渉 / 増産 / 価格改定 / 価格転嫁 / 値上 / 想定以上 / 上方修正 / 下方修正 / 想定以下 / 未達 / 大幅 / 計画を上 / 計画を下 / 計画以 / 需要回復 / 需要の回復 / 需要が増 / 需要が低 / 悪化 / グローバルニッチトップ / トップシェア / シェア拡大 / レアアース
20260515,7727,7727_1600_オーバル_2026年3月期決算短信〔日本基準〕(連結).pdf,,,,,,,,,,,4,,,,,,,,,,,,,価格交渉 / 増産 / 価格改定 / 価格転嫁 / 値上 / 想定以上 / 上方修正 / 下方修正 / 想定以下 / 未達 / 大幅 / 計画を上 / 計画を下 / 計画以 / 需要回復 / 需要の回復 / 需要が増 / 需要が低 / 悪化 / グローバルニッチトップ / トップシェア / シェア拡大 / レアアース
20260515,7747,7747_1530_アサヒインテック_2026年6月期第3四半期決算説明資料.pdf,,,,,,,,,,,3,,,,,,,,,,,,,価格交渉 / 増産 / 価格改定 / 価格転嫁 / 値上 / 想定以上 / 上方修正 / 下方修正 / 想定以下 / 未達 / 大幅 / 計画を上 / 計画を下 / 計画以 / 需要回復 / 需要の回復 / 需要が増 / 需要が低 / 悪化 / グローバルニッチトップ / トップシェア / シェア拡大 / レアアース
20260515,7749,7749_1600_メディキット_2026年3月期 決算短信〔日本基準〕(連結).pdf,,,,,,,,,,,,,,,,,,,4,,,,,価格交渉 / 増産 / 価格改定 / 価格転嫁 / 値上 / 想定以上 / 上方修正 / 下方修正 / 想定以下 / 未達 / 大幅 / 計画を上 / 計画を下 / 計画以 / 需要回復 / 需要の回復 / 需要が増 / 需要が低 / 悪化 / グローバルニッチトップ / トップシェア / シェア拡大 / レアアース
20260515,7781,7781_1600_平山_2026年6月期第3四半期決算短信〔日本基準〕(連結).pdf,,,,,,,,,,,,,,,,,,,4,,,,,価格交渉 / 増産 / 価格改定 / 価格転嫁 / 値上 / 想定以上 / 上方修正 / 下方修正 / 想定以下 / 未達 / 大幅 / 計画を上 / 計画を下 / 計画以 / 需要回復 / 需要の回復 / 需要が増 / 需要が低 / 悪化 / グローバルニッチトップ / トップシェア / シェア拡大 / レアアース
20260515,7790,7790_1730_バルコス_連結業績予想の上方修正及び特別利益の計上に関するお知らせ.pdf,,,,,,,1 2,,,,,,,,,,,,,,,,,価格交渉 / 増産 / 価格改定 / 価格転嫁 / 値上 / 想定以上 / 上方修正 / 下方修正 / 想定以下 / 未達 / 大幅 / 計画を上 / 計画を下 / 計画以 / 需要回復 / 需要の回復 / 需要が増 / 需要が低 / 悪化 / グローバルニッチトップ / トップシェア / シェア拡大 / レアアース
20260515,7800,7800_1400_アミファ_2026年9月期第2四半期(中間期)決算短信〔日本基準〕(非連結).pdf,,,,,,,,,,,4,,,,,,,,,,,,,価格交渉 / 増産 / 価格改定 / 価格転嫁 / 値上 / 想定以上 / 上方修正 / 下方修正 / 想定以下 / 未達 / 大幅 / 計画を上 / 計画を下 / 計画以 / 需要回復 / 需要の回復 / 需要が増 / 需要が低 / 悪化 / グローバルニッチトップ / トップシェア / シェア拡大 / レアアース
20260515,7809,7809_1530_壽屋_2026年6月期 第3四半期決算短信〔日本基準〕(連結).pdf,,,,,,,,,,,,,,,,4,,,,,,,,価格交渉 / 増産 / 価格改定 / 価格転嫁 / 値上 / 想定以上 / 上方修正 / 下方修正 / 想定以下 / 未達 / 大幅 / 計画を上 / 計画を下 / 計画以 / 需要回復 / 需要の回復 / 需要が増 / 需要が低 / 悪化 / グローバルニッチトップ / トップシェア / シェア拡大 / レアアース
20260515,7812,7812_1531_クレステック_2026年6月期 第3四半期決算短信〔日本基準〕(連結).pdf,,,,,,,,,,,,,,,,,,,4,,,,,価格交渉 / 増産 / 価格改定 / 価格転嫁 / 値上 / 想定以上 / 上方修正 / 下方修正 / 想定以下 / 未達 / 大幅 / 計画を上 / 計画を下 / 計画以 / 需要回復 / 需要の回復 / 需要が増 / 需要が低 / 悪化 / グローバルニッチトップ / トップシェア / シェア拡大 / レアアース
20260515,7820,7820_1500_ニホンフラッシュ_2026年3月期 決算短信〔日本基準〕(連結).pdf,,,,,,,,,,,,,,,,,,,4,,,,,価格交渉 / 増産 / 価格改定 / 価格転嫁 / 値上 / 想定以上 / 上方修正 / 下方修正 / 想定以下 / 未達 / 大幅 / 計画を上 / 計画を下 / 計画以 / 需要回復 / 需要の回復 / 需要が増 / 需要が低 / 悪化 / グローバルニッチトップ / トップシェア / シェア拡大 / レアアース
20260515,7823,7823_1530_アートネイチャー_2026年3月期 決算短信〔日本基準〕(連結).pdf,,,,,,,,,,,,,,,,4,,,,,,,,価格交渉 / 増産 / 価格改定 / 価格転嫁 / 値上 / 想定以上 / 上方修正 / 下方修正 / 想定以下 / 未達 / 大幅 / 計画を上 / 計画を下 / 計画以 / 需要回復 / 需要の回復 / 需要が増 / 需要が低 / 悪化 / グローバルニッチトップ / トップシェア / シェア拡大 / レアアース
20260515,7868,7868_1530_広済堂HD_2026年3月期決算説明会資料.pdf,,,,,,,,,,,5 11 35,,,,,,,,,,,,,価格交渉 / 増産 / 価格改定 / 価格転嫁 / 値上 / 想定以上 / 上方修正 / 下方修正 / 想定以下 / 未達 / 大幅 / 計画を上 / 計画を下 / 計画以 / 需要回復 / 需要の回復 / 需要が増 / 需要が低 / 悪化 / グローバルニッチトップ / トップシェア / シェア拡大 / レアアース
20260515,7874,7874_1700_レック_2026年3月期決算短信〔日本基準〕(連結).pdf,,,,,,,,,,,,,,,,,,,4 6,,,,,価格交渉 / 増産 / 価格改定 / 価格転嫁 / 値上 / 想定以上 / 上方修正 / 下方修正 / 想定以下 / 未達 / 大幅 / 計画を上 / 計画を下 / 計画以 / 需要回復 / 需要の回復 / 需要が増 / 需要が低 / 悪化 / グローバルニッチトップ / トップシェア / シェア拡大 / レアアース
20260515,7886,7886_1530_ヤマトモビMfg_2026年3月期決算短信〔日本基準〕(連結).pdf,,,,,,,,,,,,,,,,,,,5,,,,,価格交渉 / 増産 / 価格改定 / 価格転嫁 / 値上 / 想定以上 / 上方修正 / 下方修正 / 想定以下 / 未達 / 大幅 / 計画を上 / 計画を下 / 計画以 / 需要回復 / 需要の回復 / 需要が増 / 需要が低 / 悪化 / グローバルニッチトップ / トップシェア / シェア拡大 / レアアース
20260515,7914,7914_1500_共同印_2026年3月期 決算説明資料.pdf,,,,5 7,,,,,,,,,,,,,,,,,,,,価格交渉 / 増産 / 価格改定 / 価格転嫁 / 値上 / 想定以上 / 上方修正 / 下方修正 / 想定以下 / 未達 / 大幅 / 計画を上 / 計画を下 / 計画以 / 需要回復 / 需要の回復 / 需要が増 / 需要が低 / 悪化 / グローバルニッチトップ / トップシェア / シェア拡大 / レアアース
20260515,7922,7922_1500_三光産業_2026年3月期 決算短信〔日本基準〕(連結).pdf,,,,,,,,,,,,,,,,,,,4,,,,,価格交渉 / 増産 / 価格改定 / 価格転嫁 / 値上 / 想定以上 / 上方修正 / 下方修正 / 想定以下 / 未達 / 大幅 / 計画を上 / 計画を下 / 計画以 / 需要回復 / 需要の回復 / 需要が増 / 需要が低 / 悪化 / グローバルニッチトップ / トップシェア / シェア拡大 / レアアース
20260515,7922,7922_1500_三光産業_営業外収益、特別損失の計上及び連結業績予想と実績値との差異並びに個別業績の前期実績値との差異に関するお知らせ.pdf,,,,,,,,,,,,2,,,,,,,,,,,,価格交渉 / 増産 / 価格改定 / 価格転嫁 / 値上 / 想定以上 / 上方修正 / 下方修正 / 想定以下 / 未達 / 大幅 / 計画を上 / 計画を下 / 計画以 / 需要回復 / 需要の回復 / 需要が増 / 需要が低 / 悪化 / グローバルニッチトップ / トップシェア / シェア拡大 / レアアース
20260515,7925,7925_1600_前沢化成_2026年3月期 決算短信〔日本基準〕(連結).pdf,,,4,,,,,,,,,,,,,,,,,,,,,価格交渉 / 増産 / 価格改定 / 価格転嫁 / 値上 / 想定以上 / 上方修正 / 下方修正 / 想定以下 / 未達 / 大幅 / 計画を上 / 計画を下 / 計画以 / 需要回復 / 需要の回復 / 需要が増 / 需要が低 / 悪化 / グローバルニッチトップ / トップシェア / シェア拡大 / レアアース
20260515,7932,7932_1530_ニッピ_2026年3月期決算短信〔日本基準〕(連結).pdf,,,,,,,,,,5,,,,,,,,,,,,,,価格交渉 / 増産 / 価格改定 / 価格転嫁 / 値上 / 想定以上 / 上方修正 / 下方修正 / 想定以下 / 未達 / 大幅 / 計画を上 / 計画を下 / 計画以 / 需要回復 / 需要の回復 / 需要が増 / 需要が低 / 悪化 / グローバルニッチトップ / トップシェア / シェア拡大 / レアアース
20260515,7957,7957_1530_フジコピアン_2026年12月期第1四半期決算短信〔日本基準〕(連結).pdf,,,,,,,,,,,,,,,,4,,,,,,,,価格交渉 / 増産 / 価格改定 / 価格転嫁 / 値上 / 想定以上 / 上方修正 / 下方修正 / 想定以下 / 未達 / 大幅 / 計画を上 / 計画を下 / 計画以 / 需要回復 / 需要の回復 / 需要が増 / 需要が低 / 悪化 / グローバルニッチトップ / トップシェア / シェア拡大 / レアアース
20260515,7995,7995_1530_バルカー_2026年3月期 決算短信〔日本基準〕(連結).pdf,,,,,,,,,,,,,,,,,,,5 6,,,,,価格交渉 / 増産 / 価格改定 / 価格転嫁 / 値上 / 想定以上 / 上方修正 / 下方修正 / 想定以下 / 未達 / 大幅 / 計画を上 / 計画を下 / 計画以 / 需要回復 / 需要の回復 / 需要が増 / 需要が低 / 悪化 / グローバルニッチトップ / トップシェア / シェア拡大 / レアアース
20260515,8006,8006_1500_ユアサフナ_2026年3月期 決算短信〔日本基準〕(連結).pdf,,,,,4,,,,,,,,,,,,,,,,,,,価格交渉 / 増産 / 価格改定 / 価格転嫁 / 値上 / 想定以上 / 上方修正 / 下方修正 / 想定以下 / 未達 / 大幅 / 計画を上 / 計画を下 / 計画以 / 需要回復 / 需要の回復 / 需要が増 / 需要が低 / 悪化 / グローバルニッチトップ / トップシェア / シェア拡大 / レアアース
20260515,8018,8018_1100_三共生興_2026年3月期 決算短信〔日本基準〕(連結).pdf,,,,,,,,,,,,,18,,,,,,,,,,,価格交渉 / 増産 / 価格改定 / 価格転嫁 / 値上 / 想定以上 / 上方修正 / 下方修正 / 想定以下 / 未達 / 大幅 / 計画を上 / 計画を下 / 計画以 / 需要回復 / 需要の回復 / 需要が増 / 需要が低 / 悪化 / グローバルニッチトップ / トップシェア / シェア拡大 / レアアース
20260515,8018,8018_1100_三共生興_中期経営計画の見直しに関するお知らせ.pdf,,,,,,1,,,,,,,,,,,,,,,,,,価格交渉 / 増産 / 価格改定 / 価格転嫁 / 値上 / 想定以上 / 上方修正 / 下方修正 / 想定以下 / 未達 / 大幅 / 計画を上 / 計画を下 / 計画以 / 需要回復 / 需要の回復 / 需要が増 / 需要が低 / 悪化 / グローバルニッチトップ / トップシェア / シェア拡大 / レアアース
20260515,8023,8023_1530_DAIKOXT_2026年3月期 決算説明資料.pdf,,,,,,,,,,,,,,,,,,,,,,26 27 28,,価格交渉 / 増産 / 価格改定 / 価格転嫁 / 値上 / 想定以上 / 上方修正 / 下方修正 / 想定以下 / 未達 / 大幅 / 計画を上 / 計画を下 / 計画以 / 需要回復 / 需要の回復 / 需要が増 / 需要が低 / 悪化 / グローバルニッチトップ / トップシェア / シェア拡大 / レアアース
20260515,8025,8025_1200_ツカモト_2026年3月期 決算説明資料.pdf,,,,,,,,,,12 13 14,,,,,,,,,,,,,,価格交渉 / 増産 / 価格改定 / 価格転嫁 / 値上 / 想定以上 / 上方修正 / 下方修正 / 想定以下 / 未達 / 大幅 / 計画を上 / 計画を下 / 計画以 / 需要回復 / 需要の回復 / 需要が増 / 需要が低 / 悪化 / グローバルニッチトップ / トップシェア / シェア拡大 / レアアース
20260515,8030,8030_1530_中央魚_中期経営計画の策定に関するお知らせ.pdf,,,,,,,,,,,,,,,,,,,,,,11,,価格交渉 / 増産 / 価格改定 / 価格転嫁 / 値上 / 想定以上 / 上方修正 / 下方修正 / 想定以下 / 未達 / 大幅 / 計画を上 / 計画を下 / 計画以 / 需要回復 / 需要の回復 / 需要が増 / 需要が低 / 悪化 / グローバルニッチトップ / トップシェア / シェア拡大 / レアアース
20260515,8101,8101_1430_GSIクレオス_2026年3月期 決算短信〔日本基準〕(連結).pdf,,,5,,,,,,,,,,,,,,,,,,,,,価格交渉 / 増産 / 価格改定 / 価格転嫁 / 値上 / 想定以上 / 上方修正 / 下方修正 / 想定以下 / 未達 / 大幅 / 計画を上 / 計画を下 / 計画以 / 需要回復 / 需要の回復 / 需要が増 / 需要が低 / 悪化 / グローバルニッチトップ / トップシェア / シェア拡大 / レアアース
20260515,8101,8101_1430_GSIクレオス_2026年3月期 決算補足資料.pdf,,,5,,,,,,,,,,,,,,,,,,,,,価格交渉 / 増産 / 価格改定 / 価格転嫁 / 値上 / 想定以上 / 上方修正 / 下方修正 / 想定以下 / 未達 / 大幅 / 計画を上 / 計画を下 / 計画以 / 需要回復 / 需要の回復 / 需要が増 / 需要が低 / 悪化 / グローバルニッチトップ / トップシェア / シェア拡大 / レアアース
20260515,8105,8105_1530_BitcoinJPN_2026年3月期通期連結業績予想数値と実績値の差異に関するお知らせ.pdf,,,,,,,,,,,2,,,,,,,,,,,,,価格交渉 / 増産 / 価格改定 / 価格転嫁 / 値上 / 想定以上 / 上方修正 / 下方修正 / 想定以下 / 未達 / 大幅 / 計画を上 / 計画を下 / 計画以 / 需要回復 / 需要の回復 / 需要が増 / 需要が低 / 悪化 / グローバルニッチトップ / トップシェア / シェア拡大 / レアアース
20260515,8118,8118_1530_キング_株主提案に関する書面の受領および当社取締役会意見に関するお知らせ.pdf,,,,,,,,,,,,,,,,,,,2 13,,,,,価格交渉 / 増産 / 価格改定 / 価格転嫁 / 値上 / 想定以上 / 上方修正 / 下方修正 / 想定以下 / 未達 / 大幅 / 計画を上 / 計画を下 / 計画以 / 需要回復 / 需要の回復 / 需要が増 / 需要が低 / 悪化 / グローバルニッチトップ / トップシェア / シェア拡大 / レアアース
20260515,8144,8144_1530_デンキョーグループ_2026年3月期 決算短信〔日本基準〕(連結).pdf,,,,,4,,,,,,,,,,,,,,,,,,,価格交渉 / 増産 / 価格改定 / 価格転嫁 / 値上 / 想定以上 / 上方修正 / 下方修正 / 想定以下 / 未達 / 大幅 / 計画を上 / 計画を下 / 計画以 / 需要回復 / 需要の回復 / 需要が増 / 需要が低 / 悪化 / グローバルニッチトップ / トップシェア / シェア拡大 / レアアース
20260515,8153,8153_1530_モスフード_2026年3月期決算短信〔日本基準〕(連結).pdf,,,,,,,,,,,,5,,,,,,,,,,,,価格交渉 / 増産 / 価格改定 / 価格転嫁 / 値上 / 想定以上 / 上方修正 / 下方修正 / 想定以下 / 未達 / 大幅 / 計画を上 / 計画を下 / 計画以 / 需要回復 / 需要の回復 / 需要が増 / 需要が低 / 悪化 / グローバルニッチトップ / トップシェア / シェア拡大 / レアアース
20260515,8163,8163_1400_SRSHD_令和8年3月期決算短信〔日本基準〕(連結).pdf,,,4,,,,,,,,,,,,,,,,,,,,,価格交渉 / 増産 / 価格改定 / 価格転嫁 / 値上 / 想定以上 / 上方修正 / 下方修正 / 想定以下 / 未達 / 大幅 / 計画を上 / 計画を下 / 計画以 / 需要回復 / 需要の回復 / 需要が増 / 需要が低 / 悪化 / グローバルニッチトップ / トップシェア / シェア拡大 / レアアース
20260515,8252,8252_1530_丸井G_2026年3月期 決算短信〔日本基準〕(連結).pdf,,,,,,,,,,,24 26,,,,,,,,,,,,,価格交渉 / 増産 / 価格改定 / 価格転嫁 / 値上 / 想定以上 / 上方修正 / 下方修正 / 想定以下 / 未達 / 大幅 / 計画を上 / 計画を下 / 計画以 / 需要回復 / 需要の回復 / 需要が増 / 需要が低 / 悪化 / グローバルニッチトップ / トップシェア / シェア拡大 / レアアース
20260515,8253,8253_1530_クレセゾン_2026年3月期 決算短信〔IFRS〕(連結).pdf,,,,,,,,,,,,,,,,,,,,,,5,,価格交渉 / 増産 / 価格改定 / 価格転嫁 / 値上 / 想定以上 / 上方修正 / 下方修正 / 想定以下 / 未達 / 大幅 / 計画を上 / 計画を下 / 計画以 / 需要回復 / 需要の回復 / 需要が増 / 需要が低 / 悪化 / グローバルニッチトップ / トップシェア / シェア拡大 / レアアース
20260515,8306,8306_1615_三菱UFJ_中期経営計画における財務目標の修正について.pdf,,,,,,,1,,,,,,,,,,,,,,,,,価格交渉 / 増産 / 価格改定 / 価格転嫁 / 値上 / 想定以上 / 上方修正 / 下方修正 / 想定以下 / 未達 / 大幅 / 計画を上 / 計画を下 / 計画以 / 需要回復 / 需要の回復 / 需要が増 / 需要が低 / 悪化 / グローバルニッチトップ / トップシェア / シェア拡大 / レアアース
20260515,8344,8344_1530_山形銀_2026年3月期 決算短信〔日本基準〕(連結).pdf,,,,,,,,,,,,,,,,,,,4,,,,,価格交渉 / 増産 / 価格改定 / 価格転嫁 / 値上 / 想定以上 / 上方修正 / 下方修正 / 想定以下 / 未達 / 大幅 / 計画を上 / 計画を下 / 計画以 / 需要回復 / 需要の回復 / 需要が増 / 需要が低 / 悪化 / グローバルニッチトップ / トップシェア / シェア拡大 / レアアース
20260515,8346,8346_1200_東邦銀_2026年3月期決算短信〔日本基準〕(連結).pdf,,,,,,,,,,,24,,,,,,,,,,,,,価格交渉 / 増産 / 価格改定 / 価格転嫁 / 値上 / 想定以上 / 上方修正 / 下方修正 / 想定以下 / 未達 / 大幅 / 計画を上 / 計画を下 / 計画以 / 需要回復 / 需要の回復 / 需要が増 / 需要が低 / 悪化 / グローバルニッチトップ / トップシェア / シェア拡大 / レアアース
20260515,8361,8361_1600_大垣銀_2026年3月期 決算短信〔日本基準〕(連結).pdf,,,,,,,,,,,,,,,,,,,4,,,,,価格交渉 / 増産 / 価格改定 / 価格転嫁 / 値上 / 想定以上 / 上方修正 / 下方修正 / 想定以下 / 未達 / 大幅 / 計画を上 / 計画を下 / 計画以 / 需要回復 / 需要の回復 / 需要が増 / 需要が低 / 悪化 / グローバルニッチトップ / トップシェア / シェア拡大 / レアアース
20260515,8362,8362_1300_福井銀_2026年3月期 決算説明資料.pdf,,,,,,,,,,,10 11 21,,,,,,,,,,,,,価格交渉 / 増産 / 価格改定 / 価格転嫁 / 値上 / 想定以上 / 上方修正 / 下方修正 / 想定以下 / 未達 / 大幅 / 計画を上 / 計画を下 / 計画以 / 需要回復 / 需要の回復 / 需要が増 / 需要が低 / 悪化 / グローバルニッチトップ / トップシェア / シェア拡大 / レアアース
20260515,8381,8381_1300_山陰合銀_2026年3月期 決算短信〔日本基準〕(連結).pdf,,,,,,,,,,,,,,,,,,,34,,,,,価格交渉 / 増産 / 価格改定 / 価格転嫁 / 値上 / 想定以上 / 上方修正 / 下方修正 / 想定以下 / 未達 / 大幅 / 計画を上 / 計画を下 / 計画以 / 需要回復 / 需要の回復 / 需要が増 / 需要が低 / 悪化 / グローバルニッチトップ / トップシェア / シェア拡大 / レアアース
20260515,8411,8411_1530_みずほ_2026年3月期 決算短信〔日本基準〕(連結).pdf,,,,,,,,,,,,,,,,,,,2 23,,,,,価格交渉 / 増産 / 価格改定 / 価格転嫁 / 値上 / 想定以上 / 上方修正 / 下方修正 / 想定以下 / 未達 / 大幅 / 計画を上 / 計画を下 / 計画以 / 需要回復 / 需要の回復 / 需要が増 / 需要が低 / 悪化 / グローバルニッチトップ / トップシェア / シェア拡大 / レアアース
20260515,8411,8411_1530_みずほ_自己株式取得に係る事項の決定および自己株式消却に係る事項の決定に関するお知らせ.pdf,,,,,,,,,,,,,,,,,,,2,,,,,価格交渉 / 増産 / 価格改定 / 価格転嫁 / 値上 / 想定以上 / 上方修正 / 下方修正 / 想定以下 / 未達 / 大幅 / 計画を上 / 計画を下 / 計画以 / 需要回復 / 需要の回復 / 需要が増 / 需要が低 / 悪化 / グローバルニッチトップ / トップシェア / シェア拡大 / レアアース
20260515,8518,8518_1200_アジア投資_連結業績の前期実績との差異に関するお知らせ.pdf,,,,,,,,,,,,,,,,,,,1,,,,,価格交渉 / 増産 / 価格改定 / 価格転嫁 / 値上 / 想定以上 / 上方修正 / 下方修正 / 想定以下 / 未達 / 大幅 / 計画を上 / 計画を下 / 計画以 / 需要回復 / 需要の回復 / 需要が増 / 需要が低 / 悪化 / グローバルニッチトップ / トップシェア / シェア拡大 / レアアース
20260515,8585,8585_1530_オリコ_2026年3月期 決算短信〔日本基準〕(連結).pdf,,,,5,,,,,,,,,,,,,,,,,,,,価格交渉 / 増産 / 価格改定 / 価格転嫁 / 値上 / 想定以上 / 上方修正 / 下方修正 / 想定以下 / 未達 / 大幅 / 計画を上 / 計画を下 / 計画以 / 需要回復 / 需要の回復 / 需要が増 / 需要が低 / 悪化 / グローバルニッチトップ / トップシェア / シェア拡大 / レアアース
20260515,8585,8585_1530_オリコ_株主提案に対する当社取締役会意見に関するお知らせ.pdf,,,,,,,,,,4 7,,,,,,,,,,,,,,価格交渉 / 増産 / 価格改定 / 価格転嫁 / 値上 / 想定以上 / 上方修正 / 下方修正 / 想定以下 / 未達 / 大幅 / 計画を上 / 計画を下 / 計画以 / 需要回復 / 需要の回復 / 需要が増 / 需要が低 / 悪化 / グローバルニッチトップ / トップシェア / シェア拡大 / レアアース
20260515,8593,8593_1530_三菱HCキャピタル_2026年3月期 決算短信〔日本基準〕(連結).pdf,,,,,,,,,,,,,,,,,,,9,,,,,価格交渉 / 増産 / 価格改定 / 価格転嫁 / 値上 / 想定以上 / 上方修正 / 下方修正 / 想定以下 / 未達 / 大幅 / 計画を上 / 計画を下 / 計画以 / 需要回復 / 需要の回復 / 需要が増 / 需要が低 / 悪化 / グローバルニッチトップ / トップシェア / シェア拡大 / レアアース
20260515,8593,8593_1530_三菱HCキャピタル_期末配当予想の修正(増配)に関するお知らせ.pdf,,,,,,,,,,,1,,,,,,,,,,,,,価格交渉 / 増産 / 価格改定 / 価格転嫁 / 値上 / 想定以上 / 上方修正 / 下方修正 / 想定以下 / 未達 / 大幅 / 計画を上 / 計画を下 / 計画以 / 需要回復 / 需要の回復 / 需要が増 / 需要が低 / 悪化 / グローバルニッチトップ / トップシェア / シェア拡大 / レアアース
20260515,8713,8713_1230_フィデアHD_2026年3月期 決算短信〔日本基準〕(連結).pdf,,,,,,,,,,,,27,,,,,,,,,,,,価格交渉 / 増産 / 価格改定 / 価格転嫁 / 値上 / 想定以上 / 上方修正 / 下方修正 / 想定以下 / 未達 / 大幅 / 計画を上 / 計画を下 / 計画以 / 需要回復 / 需要の回復 / 需要が増 / 需要が低 / 悪化 / グローバルニッチトップ / トップシェア / シェア拡大 / レアアース
20260515,8713,8713_1230_フィデアHD_第6次中期経営計画の策定について.pdf,,,,,,,,,,,,,,,,,,,4 7 14,,,,,価格交渉 / 増産 / 価格改定 / 価格転嫁 / 値上 / 想定以上 / 上方修正 / 下方修正 / 想定以下 / 未達 / 大幅 / 計画を上 / 計画を下 / 計画以 / 需要回復 / 需要の回復 / 需要が増 / 需要が低 / 悪化 / グローバルニッチトップ / トップシェア / シェア拡大 / レアアース
20260515,8737,8737_1530_あかつき本社_2026年3月期 決算短信〔日本基準〕(連結).pdf,,,,,,,,,,,4,,,,,,,,,,,,,価格交渉 / 増産 / 価格改定 / 価格転嫁 / 値上 / 想定以上 / 上方修正 / 下方修正 / 想定以下 / 未達 / 大幅 / 計画を上 / 計画を下 / 計画以 / 需要回復 / 需要の回復 / 需要が増 / 需要が低 / 悪化 / グローバルニッチトップ / トップシェア / シェア拡大 / レアアース
20260515,8737,8737_1530_あかつき本社_連結子会社(あかつき証券株式会社)の2026年3月期決算について.pdf,,,,,,,,,,,5,,,,,,,,,,,,,価格交渉 / 増産 / 価格改定 / 価格転嫁 / 値上 / 想定以上 / 上方修正 / 下方修正 / 想定以下 / 未達 / 大幅 / 計画を上 / 計画を下 / 計画以 / 需要回復 / 需要の回復 / 需要が増 / 需要が低 / 悪化 / グローバルニッチトップ / トップシェア / シェア拡大 / レアアース
20260515,8750,8750_1430_第一ライフグループ_2026年3月期 決算補足資料 (第一ネオ生命保険株式会社分).pdf,,,,,,,,,,,,,,,,,,,19,,,,,価格交渉 / 増産 / 価格改定 / 価格転嫁 / 値上 / 想定以上 / 上方修正 / 下方修正 / 想定以下 / 未達 / 大幅 / 計画を上 / 計画を下 / 計画以 / 需要回復 / 需要の回復 / 需要が増 / 需要が低 / 悪化 / グローバルニッチトップ / トップシェア / シェア拡大 / レアアース
20260515,8750,8750_1430_第一ライフグループ_2026年3月期 決算補足資料 (第一フロンティア生命保険株式会社分).pdf,,,,,,,,,,,,,,,,,,,5 22,,,,,価格交渉 / 増産 / 価格改定 / 価格転嫁 / 値上 / 想定以上 / 上方修正 / 下方修正 / 想定以下 / 未達 / 大幅 / 計画を上 / 計画を下 / 計画以 / 需要回復 / 需要の回復 / 需要が増 / 需要が低 / 悪化 / グローバルニッチトップ / トップシェア / シェア拡大 / レアアース
20260515,8750,8750_1430_第一ライフグループ_2026年3月期 決算補足資料 (第一生命保険株式会社分).pdf,,,,,,,,,,,,,,,,,,,29 36,,,,,価格交渉 / 増産 / 価格改定 / 価格転嫁 / 値上 / 想定以上 / 上方修正 / 下方修正 / 想定以下 / 未達 / 大幅 / 計画を上 / 計画を下 / 計画以 / 需要回復 / 需要の回復 / 需要が増 / 需要が低 / 悪化 / グローバルニッチトップ / トップシェア / シェア拡大 / レアアース
20260515,8795,8795_1400_T&DHD_2025年3月期決算補足資料(大同生命保険株式会社).pdf,,,,,,,,,,,,,,,,,,,29 32 38 51 64 67 73 84,,,,,価格交渉 / 増産 / 価格改定 / 価格転嫁 / 値上 / 想定以上 / 上方修正 / 下方修正 / 想定以下 / 未達 / 大幅 / 計画を上 / 計画を下 / 計画以 / 需要回復 / 需要の回復 / 需要が増 / 需要が低 / 悪化 / グローバルニッチトップ / トップシェア / シェア拡大 / レアアース
20260515,8795,8795_1400_T&DHD_2026年3月期決算補足資料(T&Dフィナンシャル生命保険株式会社).pdf,,,,,,,,,,,,,,,,,,,18 24 36,,,,,価格交渉 / 増産 / 価格改定 / 価格転嫁 / 値上 / 想定以上 / 上方修正 / 下方修正 / 想定以下 / 未達 / 大幅 / 計画を上 / 計画を下 / 計画以 / 需要回復 / 需要の回復 / 需要が増 / 需要が低 / 悪化 / グローバルニッチトップ / トップシェア / シェア拡大 / レアアース
20260515,8795,8795_1400_T&DHD_2026年3月期決算補足資料(太陽生命保険株式会社).pdf,,,,,,,,,,,,,,,,,,,28 35 45 55 63 70,,,,,価格交渉 / 増産 / 価格改定 / 価格転嫁 / 値上 / 想定以上 / 上方修正 / 下方修正 / 想定以下 / 未達 / 大幅 / 計画を上 / 計画を下 / 計画以 / 需要回復 / 需要の回復 / 需要が増 / 需要が低 / 悪化 / グローバルニッチトップ / トップシェア / シェア拡大 / レアアース
20260515,8836,8836_1530_RISE_JTMホールディングスによる当社株式公開買付けに関する賛同、応募中立の意見表明、連結子会社異動を伴う株式譲渡、優先株式に係る剰余金の配当に関するお知らせJTMホー.pdf,,,,,,,,,,,19,,,,,,,,,,,,,価格交渉 / 増産 / 価格改定 / 価格転嫁 / 値上 / 想定以上 / 上方修正 / 下方修正 / 想定以下 / 未達 / 大幅 / 計画を上 / 計画を下 / 計画以 / 需要回復 / 需要の回復 / 需要が増 / 需要が低 / 悪化 / グローバルニッチトップ / トップシェア / シェア拡大 / レアアース
20260515,8848,8848_1530_レオパレス21_2026年3月期 プレゼンテーション資料.pdf,,,,,,,,,,,5 8 16 18,,,,,,,,,,,,,価格交渉 / 増産 / 価格改定 / 価格転嫁 / 値上 / 想定以上 / 上方修正 / 下方修正 / 想定以下 / 未達 / 大幅 / 計画を上 / 計画を下 / 計画以 / 需要回復 / 需要の回復 / 需要が増 / 需要が低 / 悪化 / グローバルニッチトップ / トップシェア / シェア拡大 / レアアース
20260515,8929,8929_1530_青山財産_2026年12月期 第1四半期決算短信〔日本基準〕(連結).pdf,,,,,,,,,,,4,,,,,,,,,,,,,価格交渉 / 増産 / 価格改定 / 価格転嫁 / 値上 / 想定以上 / 上方修正 / 下方修正 / 想定以下 / 未達 / 大幅 / 計画を上 / 計画を下 / 計画以 / 需要回復 / 需要の回復 / 需要が増 / 需要が低 / 悪化 / グローバルニッチトップ / トップシェア / シェア拡大 / レアアース
20260515,9041,9041_1530_近鉄GHD_2026年3月期 決算短信〔日本基準〕(連結).pdf,,,,,,,,,,,,,,,,,,,4,,,,,価格交渉 / 増産 / 価格改定 / 価格転嫁 / 値上 / 想定以上 / 上方修正 / 下方修正 / 想定以下 / 未達 / 大幅 / 計画を上 / 計画を下 / 計画以 / 需要回復 / 需要の回復 / 需要が増 / 需要が低 / 悪化 / グローバルニッチトップ / トップシェア / シェア拡大 / レアアース
20260515,9042,9042_1500_阪急阪神_2026年3月期 決算短信〔日本基準〕(連結).pdf,,,,,,,,,,,4 7,,,,,,,,,,,,,価格交渉 / 増産 / 価格改定 / 価格転嫁 / 値上 / 想定以上 / 上方修正 / 下方修正 / 想定以下 / 未達 / 大幅 / 計画を上 / 計画を下 / 計画以 / 需要回復 / 需要の回復 / 需要が増 / 需要が低 / 悪化 / グローバルニッチトップ / トップシェア / シェア拡大 / レアアース
20260515,9145,9145_1600_ビーイングHD_2026年12月期 第1四半期決算短信〔日本基準〕(連結).pdf,,,,,,,,,,,,,,,,4,,,,,,,,価格交渉 / 増産 / 価格改定 / 価格転嫁 / 値上 / 想定以上 / 上方修正 / 下方修正 / 想定以下 / 未達 / 大幅 / 計画を上 / 計画を下 / 計画以 / 需要回復 / 需要の回復 / 需要が増 / 需要が低 / 悪化 / グローバルニッチトップ / トップシェア / シェア拡大 / レアアース
20260515,9162,9162_1530_G-ブリーチ_2026年6月期 第3四半期決算短信〔日本基準〕(連結).pdf,,,,,,,,,,,,,,,,4,,,,,,,,価格交渉 / 増産 / 価格改定 / 価格転嫁 / 値上 / 想定以上 / 上方修正 / 下方修正 / 想定以下 / 未達 / 大幅 / 計画を上 / 計画を下 / 計画以 / 需要回復 / 需要の回復 / 需要が増 / 需要が低 / 悪化 / グローバルニッチトップ / トップシェア / シェア拡大 / レアアース
20260515,9165,9165_1530_G-クオルテック_2026年6月期 第3四半期決算説明資料.pdf,,,,,,,,,,,6,,,,,,,,,,,,,価格交渉 / 増産 / 価格改定 / 価格転嫁 / 値上 / 想定以上 / 上方修正 / 下方修正 / 想定以下 / 未達 / 大幅 / 計画を上 / 計画を下 / 計画以 / 需要回復 / 需要の回復 / 需要が増 / 需要が低 / 悪化 / グローバルニッチトップ / トップシェア / シェア拡大 / レアアース
20260515,9204,9204_1530_G-スカイマーク_営業外収益、特別利益、法人税等調整額の計上及び2026年3月期業績予想値と実績値との差異ならびに配当予想の修正に関するお知らせ.pdf,,,,,,,,,,,2,,,,,,,,,,,,,価格交渉 / 増産 / 価格改定 / 価格転嫁 / 値上 / 想定以上 / 上方修正 / 下方修正 / 想定以下 / 未達 / 大幅 / 計画を上 / 計画を下 / 計画以 / 需要回復 / 需要の回復 / 需要が増 / 需要が低 / 悪化 / グローバルニッチトップ / トップシェア / シェア拡大 / レアアース
20260515,9211,9211_1600_G-エフ・コード_2026年12月期第1四半期決算短信〔IFRS〕(連結).pdf,,,,,,,,,,,13,,,,,,,,,,,,,価格交渉 / 増産 / 価格改定 / 価格転嫁 / 値上 / 想定以上 / 上方修正 / 下方修正 / 想定以下 / 未達 / 大幅 / 計画を上 / 計画を下 / 計画以 / 需要回復 / 需要の回復 / 需要が増 / 需要が低 / 悪化 / グローバルニッチトップ / トップシェア / シェア拡大 / レアアース
20260515,9211,9211_1630_G-エフ・コード_2026年12月期 第1四半期 決算説明資料.pdf,,,,,,,,,,,6 26,,,,,,,,,,,,,価格交渉 / 増産 / 価格改定 / 価格転嫁 / 値上 / 想定以上 / 上方修正 / 下方修正 / 想定以下 / 未達 / 大幅 / 計画を上 / 計画を下 / 計画以 / 需要回復 / 需要の回復 / 需要が増 / 需要が低 / 悪化 / グローバルニッチトップ / トップシェア / シェア拡大 / レアアース
20260515,9220,9220_1530_エフビー介護サービス_2026年3月期 決算短信〔日本基準〕(連結).pdf,,,,,,,,,,,,,,,,,,,4,,,,,価格交渉 / 増産 / 価格改定 / 価格転嫁 / 値上 / 想定以上 / 上方修正 / 下方修正 / 想定以下 / 未達 / 大幅 / 計画を上 / 計画を下 / 計画以 / 需要回復 / 需要の回復 / 需要が増 / 需要が低 / 悪化 / グローバルニッチトップ / トップシェア / シェア拡大 / レアアース
20260515,9225,9225_1530_G-ブリッジコンサル_2026年9月期 第2四半期 決算説明補足資料.pdf,,,,,,,,,,,,12,,,,,,,,,,,,価格交渉 / 増産 / 価格改定 / 価格転嫁 / 値上 / 想定以上 / 上方修正 / 下方修正 / 想定以下 / 未達 / 大幅 / 計画を上 / 計画を下 / 計画以 / 需要回復 / 需要の回復 / 需要が増 / 需要が低 / 悪化 / グローバルニッチトップ / トップシェア / シェア拡大 / レアアース
20260515,9245,9245_1200_G-リベロ_2026年12月期 第1四半期決算説明資料 スマホ向けサマリ版.pdf,,,,,,,,,,,2,,,,,,,,,,,,,価格交渉 / 増産 / 価格改定 / 価格転嫁 / 値上 / 想定以上 / 上方修正 / 下方修正 / 想定以下 / 未達 / 大幅 / 計画を上 / 計画を下 / 計画以 / 需要回復 / 需要の回復 / 需要が増 / 需要が低 / 悪化 / グローバルニッチトップ / トップシェア / シェア拡大 / レアアース
20260515,9249,9249_1620_日本エコシステム_2026年9月期第2四半期(中間期)決算短信〔日本基準〕(連結).pdf,,,,,,,,,,,,,,,,4,,,,,,,,価格交渉 / 増産 / 価格改定 / 価格転嫁 / 値上 / 想定以上 / 上方修正 / 下方修正 / 想定以下 / 未達 / 大幅 / 計画を上 / 計画を下 / 計画以 / 需要回復 / 需要の回復 / 需要が増 / 需要が低 / 悪化 / グローバルニッチトップ / トップシェア / シェア拡大 / レアアース
20260515,9254,9254_1530_G-ラバブルマーケ_2026年3月期通期 決算説明資料.pdf,,,,,,,,,,,10 16,,,,,,,,,,,,,価格交渉 / 増産 / 価格改定 / 価格転嫁 / 値上 / 想定以上 / 上方修正 / 下方修正 / 想定以下 / 未達 / 大幅 / 計画を上 / 計画を下 / 計画以 / 需要回復 / 需要の回復 / 需要が増 / 需要が低 / 悪化 / グローバルニッチトップ / トップシェア / シェア拡大 / レアアース
20260515,9258,9258_1530_G-CS-C_2026年9月期 第2四半期決算説明資料.pdf,,,,,,,,,,,20,,,,,,,,,,,,,価格交渉 / 増産 / 価格改定 / 価格転嫁 / 値上 / 想定以上 / 上方修正 / 下方修正 / 想定以下 / 未達 / 大幅 / 計画を上 / 計画を下 / 計画以 / 需要回復 / 需要の回復 / 需要が増 / 需要が低 / 悪化 / グローバルニッチトップ / トップシェア / シェア拡大 / レアアース
20260515,9268,9268_1530_オプティマス_2026年3月期 決算短信〔IFRS〕(連結).pdf,,,,,,,,,,,,,,,,,,,24,,,,,価格交渉 / 増産 / 価格改定 / 価格転嫁 / 値上 / 想定以上 / 上方修正 / 下方修正 / 想定以下 / 未達 / 大幅 / 計画を上 / 計画を下 / 計画以 / 需要回復 / 需要の回復 / 需要が増 / 需要が低 / 悪化 / グローバルニッチトップ / トップシェア / シェア拡大 / レアアース
20260515,9311,9311_1530_アサガミ_2026年3月期 決算短信〔日本基準〕(連結).pdf,,,,,,,,,,,15,,,,,,,,,,,,,価格交渉 / 増産 / 価格改定 / 価格転嫁 / 値上 / 想定以上 / 上方修正 / 下方修正 / 想定以下 / 未達 / 大幅 / 計画を上 / 計画を下 / 計画以 / 需要回復 / 需要の回復 / 需要が増 / 需要が低 / 悪化 / グローバルニッチトップ / トップシェア / シェア拡大 / レアアース
20260515,9322,9322_1400_川西倉庫_資本コストや株価を意識した経営の実現に向けた対応について(アップデート版)の公表について.pdf,,,,,,,,,,,5,,,,,,,,,,,,,価格交渉 / 増産 / 価格改定 / 価格転嫁 / 値上 / 想定以上 / 上方修正 / 下方修正 / 想定以下 / 未達 / 大幅 / 計画を上 / 計画を下 / 計画以 / 需要回復 / 需要の回復 / 需要が増 / 需要が低 / 悪化 / グローバルニッチトップ / トップシェア / シェア拡大 / レアアース
20260515,9326,9326_1600_G-関通HD_会社分割(簡易吸収分割)に関するお知らせ.pdf,,,,,,,,,,,1,,,,,,,,,,,,,価格交渉 / 増産 / 価格改定 / 価格転嫁 / 値上 / 想定以上 / 上方修正 / 下方修正 / 想定以下 / 未達 / 大幅 / 計画を上 / 計画を下 / 計画以 / 需要回復 / 需要の回復 / 需要が増 / 需要が低 / 悪化 / グローバルニッチトップ / トップシェア / シェア拡大 / レアアース
20260515,9348,9348_1545_G-ispace_2026年3月期 決算短信〔日本基準〕(連結).pdf,,,,,,,,,,,4,,,,,,,,,,,,,価格交渉 / 増産 / 価格改定 / 価格転嫁 / 値上 / 想定以上 / 上方修正 / 下方修正 / 想定以下 / 未達 / 大幅 / 計画を上 / 計画を下 / 計画以 / 需要回復 / 需要の回復 / 需要が増 / 需要が低 / 悪化 / グローバルニッチトップ / トップシェア / シェア拡大 / レアアース
20260515,9380,9380_1400_東海運_2026年3月期 決算短信〔日本基準〕(連結).pdf,,,,,,,,,,,5,,,,,,,,,,,,,価格交渉 / 増産 / 価格改定 / 価格転嫁 / 値上 / 想定以上 / 上方修正 / 下方修正 / 想定以下 / 未達 / 大幅 / 計画を上 / 計画を下 / 計画以 / 需要回復 / 需要の回復 / 需要が増 / 需要が低 / 悪化 / グローバルニッチトップ / トップシェア / シェア拡大 / レアアース
20260515,9417,9417_1530_スマートバリュー_2026年6月期 第3四半期決算短信〔日本基準〕(連結).pdf,,,,,,,,,,,4,,,,,,,,,,,,,価格交渉 / 増産 / 価格改定 / 価格転嫁 / 値上 / 想定以上 / 上方修正 / 下方修正 / 想定以下 / 未達 / 大幅 / 計画を上 / 計画を下 / 計画以 / 需要回復 / 需要の回復 / 需要が増 / 需要が低 / 悪化 / グローバルニッチトップ / トップシェア / シェア拡大 / レアアース
20260515,9449,9449_1531_GMO_2026年12月期第1四半期決算短信〔IFRS〕(連結).pdf,,,,,,,,,,,,,,,,,,,,,5,,,価格交渉 / 増産 / 価格改定 / 価格転嫁 / 値上 / 想定以上 / 上方修正 / 下方修正 / 想定以下 / 未達 / 大幅 / 計画を上 / 計画を下 / 計画以 / 需要回復 / 需要の回復 / 需要が増 / 需要が低 / 悪化 / グローバルニッチトップ / トップシェア / シェア拡大 / レアアース
20260515,9467,9467_1530_G-アルファポリス_2026年3月期 決算短信〔日本基準〕(連結).pdf,,,,,,,,,,,4 6,,,,,,,,,,,,,価格交渉 / 増産 / 価格改定 / 価格転嫁 / 値上 / 想定以上 / 上方修正 / 下方修正 / 想定以下 / 未達 / 大幅 / 計画を上 / 計画を下 / 計画以 / 需要回復 / 需要の回復 / 需要が増 / 需要が低 / 悪化 / グローバルニッチトップ / トップシェア / シェア拡大 / レアアース
20260515,9470,9470_1530_学研HD_2026年9月期 第2四半期(中間期)決算短信〔日本基準〕(連結).pdf,,,7,,,,,,,,,,,,,,,,,,,,,価格交渉 / 増産 / 価格改定 / 価格転嫁 / 値上 / 想定以上 / 上方修正 / 下方修正 / 想定以下 / 未達 / 大幅 / 計画を上 / 計画を下 / 計画以 / 需要回復 / 需要の回復 / 需要が増 / 需要が低 / 悪化 / グローバルニッチトップ / トップシェア / シェア拡大 / レアアース
20260515,9475,9475_1430_昭文社HD_2026 年 3 月期通期連結業績予想と実績値との差異及び 個別業績の前期実績値との差異のお知らせ.pdf,,,,,,,,,,,,,,,,1,,,,,,,,価格交渉 / 増産 / 価格改定 / 価格転嫁 / 値上 / 想定以上 / 上方修正 / 下方修正 / 想定以下 / 未達 / 大幅 / 計画を上 / 計画を下 / 計画以 / 需要回復 / 需要の回復 / 需要が増 / 需要が低 / 悪化 / グローバルニッチトップ / トップシェア / シェア拡大 / レアアース
20260515,9475,9475_1430_昭文社HD_2026年3月期 決算短信〔日本基準〕(連結).pdf,,,,,,,,,,,,,,,,4,,,,,,,,価格交渉 / 増産 / 価格改定 / 価格転嫁 / 値上 / 想定以上 / 上方修正 / 下方修正 / 想定以下 / 未達 / 大幅 / 計画を上 / 計画を下 / 計画以 / 需要回復 / 需要の回復 / 需要が増 / 需要が低 / 悪化 / グローバルニッチトップ / トップシェア / シェア拡大 / レアアース
20260515,9537,9537_1530_北陸瓦斯_業績予想の差異に関するお知らせ.pdf,,,,,,,,,,,,1,,,,,,,,,,,,価格交渉 / 増産 / 価格改定 / 価格転嫁 / 値上 / 想定以上 / 上方修正 / 下方修正 / 想定以下 / 未達 / 大幅 / 計画を上 / 計画を下 / 計画以 / 需要回復 / 需要の回復 / 需要が増 / 需要が低 / 悪化 / グローバルニッチトップ / トップシェア / シェア拡大 / レアアース
20260515,9552,9552_1530_クオンツ総研HD_2026年9月期 第2四半期(中間期)決算短信〔IFRS〕(連結).pdf,,,,,,,,,,,,,,,,,,,17,,,,,価格交渉 / 増産 / 価格改定 / 価格転嫁 / 値上 / 想定以上 / 上方修正 / 下方修正 / 想定以下 / 未達 / 大幅 / 計画を上 / 計画を下 / 計画以 / 需要回復 / 需要の回復 / 需要が増 / 需要が低 / 悪化 / グローバルニッチトップ / トップシェア / シェア拡大 / レアアース
20260515,9553,9553_1530_G-マイクロアド_通期連結業績予想の修正に関するお知らせ.pdf,,,,,,,,2,,,,,,,,,,,,,,,,価格交渉 / 増産 / 価格改定 / 価格転嫁 / 値上 / 想定以上 / 上方修正 / 下方修正 / 想定以下 / 未達 / 大幅 / 計画を上 / 計画を下 / 計画以 / 需要回復 / 需要の回復 / 需要が増 / 需要が低 / 悪化 / グローバルニッチトップ / トップシェア / シェア拡大 / レアアース
20260515,9562,9562_1530_G-ビジネスコーチ_上期連結業績予想と実績との差異、通期連結業績予想の修正に関するお知らせ.pdf,,,,,,,,,,,,,2,,,,,,,,,,,価格交渉 / 増産 / 価格改定 / 価格転嫁 / 値上 / 想定以上 / 上方修正 / 下方修正 / 想定以下 / 未達 / 大幅 / 計画を上 / 計画を下 / 計画以 / 需要回復 / 需要の回復 / 需要が増 / 需要が低 / 悪化 / グローバルニッチトップ / トップシェア / シェア拡大 / レアアース
20260515,9605,9605_1530_東映_2026年3月期連結決算 説明資料.pdf,,,,,,,,,,,2 3 9,,,,,,,,,,,,,価格交渉 / 増産 / 価格改定 / 価格転嫁 / 値上 / 想定以上 / 上方修正 / 下方修正 / 想定以下 / 未達 / 大幅 / 計画を上 / 計画を下 / 計画以 / 需要回復 / 需要の回復 / 需要が増 / 需要が低 / 悪化 / グローバルニッチトップ / トップシェア / シェア拡大 / レアアース
20260515,9616,9616_1530_共立メンテ_2026年3月期決算短信〔日本基準〕(連結).pdf,,,,,,,,,,,5,,,,,,,,,,,,,価格交渉 / 増産 / 価格改定 / 価格転嫁 / 値上 / 想定以上 / 上方修正 / 下方修正 / 想定以下 / 未達 / 大幅 / 計画を上 / 計画を下 / 計画以 / 需要回復 / 需要の回復 / 需要が増 / 需要が低 / 悪化 / グローバルニッチトップ / トップシェア / シェア拡大 / レアアース
20260515,9635,9635_1600_武蔵野興_2026年3月期決算短信〔日本基準〕(連結).pdf,,,,,4,,,,,,,,,,,,,,,,,,,価格交渉 / 増産 / 価格改定 / 価格転嫁 / 値上 / 想定以上 / 上方修正 / 下方修正 / 想定以下 / 未達 / 大幅 / 計画を上 / 計画を下 / 計画以 / 需要回復 / 需要の回復 / 需要が増 / 需要が低 / 悪化 / グローバルニッチトップ / トップシェア / シェア拡大 / レアアース
20260515,9663,9663_1300_ナガワ_2026年3月期決算短信〔日本基準〕(非連結).pdf,,,,,,,,,,,,,,,,,,,6,,,,,価格交渉 / 増産 / 価格改定 / 価格転嫁 / 値上 / 想定以上 / 上方修正 / 下方修正 / 想定以下 / 未達 / 大幅 / 計画を上 / 計画を下 / 計画以 / 需要回復 / 需要の回復 / 需要が増 / 需要が低 / 悪化 / グローバルニッチトップ / トップシェア / シェア拡大 / レアアース
20260515,9760,9760_1730_進学会HD_連結業績予想と実績値との差異に関するお知らせ.pdf,,,,,,,,,,,1,,,,,,,,,,,,,価格交渉 / 増産 / 価格改定 / 価格転嫁 / 値上 / 想定以上 / 上方修正 / 下方修正 / 想定以下 / 未達 / 大幅 / 計画を上 / 計画を下 / 計画以 / 需要回復 / 需要の回復 / 需要が増 / 需要が低 / 悪化 / グローバルニッチトップ / トップシェア / シェア拡大 / レアアース
20260515,9791,9791_1600_ビケンテクノ_2026年3月期 決算短信〔日本基準〕(連結).pdf,,,,,,,,,,,,,,,,,,,5,,,,,価格交渉 / 増産 / 価格改定 / 価格転嫁 / 値上 / 想定以上 / 上方修正 / 下方修正 / 想定以下 / 未達 / 大幅 / 計画を上 / 計画を下 / 計画以 / 需要回復 / 需要の回復 / 需要が増 / 需要が低 / 悪化 / グローバルニッチトップ / トップシェア / シェア拡大 / レアアース
20260515,9791,9791_1600_ビケンテクノ_2026年3月期 決算説明資料.pdf,,,,,,,,,,,,,,,,,,,19,,,,,価格交渉 / 増産 / 価格改定 / 価格転嫁 / 値上 / 想定以上 / 上方修正 / 下方修正 / 想定以下 / 未達 / 大幅 / 計画を上 / 計画を下 / 計画以 / 需要回復 / 需要の回復 / 需要が増 / 需要が低 / 悪化 / グローバルニッチトップ / トップシェア / シェア拡大 / レアアース
20260515,9816,9816_1540_ストライダーズ_2026年3月期決算短信〔日本基準〕(連結).pdf,,,,,,,,,,,,,,,,4 5,,,,,,,,価格交渉 / 増産 / 価格改定 / 価格転嫁 / 値上 / 想定以上 / 上方修正 / 下方修正 / 想定以下 / 未達 / 大幅 / 計画を上 / 計画を下 / 計画以 / 需要回復 / 需要の回復 / 需要が増 / 需要が低 / 悪化 / グローバルニッチトップ / トップシェア / シェア拡大 / レアアース
20260515,9927,9927_1530_ワットマン_2026年3月期決算短信〔日本基準〕(連結).pdf,,,,,,,,,,,,,,,,,,,4,,,,,価格交渉 / 増産 / 価格改定 / 価格転嫁 / 値上 / 想定以上 / 上方修正 / 下方修正 / 想定以下 / 未達 / 大幅 / 計画を上 / 計画を下 / 計画以 / 需要回復 / 需要の回復 / 需要が増 / 需要が低 / 悪化 / グローバルニッチトップ / トップシェア / シェア拡大 / レアアース
20260515,9928,9928_1600_ミロク情報_2026年3月期 決算短信〔日本基準〕(連結).pdf,,,,,,,,,,,4,,,,,,,,,,,,,価格交渉 / 増産 / 価格改定 / 価格転嫁 / 値上 / 想定以上 / 上方修正 / 下方修正 / 想定以下 / 未達 / 大幅 / 計画を上 / 計画を下 / 計画以 / 需要回復 / 需要の回復 / 需要が増 / 需要が低 / 悪化 / グローバルニッチトップ / トップシェア / シェア拡大 / レアアース
20260515,9930,9930_1600_北沢産業_2026年3月期 決算短信〔日本基準〕(連結).pdf,,,,,,,,,,,,,,,,,,,4,,,,,価格交渉 / 増産 / 価格改定 / 価格転嫁 / 値上 / 想定以上 / 上方修正 / 下方修正 / 想定以下 / 未達 / 大幅 / 計画を上 / 計画を下 / 計画以 / 需要回復 / 需要の回復 / 需要が増 / 需要が低 / 悪化 / グローバルニッチトップ / トップシェア / シェア拡大 / レアアース
20260515,9934,9934_1130_因幡電産_2026年3月期決算短信〔日本基準〕(連結).pdf,,,4,,,,,,,,,,,,,,,,,,,,,価格交渉 / 増産 / 価格改定 / 価格転嫁 / 値上 / 想定以上 / 上方修正 / 下方修正 / 想定以下 / 未達 / 大幅 / 計画を上 / 計画を下 / 計画以 / 需要回復 / 需要の回復 / 需要が増 / 需要が低 / 悪化 / グローバルニッチトップ / トップシェア / シェア拡大 / レアアース
20260515,9936,9936_1530_王将フード_2026年3月期 決算補足説明資料.pdf,,,3,,,,,,,,,,,,,,,,,,,,,価格交渉 / 増産 / 価格改定 / 価格転嫁 / 値上 / 想定以上 / 上方修正 / 下方修正 / 想定以下 / 未達 / 大幅 / 計画を上 / 計画を下 / 計画以 / 需要回復 / 需要の回復 / 需要が増 / 需要が低 / 悪化 / グローバルニッチトップ / トップシェア / シェア拡大 / レアアース
20260515,9936,9936_1530_王将フード_2026年3月期決算短信〔日本基準〕(連結).pdf,,,,,,,,,,,6,,,,,,,,,,,,,価格交渉 / 増産 / 価格改定 / 価格転嫁 / 値上 / 想定以上 / 上方修正 / 下方修正 / 想定以下 / 未達 / 大幅 / 計画を上 / 計画を下 / 計画以 / 需要回復 / 需要の回復 / 需要が増 / 需要が低 / 悪化 / グローバルニッチトップ / トップシェア / シェア拡大 / レアアース
20260515,9989,9989_1530_サンドラッグ_2026年3月期 決算短信[日本基準](連結).pdf,,,,,,,,,,,,,,,,,,4,,,,,,価格交渉 / 増産 / 価格改定 / 価格転嫁 / 値上 / 想定以上 / 上方修正 / 下方修正 / 想定以下 / 未達 / 大幅 / 計画を上 / 計画を下 / 計画以 / 需要回復 / 需要の回復 / 需要が増 / 需要が低 / 悪化 / グローバルニッチトップ / トップシェア / シェア拡大 / レアアース
