日付,コード,PDFファイル名,価格交渉,増産,価格改定,価格転嫁,値上,想定以上,上方修正,下方修正,想定以下,未達,大幅,計画を上,計画を下,計画以,需要回復,需要の回復,需要が増,需要が低,悪化,グローバルニッチトップ,トップシェア,シェア拡大,レアアース,検索キーワード一覧
20260513,4061,4061_1000_デンカ_2026年3月期 決算説明会資料.pdf,,,14 27,18,11 13 23 26,,5,5,,,2 7 8 9 12 26 27,,,18,23,,,,23 26,,,,,価格交渉 / 増産 / 価格改定 / 価格転嫁 / 値上 / 想定以上 / 上方修正 / 下方修正 / 想定以下 / 未達 / 大幅 / 計画を上 / 計画を下 / 計画以 / 需要回復 / 需要の回復 / 需要が増 / 需要が低 / 悪化 / グローバルニッチトップ / トップシェア / シェア拡大 / レアアース
20260513,5463,5463_1530_丸一鋼管_2026年3月期 決算短信〔日本基準〕(連結).pdf,,6,,6,6,,,,,,4,,,,6,6,6,,4 5,,,,,価格交渉 / 増産 / 価格改定 / 価格転嫁 / 値上 / 想定以上 / 上方修正 / 下方修正 / 想定以下 / 未達 / 大幅 / 計画を上 / 計画を下 / 計画以 / 需要回復 / 需要の回復 / 需要が増 / 需要が低 / 悪化 / グローバルニッチトップ / トップシェア / シェア拡大 / レアアース
20260513,2980,2980_1530_SREHD_2026年3月期 決算説明資料.pdf,,,13,,9,13,,,,13,3 6 13 15 23,7,,,,,,,,,,18,,価格交渉 / 増産 / 価格改定 / 価格転嫁 / 値上 / 想定以上 / 上方修正 / 下方修正 / 想定以下 / 未達 / 大幅 / 計画を上 / 計画を下 / 計画以 / 需要回復 / 需要の回復 / 需要が増 / 需要が低 / 悪化 / グローバルニッチトップ / トップシェア / シェア拡大 / レアアース
20260513,6417,6417_1130_SANKYO_2026年3月期決算説明資料.pdf,,4 11 13 17 18 40 43 48 49,,,,,,,,18,17,,,,21,,,,20,,3 17 18 24 35,21 22,,価格交渉 / 増産 / 価格改定 / 価格転嫁 / 値上 / 想定以上 / 上方修正 / 下方修正 / 想定以下 / 未達 / 大幅 / 計画を上 / 計画を下 / 計画以 / 需要回復 / 需要の回復 / 需要が増 / 需要が低 / 悪化 / グローバルニッチトップ / トップシェア / シェア拡大 / レアアース
20260513,4635,4635_1400_東インキ_2027年3月期業績予想・2026年3月期決算概況および資本コストや株価を意識した経営の実現に向けた対応(2026年5月アップデート版).pdf,,,8 9 11 13 16 18 19 32,7 13,,3,,,,,6 16 23 30,,,8,,,,,16 30 38,,,,,価格交渉 / 増産 / 価格改定 / 価格転嫁 / 値上 / 想定以上 / 上方修正 / 下方修正 / 想定以下 / 未達 / 大幅 / 計画を上 / 計画を下 / 計画以 / 需要回復 / 需要の回復 / 需要が増 / 需要が低 / 悪化 / グローバルニッチトップ / トップシェア / シェア拡大 / レアアース
20260513,5232,5232_1430_住友大阪_2026-28年度 中期経営計画.pdf,,25,,,12 16 22 24 26 27 28,,,,,,45,,13,12,,,,,13,,,,,価格交渉 / 増産 / 価格改定 / 価格転嫁 / 値上 / 想定以上 / 上方修正 / 下方修正 / 想定以下 / 未達 / 大幅 / 計画を上 / 計画を下 / 計画以 / 需要回復 / 需要の回復 / 需要が増 / 需要が低 / 悪化 / グローバルニッチトップ / トップシェア / シェア拡大 / レアアース
20260513,5463,5463_1530_丸一鋼管_2026年3月期 決算説明会資料.pdf,,14,,19,12,,,,,,6,,,,12,,,,6,,,,,価格交渉 / 増産 / 価格改定 / 価格転嫁 / 値上 / 想定以上 / 上方修正 / 下方修正 / 想定以下 / 未達 / 大幅 / 計画を上 / 計画を下 / 計画以 / 需要回復 / 需要の回復 / 需要が増 / 需要が低 / 悪化 / グローバルニッチトップ / トップシェア / シェア拡大 / レアアース
20260513,6379,6379_1400_レイズネクスト_2026年3月期通期決算説明資料.pdf,,,,,,,2,,,,25 28 56,2 3 23,,,,,9 16 31 32,,,,,56,32,価格交渉 / 増産 / 価格改定 / 価格転嫁 / 値上 / 想定以上 / 上方修正 / 下方修正 / 想定以下 / 未達 / 大幅 / 計画を上 / 計画を下 / 計画以 / 需要回復 / 需要の回復 / 需要が増 / 需要が低 / 悪化 / グローバルニッチトップ / トップシェア / シェア拡大 / レアアース
20260513,6768,6768_1500_タムラ製_2026年3月期 決算説明会資料.pdf,,,14,5,,,,,,,21 22 23 50,,,29,,,,,31 32,,,15 23,,価格交渉 / 増産 / 価格改定 / 価格転嫁 / 値上 / 想定以上 / 上方修正 / 下方修正 / 想定以下 / 未達 / 大幅 / 計画を上 / 計画を下 / 計画以 / 需要回復 / 需要の回復 / 需要が増 / 需要が低 / 悪化 / グローバルニッチトップ / トップシェア / シェア拡大 / レアアース
20260513,7296,7296_1530_FCC_2025年度決算説明資料及び第13次中期経営計画.pdf,,42,,7 8 19,,,,29,,,42,,,,,,,,,,,29,38,価格交渉 / 増産 / 価格改定 / 価格転嫁 / 値上 / 想定以上 / 上方修正 / 下方修正 / 想定以下 / 未達 / 大幅 / 計画を上 / 計画を下 / 計画以 / 需要回復 / 需要の回復 / 需要が増 / 需要が低 / 悪化 / グローバルニッチトップ / トップシェア / シェア拡大 / レアアース
20260513,7637,7637_1500_白銅_2026年3月期 決算説明資料.pdf,,,,22,,,22,22,,22,14 28,,,,4 15 16 22,,,,,,,,,価格交渉 / 増産 / 価格改定 / 価格転嫁 / 値上 / 想定以上 / 上方修正 / 下方修正 / 想定以下 / 未達 / 大幅 / 計画を上 / 計画を下 / 計画以 / 需要回復 / 需要の回復 / 需要が増 / 需要が低 / 悪化 / グローバルニッチトップ / トップシェア / シェア拡大 / レアアース
20260513,255A,255A_1500_ジーエルテクノHD_2026年3月期 決算説明資料.pdf,,23 46,,,,,,,,,13 18 21 24 30,31,,,,,,,5 17 43,,,34 36,,価格交渉 / 増産 / 価格改定 / 価格転嫁 / 値上 / 想定以上 / 上方修正 / 下方修正 / 想定以下 / 未達 / 大幅 / 計画を上 / 計画を下 / 計画以 / 需要回復 / 需要の回復 / 需要が増 / 需要が低 / 悪化 / グローバルニッチトップ / トップシェア / シェア拡大 / レアアース
20260513,2897,2897_1315_日清食HD_2025年度 通期決算報告.pdf,,,2 7 9 19 20 21 29 30 47 94 95 96 97 102 103,,,,,19,,,9 61 104,,,,,,,,7 61 96,,,2 20,,価格交渉 / 増産 / 価格改定 / 価格転嫁 / 値上 / 想定以上 / 上方修正 / 下方修正 / 想定以下 / 未達 / 大幅 / 計画を上 / 計画を下 / 計画以 / 需要回復 / 需要の回復 / 需要が増 / 需要が低 / 悪化 / グローバルニッチトップ / トップシェア / シェア拡大 / レアアース
20260513,3040,3040_1600_ソリトンシステムズ_2026年12月期 第1四半期決算補足説明資料.pdf,,24,16,,7,,,,,,7 24,,,,,,,,,,,33,,価格交渉 / 増産 / 価格改定 / 価格転嫁 / 値上 / 想定以上 / 上方修正 / 下方修正 / 想定以下 / 未達 / 大幅 / 計画を上 / 計画を下 / 計画以 / 需要回復 / 需要の回復 / 需要が増 / 需要が低 / 悪化 / グローバルニッチトップ / トップシェア / シェア拡大 / レアアース
20260513,4005,4005_1300_住友化_住友化学株式会社による広栄化学株式会社の完全子会社化に関する 株式交換契約締結(簡易株式交換)のお知らせ.pdf,15,,,,,,11 35,10 34,,,7 8,,,,,,,,7 8,,,,,価格交渉 / 増産 / 価格改定 / 価格転嫁 / 値上 / 想定以上 / 上方修正 / 下方修正 / 想定以下 / 未達 / 大幅 / 計画を上 / 計画を下 / 計画以 / 需要回復 / 需要の回復 / 需要が増 / 需要が低 / 悪化 / グローバルニッチトップ / トップシェア / シェア拡大 / レアアース
20260513,4183,4183_1300_三井化学_2026年3月期 決算短信[IFRS](連結).pdf,,,6,,,,,,,,4,,,,6,,,,5 6,,4,,,価格交渉 / 増産 / 価格改定 / 価格転嫁 / 値上 / 想定以上 / 上方修正 / 下方修正 / 想定以下 / 未達 / 大幅 / 計画を上 / 計画を下 / 計画以 / 需要回復 / 需要の回復 / 需要が増 / 需要が低 / 悪化 / グローバルニッチトップ / トップシェア / シェア拡大 / レアアース
20260513,4188,4188_1330_三菱ケミカルグループ_2026年3月期 決算説明.pdf,,,9 27,,15 19,,,,,,,24,,,,25,,,3 8 9 10 27,,,,,価格交渉 / 増産 / 価格改定 / 価格転嫁 / 値上 / 想定以上 / 上方修正 / 下方修正 / 想定以下 / 未達 / 大幅 / 計画を上 / 計画を下 / 計画以 / 需要回復 / 需要の回復 / 需要が増 / 需要が低 / 悪化 / グローバルニッチトップ / トップシェア / シェア拡大 / レアアース
20260513,4367,4367_1300_広栄化学_住友化学株式会社による広栄化学株式会社の完全子会社化に関する株式交換契約締結(簡易株式交換)のお知らせ.pdf,15,,,,,,11 35,10 34,,,7 8,,,,,,,,7 8,,,,,価格交渉 / 増産 / 価格改定 / 価格転嫁 / 値上 / 想定以上 / 上方修正 / 下方修正 / 想定以下 / 未達 / 大幅 / 計画を上 / 計画を下 / 計画以 / 需要回復 / 需要の回復 / 需要が増 / 需要が低 / 悪化 / グローバルニッチトップ / トップシェア / シェア拡大 / レアアース
20260513,4480,4480_1530_メドレー_2026年12月期 第1四半期決算説明資料.pdf,,,4,,,,,,,,52,,,,,,,,36,,56,18,,価格交渉 / 増産 / 価格改定 / 価格転嫁 / 値上 / 想定以上 / 上方修正 / 下方修正 / 想定以下 / 未達 / 大幅 / 計画を上 / 計画を下 / 計画以 / 需要回復 / 需要の回復 / 需要が増 / 需要が低 / 悪化 / グローバルニッチトップ / トップシェア / シェア拡大 / レアアース
20260513,4527,4527_1530_ロート薬_2026年3月期決算説明会 (2025年4月~2026年3月).pdf,,,,,10,,,,,13,4 6 11 12 13 15 17 18,11 12,,,,,,,,,28,,,価格交渉 / 増産 / 価格改定 / 価格転嫁 / 値上 / 想定以上 / 上方修正 / 下方修正 / 想定以下 / 未達 / 大幅 / 計画を上 / 計画を下 / 計画以 / 需要回復 / 需要の回復 / 需要が増 / 需要が低 / 悪化 / グローバルニッチトップ / トップシェア / シェア拡大 / レアアース
20260513,5076,5076_1030_インフロニアHD_2026年3月期アナリスト向け決算説明会資料.pdf,,,50,5 45 46 47,,,,,,,4 10 28 31,11,,,,,,,3,,,,,価格交渉 / 増産 / 価格改定 / 価格転嫁 / 値上 / 想定以上 / 上方修正 / 下方修正 / 想定以下 / 未達 / 大幅 / 計画を上 / 計画を下 / 計画以 / 需要回復 / 需要の回復 / 需要が増 / 需要が低 / 悪化 / グローバルニッチトップ / トップシェア / シェア拡大 / レアアース
20260513,5232,5232_1430_住友大阪_2025年度(2026年3月期) 決算説明資料.pdf,,,,,3 5 8,,,,,3,3,,,,10,,,,5 10,,,,,価格交渉 / 増産 / 価格改定 / 価格転嫁 / 値上 / 想定以上 / 上方修正 / 下方修正 / 想定以下 / 未達 / 大幅 / 計画を上 / 計画を下 / 計画以 / 需要回復 / 需要の回復 / 需要が増 / 需要が低 / 悪化 / グローバルニッチトップ / トップシェア / シェア拡大 / レアアース
20260513,6845,6845_1530_アズビル_2026年3月期 決算短信〔日本基準〕(連結).pdf,,,,4 5 6 7 8 9 13,,,,,,,,8,,,8,5,8,,,,,,,価格交渉 / 増産 / 価格改定 / 価格転嫁 / 値上 / 想定以上 / 上方修正 / 下方修正 / 想定以下 / 未達 / 大幅 / 計画を上 / 計画を下 / 計画以 / 需要回復 / 需要の回復 / 需要が増 / 需要が低 / 悪化 / グローバルニッチトップ / トップシェア / シェア拡大 / レアアース
20260513,6914,6914_1530_オプテックスグループ_2026年12月期 第1四半期 決算説明資料.pdf,,,8 11 20,,11,,,,,,,,,,9 13,4,,,,,37,,,価格交渉 / 増産 / 価格改定 / 価格転嫁 / 値上 / 想定以上 / 上方修正 / 下方修正 / 想定以下 / 未達 / 大幅 / 計画を上 / 計画を下 / 計画以 / 需要回復 / 需要の回復 / 需要が増 / 需要が低 / 悪化 / グローバルニッチトップ / トップシェア / シェア拡大 / レアアース
20260513,7912,7912_1530_大日印_2026年3月期 決算短信〔日本基準〕(連結).pdf,,5 8,,,,,,,,,,,,,,,,8,5,,8 15,8,,価格交渉 / 増産 / 価格改定 / 価格転嫁 / 値上 / 想定以上 / 上方修正 / 下方修正 / 想定以下 / 未達 / 大幅 / 計画を上 / 計画を下 / 計画以 / 需要回復 / 需要の回復 / 需要が増 / 需要が低 / 悪化 / グローバルニッチトップ / トップシェア / シェア拡大 / レアアース
20260513,7912,7912_1530_大日印_新中期経営計画の公表について.pdf,,9,,29 30,,,5,,,19,15,,,,,,,,,,,,,価格交渉 / 増産 / 価格改定 / 価格転嫁 / 値上 / 想定以上 / 上方修正 / 下方修正 / 想定以下 / 未達 / 大幅 / 計画を上 / 計画を下 / 計画以 / 需要回復 / 需要の回復 / 需要が増 / 需要が低 / 悪化 / グローバルニッチトップ / トップシェア / シェア拡大 / レアアース
20260513,7990,7990_1530_グローブライド_中期経営計画の見直しに関するお知らせ.pdf,,,18,,,,,,,8,,,,,,,,,31,,28,20 33,,価格交渉 / 増産 / 価格改定 / 価格転嫁 / 値上 / 想定以上 / 上方修正 / 下方修正 / 想定以下 / 未達 / 大幅 / 計画を上 / 計画を下 / 計画以 / 需要回復 / 需要の回復 / 需要が増 / 需要が低 / 悪化 / グローバルニッチトップ / トップシェア / シェア拡大 / レアアース
20260513,1605,1605_1530_INPEX_2026年12月期 第1四半期決算補足説明資料.pdf,,3,,,,,3 8,,,,2 3,,,,,,,,3 8,,,,,価格交渉 / 増産 / 価格改定 / 価格転嫁 / 値上 / 想定以上 / 上方修正 / 下方修正 / 想定以下 / 未達 / 大幅 / 計画を上 / 計画を下 / 計画以 / 需要回復 / 需要の回復 / 需要が増 / 需要が低 / 悪化 / グローバルニッチトップ / トップシェア / シェア拡大 / レアアース
20260513,2264,2264_1400_森永乳_2026年3月期決算説明会.pdf,,29,2 4 5 11 13 28 29,,,,,,,,4 28,,,,,,,,17 20,,,,,価格交渉 / 増産 / 価格改定 / 価格転嫁 / 値上 / 想定以上 / 上方修正 / 下方修正 / 想定以下 / 未達 / 大幅 / 計画を上 / 計画を下 / 計画以 / 需要回復 / 需要の回復 / 需要が増 / 需要が低 / 悪化 / グローバルニッチトップ / トップシェア / シェア拡大 / レアアース
20260513,2342,2342_1545_トランスジェニックG_2026年3月期 決算短信[日本基準](連結).pdf,4,,,4,,,,,,,4,,,,,,,,4,,,,,価格交渉 / 増産 / 価格改定 / 価格転嫁 / 値上 / 想定以上 / 上方修正 / 下方修正 / 想定以下 / 未達 / 大幅 / 計画を上 / 計画を下 / 計画以 / 需要回復 / 需要の回復 / 需要が増 / 需要が低 / 悪化 / グローバルニッチトップ / トップシェア / シェア拡大 / レアアース
20260513,255A,255A_1500_ジーエルテクノHD_2026年3月期決算短信〔日本基準〕(連結).pdf,,5 7,,,,,,,,,7,5,,,,,,,4,,,,,価格交渉 / 増産 / 価格改定 / 価格転嫁 / 値上 / 想定以上 / 上方修正 / 下方修正 / 想定以下 / 未達 / 大幅 / 計画を上 / 計画を下 / 計画以 / 需要回復 / 需要の回復 / 需要が増 / 需要が低 / 悪化 / グローバルニッチトップ / トップシェア / シェア拡大 / レアアース
20260513,2815,2815_1000_アリアケ_2026年3月期決算説明会資料.pdf,,,6 8 11 15,,6 7 11,6,,,,,,,,16 18,,,,,,,,,,価格交渉 / 増産 / 価格改定 / 価格転嫁 / 値上 / 想定以上 / 上方修正 / 下方修正 / 想定以下 / 未達 / 大幅 / 計画を上 / 計画を下 / 計画以 / 需要回復 / 需要の回復 / 需要が増 / 需要が低 / 悪化 / グローバルニッチトップ / トップシェア / シェア拡大 / レアアース
20260513,2897,2897_1315_日清食HD_2026年3月期 決算補足資料.pdf,,,19,,,,15,15,,,23,,,,,,,,,,,,,価格交渉 / 増産 / 価格改定 / 価格転嫁 / 値上 / 想定以上 / 上方修正 / 下方修正 / 想定以下 / 未達 / 大幅 / 計画を上 / 計画を下 / 計画以 / 需要回復 / 需要の回復 / 需要が増 / 需要が低 / 悪化 / グローバルニッチトップ / トップシェア / シェア拡大 / レアアース
20260513,3597,3597_1535_自重堂_2026年6月期 第3四半期決算短信〔日本基準〕(連結).pdf,,,,,4,,,,,,,,,,,,,4,4,,,4,,価格交渉 / 増産 / 価格改定 / 価格転嫁 / 値上 / 想定以上 / 上方修正 / 下方修正 / 想定以下 / 未達 / 大幅 / 計画を上 / 計画を下 / 計画以 / 需要回復 / 需要の回復 / 需要が増 / 需要が低 / 悪化 / グローバルニッチトップ / トップシェア / シェア拡大 / レアアース
20260513,3676,3676_1600_デジハHD_2026年3月期 決算説明資料.pdf,,,,,7 36 40,,,,,,4 5 7 18 24 39,31,,,,,,,,,8 40,,,価格交渉 / 増産 / 価格改定 / 価格転嫁 / 値上 / 想定以上 / 上方修正 / 下方修正 / 想定以下 / 未達 / 大幅 / 計画を上 / 計画を下 / 計画以 / 需要回復 / 需要の回復 / 需要が増 / 需要が低 / 悪化 / グローバルニッチトップ / トップシェア / シェア拡大 / レアアース
20260513,3992,3992_1540_ニーズウェル_2026年9月期(第40期)第2四半期決算説明資料.pdf,,,,,,,3,,,,3,3,,,,,,,,,,11 17,,価格交渉 / 増産 / 価格改定 / 価格転嫁 / 値上 / 想定以上 / 上方修正 / 下方修正 / 想定以下 / 未達 / 大幅 / 計画を上 / 計画を下 / 計画以 / 需要回復 / 需要の回復 / 需要が増 / 需要が低 / 悪化 / グローバルニッチトップ / トップシェア / シェア拡大 / レアアース
20260513,4004,4004_1530_レゾナックHD_2026年12月期第1四半期決算説明資料.pdf,,,9 24,,,,2 14 15 21,,,,2 4 15,,,,,,,,5 11,,,,,価格交渉 / 増産 / 価格改定 / 価格転嫁 / 値上 / 想定以上 / 上方修正 / 下方修正 / 想定以下 / 未達 / 大幅 / 計画を上 / 計画を下 / 計画以 / 需要回復 / 需要の回復 / 需要が増 / 需要が低 / 悪化 / グローバルニッチトップ / トップシェア / シェア拡大 / レアアース
20260513,4027,4027_1530_テイカ_中期経営計画 「MOVING-10 STAGE3」 策定のお知らせ.pdf,,,13,,,,,,,,9,,,,,,,,5,4,,,,価格交渉 / 増産 / 価格改定 / 価格転嫁 / 値上 / 想定以上 / 上方修正 / 下方修正 / 想定以下 / 未達 / 大幅 / 計画を上 / 計画を下 / 計画以 / 需要回復 / 需要の回復 / 需要が増 / 需要が低 / 悪化 / グローバルニッチトップ / トップシェア / シェア拡大 / レアアース
20260513,4078,4078_1500_堺化学_2026年3月期 決算短信〔日本基準〕(連結).pdf,,,5,,5,,,,,,24,,,,,,,5,,,,,,価格交渉 / 増産 / 価格改定 / 価格転嫁 / 値上 / 想定以上 / 上方修正 / 下方修正 / 想定以下 / 未達 / 大幅 / 計画を上 / 計画を下 / 計画以 / 需要回復 / 需要の回復 / 需要が増 / 需要が低 / 悪化 / グローバルニッチトップ / トップシェア / シェア拡大 / レアアース
20260513,4182,4182_1530_菱瓦斯化_2025年度 決算説明資料.pdf,,,19,2,,,,,,,,,,,18 19,,,,2 3 7 8 13 17 20,,,,,価格交渉 / 増産 / 価格改定 / 価格転嫁 / 値上 / 想定以上 / 上方修正 / 下方修正 / 想定以下 / 未達 / 大幅 / 計画を上 / 計画を下 / 計画以 / 需要回復 / 需要の回復 / 需要が増 / 需要が低 / 悪化 / グローバルニッチトップ / トップシェア / シェア拡大 / レアアース
20260513,4183,4183_1300_三井化学_2025年度決算の概要及び2026年度業績予想の概要.pdf,,,10 13 22 23 31 32,,5 27,,,,,,,,,,4 14,,,,4 5 10 16 22,,,,,価格交渉 / 増産 / 価格改定 / 価格転嫁 / 値上 / 想定以上 / 上方修正 / 下方修正 / 想定以下 / 未達 / 大幅 / 計画を上 / 計画を下 / 計画以 / 需要回復 / 需要の回復 / 需要が増 / 需要が低 / 悪化 / グローバルニッチトップ / トップシェア / シェア拡大 / レアアース
20260513,421A,421A_1800_G-ムービン_2026年12月期 第1四半期決算説明資料.pdf,,,,,,,2 9 10,,,,2,2 9,,2 8 9,,,,,,,,,,価格交渉 / 増産 / 価格改定 / 価格転嫁 / 値上 / 想定以上 / 上方修正 / 下方修正 / 想定以下 / 未達 / 大幅 / 計画を上 / 計画を下 / 計画以 / 需要回復 / 需要の回復 / 需要が増 / 需要が低 / 悪化 / グローバルニッチトップ / トップシェア / シェア拡大 / レアアース
20260513,4548,4548_1600_生化学_2026年3月期 決算短信〔日本基準〕(連結).pdf,,8,,,,,,,,8 9,4,,,,,,,,,,4,,,価格交渉 / 増産 / 価格改定 / 価格転嫁 / 値上 / 想定以上 / 上方修正 / 下方修正 / 想定以下 / 未達 / 大幅 / 計画を上 / 計画を下 / 計画以 / 需要回復 / 需要の回復 / 需要が増 / 需要が低 / 悪化 / グローバルニッチトップ / トップシェア / シェア拡大 / レアアース
20260513,5957,5957_1530_日東精工_2026年12月期第1四半期 決算補足説明資料.pdf,,16 18,,5,,,,,,,6,,,,,,11 13,,,,,,,価格交渉 / 増産 / 価格改定 / 価格転嫁 / 値上 / 想定以上 / 上方修正 / 下方修正 / 想定以下 / 未達 / 大幅 / 計画を上 / 計画を下 / 計画以 / 需要回復 / 需要の回復 / 需要が増 / 需要が低 / 悪化 / グローバルニッチトップ / トップシェア / シェア拡大 / レアアース
20260513,6022,6022_1530_赤阪鉄_2026年3月期 決算短信〔日本基準〕(非連結).pdf,,,,,4,,,,,,4,,4,,,,,,4,,,,,価格交渉 / 増産 / 価格改定 / 価格転嫁 / 値上 / 想定以上 / 上方修正 / 下方修正 / 想定以下 / 未達 / 大幅 / 計画を上 / 計画を下 / 計画以 / 需要回復 / 需要の回復 / 需要が増 / 需要が低 / 悪化 / グローバルニッチトップ / トップシェア / シェア拡大 / レアアース
20260513,6030,6030_1530_G-アドベンチャー_2026年6月期第3四半期 決算説明資料.pdf,,,,,,,,,,,15,,,,,20,29,,8,,,,,価格交渉 / 増産 / 価格改定 / 価格転嫁 / 値上 / 想定以上 / 上方修正 / 下方修正 / 想定以下 / 未達 / 大幅 / 計画を上 / 計画を下 / 計画以 / 需要回復 / 需要の回復 / 需要が増 / 需要が低 / 悪化 / グローバルニッチトップ / トップシェア / シェア拡大 / レアアース
20260513,6181,6181_1530_G-タメニー_事業計画及び成長可能性に関する事項.pdf,,,7,,,,,30,,,6 9 11,,,,,,,,35,,,,,価格交渉 / 増産 / 価格改定 / 価格転嫁 / 値上 / 想定以上 / 上方修正 / 下方修正 / 想定以下 / 未達 / 大幅 / 計画を上 / 計画を下 / 計画以 / 需要回復 / 需要の回復 / 需要が増 / 需要が低 / 悪化 / グローバルニッチトップ / トップシェア / シェア拡大 / レアアース
20260513,6368,6368_1530_オルガノ_2026年3月期決算説明会資料.pdf,,,,,5,5,,,,,18,,,,,,,,38,,,,,価格交渉 / 増産 / 価格改定 / 価格転嫁 / 値上 / 想定以上 / 上方修正 / 下方修正 / 想定以下 / 未達 / 大幅 / 計画を上 / 計画を下 / 計画以 / 需要回復 / 需要の回復 / 需要が増 / 需要が低 / 悪化 / グローバルニッチトップ / トップシェア / シェア拡大 / レアアース
20260513,6645,6645_1535_オムロン_2026年3月期 決算説明資料.pdf,,,,,,,,,,,2 9,,,,,23,,,28,,,23,,価格交渉 / 増産 / 価格改定 / 価格転嫁 / 値上 / 想定以上 / 上方修正 / 下方修正 / 想定以下 / 未達 / 大幅 / 計画を上 / 計画を下 / 計画以 / 需要回復 / 需要の回復 / 需要が増 / 需要が低 / 悪化 / グローバルニッチトップ / トップシェア / シェア拡大 / レアアース
20260513,6963,6963_1000_ローム_決算説明会 2025年度 通期業績.pdf,,,,16,10 16,,,7,,,,,,,,,,,21,,,,,価格交渉 / 増産 / 価格改定 / 価格転嫁 / 値上 / 想定以上 / 上方修正 / 下方修正 / 想定以下 / 未達 / 大幅 / 計画を上 / 計画を下 / 計画以 / 需要回復 / 需要の回復 / 需要が増 / 需要が低 / 悪化 / グローバルニッチトップ / トップシェア / シェア拡大 / レアアース
20260513,7187,7187_1600_ジェイリース_2026年3月期決算説明資料.pdf,,,,,,,,,,,13 14 16 19,3 6 10 14,,,,,21,,21,,,,,価格交渉 / 増産 / 価格改定 / 価格転嫁 / 値上 / 想定以上 / 上方修正 / 下方修正 / 想定以下 / 未達 / 大幅 / 計画を上 / 計画を下 / 計画以 / 需要回復 / 需要の回復 / 需要が増 / 需要が低 / 悪化 / グローバルニッチトップ / トップシェア / シェア拡大 / レアアース
20260513,7305,7305_1630_新家工_中期経営計画2026 2025年度進捗報告および資本コストや株価を意識した経営の実現に向けた対応について.pdf,,,,,4 5,3,,,,,,,3 17,,,,,,3,,,,,価格交渉 / 増産 / 価格改定 / 価格転嫁 / 値上 / 想定以上 / 上方修正 / 下方修正 / 想定以下 / 未達 / 大幅 / 計画を上 / 計画を下 / 計画以 / 需要回復 / 需要の回復 / 需要が増 / 需要が低 / 悪化 / グローバルニッチトップ / トップシェア / シェア拡大 / レアアース
20260513,7698,7698_1530_アイスコ_2026年3月期決算説明資料.pdf,,,42,,42,,,,,,16 17 23,,,,,,,,45,,,,,価格交渉 / 増産 / 価格改定 / 価格転嫁 / 値上 / 想定以上 / 上方修正 / 下方修正 / 想定以下 / 未達 / 大幅 / 計画を上 / 計画を下 / 計画以 / 需要回復 / 需要の回復 / 需要が増 / 需要が低 / 悪化 / グローバルニッチトップ / トップシェア / シェア拡大 / レアアース
20260513,7729,7729_1800_東精密_2025年度(2026年3月期) 決算説明会 (ノート付).pdf,,,17,,,,,,,,4,4,,,17,,,,,,,,,価格交渉 / 増産 / 価格改定 / 価格転嫁 / 値上 / 想定以上 / 上方修正 / 下方修正 / 想定以下 / 未達 / 大幅 / 計画を上 / 計画を下 / 計画以 / 需要回復 / 需要の回復 / 需要が増 / 需要が低 / 悪化 / グローバルニッチトップ / トップシェア / シェア拡大 / レアアース
20260513,9005,9005_1000_東急_2026年3月期 決算説明会資料.pdf,,,,,,,11,,,,26 31,25,,,,,,,,,,26,,価格交渉 / 増産 / 価格改定 / 価格転嫁 / 値上 / 想定以上 / 上方修正 / 下方修正 / 想定以下 / 未達 / 大幅 / 計画を上 / 計画を下 / 計画以 / 需要回復 / 需要の回復 / 需要が増 / 需要が低 / 悪化 / グローバルニッチトップ / トップシェア / シェア拡大 / レアアース
20260513,9272,9272_1600_G-ブティックス_事業計画及び成長可能性に関する説明資料.pdf,,,,,,53,,,,37 38 39,16 29 31 33 35 50 54 57 58,,,,,,,,48 51,,,,,価格交渉 / 増産 / 価格改定 / 価格転嫁 / 値上 / 想定以上 / 上方修正 / 下方修正 / 想定以下 / 未達 / 大幅 / 計画を上 / 計画を下 / 計画以 / 需要回復 / 需要の回復 / 需要が増 / 需要が低 / 悪化 / グローバルニッチトップ / トップシェア / シェア拡大 / レアアース
20260513,9272,9272_1600_G-ブティックス_第二次中期経営計画の策定に関するお知らせ.pdf,,,,,,47,,,,2 31 32 33,18 44 48 51 52,,,,,,,,42 45,,,,,価格交渉 / 増産 / 価格改定 / 価格転嫁 / 値上 / 想定以上 / 上方修正 / 下方修正 / 想定以下 / 未達 / 大幅 / 計画を上 / 計画を下 / 計画以 / 需要回復 / 需要の回復 / 需要が増 / 需要が低 / 悪化 / グローバルニッチトップ / トップシェア / シェア拡大 / レアアース
20260513,143A,143A_1530_G-イシン_2026年3月期決算説明資料.pdf,,,,,,,,,,6,17,,,,,,,,,,,7 10 13,,価格交渉 / 増産 / 価格改定 / 価格転嫁 / 値上 / 想定以上 / 上方修正 / 下方修正 / 想定以下 / 未達 / 大幅 / 計画を上 / 計画を下 / 計画以 / 需要回復 / 需要の回復 / 需要が増 / 需要が低 / 悪化 / グローバルニッチトップ / トップシェア / シェア拡大 / レアアース
20260513,1780,1780_1520_ヤマウラ_2026年3月期 通期決算説明資料.pdf,,,,,,,13,,,15,8,,,,,,,,,,,,,価格交渉 / 増産 / 価格改定 / 価格転嫁 / 値上 / 想定以上 / 上方修正 / 下方修正 / 想定以下 / 未達 / 大幅 / 計画を上 / 計画を下 / 計画以 / 需要回復 / 需要の回復 / 需要が増 / 需要が低 / 悪化 / グローバルニッチトップ / トップシェア / シェア拡大 / レアアース
20260513,1909,1909_1915_日本ドライケミカル_TCG2511株式会社による当社株式に対する公開買付けに関する意見表明及び応募推奨に関するお知らせ.pdf,74,,,,,,,,,,37 39 60 66 67 72 74,,,,,,,,,,,13,,価格交渉 / 増産 / 価格改定 / 価格転嫁 / 値上 / 想定以上 / 上方修正 / 下方修正 / 想定以下 / 未達 / 大幅 / 計画を上 / 計画を下 / 計画以 / 需要回復 / 需要の回復 / 需要が増 / 需要が低 / 悪化 / グローバルニッチトップ / トップシェア / シェア拡大 / レアアース
20260513,1980,1980_1300_ダイダン_2026年3月期 決算説明.pdf,,,,5 6,,,,,,22,5 11 22 27 32 33,,,,,,,,,,,,,価格交渉 / 増産 / 価格改定 / 価格転嫁 / 値上 / 想定以上 / 上方修正 / 下方修正 / 想定以下 / 未達 / 大幅 / 計画を上 / 計画を下 / 計画以 / 需要回復 / 需要の回復 / 需要が増 / 需要が低 / 悪化 / グローバルニッチトップ / トップシェア / シェア拡大 / レアアース
20260513,2220,2220_1330_亀田菓_2026年3月期決算短信〔日本基準〕(連結).pdf,,,4 5 8,,,,,,,,4 5,,,,,,,,2,,,,,価格交渉 / 増産 / 価格改定 / 価格転嫁 / 値上 / 想定以上 / 上方修正 / 下方修正 / 想定以下 / 未達 / 大幅 / 計画を上 / 計画を下 / 計画以 / 需要回復 / 需要の回復 / 需要が増 / 需要が低 / 悪化 / グローバルニッチトップ / トップシェア / シェア拡大 / レアアース
20260513,2226,2226_1315_湖池屋_2026年3月期 決算短信〔日本基準〕(連結).pdf,,,4 6,,,,,,,,4,,,,,,,,4,,,,,価格交渉 / 増産 / 価格改定 / 価格転嫁 / 値上 / 想定以上 / 上方修正 / 下方修正 / 想定以下 / 未達 / 大幅 / 計画を上 / 計画を下 / 計画以 / 需要回復 / 需要の回復 / 需要が増 / 需要が低 / 悪化 / グローバルニッチトップ / トップシェア / シェア拡大 / レアアース
20260513,2429,2429_1530_ワールドHD_2026年12月期 第1四半期 決算説明資料.pdf,,,22,,,,,,,4 19,,4 5 12 15 21,,,,,,,,,,,,価格交渉 / 増産 / 価格改定 / 価格転嫁 / 値上 / 想定以上 / 上方修正 / 下方修正 / 想定以下 / 未達 / 大幅 / 計画を上 / 計画を下 / 計画以 / 需要回復 / 需要の回復 / 需要が増 / 需要が低 / 悪化 / グローバルニッチトップ / トップシェア / シェア拡大 / レアアース
20260513,247A,247A_1530_G-Aiロボティクス_2026年3月期 通期決算説明資料 事業計画及び成長可能性に関する資料.pdf,,,,,,,,,,,5 6 9 11 43,3,,,,,,,42,,,,,価格交渉 / 増産 / 価格改定 / 価格転嫁 / 値上 / 想定以上 / 上方修正 / 下方修正 / 想定以下 / 未達 / 大幅 / 計画を上 / 計画を下 / 計画以 / 需要回復 / 需要の回復 / 需要が増 / 需要が低 / 悪化 / グローバルニッチトップ / トップシェア / シェア拡大 / レアアース
20260513,2531,2531_1530_宝HLD_宝グループ中期経営計画2030の策定について.pdf,,,,7,7,,,,,2,,,,,,,,,,,,,,価格交渉 / 増産 / 価格改定 / 価格転嫁 / 値上 / 想定以上 / 上方修正 / 下方修正 / 想定以下 / 未達 / 大幅 / 計画を上 / 計画を下 / 計画以 / 需要回復 / 需要の回復 / 需要が増 / 需要が低 / 悪化 / グローバルニッチトップ / トップシェア / シェア拡大 / レアアース
20260513,268A,268A_1530_リガク_2026年12月期第一四半期決算説明資料.pdf,,,,,13 28,,,,,,2,,,,,,,,,,,20 41,,価格交渉 / 増産 / 価格改定 / 価格転嫁 / 値上 / 想定以上 / 上方修正 / 下方修正 / 想定以下 / 未達 / 大幅 / 計画を上 / 計画を下 / 計画以 / 需要回復 / 需要の回復 / 需要が増 / 需要が低 / 悪化 / グローバルニッチトップ / トップシェア / シェア拡大 / レアアース
20260513,2908,2908_1430_フジッコ_2026年3月期 決算短信〔日本基準〕(連結).pdf,,,4,,,,,,,,,,,,5,,,,,,,6,,価格交渉 / 増産 / 価格改定 / 価格転嫁 / 値上 / 想定以上 / 上方修正 / 下方修正 / 想定以下 / 未達 / 大幅 / 計画を上 / 計画を下 / 計画以 / 需要回復 / 需要の回復 / 需要が増 / 需要が低 / 悪化 / グローバルニッチトップ / トップシェア / シェア拡大 / レアアース
20260513,2922,2922_1500_なとり_2026年3月期 決算短信〔日本基準〕(連結).pdf,,7,4 5 7,,4,,,,,,,,,,,,,,,,,,,価格交渉 / 増産 / 価格改定 / 価格転嫁 / 値上 / 想定以上 / 上方修正 / 下方修正 / 想定以下 / 未達 / 大幅 / 計画を上 / 計画を下 / 計画以 / 需要回復 / 需要の回復 / 需要が増 / 需要が低 / 悪化 / グローバルニッチトップ / トップシェア / シェア拡大 / レアアース
20260513,2993,2993_1531_長栄_2026年3月期 決算補足説明資料.pdf,,,,,31,,,,,,4,8,,,,,,,,,,,,価格交渉 / 増産 / 価格改定 / 価格転嫁 / 値上 / 想定以上 / 上方修正 / 下方修正 / 想定以下 / 未達 / 大幅 / 計画を上 / 計画を下 / 計画以 / 需要回復 / 需要の回復 / 需要が増 / 需要が低 / 悪化 / グローバルニッチトップ / トップシェア / シェア拡大 / レアアース
20260513,3010,3010_1600_ポラリスHD_「中期経営計画2030」の策定に関するお知らせ.pdf,,,,,29,,,,,,1 10,,,,,,,,42,,,,,価格交渉 / 増産 / 価格改定 / 価格転嫁 / 値上 / 想定以上 / 上方修正 / 下方修正 / 想定以下 / 未達 / 大幅 / 計画を上 / 計画を下 / 計画以 / 需要回復 / 需要の回復 / 需要が増 / 需要が低 / 悪化 / グローバルニッチトップ / トップシェア / シェア拡大 / レアアース
20260513,3010,3010_1630_ポラリスHD_2026年3月期決算説明資料.pdf,,,,,,,20,,,,2 4,,,,,,,,3 14 15,,,,,価格交渉 / 増産 / 価格改定 / 価格転嫁 / 値上 / 想定以上 / 上方修正 / 下方修正 / 想定以下 / 未達 / 大幅 / 計画を上 / 計画を下 / 計画以 / 需要回復 / 需要の回復 / 需要が増 / 需要が低 / 悪化 / グローバルニッチトップ / トップシェア / シェア拡大 / レアアース
20260513,3107,3107_1530_ダイワボHD_2026年3月期決算説明資料.pdf,,18,,13,12 43,,,,,,,,,,,,,,,,,,,価格交渉 / 増産 / 価格改定 / 価格転嫁 / 値上 / 想定以上 / 上方修正 / 下方修正 / 想定以下 / 未達 / 大幅 / 計画を上 / 計画を下 / 計画以 / 需要回復 / 需要の回復 / 需要が増 / 需要が低 / 悪化 / グローバルニッチトップ / トップシェア / シェア拡大 / レアアース
20260513,3237,3237_1600_G-イントランス_2026年3月期決算説明資料.pdf,,,,,,,,12,,4 12,7 8 12 13 14,,,,,,,,,,,,,価格交渉 / 増産 / 価格改定 / 価格転嫁 / 値上 / 想定以上 / 上方修正 / 下方修正 / 想定以下 / 未達 / 大幅 / 計画を上 / 計画を下 / 計画以 / 需要回復 / 需要の回復 / 需要が増 / 需要が低 / 悪化 / グローバルニッチトップ / トップシェア / シェア拡大 / レアアース
20260513,3402,3402_1230_東レ_2026年3月期決算の概要と2027年3月期見通しについて.pdf,,,,,,,,,,22,,,,,18,,,,6 10,,,,,価格交渉 / 増産 / 価格改定 / 価格転嫁 / 値上 / 想定以上 / 上方修正 / 下方修正 / 想定以下 / 未達 / 大幅 / 計画を上 / 計画を下 / 計画以 / 需要回復 / 需要の回復 / 需要が増 / 需要が低 / 悪化 / グローバルニッチトップ / トップシェア / シェア拡大 / レアアース
20260513,3405,3405_1300_クラレ_2026年12月期 第1四半期決算短信〔日本基準〕(連結).pdf,,,5,,,,,,,,,,,,,,,5,1 4 7,,,,,価格交渉 / 増産 / 価格改定 / 価格転嫁 / 値上 / 想定以上 / 上方修正 / 下方修正 / 想定以下 / 未達 / 大幅 / 計画を上 / 計画を下 / 計画以 / 需要回復 / 需要の回復 / 需要が増 / 需要が低 / 悪化 / グローバルニッチトップ / トップシェア / シェア拡大 / レアアース
20260513,341A,341A_1530_G-トヨコー_2026年3月期決算説明資料.pdf,,,,17,5 17,,,,,,7 9 16 36,,,,,,,,,,,,,価格交渉 / 増産 / 価格改定 / 価格転嫁 / 値上 / 想定以上 / 上方修正 / 下方修正 / 想定以下 / 未達 / 大幅 / 計画を上 / 計画を下 / 計画以 / 需要回復 / 需要の回復 / 需要が増 / 需要が低 / 悪化 / グローバルニッチトップ / トップシェア / シェア拡大 / レアアース
20260513,3449,3449_1630_テクノフレックス_2026年12月期 第1四半期決算補足資料.pdf,,,,,6,4,,,,,,,,,,,18 21 22,,,,,,,価格交渉 / 増産 / 価格改定 / 価格転嫁 / 値上 / 想定以上 / 上方修正 / 下方修正 / 想定以下 / 未達 / 大幅 / 計画を上 / 計画を下 / 計画以 / 需要回復 / 需要の回復 / 需要が増 / 需要が低 / 悪化 / グローバルニッチトップ / トップシェア / シェア拡大 / レアアース
20260513,3484,3484_1330_イノベーションHD_2026年3月期 決算短信〔日本基準〕(連結).pdf,,,4 5,,4 5,,,,,,5,,,,,,,,,,,,,価格交渉 / 増産 / 価格改定 / 価格転嫁 / 値上 / 想定以上 / 上方修正 / 下方修正 / 想定以下 / 未達 / 大幅 / 計画を上 / 計画を下 / 計画以 / 需要回復 / 需要の回復 / 需要が増 / 需要が低 / 悪化 / グローバルニッチトップ / トップシェア / シェア拡大 / レアアース
20260513,3840,3840_1715_PATH_2026年3月期 決算短信〔日本基準〕(連結).pdf,,,,,,,,,,,4 5 6 7 9 10,,,,,,,,4,,,,22,価格交渉 / 増産 / 価格改定 / 価格転嫁 / 値上 / 想定以上 / 上方修正 / 下方修正 / 想定以下 / 未達 / 大幅 / 計画を上 / 計画を下 / 計画以 / 需要回復 / 需要の回復 / 需要が増 / 需要が低 / 悪化 / グローバルニッチトップ / トップシェア / シェア拡大 / レアアース
20260513,4027,4027_1530_テイカ_2026年3月期 決算短信〔日本基準〕(連結).pdf,,,4,,,,,,,,,,,,,4,,,4,,,,,価格交渉 / 増産 / 価格改定 / 価格転嫁 / 値上 / 想定以上 / 上方修正 / 下方修正 / 想定以下 / 未達 / 大幅 / 計画を上 / 計画を下 / 計画以 / 需要回復 / 需要の回復 / 需要が増 / 需要が低 / 悪化 / グローバルニッチトップ / トップシェア / シェア拡大 / レアアース
20260513,4042,4042_1530_東ソー_2025年度決算説明資料.pdf,,,,,,,,,,,25,,,,8,,,,5 8 9 10 16,,,,,価格交渉 / 増産 / 価格改定 / 価格転嫁 / 値上 / 想定以上 / 上方修正 / 下方修正 / 想定以下 / 未達 / 大幅 / 計画を上 / 計画を下 / 計画以 / 需要回復 / 需要の回復 / 需要が増 / 需要が低 / 悪化 / グローバルニッチトップ / トップシェア / シェア拡大 / レアアース
20260513,4042,4042_1530_東ソー_2026年3月期 決算短信〔日本基準〕(連結).pdf,,,,,,,,,,,,,,,5,4,,,4 5 6,,,,,価格交渉 / 増産 / 価格改定 / 価格転嫁 / 値上 / 想定以上 / 上方修正 / 下方修正 / 想定以下 / 未達 / 大幅 / 計画を上 / 計画を下 / 計画以 / 需要回復 / 需要の回復 / 需要が増 / 需要が低 / 悪化 / グローバルニッチトップ / トップシェア / シェア拡大 / レアアース
20260513,4092,4092_1600_日本化_2026年3月期 決算短信〔日本基準〕(連結).pdf,,,4 5,,,,,,,,4 5 6,,,,4,,,,,,,,,価格交渉 / 増産 / 価格改定 / 価格転嫁 / 値上 / 想定以上 / 上方修正 / 下方修正 / 想定以下 / 未達 / 大幅 / 計画を上 / 計画を下 / 計画以 / 需要回復 / 需要の回復 / 需要が増 / 需要が低 / 悪化 / グローバルニッチトップ / トップシェア / シェア拡大 / レアアース
20260513,4180,4180_1530_Appier_2026年12月期 第1四半期 決算説明資料.pdf,,,,,,,,,,,6 7 13 60 73,6,,,,,,,,,,37,,価格交渉 / 増産 / 価格改定 / 価格転嫁 / 値上 / 想定以上 / 上方修正 / 下方修正 / 想定以下 / 未達 / 大幅 / 計画を上 / 計画を下 / 計画以 / 需要回復 / 需要の回復 / 需要が増 / 需要が低 / 悪化 / グローバルニッチトップ / トップシェア / シェア拡大 / レアアース
20260513,4205,4205_1130_日ゼオン_2026年3月期 決算短信〔日本基準〕(連結).pdf,,,,,,,,,,,4,,,,,,,4,6,,,,,価格交渉 / 増産 / 価格改定 / 価格転嫁 / 値上 / 想定以上 / 上方修正 / 下方修正 / 想定以下 / 未達 / 大幅 / 計画を上 / 計画を下 / 計画以 / 需要回復 / 需要の回復 / 需要が増 / 需要が低 / 悪化 / グローバルニッチトップ / トップシェア / シェア拡大 / レアアース
20260513,4274,4274_1530_細谷火工_令和8年3月期 決算短信[日本基準](非連結).pdf,,4,,,,,,,,,5,,,4,,,,,,,,,,価格交渉 / 増産 / 価格改定 / 価格転嫁 / 値上 / 想定以上 / 上方修正 / 下方修正 / 想定以下 / 未達 / 大幅 / 計画を上 / 計画を下 / 計画以 / 需要回復 / 需要の回復 / 需要が増 / 需要が低 / 悪化 / グローバルニッチトップ / トップシェア / シェア拡大 / レアアース
20260513,4293,4293_1530_セプテーニHD_2026年12月期通期連結業績予想の修正に関するお知らせ.pdf,,,,,,,2,,,,2,,,,,,,,2,,,,,価格交渉 / 増産 / 価格改定 / 価格転嫁 / 値上 / 想定以上 / 上方修正 / 下方修正 / 想定以下 / 未達 / 大幅 / 計画を上 / 計画を下 / 計画以 / 需要回復 / 需要の回復 / 需要が増 / 需要が低 / 悪化 / グローバルニッチトップ / トップシェア / シェア拡大 / レアアース
20260513,4409,4409_1400_東邦化_2026年3月期 決算短信〔日本基準〕(連結).pdf,,,,5 7,5 7,,,,,,,,,,,,,,7,,,,,価格交渉 / 増産 / 価格改定 / 価格転嫁 / 値上 / 想定以上 / 上方修正 / 下方修正 / 想定以下 / 未達 / 大幅 / 計画を上 / 計画を下 / 計画以 / 需要回復 / 需要の回復 / 需要が増 / 需要が低 / 悪化 / グローバルニッチトップ / トップシェア / シェア拡大 / レアアース
20260513,4409,4409_1400_東邦化_2026年3月期 決算説明資料.pdf,,,,5 12,12 17,,,,,,,,,,,,,,5 12,,,,,価格交渉 / 増産 / 価格改定 / 価格転嫁 / 値上 / 想定以上 / 上方修正 / 下方修正 / 想定以下 / 未達 / 大幅 / 計画を上 / 計画を下 / 計画以 / 需要回復 / 需要の回復 / 需要が増 / 需要が低 / 悪化 / グローバルニッチトップ / トップシェア / シェア拡大 / レアアース
20260513,4415,4415_1600_G-ブロードエンター_2026年12月期 第1四半期決算説明資料.pdf,,,,,,,,,,,24,,,,,,10,,34,,,,,価格交渉 / 増産 / 価格改定 / 価格転嫁 / 値上 / 想定以上 / 上方修正 / 下方修正 / 想定以下 / 未達 / 大幅 / 計画を上 / 計画を下 / 計画以 / 需要回復 / 需要の回復 / 需要が増 / 需要が低 / 悪化 / グローバルニッチトップ / トップシェア / シェア拡大 / レアアース
20260513,4417,4417_1750_G-グローバルセキュ_2026年3月期 決算説明会レポート(書き起こし).pdf,,,,,,,,,,,6 12,,,,,,61,,,,33,,,価格交渉 / 増産 / 価格改定 / 価格転嫁 / 値上 / 想定以上 / 上方修正 / 下方修正 / 想定以下 / 未達 / 大幅 / 計画を上 / 計画を下 / 計画以 / 需要回復 / 需要の回復 / 需要が増 / 需要が低 / 悪化 / グローバルニッチトップ / トップシェア / シェア拡大 / レアアース
20260513,4471,4471_1500_三洋化成_2025年度 決算の概要.pdf,,,,3,,,,,,,1,,,,,,,,1,,,,,価格交渉 / 増産 / 価格改定 / 価格転嫁 / 値上 / 想定以上 / 上方修正 / 下方修正 / 想定以下 / 未達 / 大幅 / 計画を上 / 計画を下 / 計画以 / 需要回復 / 需要の回復 / 需要が増 / 需要が低 / 悪化 / グローバルニッチトップ / トップシェア / シェア拡大 / レアアース
20260513,4478,4478_1530_G-フリー_2026年6月期第3四半期 決算説明資料.pdf,,,,,,26,15,,,,66,,,,,,,,,,,,,価格交渉 / 増産 / 価格改定 / 価格転嫁 / 値上 / 想定以上 / 上方修正 / 下方修正 / 想定以下 / 未達 / 大幅 / 計画を上 / 計画を下 / 計画以 / 需要回復 / 需要の回復 / 需要が増 / 需要が低 / 悪化 / グローバルニッチトップ / トップシェア / シェア拡大 / レアアース
20260513,4595,4595_1200_ミズホメディー_2026年12月期 第1四半期決算短信〔日本基準〕(非連結).pdf,,4,,,,,,,,,4,,,,,,4,,,,,,,価格交渉 / 増産 / 価格改定 / 価格転嫁 / 値上 / 想定以上 / 上方修正 / 下方修正 / 想定以下 / 未達 / 大幅 / 計画を上 / 計画を下 / 計画以 / 需要回復 / 需要の回復 / 需要が増 / 需要が低 / 悪化 / グローバルニッチトップ / トップシェア / シェア拡大 / レアアース
20260513,4635,4635_1400_東インキ_2026年3月期 決算短信〔日本基準〕(連結).pdf,,,4,,,,,,,,4,,,,,,,,4,,,,,価格交渉 / 増産 / 価格改定 / 価格転嫁 / 値上 / 想定以上 / 上方修正 / 下方修正 / 想定以下 / 未達 / 大幅 / 計画を上 / 計画を下 / 計画以 / 需要回復 / 需要の回復 / 需要が増 / 需要が低 / 悪化 / グローバルニッチトップ / トップシェア / シェア拡大 / レアアース
20260513,4792,4792_1300_山田コンサル_2026年3月期決算及び長期経営ビジョン(10年戦略)説明会.pdf,,,,,46,,,,,,29 33,,33,,,,,,,,,,,価格交渉 / 増産 / 価格改定 / 価格転嫁 / 値上 / 想定以上 / 上方修正 / 下方修正 / 想定以下 / 未達 / 大幅 / 計画を上 / 計画を下 / 計画以 / 需要回復 / 需要の回復 / 需要が増 / 需要が低 / 悪化 / グローバルニッチトップ / トップシェア / シェア拡大 / レアアース
20260513,4931,4931_1530_新日本製薬_2026年9月期第2四半期決算補足説明資料.pdf,,,,,,,,,,2 12 13 14,2 5 6 17 19,,,,,,,,,,22,,,価格交渉 / 増産 / 価格改定 / 価格転嫁 / 値上 / 想定以上 / 上方修正 / 下方修正 / 想定以下 / 未達 / 大幅 / 計画を上 / 計画を下 / 計画以 / 需要回復 / 需要の回復 / 需要が増 / 需要が低 / 悪化 / グローバルニッチトップ / トップシェア / シェア拡大 / レアアース
20260513,5368,5368_1530_日本インシュレ_2026年3月期決算短信〔日本基準〕(連結).pdf,,,,5,,,,,,,4,,,,,,,,4 5,,,,,価格交渉 / 増産 / 価格改定 / 価格転嫁 / 値上 / 想定以上 / 上方修正 / 下方修正 / 想定以下 / 未達 / 大幅 / 計画を上 / 計画を下 / 計画以 / 需要回復 / 需要の回復 / 需要が増 / 需要が低 / 悪化 / グローバルニッチトップ / トップシェア / シェア拡大 / レアアース
20260513,5401,5401_1530_日本製鉄_2025年度決算について.pdf,,,,,,3,,,,,,,,,,,,3,3,,,,,価格交渉 / 増産 / 価格改定 / 価格転嫁 / 値上 / 想定以上 / 上方修正 / 下方修正 / 想定以下 / 未達 / 大幅 / 計画を上 / 計画を下 / 計画以 / 需要回復 / 需要の回復 / 需要が増 / 需要が低 / 悪化 / グローバルニッチトップ / トップシェア / シェア拡大 / レアアース
20260513,5401,5401_1530_日本製鉄_2026年3月期決算短信〔IFRS〕(連結).pdf,,,,,,4,,,,,,,,,,,,4,4 9,,,,,価格交渉 / 増産 / 価格改定 / 価格転嫁 / 値上 / 想定以上 / 上方修正 / 下方修正 / 想定以下 / 未達 / 大幅 / 計画を上 / 計画を下 / 計画以 / 需要回復 / 需要の回復 / 需要が増 / 需要が低 / 悪化 / グローバルニッチトップ / トップシェア / シェア拡大 / レアアース
20260513,5632,5632_1500_三菱製鋼_2026年3月期決算短信〔日本基準〕(連結).pdf,,,,,,,,,,,4 5,,,,,,,4,4,,,,,価格交渉 / 増産 / 価格改定 / 価格転嫁 / 値上 / 想定以上 / 上方修正 / 下方修正 / 想定以下 / 未達 / 大幅 / 計画を上 / 計画を下 / 計画以 / 需要回復 / 需要の回復 / 需要が増 / 需要が低 / 悪化 / グローバルニッチトップ / トップシェア / シェア拡大 / レアアース
20260513,5632,5632_1500_三菱製鋼_2026年3月期決算説明資料.pdf,,6 14,,,,,,,,,5 6 11 13,,,,,,,,3 5 6 9 15 16,,,,,価格交渉 / 増産 / 価格改定 / 価格転嫁 / 値上 / 想定以上 / 上方修正 / 下方修正 / 想定以下 / 未達 / 大幅 / 計画を上 / 計画を下 / 計画以 / 需要回復 / 需要の回復 / 需要が増 / 需要が低 / 悪化 / グローバルニッチトップ / トップシェア / シェア拡大 / レアアース
20260513,5632,5632_1500_三菱製鋼_「2026中期経営計画」策定に関するお知らせ.pdf,,6,,,,,,,,13,11,,,,,,,,,,,,,価格交渉 / 増産 / 価格改定 / 価格転嫁 / 値上 / 想定以上 / 上方修正 / 下方修正 / 想定以下 / 未達 / 大幅 / 計画を上 / 計画を下 / 計画以 / 需要回復 / 需要の回復 / 需要が増 / 需要が低 / 悪化 / グローバルニッチトップ / トップシェア / シェア拡大 / レアアース
20260513,5706,5706_1530_三井金属_2026年3月期 決算短信[日本基準](連結).pdf,,4,,,,,,,,,,,,,,,,5,5 6,,,,,価格交渉 / 増産 / 価格改定 / 価格転嫁 / 値上 / 想定以上 / 上方修正 / 下方修正 / 想定以下 / 未達 / 大幅 / 計画を上 / 計画を下 / 計画以 / 需要回復 / 需要の回復 / 需要が増 / 需要が低 / 悪化 / グローバルニッチトップ / トップシェア / シェア拡大 / レアアース
20260513,5711,5711_1530_三菱マ_2026年3月期 決算短信〔日本基準〕(連結).pdf,,,,,5,,,,,,17,,,,,,,,4 17,,,,,価格交渉 / 増産 / 価格改定 / 価格転嫁 / 値上 / 想定以上 / 上方修正 / 下方修正 / 想定以下 / 未達 / 大幅 / 計画を上 / 計画を下 / 計画以 / 需要回復 / 需要の回復 / 需要が増 / 需要が低 / 悪化 / グローバルニッチトップ / トップシェア / シェア拡大 / レアアース
20260513,5711,5711_1530_三菱マ_2026年3月期 決算補足説明資料.pdf,,,,,22,,,,,,5,,,,,,,,4 7 12 18 20,,,,,価格交渉 / 増産 / 価格改定 / 価格転嫁 / 値上 / 想定以上 / 上方修正 / 下方修正 / 想定以下 / 未達 / 大幅 / 計画を上 / 計画を下 / 計画以 / 需要回復 / 需要の回復 / 需要が増 / 需要が低 / 悪化 / グローバルニッチトップ / トップシェア / シェア拡大 / レアアース
20260513,5956,5956_1530_トーソー_2026年3月期 決算短信〔日本基準〕(連結).pdf,,,4 5,,,,,,,,4,,,,,,,,,,,4,,価格交渉 / 増産 / 価格改定 / 価格転嫁 / 値上 / 想定以上 / 上方修正 / 下方修正 / 想定以下 / 未達 / 大幅 / 計画を上 / 計画を下 / 計画以 / 需要回復 / 需要の回復 / 需要が増 / 需要が低 / 悪化 / グローバルニッチトップ / トップシェア / シェア拡大 / レアアース
20260513,5962,5962_1400_浅香工業_2026年3月期 決算短信〔日本基準〕(非連結).pdf,,,4 5,,,,,,,,4,,,,,,,,4 5,,,,,価格交渉 / 増産 / 価格改定 / 価格転嫁 / 値上 / 想定以上 / 上方修正 / 下方修正 / 想定以下 / 未達 / 大幅 / 計画を上 / 計画を下 / 計画以 / 需要回復 / 需要の回復 / 需要が増 / 需要が低 / 悪化 / グローバルニッチトップ / トップシェア / シェア拡大 / レアアース
20260513,5976,5976_1530_ネツレン_第16次中期経営計画の見直しに関するお知らせ.pdf,,,,,,1,,,,,,,,,,1,,,1,,,,,価格交渉 / 増産 / 価格改定 / 価格転嫁 / 値上 / 想定以上 / 上方修正 / 下方修正 / 想定以下 / 未達 / 大幅 / 計画を上 / 計画を下 / 計画以 / 需要回復 / 需要の回復 / 需要が増 / 需要が低 / 悪化 / グローバルニッチトップ / トップシェア / シェア拡大 / レアアース
20260513,5985,5985_1530_サンコール_中期経営計画2027における定量目標の上方修正に関するお知らせ.pdf,,,,3,3,,1 2 4 5,,,,,,,,,,,,,,,,,価格交渉 / 増産 / 価格改定 / 価格転嫁 / 値上 / 想定以上 / 上方修正 / 下方修正 / 想定以下 / 未達 / 大幅 / 計画を上 / 計画を下 / 計画以 / 需要回復 / 需要の回復 / 需要が増 / 需要が低 / 悪化 / グローバルニッチトップ / トップシェア / シェア拡大 / レアアース
20260513,6137,6137_1700_小池酸工_2026年3月期 決算短信〔日本基準〕(連結).pdf,,,4 6,,,,,,,,6,,,,,,,,4,,,,,価格交渉 / 増産 / 価格改定 / 価格転嫁 / 値上 / 想定以上 / 上方修正 / 下方修正 / 想定以下 / 未達 / 大幅 / 計画を上 / 計画を下 / 計画以 / 需要回復 / 需要の回復 / 需要が増 / 需要が低 / 悪化 / グローバルニッチトップ / トップシェア / シェア拡大 / レアアース
20260513,6284,6284_1600_ASB機械_2026年9月期 第2四半期(中間期)決算短信〔日本基準〕(連結).pdf,,,,5,,,6,,,,4 5,,,,,,,,,,,,,価格交渉 / 増産 / 価格改定 / 価格転嫁 / 値上 / 想定以上 / 上方修正 / 下方修正 / 想定以下 / 未達 / 大幅 / 計画を上 / 計画を下 / 計画以 / 需要回復 / 需要の回復 / 需要が増 / 需要が低 / 悪化 / グローバルニッチトップ / トップシェア / シェア拡大 / レアアース
20260513,6284,6284_1600_ASB機械_2026年9月期 第2四半期決算補足資料.pdf,,,,,,,12 13,,,,4 25,,,,,,,,,1,,,,価格交渉 / 増産 / 価格改定 / 価格転嫁 / 値上 / 想定以上 / 上方修正 / 下方修正 / 想定以下 / 未達 / 大幅 / 計画を上 / 計画を下 / 計画以 / 需要回復 / 需要の回復 / 需要が増 / 需要が低 / 悪化 / グローバルニッチトップ / トップシェア / シェア拡大 / レアアース
20260513,6292,6292_1200_カワタ_2026年3月期決算短信〔日本基準〕(連結).pdf,,,,7,,8,,,,,,,,,,,,,4 7 8 11,,,,,価格交渉 / 増産 / 価格改定 / 価格転嫁 / 値上 / 想定以上 / 上方修正 / 下方修正 / 想定以下 / 未達 / 大幅 / 計画を上 / 計画を下 / 計画以 / 需要回復 / 需要の回復 / 需要が増 / 需要が低 / 悪化 / グローバルニッチトップ / トップシェア / シェア拡大 / レアアース
20260513,6368,6368_1530_オルガノ_2026年3月期 決算短信〔日本基準〕(連結).pdf,,,,,9,,,,,,,4,4,,,,,,,,,,,価格交渉 / 増産 / 価格改定 / 価格転嫁 / 値上 / 想定以上 / 上方修正 / 下方修正 / 想定以下 / 未達 / 大幅 / 計画を上 / 計画を下 / 計画以 / 需要回復 / 需要の回復 / 需要が増 / 需要が低 / 悪化 / グローバルニッチトップ / トップシェア / シェア拡大 / レアアース
20260513,6384,6384_1600_昭和真空_2026年3月期決算短信〔日本基準〕(連結).pdf,,4,,,,,,,,,4,,,,,7,,,,,,,,価格交渉 / 増産 / 価格改定 / 価格転嫁 / 値上 / 想定以上 / 上方修正 / 下方修正 / 想定以下 / 未達 / 大幅 / 計画を上 / 計画を下 / 計画以 / 需要回復 / 需要の回復 / 需要が増 / 需要が低 / 悪化 / グローバルニッチトップ / トップシェア / シェア拡大 / レアアース
20260513,6417,6417_1130_SANKYO_2026年3月期 決算短信[日本基準](連結).pdf,,4,,,,,,,,,,,,,,,,,,,4 6 10,9,,価格交渉 / 増産 / 価格改定 / 価格転嫁 / 値上 / 想定以上 / 上方修正 / 下方修正 / 想定以下 / 未達 / 大幅 / 計画を上 / 計画を下 / 計画以 / 需要回復 / 需要の回復 / 需要が増 / 需要が低 / 悪化 / グローバルニッチトップ / トップシェア / シェア拡大 / レアアース
20260513,6464,6464_1700_ツバキ・ナカシマ_2026年12月期 第1四半期決算説明資料.pdf,,,,11,,,,,,,4 7 15,,,,,,,,7 15,,,,,価格交渉 / 増産 / 価格改定 / 価格転嫁 / 値上 / 想定以上 / 上方修正 / 下方修正 / 想定以下 / 未達 / 大幅 / 計画を上 / 計画を下 / 計画以 / 需要回復 / 需要の回復 / 需要が増 / 需要が低 / 悪化 / グローバルニッチトップ / トップシェア / シェア拡大 / レアアース
20260513,6497,6497_1510_ハマイ_2026年12月期第1四半期決算短信〔日本基準〕(連結).pdf,,,4,,4,,,,,,,,,,,4,,,,,,,,価格交渉 / 増産 / 価格改定 / 価格転嫁 / 値上 / 想定以上 / 上方修正 / 下方修正 / 想定以下 / 未達 / 大幅 / 計画を上 / 計画を下 / 計画以 / 需要回復 / 需要の回復 / 需要が増 / 需要が低 / 悪化 / グローバルニッチトップ / トップシェア / シェア拡大 / レアアース
20260513,6524,6524_1530_湖北工業_2026年12月期第1四半期 決算説明資料.pdf,,20,,16 28,,,,,,,4 5 6 13 22,,,,,,,,,,,,,価格交渉 / 増産 / 価格改定 / 価格転嫁 / 値上 / 想定以上 / 上方修正 / 下方修正 / 想定以下 / 未達 / 大幅 / 計画を上 / 計画を下 / 計画以 / 需要回復 / 需要の回復 / 需要が増 / 需要が低 / 悪化 / グローバルニッチトップ / トップシェア / シェア拡大 / レアアース
20260513,6525,6525_1430_KOKUSAI_2026年3月期(2025年4月~2026年3月)決算説明資料.pdf,,,,,,,,,,,20 22,,,,4 17 27,,,,,,26,,,価格交渉 / 増産 / 価格改定 / 価格転嫁 / 値上 / 想定以上 / 上方修正 / 下方修正 / 想定以下 / 未達 / 大幅 / 計画を上 / 計画を下 / 計画以 / 需要回復 / 需要の回復 / 需要が増 / 需要が低 / 悪化 / グローバルニッチトップ / トップシェア / シェア拡大 / レアアース
20260513,6941,6941_1530_山一電機_2026年3月期 決算短信〔日本基準〕(連結).pdf,14,,,,,,,,,,5,,,,,,,,4 6,,,,,価格交渉 / 増産 / 価格改定 / 価格転嫁 / 値上 / 想定以上 / 上方修正 / 下方修正 / 想定以下 / 未達 / 大幅 / 計画を上 / 計画を下 / 計画以 / 需要回復 / 需要の回復 / 需要が増 / 需要が低 / 悪化 / グローバルニッチトップ / トップシェア / シェア拡大 / レアアース
20260513,7122,7122_1530_近畿車輌_近畿車輛株式会社 中期経営計画2028(振り返りと見直し)について.pdf,,,,3 7,,,,,,,5,,,,,,,,3,,,,,価格交渉 / 増産 / 価格改定 / 価格転嫁 / 値上 / 想定以上 / 上方修正 / 下方修正 / 想定以下 / 未達 / 大幅 / 計画を上 / 計画を下 / 計画以 / 需要回復 / 需要の回復 / 需要が増 / 需要が低 / 悪化 / グローバルニッチトップ / トップシェア / シェア拡大 / レアアース
20260513,7313,7313_1530_TSテック_2026年3月期 決算短信〔IFRS〕(連結).pdf,16,4,,,,,,,,,,,,,,,,,,,,4,,価格交渉 / 増産 / 価格改定 / 価格転嫁 / 値上 / 想定以上 / 上方修正 / 下方修正 / 想定以下 / 未達 / 大幅 / 計画を上 / 計画を下 / 計画以 / 需要回復 / 需要の回復 / 需要が増 / 需要が低 / 悪化 / グローバルニッチトップ / トップシェア / シェア拡大 / レアアース
20260513,7337,7337_1430_ひろぎんHD_2026年3月期 決算短信〔日本基準〕(連結).pdf,,,,,,,57 58 59,,,,38,55,,,,,,,,,,,,価格交渉 / 増産 / 価格改定 / 価格転嫁 / 値上 / 想定以上 / 上方修正 / 下方修正 / 想定以下 / 未達 / 大幅 / 計画を上 / 計画を下 / 計画以 / 需要回復 / 需要の回復 / 需要が増 / 需要が低 / 悪化 / グローバルニッチトップ / トップシェア / シェア拡大 / レアアース
20260513,7361,7361_1530_G-HCH_2026年9月期 第2四半期 決算説明資料.pdf,,,,,,,,,,,61,,,,,,,,61,,,60,,価格交渉 / 増産 / 価格改定 / 価格転嫁 / 値上 / 想定以上 / 上方修正 / 下方修正 / 想定以下 / 未達 / 大幅 / 計画を上 / 計画を下 / 計画以 / 需要回復 / 需要の回復 / 需要が増 / 需要が低 / 悪化 / グローバルニッチトップ / トップシェア / シェア拡大 / レアアース
20260513,7374,7374_1530_G-コンフィデンスI_2026年3月期 決算短信〔日本基準〕(連結).pdf,,,,4,,,,,,,4,,,,,,,,4 5,,,,,価格交渉 / 増産 / 価格改定 / 価格転嫁 / 値上 / 想定以上 / 上方修正 / 下方修正 / 想定以下 / 未達 / 大幅 / 計画を上 / 計画を下 / 計画以 / 需要回復 / 需要の回復 / 需要が増 / 需要が低 / 悪化 / グローバルニッチトップ / トップシェア / シェア拡大 / レアアース
20260513,7374,7374_1530_G-コンフィデンスI_2026年3月期 決算説明資料(書き起こし).pdf,,,,,,,,5,,,,,,,11,,,,,,,,11,価格交渉 / 増産 / 価格改定 / 価格転嫁 / 値上 / 想定以上 / 上方修正 / 下方修正 / 想定以下 / 未達 / 大幅 / 計画を上 / 計画を下 / 計画以 / 需要回復 / 需要の回復 / 需要が増 / 需要が低 / 悪化 / グローバルニッチトップ / トップシェア / シェア拡大 / レアアース
20260513,7374,7374_1530_G-コンフィデンスI_2026年3月期 決算説明資料.pdf,,,,,,,,4,,,,,,,10,,,,,,,,10,価格交渉 / 増産 / 価格改定 / 価格転嫁 / 値上 / 想定以上 / 上方修正 / 下方修正 / 想定以下 / 未達 / 大幅 / 計画を上 / 計画を下 / 計画以 / 需要回復 / 需要の回復 / 需要が増 / 需要が低 / 悪化 / グローバルニッチトップ / トップシェア / シェア拡大 / レアアース
20260513,7456,7456_1600_松田産_「中期経営計画2028(2026‐2028 年度)」策定に関するお知らせ.pdf,,,,,,,,,,9,9,,,,,,,,,,,15,,価格交渉 / 増産 / 価格改定 / 価格転嫁 / 値上 / 想定以上 / 上方修正 / 下方修正 / 想定以下 / 未達 / 大幅 / 計画を上 / 計画を下 / 計画以 / 需要回復 / 需要の回復 / 需要が増 / 需要が低 / 悪化 / グローバルニッチトップ / トップシェア / シェア拡大 / レアアース
20260513,7600,7600_0830_MDM_2026年3月期(第54期)通期決算説明会資料.pdf,,21,,,,,,,,,,,,,,,,,2 6 22 23 27,,,32 37,,価格交渉 / 増産 / 価格改定 / 価格転嫁 / 値上 / 想定以上 / 上方修正 / 下方修正 / 想定以下 / 未達 / 大幅 / 計画を上 / 計画を下 / 計画以 / 需要回復 / 需要の回復 / 需要が増 / 需要が低 / 悪化 / グローバルニッチトップ / トップシェア / シェア拡大 / レアアース
20260513,7734,7734_1130_理計器_中期経営計画(2027年3月期~2029年3月期)策定に関するお知らせ.pdf,,,,6 21,16,,,,,,,,,,10,,,,,,,,,価格交渉 / 増産 / 価格改定 / 価格転嫁 / 値上 / 想定以上 / 上方修正 / 下方修正 / 想定以下 / 未達 / 大幅 / 計画を上 / 計画を下 / 計画以 / 需要回復 / 需要の回復 / 需要が増 / 需要が低 / 悪化 / グローバルニッチトップ / トップシェア / シェア拡大 / レアアース
20260513,8111,8111_1000_ゴルドウイン_2026年3月期 決算短信〔日本基準〕(連結).pdf,,,4,,,,,,,,,4,4,,,,,,,,,,,価格交渉 / 増産 / 価格改定 / 価格転嫁 / 値上 / 想定以上 / 上方修正 / 下方修正 / 想定以下 / 未達 / 大幅 / 計画を上 / 計画を下 / 計画以 / 需要回復 / 需要の回復 / 需要が増 / 需要が低 / 悪化 / グローバルニッチトップ / トップシェア / シェア拡大 / レアアース
20260513,8130,8130_1420_サンゲツ_2026年3月期 決算補足説明資料.pdf,,,2,,,,,,,2 3,2 3,,,,,,,,,,,,,価格交渉 / 増産 / 価格改定 / 価格転嫁 / 値上 / 想定以上 / 上方修正 / 下方修正 / 想定以下 / 未達 / 大幅 / 計画を上 / 計画を下 / 計画以 / 需要回復 / 需要の回復 / 需要が増 / 需要が低 / 悪化 / グローバルニッチトップ / トップシェア / シェア拡大 / レアアース
20260513,8151,8151_1600_東陽テクニカ_2026年9月期 第2四半期(中間期)決算短信〔日本基準〕(連結).pdf,,,5,,,,,,,,4,4,,,,,,,,,,,,価格交渉 / 増産 / 価格改定 / 価格転嫁 / 値上 / 想定以上 / 上方修正 / 下方修正 / 想定以下 / 未達 / 大幅 / 計画を上 / 計画を下 / 計画以 / 需要回復 / 需要の回復 / 需要が増 / 需要が低 / 悪化 / グローバルニッチトップ / トップシェア / シェア拡大 / レアアース
20260513,8830,8830_1530_住友不_2026年3月期 決算短信[日本基準](連結).pdf,,,,,5 9,,,,,,4 5 6,,,,,,,,4,,,,,価格交渉 / 増産 / 価格改定 / 価格転嫁 / 値上 / 想定以上 / 上方修正 / 下方修正 / 想定以下 / 未達 / 大幅 / 計画を上 / 計画を下 / 計画以 / 需要回復 / 需要の回復 / 需要が増 / 需要が低 / 悪化 / グローバルニッチトップ / トップシェア / シェア拡大 / レアアース
20260513,8830,8830_1530_住友不_第十次中期経営計画1年目を終えて 今後の課題への対処.pdf,,,,,2,,,,,,2 3,,,,,,,,3,,,,,価格交渉 / 増産 / 価格改定 / 価格転嫁 / 値上 / 想定以上 / 上方修正 / 下方修正 / 想定以下 / 未達 / 大幅 / 計画を上 / 計画を下 / 計画以 / 需要回復 / 需要の回復 / 需要が増 / 需要が低 / 悪化 / グローバルニッチトップ / トップシェア / シェア拡大 / レアアース
20260513,8920,8920_1520_東祥_2026年3月期 決算短信〔日本基準〕(連結).pdf,,,4,4,,,,,,,4,,,,,,,,,,,,,価格交渉 / 増産 / 価格改定 / 価格転嫁 / 値上 / 想定以上 / 上方修正 / 下方修正 / 想定以下 / 未達 / 大幅 / 計画を上 / 計画を下 / 計画以 / 需要回復 / 需要の回復 / 需要が増 / 需要が低 / 悪化 / グローバルニッチトップ / トップシェア / シェア拡大 / レアアース
20260513,9272,9272_1600_G-ブティックス_2026年3月期 決算短信〔日本基準〕(非連結).pdf,,,,,,6 8,,,,24,5 6,,,,,,,,,,,,,価格交渉 / 増産 / 価格改定 / 価格転嫁 / 値上 / 想定以上 / 上方修正 / 下方修正 / 想定以下 / 未達 / 大幅 / 計画を上 / 計画を下 / 計画以 / 需要回復 / 需要の回復 / 需要が増 / 需要が低 / 悪化 / グローバルニッチトップ / トップシェア / シェア拡大 / レアアース
20260513,9272,9272_1600_G-ブティックス_2026年3月期 通期決算説明資料.pdf,,,,,,16,,,,,4 6 10 12 13 16 17 24 26 30 43,,,,,,,,27,,,,,価格交渉 / 増産 / 価格改定 / 価格転嫁 / 値上 / 想定以上 / 上方修正 / 下方修正 / 想定以下 / 未達 / 大幅 / 計画を上 / 計画を下 / 計画以 / 需要回復 / 需要の回復 / 需要が増 / 需要が低 / 悪化 / グローバルニッチトップ / トップシェア / シェア拡大 / レアアース
20260513,9305,9305_1320_ヤマタネ_2026年3月期決算短信〔日本基準〕(連結).pdf,,,,4 5 7,,,7,,,,,,5,,,,,,,,,,,価格交渉 / 増産 / 価格改定 / 価格転嫁 / 値上 / 想定以上 / 上方修正 / 下方修正 / 想定以下 / 未達 / 大幅 / 計画を上 / 計画を下 / 計画以 / 需要回復 / 需要の回復 / 需要が増 / 需要が低 / 悪化 / グローバルニッチトップ / トップシェア / シェア拡大 / レアアース
20260513,9428,9428_1330_クロップス_2026年3月期 決算短信[日本基準](連結).pdf,,,,4,5,,,,,,,,,,,,,,4 5,,,,,価格交渉 / 増産 / 価格改定 / 価格転嫁 / 値上 / 想定以上 / 上方修正 / 下方修正 / 想定以下 / 未達 / 大幅 / 計画を上 / 計画を下 / 計画以 / 需要回復 / 需要の回復 / 需要が増 / 需要が低 / 悪化 / グローバルニッチトップ / トップシェア / シェア拡大 / レアアース
20260513,9519,9519_1530_レノバ_2026年3月期決算短信〔IFRS〕(連結).pdf,,4,,,,,,,,,4,,,,,,,,16,,,,,価格交渉 / 増産 / 価格改定 / 価格転嫁 / 値上 / 想定以上 / 上方修正 / 下方修正 / 想定以下 / 未達 / 大幅 / 計画を上 / 計画を下 / 計画以 / 需要回復 / 需要の回復 / 需要が増 / 需要が低 / 悪化 / グローバルニッチトップ / トップシェア / シェア拡大 / レアアース
20260513,9850,9850_1530_グルメ杵屋_2026年3月期 決算短信〔日本基準〕(連結).pdf,,,4,4,,,,,,,5,,,,,,,,,,,,,価格交渉 / 増産 / 価格改定 / 価格転嫁 / 値上 / 想定以上 / 上方修正 / 下方修正 / 想定以下 / 未達 / 大幅 / 計画を上 / 計画を下 / 計画以 / 需要回復 / 需要の回復 / 需要が増 / 需要が低 / 悪化 / グローバルニッチトップ / トップシェア / シェア拡大 / レアアース
20260513,9889,9889_1130_JBCC HD_2026年3月期 決算短信〔日本基準〕(連結).pdf,,,,,5,,4,,,,5,,,,,,,,,,,,,価格交渉 / 増産 / 価格改定 / 価格転嫁 / 値上 / 想定以上 / 上方修正 / 下方修正 / 想定以下 / 未達 / 大幅 / 計画を上 / 計画を下 / 計画以 / 需要回復 / 需要の回復 / 需要が増 / 需要が低 / 悪化 / グローバルニッチトップ / トップシェア / シェア拡大 / レアアース
20260513,1515,1515_1500_日鉄鉱_2026年3月期 決算短信〔日本基準〕(連結).pdf,,,,,,,,,,,4,,,,,,,,16,,,,,価格交渉 / 増産 / 価格改定 / 価格転嫁 / 値上 / 想定以上 / 上方修正 / 下方修正 / 想定以下 / 未達 / 大幅 / 計画を上 / 計画を下 / 計画以 / 需要回復 / 需要の回復 / 需要が増 / 需要が低 / 悪化 / グローバルニッチトップ / トップシェア / シェア拡大 / レアアース
20260513,1662,1662_1400_石油資源_2026年3月期 決算短信〔日本基準〕(連結).pdf,,,,,,,,,,,7,,,,,,,,5 7,,,,,価格交渉 / 増産 / 価格改定 / 価格転嫁 / 値上 / 想定以上 / 上方修正 / 下方修正 / 想定以下 / 未達 / 大幅 / 計画を上 / 計画を下 / 計画以 / 需要回復 / 需要の回復 / 需要が増 / 需要が低 / 悪化 / グローバルニッチトップ / トップシェア / シェア拡大 / レアアース
20260513,1762,1762_1600_高松G_2026年3月期 決算短信〔日本基準〕(連結).pdf,,,,,,,7,,,,,6,,,,,,,,,,,,価格交渉 / 増産 / 価格改定 / 価格転嫁 / 値上 / 想定以上 / 上方修正 / 下方修正 / 想定以下 / 未達 / 大幅 / 計画を上 / 計画を下 / 計画以 / 需要回復 / 需要の回復 / 需要が増 / 需要が低 / 悪化 / グローバルニッチトップ / トップシェア / シェア拡大 / レアアース
20260513,1762,1762_1600_高松G_2026年3月期 決算説明資料.pdf,,,,,,,6 36,,,,5 7 8 10 11 15 16 17 18 19 20 21,,,,,,,,,,,,,価格交渉 / 増産 / 価格改定 / 価格転嫁 / 値上 / 想定以上 / 上方修正 / 下方修正 / 想定以下 / 未達 / 大幅 / 計画を上 / 計画を下 / 計画以 / 需要回復 / 需要の回復 / 需要が増 / 需要が低 / 悪化 / グローバルニッチトップ / トップシェア / シェア拡大 / レアアース
20260513,1852,1852_1530_浅沼組_2026年3月期 決算補足資料.pdf,,,,,,,,,,3 5,5,,,,,,,,,,,,,価格交渉 / 増産 / 価格改定 / 価格転嫁 / 値上 / 想定以上 / 上方修正 / 下方修正 / 想定以下 / 未達 / 大幅 / 計画を上 / 計画を下 / 計画以 / 需要回復 / 需要の回復 / 需要が増 / 需要が低 / 悪化 / グローバルニッチトップ / トップシェア / シェア拡大 / レアアース
20260513,1867,1867_1400_植木組_2026年3月期 決算補足説明資料.pdf,,,,,,,,,,,3 4,4 5,,,,,,,,,,,,価格交渉 / 増産 / 価格改定 / 価格転嫁 / 値上 / 想定以上 / 上方修正 / 下方修正 / 想定以下 / 未達 / 大幅 / 計画を上 / 計画を下 / 計画以 / 需要回復 / 需要の回復 / 需要が増 / 需要が低 / 悪化 / グローバルニッチトップ / トップシェア / シェア拡大 / レアアース
20260513,1925,1925_1530_大和ハウス_2026年3月期 決算短信〔日本基準〕(連結).pdf,,,,,10,,,,,,,,,,,,,,6,,,,,価格交渉 / 増産 / 価格改定 / 価格転嫁 / 値上 / 想定以上 / 上方修正 / 下方修正 / 想定以下 / 未達 / 大幅 / 計画を上 / 計画を下 / 計画以 / 需要回復 / 需要の回復 / 需要が増 / 需要が低 / 悪化 / グローバルニッチトップ / トップシェア / シェア拡大 / レアアース
20260513,1951,1951_1500_エクシオグループ_中期経営計画(2026~2030)策定に関するお知らせ.pdf,,,,,,,,,,5 7,22,,,,,,,,,,,,,価格交渉 / 増産 / 価格改定 / 価格転嫁 / 値上 / 想定以上 / 上方修正 / 下方修正 / 想定以下 / 未達 / 大幅 / 計画を上 / 計画を下 / 計画以 / 需要回復 / 需要の回復 / 需要が増 / 需要が低 / 悪化 / グローバルニッチトップ / トップシェア / シェア拡大 / レアアース
20260513,1982,1982_1230_日比谷設_2026年3月期 通期決算説明資料.pdf,,,,,,,11,,,,2 5 7 11,,,,,,,,,,,,,価格交渉 / 増産 / 価格改定 / 価格転嫁 / 値上 / 想定以上 / 上方修正 / 下方修正 / 想定以下 / 未達 / 大幅 / 計画を上 / 計画を下 / 計画以 / 需要回復 / 需要の回復 / 需要が増 / 需要が低 / 悪化 / グローバルニッチトップ / トップシェア / シェア拡大 / レアアース
20260513,2124,2124_1530_JAC_2026年12月期第1四半期決算短信〔日本基準〕(連結).pdf,,,,,,,,,,,4,,,,,,,,4,,,,,価格交渉 / 増産 / 価格改定 / 価格転嫁 / 値上 / 想定以上 / 上方修正 / 下方修正 / 想定以下 / 未達 / 大幅 / 計画を上 / 計画を下 / 計画以 / 需要回復 / 需要の回復 / 需要が増 / 需要が低 / 悪化 / グローバルニッチトップ / トップシェア / シェア拡大 / レアアース
20260513,2138,2138_1530_クルーズ_新たな事業の開始に関するお知らせ.pdf,,,,,,,,,,,25,,,,,,,,11,,,,,価格交渉 / 増産 / 価格改定 / 価格転嫁 / 値上 / 想定以上 / 上方修正 / 下方修正 / 想定以下 / 未達 / 大幅 / 計画を上 / 計画を下 / 計画以 / 需要回復 / 需要の回復 / 需要が増 / 需要が低 / 悪化 / グローバルニッチトップ / トップシェア / シェア拡大 / レアアース
20260513,2180,2180_1645_サニーサイドアップ_株式会社アカツキによる当社との経営統合に向けた当社株券等に対する公開買付けに関する賛同の意見表明及び応募推奨のお知らせ.pdf,80 146,,,,,,,,,,30 52 75 107 121 122 142 174 178 189,,,,,,,,,,,,,価格交渉 / 増産 / 価格改定 / 価格転嫁 / 値上 / 想定以上 / 上方修正 / 下方修正 / 想定以下 / 未達 / 大幅 / 計画を上 / 計画を下 / 計画以 / 需要回復 / 需要の回復 / 需要が増 / 需要が低 / 悪化 / グローバルニッチトップ / トップシェア / シェア拡大 / レアアース
20260513,2185,2185_1500_シイエム・シイ_2026年9月期第2四半期(中間期)決算短信〔日本基準〕(連結).pdf,,,,,,,,,,,4,,,,,,,,4,,,,,価格交渉 / 増産 / 価格改定 / 価格転嫁 / 値上 / 想定以上 / 上方修正 / 下方修正 / 想定以下 / 未達 / 大幅 / 計画を上 / 計画を下 / 計画以 / 需要回復 / 需要の回復 / 需要が増 / 需要が低 / 悪化 / グローバルニッチトップ / トップシェア / シェア拡大 / レアアース
20260513,2266,2266_1530_六甲バター_2026年12月期 第1四半期決算短信〔日本基準〕(連結).pdf,,,4,,4,,,,,,,,,,,,,,,,,,,価格交渉 / 増産 / 価格改定 / 価格転嫁 / 値上 / 想定以上 / 上方修正 / 下方修正 / 想定以下 / 未達 / 大幅 / 計画を上 / 計画を下 / 計画以 / 需要回復 / 需要の回復 / 需要が増 / 需要が低 / 悪化 / グローバルニッチトップ / トップシェア / シェア拡大 / レアアース
20260513,2282,2282_1130_日ハム_中期経営計画2026進捗説明会.pdf,,,,,,,,,,21 22,,,,,,,,,,,,18,,価格交渉 / 増産 / 価格改定 / 価格転嫁 / 値上 / 想定以上 / 上方修正 / 下方修正 / 想定以下 / 未達 / 大幅 / 計画を上 / 計画を下 / 計画以 / 需要回復 / 需要の回復 / 需要が増 / 需要が低 / 悪化 / グローバルニッチトップ / トップシェア / シェア拡大 / レアアース
20260513,2317,2317_1600_システナ_2026年3月期 決算短信〔日本基準〕(連結).pdf,,,,7,,,,,,,4 5,,,,,,,,,,,,,価格交渉 / 増産 / 価格改定 / 価格転嫁 / 値上 / 想定以上 / 上方修正 / 下方修正 / 想定以下 / 未達 / 大幅 / 計画を上 / 計画を下 / 計画以 / 需要回復 / 需要の回復 / 需要が増 / 需要が低 / 悪化 / グローバルニッチトップ / トップシェア / シェア拡大 / レアアース
20260513,2331,2331_1915_ALSOK_TCG2511株式会社による日本ドライケミカル株式会社(証券コード_1909)の普通株式に対する公開買付けの開始に関するお知らせ.pdf,,,,,,,,,,,29 31 37,,,,,,,,,,,10,,価格交渉 / 増産 / 価格改定 / 価格転嫁 / 値上 / 想定以上 / 上方修正 / 下方修正 / 想定以下 / 未達 / 大幅 / 計画を上 / 計画を下 / 計画以 / 需要回復 / 需要の回復 / 需要が増 / 需要が低 / 悪化 / グローバルニッチトップ / トップシェア / シェア拡大 / レアアース
20260513,2331,2331_1915_ALSOK_中期経営計画「ALSOK STAGE 2028」策定に関するお知らせ.pdf,,,,,,,,,,,,,,,6,,,,5 10 12,,,,,価格交渉 / 増産 / 価格改定 / 価格転嫁 / 値上 / 想定以上 / 上方修正 / 下方修正 / 想定以下 / 未達 / 大幅 / 計画を上 / 計画を下 / 計画以 / 需要回復 / 需要の回復 / 需要が増 / 需要が低 / 悪化 / グローバルニッチトップ / トップシェア / シェア拡大 / レアアース
20260513,2342,2342_1545_トランスジェニックG_特別損失及び繰延税金資産の計上、通期連結業績予想と実績との差異並びに個別業績の前期実績との差異に関するお知らせ.pdf,2,,,2,,,,,,,,,,,,,,,,,,,,価格交渉 / 増産 / 価格改定 / 価格転嫁 / 値上 / 想定以上 / 上方修正 / 下方修正 / 想定以下 / 未達 / 大幅 / 計画を上 / 計画を下 / 計画以 / 需要回復 / 需要の回復 / 需要が増 / 需要が低 / 悪化 / グローバルニッチトップ / トップシェア / シェア拡大 / レアアース
20260513,2385,2385_1530_G-総医研_2026年6月期 第3四半期決算短信〔日本基準〕(連結).pdf,,,,,,,6,,,,5 12,,,,,,,,,,,,,価格交渉 / 増産 / 価格改定 / 価格転嫁 / 値上 / 想定以上 / 上方修正 / 下方修正 / 想定以下 / 未達 / 大幅 / 計画を上 / 計画を下 / 計画以 / 需要回復 / 需要の回復 / 需要が増 / 需要が低 / 悪化 / グローバルニッチトップ / トップシェア / シェア拡大 / レアアース
20260513,2429,2429_1530_ワールドHD_2026年12月期第1四半期決算短信〔日本基準〕(連結).pdf,,,,,,,,,,5,,4 5,,,,,,,,,,,,価格交渉 / 増産 / 価格改定 / 価格転嫁 / 値上 / 想定以上 / 上方修正 / 下方修正 / 想定以下 / 未達 / 大幅 / 計画を上 / 計画を下 / 計画以 / 需要回復 / 需要の回復 / 需要が増 / 需要が低 / 悪化 / グローバルニッチトップ / トップシェア / シェア拡大 / レアアース
20260513,2440,2440_1540_ぐるなび_2026年3月期 決算説明会資料.pdf,,,6,,,,,,,,,,,,,,,,14,,,,,価格交渉 / 増産 / 価格改定 / 価格転嫁 / 値上 / 想定以上 / 上方修正 / 下方修正 / 想定以下 / 未達 / 大幅 / 計画を上 / 計画を下 / 計画以 / 需要回復 / 需要の回復 / 需要が増 / 需要が低 / 悪化 / グローバルニッチトップ / トップシェア / シェア拡大 / レアアース
20260513,2440,2440_1540_ぐるなび_中期経営計画の策定に関するお知らせ.pdf,,,,,,,,,,,,44,,,,,,,6 10 11 49,,,,,価格交渉 / 増産 / 価格改定 / 価格転嫁 / 値上 / 想定以上 / 上方修正 / 下方修正 / 想定以下 / 未達 / 大幅 / 計画を上 / 計画を下 / 計画以 / 需要回復 / 需要の回復 / 需要が増 / 需要が低 / 悪化 / グローバルニッチトップ / トップシェア / シェア拡大 / レアアース
20260513,2587,2587_1400_サントリーBF_2026年12月期 第1四半期決算短信〔IFRS〕(連結).pdf,,,4 5,,,,,,,,2,,,,,,,,,,,,,価格交渉 / 増産 / 価格改定 / 価格転嫁 / 値上 / 想定以上 / 上方修正 / 下方修正 / 想定以下 / 未達 / 大幅 / 計画を上 / 計画を下 / 計画以 / 需要回復 / 需要の回復 / 需要が増 / 需要が低 / 悪化 / グローバルニッチトップ / トップシェア / シェア拡大 / レアアース
20260513,2820,2820_1530_やまみ_2026年6月期第3四半期累計期間業績概要.pdf,,,1,,2,,,,,,,,,,,,,,,,,,,価格交渉 / 増産 / 価格改定 / 価格転嫁 / 値上 / 想定以上 / 上方修正 / 下方修正 / 想定以下 / 未達 / 大幅 / 計画を上 / 計画を下 / 計画以 / 需要回復 / 需要の回復 / 需要が増 / 需要が低 / 悪化 / グローバルニッチトップ / トップシェア / シェア拡大 / レアアース
20260513,2831,2831_1530_はごろも_2026年3月期 決算短信〔日本基準〕(連結).pdf,,,4 5,,,,,,,,,,,,,,,,,,,6,,価格交渉 / 増産 / 価格改定 / 価格転嫁 / 値上 / 想定以上 / 上方修正 / 下方修正 / 想定以下 / 未達 / 大幅 / 計画を上 / 計画を下 / 計画以 / 需要回復 / 需要の回復 / 需要が増 / 需要が低 / 悪化 / グローバルニッチトップ / トップシェア / シェア拡大 / レアアース
20260513,297A,297A_1530_アルピコHD_2026年3月期 決算短信〔日本基準〕(連結).pdf,,,5 6,5,,,,,,,,,,,,,,,,,,,,価格交渉 / 増産 / 価格改定 / 価格転嫁 / 値上 / 想定以上 / 上方修正 / 下方修正 / 想定以下 / 未達 / 大幅 / 計画を上 / 計画を下 / 計画以 / 需要回復 / 需要の回復 / 需要が増 / 需要が低 / 悪化 / グローバルニッチトップ / トップシェア / シェア拡大 / レアアース
20260513,297A,297A_1530_アルピコHD_2026年3月期 決算補足説明資料.pdf,,,13,14,,,,,,,,,,,,,,,,,,,,価格交渉 / 増産 / 価格改定 / 価格転嫁 / 値上 / 想定以上 / 上方修正 / 下方修正 / 想定以下 / 未達 / 大幅 / 計画を上 / 計画を下 / 計画以 / 需要回復 / 需要の回復 / 需要が増 / 需要が低 / 悪化 / グローバルニッチトップ / トップシェア / シェア拡大 / レアアース
20260513,2993,2993_1531_長栄_2026年3月期 決算短信〔日本基準〕(非連結).pdf,,,,5,,,,,,,,,,,,,,,4,,,,,価格交渉 / 増産 / 価格改定 / 価格転嫁 / 値上 / 想定以上 / 上方修正 / 下方修正 / 想定以下 / 未達 / 大幅 / 計画を上 / 計画を下 / 計画以 / 需要回復 / 需要の回復 / 需要が増 / 需要が低 / 悪化 / グローバルニッチトップ / トップシェア / シェア拡大 / レアアース
20260513,3010,3010_1600_ポラリスHD_2026年3月期 決算短信〔日本基準〕(連結).pdf,,,,,,,,,,,4 6,,,,,4 5,,,,,,,,価格交渉 / 増産 / 価格改定 / 価格転嫁 / 値上 / 想定以上 / 上方修正 / 下方修正 / 想定以下 / 未達 / 大幅 / 計画を上 / 計画を下 / 計画以 / 需要回復 / 需要の回復 / 需要が増 / 需要が低 / 悪化 / グローバルニッチトップ / トップシェア / シェア拡大 / レアアース
20260513,3010,3010_1600_ポラリスHD_繰延税金資産の計上及び2026年3月期通期連結業績予想値と実績値との差異に関するお知らせ.pdf,,,,,,,2,,,,,,,,,,,,1,,,,,価格交渉 / 増産 / 価格改定 / 価格転嫁 / 値上 / 想定以上 / 上方修正 / 下方修正 / 想定以下 / 未達 / 大幅 / 計画を上 / 計画を下 / 計画以 / 需要回復 / 需要の回復 / 需要が増 / 需要が低 / 悪化 / グローバルニッチトップ / トップシェア / シェア拡大 / レアアース
20260513,3099,3099_1330_ミツコシイセタン_2026年3月期 決算短信〔日本基準〕(連結).pdf,,,5,,,,,,,,5 6,,,,,,,,,,,,,価格交渉 / 増産 / 価格改定 / 価格転嫁 / 値上 / 想定以上 / 上方修正 / 下方修正 / 想定以下 / 未達 / 大幅 / 計画を上 / 計画を下 / 計画以 / 需要回復 / 需要の回復 / 需要が増 / 需要が低 / 悪化 / グローバルニッチトップ / トップシェア / シェア拡大 / レアアース
20260513,3099,3099_1330_ミツコシイセタン_2026年3月期 決算説明会資料.pdf,,,,,,,9,,,,4 26 29,,,,,,,,,,,,,価格交渉 / 増産 / 価格改定 / 価格転嫁 / 値上 / 想定以上 / 上方修正 / 下方修正 / 想定以下 / 未達 / 大幅 / 計画を上 / 計画を下 / 計画以 / 需要回復 / 需要の回復 / 需要が増 / 需要が低 / 悪化 / グローバルニッチトップ / トップシェア / シェア拡大 / レアアース
20260513,3107,3107_1530_ダイワボHD_2026年3月期決算短信〔日本基準〕(連結).pdf,,,,,,,,,,,4,,,,4,,,,,,,,,価格交渉 / 増産 / 価格改定 / 価格転嫁 / 値上 / 想定以上 / 上方修正 / 下方修正 / 想定以下 / 未達 / 大幅 / 計画を上 / 計画を下 / 計画以 / 需要回復 / 需要の回復 / 需要が増 / 需要が低 / 悪化 / グローバルニッチトップ / トップシェア / シェア拡大 / レアアース
20260513,3131,3131_1500_シンデンハイテク_2026年3月期 決算説明資料.pdf,,,,,,9,,,,,,,,,,,,,7,,,,,価格交渉 / 増産 / 価格改定 / 価格転嫁 / 値上 / 想定以上 / 上方修正 / 下方修正 / 想定以下 / 未達 / 大幅 / 計画を上 / 計画を下 / 計画以 / 需要回復 / 需要の回復 / 需要が増 / 需要が低 / 悪化 / グローバルニッチトップ / トップシェア / シェア拡大 / レアアース
20260513,3205,3205_1700_ダイドー_2026年3月期 決算短信補足資料.pdf,,,,,,,,,,,18,,,,,,,,19,,,,,価格交渉 / 増産 / 価格改定 / 価格転嫁 / 値上 / 想定以上 / 上方修正 / 下方修正 / 想定以下 / 未達 / 大幅 / 計画を上 / 計画を下 / 計画以 / 需要回復 / 需要の回復 / 需要が増 / 需要が低 / 悪化 / グローバルニッチトップ / トップシェア / シェア拡大 / レアアース
20260513,3232,3232_1640_三重交通GHD_2026年3月期 決算補足説明資料.pdf,,,,,,,16,,,,,,,,,,,,3,,,,,価格交渉 / 増産 / 価格改定 / 価格転嫁 / 値上 / 想定以上 / 上方修正 / 下方修正 / 想定以下 / 未達 / 大幅 / 計画を上 / 計画を下 / 計画以 / 需要回復 / 需要の回復 / 需要が増 / 需要が低 / 悪化 / グローバルニッチトップ / トップシェア / シェア拡大 / レアアース
20260513,332A,332A_1530_G-ミーク_2026年3月期 第4四半期決算説明資料.pdf,,,,,,,,,,,30 33,,,,,,,,,,,29,,価格交渉 / 増産 / 価格改定 / 価格転嫁 / 値上 / 想定以上 / 上方修正 / 下方修正 / 想定以下 / 未達 / 大幅 / 計画を上 / 計画を下 / 計画以 / 需要回復 / 需要の回復 / 需要が増 / 需要が低 / 悪化 / グローバルニッチトップ / トップシェア / シェア拡大 / レアアース
20260513,3422,3422_1600_J-MAX_2026年3月期 決算短信〔日本基準〕(連結).pdf,,5,,,,,,,,,5,,,,,,,,,,,,,価格交渉 / 増産 / 価格改定 / 価格転嫁 / 値上 / 想定以上 / 上方修正 / 下方修正 / 想定以下 / 未達 / 大幅 / 計画を上 / 計画を下 / 計画以 / 需要回復 / 需要の回復 / 需要が増 / 需要が低 / 悪化 / グローバルニッチトップ / トップシェア / シェア拡大 / レアアース
20260513,3422,3422_1600_J-MAX_2026年3月期 決算補足資料.pdf,,4 7,,,,,,,,,7,,,,,,,,,,,,,価格交渉 / 増産 / 価格改定 / 価格転嫁 / 値上 / 想定以上 / 上方修正 / 下方修正 / 想定以下 / 未達 / 大幅 / 計画を上 / 計画を下 / 計画以 / 需要回復 / 需要の回復 / 需要が増 / 需要が低 / 悪化 / グローバルニッチトップ / トップシェア / シェア拡大 / レアアース
20260513,3431,3431_1500_宮地エンジ_2026年3月期決算短信〔日本基準〕(連結).pdf,,,,,,,,,,,4 6,,,,,,,,6,,,,,価格交渉 / 増産 / 価格改定 / 価格転嫁 / 値上 / 想定以上 / 上方修正 / 下方修正 / 想定以下 / 未達 / 大幅 / 計画を上 / 計画を下 / 計画以 / 需要回復 / 需要の回復 / 需要が増 / 需要が低 / 悪化 / グローバルニッチトップ / トップシェア / シェア拡大 / レアアース
20260513,3529,3529_1430_アツギ_2026年3月期 決算短信〔日本基準〕(連結).pdf,,,,,,,,,,5,,,,,,,,,4,,,,,価格交渉 / 増産 / 価格改定 / 価格転嫁 / 値上 / 想定以上 / 上方修正 / 下方修正 / 想定以下 / 未達 / 大幅 / 計画を上 / 計画を下 / 計画以 / 需要回復 / 需要の回復 / 需要が増 / 需要が低 / 悪化 / グローバルニッチトップ / トップシェア / シェア拡大 / レアアース
20260513,3556,3556_0800_G-リネットジャパン_2026年9月期 第2四半期(中間期)決算短信〔日本基準〕(連結).pdf,,,,,,,5,,,,4,,,,,,,,,,,,,価格交渉 / 増産 / 価格改定 / 価格転嫁 / 値上 / 想定以上 / 上方修正 / 下方修正 / 想定以下 / 未達 / 大幅 / 計画を上 / 計画を下 / 計画以 / 需要回復 / 需要の回復 / 需要が増 / 需要が低 / 悪化 / グローバルニッチトップ / トップシェア / シェア拡大 / レアアース
20260513,3556,3556_0800_G-リネットジャパン_2026年9月期 第2四半期決算補足資料.pdf,,,,,,,4 5 7,,,,10,,,,,,,,,,,,,価格交渉 / 増産 / 価格改定 / 価格転嫁 / 値上 / 想定以上 / 上方修正 / 下方修正 / 想定以下 / 未達 / 大幅 / 計画を上 / 計画を下 / 計画以 / 需要回復 / 需要の回復 / 需要が増 / 需要が低 / 悪化 / グローバルニッチトップ / トップシェア / シェア拡大 / レアアース
20260513,3676,3676_1600_デジハHD_2026年3月期 決算短信〔日本基準〕(連結).pdf,,,,,4 5,,,,,,5,,,,,,,,,,,,,価格交渉 / 増産 / 価格改定 / 価格転嫁 / 値上 / 想定以上 / 上方修正 / 下方修正 / 想定以下 / 未達 / 大幅 / 計画を上 / 計画を下 / 計画以 / 需要回復 / 需要の回復 / 需要が増 / 需要が低 / 悪化 / グローバルニッチトップ / トップシェア / シェア拡大 / レアアース
20260513,3682,3682_1200_エンカレッジ_2026年3月期 決算短信[日本基準](非連結).pdf,,,,,,,,,,4 7,4,,,,,,,,,,,,,価格交渉 / 増産 / 価格改定 / 価格転嫁 / 値上 / 想定以上 / 上方修正 / 下方修正 / 想定以下 / 未達 / 大幅 / 計画を上 / 計画を下 / 計画以 / 需要回復 / 需要の回復 / 需要が増 / 需要が低 / 悪化 / グローバルニッチトップ / トップシェア / シェア拡大 / レアアース
20260513,3682,3682_1200_エンカレッジ_2026年3月期 決算説明補足資料.pdf,,,,,,,,,,4 5,5,,,,,,,,,,,,,価格交渉 / 増産 / 価格改定 / 価格転嫁 / 値上 / 想定以上 / 上方修正 / 下方修正 / 想定以下 / 未達 / 大幅 / 計画を上 / 計画を下 / 計画以 / 需要回復 / 需要の回復 / 需要が増 / 需要が低 / 悪化 / グローバルニッチトップ / トップシェア / シェア拡大 / レアアース
20260513,3768,3768_1630_リスクモンスター_2026年3月期 決算短信〔日本基準〕(連結).pdf,,,,,,,,,,,,,,,,4,,,8,,,,,価格交渉 / 増産 / 価格改定 / 価格転嫁 / 値上 / 想定以上 / 上方修正 / 下方修正 / 想定以下 / 未達 / 大幅 / 計画を上 / 計画を下 / 計画以 / 需要回復 / 需要の回復 / 需要が増 / 需要が低 / 悪化 / グローバルニッチトップ / トップシェア / シェア拡大 / レアアース
20260513,3798,3798_1530_ULSグループ_2026年3月期 決算短信〔日本基準〕(連結).pdf,,,,,,8,,,,,5 8,,,,,,,,,,,,,価格交渉 / 増産 / 価格改定 / 価格転嫁 / 値上 / 想定以上 / 上方修正 / 下方修正 / 想定以下 / 未達 / 大幅 / 計画を上 / 計画を下 / 計画以 / 需要回復 / 需要の回復 / 需要が増 / 需要が低 / 悪化 / グローバルニッチトップ / トップシェア / シェア拡大 / レアアース
20260513,3848,3848_1600_データアプリ_2026年3月期 決算短信〔日本基準〕(連結).pdf,,,,,,,,,,,,,,,,5,,,5,,,,,価格交渉 / 増産 / 価格改定 / 価格転嫁 / 値上 / 想定以上 / 上方修正 / 下方修正 / 想定以下 / 未達 / 大幅 / 計画を上 / 計画を下 / 計画以 / 需要回復 / 需要の回復 / 需要が増 / 需要が低 / 悪化 / グローバルニッチトップ / トップシェア / シェア拡大 / レアアース
20260513,3861,3861_1600_王子HD_2026年3月期通期連結業績見通し及び2027年3月期通期連結業績予想並びに配当予想に関するお知らせ.pdf,,,,2,,,,,,,,,,,,,,,2,,,,,価格交渉 / 増産 / 価格改定 / 価格転嫁 / 値上 / 想定以上 / 上方修正 / 下方修正 / 想定以下 / 未達 / 大幅 / 計画を上 / 計画を下 / 計画以 / 需要回復 / 需要の回復 / 需要が増 / 需要が低 / 悪化 / グローバルニッチトップ / トップシェア / シェア拡大 / レアアース
20260513,3932,3932_1645_アカツキ_株式会社サニーサイドアップグループ(証券コード_2180)との経営統合に向けた同社株券等に対する公開買付けの開始及び株式交換に向けた基本合意書の締結.pdf,60,,,,,,,,,,21 35 36 56 88 92 103,,,,,,,,,,,,,価格交渉 / 増産 / 価格改定 / 価格転嫁 / 値上 / 想定以上 / 上方修正 / 下方修正 / 想定以下 / 未達 / 大幅 / 計画を上 / 計画を下 / 計画以 / 需要回復 / 需要の回復 / 需要が増 / 需要が低 / 悪化 / グローバルニッチトップ / トップシェア / シェア拡大 / レアアース
20260513,3939,3939_1700_カナミックN_2026年9月期(第26期)第2四半期決算および会社説明資料.pdf,,,,,,,9,,,,2 13 24 25 29,,,,,,,,,,,,,価格交渉 / 増産 / 価格改定 / 価格転嫁 / 値上 / 想定以上 / 上方修正 / 下方修正 / 想定以下 / 未達 / 大幅 / 計画を上 / 計画を下 / 計画以 / 需要回復 / 需要の回復 / 需要が増 / 需要が低 / 悪化 / グローバルニッチトップ / トップシェア / シェア拡大 / レアアース
20260513,3954,3954_1500_PAXXS_2026年3月期 決算短信〔日本基準〕(連結).pdf,,,,,4,,,,,,4 5,,,,,,,,,,,,,価格交渉 / 増産 / 価格改定 / 価格転嫁 / 値上 / 想定以上 / 上方修正 / 下方修正 / 想定以下 / 未達 / 大幅 / 計画を上 / 計画を下 / 計画以 / 需要回復 / 需要の回復 / 需要が増 / 需要が低 / 悪化 / グローバルニッチトップ / トップシェア / シェア拡大 / レアアース
20260513,3968,3968_1130_セグエ_2026年12月期第1四半期決算補足説明資料.pdf,,,,,,,25,,,,4 5 7 10 12 15,,,,,,,,,,,,,価格交渉 / 増産 / 価格改定 / 価格転嫁 / 値上 / 想定以上 / 上方修正 / 下方修正 / 想定以下 / 未達 / 大幅 / 計画を上 / 計画を下 / 計画以 / 需要回復 / 需要の回復 / 需要が増 / 需要が低 / 悪化 / グローバルニッチトップ / トップシェア / シェア拡大 / レアアース
20260513,3979,3979_1200_G-うるる_2026年3月期 決算説明資料.pdf,,,,,,,,,,,9 11 18 52 58,,,,,,,,,,,18,,価格交渉 / 増産 / 価格改定 / 価格転嫁 / 値上 / 想定以上 / 上方修正 / 下方修正 / 想定以下 / 未達 / 大幅 / 計画を上 / 計画を下 / 計画以 / 需要回復 / 需要の回復 / 需要が増 / 需要が低 / 悪化 / グローバルニッチトップ / トップシェア / シェア拡大 / レアアース
20260513,4071,4071_1530_プラスアルファ_2026年9月期 第2四半期(中間期)決算短信〔日本基準〕(連結).pdf,,,,,5,,,,,,,,,,,,,,,,5,,,価格交渉 / 増産 / 価格改定 / 価格転嫁 / 値上 / 想定以上 / 上方修正 / 下方修正 / 想定以下 / 未達 / 大幅 / 計画を上 / 計画を下 / 計画以 / 需要回復 / 需要の回復 / 需要が増 / 需要が低 / 悪化 / グローバルニッチトップ / トップシェア / シェア拡大 / レアアース
20260513,4071,4071_1530_プラスアルファ_2026年9月期 第2四半期決算について想定されるご質問に対する回答.pdf,,,,,3 4 5,,,,,,2 3,,,,,,,,,,,,,価格交渉 / 増産 / 価格改定 / 価格転嫁 / 値上 / 想定以上 / 上方修正 / 下方修正 / 想定以下 / 未達 / 大幅 / 計画を上 / 計画を下 / 計画以 / 需要回復 / 需要の回復 / 需要が増 / 需要が低 / 悪化 / グローバルニッチトップ / トップシェア / シェア拡大 / レアアース
20260513,4071,4071_1530_プラスアルファ_2026年9月期 第2四半期決算説明資料.pdf,,,,,,,,,,,3 15 31 40,,,,,,,,,,47,,,価格交渉 / 増産 / 価格改定 / 価格転嫁 / 値上 / 想定以上 / 上方修正 / 下方修正 / 想定以下 / 未達 / 大幅 / 計画を上 / 計画を下 / 計画以 / 需要回復 / 需要の回復 / 需要が増 / 需要が低 / 悪化 / グローバルニッチトップ / トップシェア / シェア拡大 / レアアース
20260513,4078,4078_1500_堺化学_個別業績の前期実績との差異に関するお知らせ.pdf,,,,,,,,,,,1,,,,,,,,1,,,,,価格交渉 / 増産 / 価格改定 / 価格転嫁 / 値上 / 想定以上 / 上方修正 / 下方修正 / 想定以下 / 未達 / 大幅 / 計画を上 / 計画を下 / 計画以 / 需要回復 / 需要の回復 / 需要が増 / 需要が低 / 悪化 / グローバルニッチトップ / トップシェア / シェア拡大 / レアアース
20260513,4188,4188_1330_三菱ケミカルグループ_2026年3月期決算短信〔IFRS〕(連結).pdf,,,,,,,,,,,,,,,,,4,,4 5,,,,,価格交渉 / 増産 / 価格改定 / 価格転嫁 / 値上 / 想定以上 / 上方修正 / 下方修正 / 想定以下 / 未達 / 大幅 / 計画を上 / 計画を下 / 計画以 / 需要回復 / 需要の回復 / 需要が増 / 需要が低 / 悪化 / グローバルニッチトップ / トップシェア / シェア拡大 / レアアース
20260513,4208,4208_1530_UBE_2026年3月期 決算短信〔日本基準〕(連結).pdf,,,,,,,,,,9,,,,,,,,5,,,,,,価格交渉 / 増産 / 価格改定 / 価格転嫁 / 値上 / 想定以上 / 上方修正 / 下方修正 / 想定以下 / 未達 / 大幅 / 計画を上 / 計画を下 / 計画以 / 需要回復 / 需要の回復 / 需要が増 / 需要が低 / 悪化 / グローバルニッチトップ / トップシェア / シェア拡大 / レアアース
20260513,4212,4212_1600_積水樹脂_2026年3月期 決算短信〔日本基準〕(連結).pdf,,,,,,,,,,,4 5,,,,,,5,,,,,,,価格交渉 / 増産 / 価格改定 / 価格転嫁 / 値上 / 想定以上 / 上方修正 / 下方修正 / 想定以下 / 未達 / 大幅 / 計画を上 / 計画を下 / 計画以 / 需要回復 / 需要の回復 / 需要が増 / 需要が低 / 悪化 / グローバルニッチトップ / トップシェア / シェア拡大 / レアアース
20260513,421A,421A_1800_G-ムービン_2026年12月期第2四半期(中間期)連結業績予想及び通期連結業績予想の修正に関するお知らせ.pdf,,,,,,2,,,,,,,,2,,,,,,,,,,価格交渉 / 増産 / 価格改定 / 価格転嫁 / 値上 / 想定以上 / 上方修正 / 下方修正 / 想定以下 / 未達 / 大幅 / 計画を上 / 計画を下 / 計画以 / 需要回復 / 需要の回復 / 需要が増 / 需要が低 / 悪化 / グローバルニッチトップ / トップシェア / シェア拡大 / レアアース
20260513,4241,4241_1630_アテクト_2026年3月期決算短信〔日本基準〕(連結).pdf,,,,,4,,,,,,,,,,,4,,,,,,,,価格交渉 / 増産 / 価格改定 / 価格転嫁 / 値上 / 想定以上 / 上方修正 / 下方修正 / 想定以下 / 未達 / 大幅 / 計画を上 / 計画を下 / 計画以 / 需要回復 / 需要の回復 / 需要が増 / 需要が低 / 悪化 / グローバルニッチトップ / トップシェア / シェア拡大 / レアアース
20260513,4241,4241_1630_アテクト_2026年3月期連結決算説明資料.pdf,,,,,,,,,,,4,,,,,,,,4 6,,,,,価格交渉 / 増産 / 価格改定 / 価格転嫁 / 値上 / 想定以上 / 上方修正 / 下方修正 / 想定以下 / 未達 / 大幅 / 計画を上 / 計画を下 / 計画以 / 需要回復 / 需要の回復 / 需要が増 / 需要が低 / 悪化 / グローバルニッチトップ / トップシェア / シェア拡大 / レアアース
20260513,4290,4290_1600_PI_2026年3月期決算短信〔日本基準〕(連結).pdf,,,,4,,,,,,,6,,,,,,,,,,,,,価格交渉 / 増産 / 価格改定 / 価格転嫁 / 値上 / 想定以上 / 上方修正 / 下方修正 / 想定以下 / 未達 / 大幅 / 計画を上 / 計画を下 / 計画以 / 需要回復 / 需要の回復 / 需要が増 / 需要が低 / 悪化 / グローバルニッチトップ / トップシェア / シェア拡大 / レアアース
20260513,4316,4316_1530_G-ビーマップ_業績予想の修正に関するお知らせ.pdf,,,,,,,,,,1,,,,,,,,,1,,,,,価格交渉 / 増産 / 価格改定 / 価格転嫁 / 値上 / 想定以上 / 上方修正 / 下方修正 / 想定以下 / 未達 / 大幅 / 計画を上 / 計画を下 / 計画以 / 需要回復 / 需要の回復 / 需要が増 / 需要が低 / 悪化 / グローバルニッチトップ / トップシェア / シェア拡大 / レアアース
20260513,4398,4398_1530_BBSec_2026年6月期 第3四半期決算説明資料.pdf,,,,,,,,,,,4 5 7 16 18,,,,,,,,,,31 33,,,価格交渉 / 増産 / 価格改定 / 価格転嫁 / 値上 / 想定以上 / 上方修正 / 下方修正 / 想定以下 / 未達 / 大幅 / 計画を上 / 計画を下 / 計画以 / 需要回復 / 需要の回復 / 需要が増 / 需要が低 / 悪化 / グローバルニッチトップ / トップシェア / シェア拡大 / レアアース
20260513,4471,4471_1500_三洋化成_2026年3月期 決算短信[連結・日本基準].pdf,,,,3 6,,,,,,,6,,,,,,,,,,,,,価格交渉 / 増産 / 価格改定 / 価格転嫁 / 値上 / 想定以上 / 上方修正 / 下方修正 / 想定以下 / 未達 / 大幅 / 計画を上 / 計画を下 / 計画以 / 需要回復 / 需要の回復 / 需要が増 / 需要が低 / 悪化 / グローバルニッチトップ / トップシェア / シェア拡大 / レアアース
20260513,4506,4506_1300_住友ファーマ_2025年度(2026年3月期)決算説明会資料.pdf,,,,,,,,,,,,,,,,,,,8 16,,,15,,価格交渉 / 増産 / 価格改定 / 価格転嫁 / 値上 / 想定以上 / 上方修正 / 下方修正 / 想定以下 / 未達 / 大幅 / 計画を上 / 計画を下 / 計画以 / 需要回復 / 需要の回復 / 需要が増 / 需要が低 / 悪化 / グローバルニッチトップ / トップシェア / シェア拡大 / レアアース
20260513,4526,4526_1600_理研ビタミン_2026年3月期 決算短信〔日本基準〕(連結).pdf,,,5,,,17,,,,,,,,,,,,,,,,,,価格交渉 / 増産 / 価格改定 / 価格転嫁 / 値上 / 想定以上 / 上方修正 / 下方修正 / 想定以下 / 未達 / 大幅 / 計画を上 / 計画を下 / 計画以 / 需要回復 / 需要の回復 / 需要が増 / 需要が低 / 悪化 / グローバルニッチトップ / トップシェア / シェア拡大 / レアアース
20260513,4527,4527_1530_ロート薬_株主提案に対する当社取締役会の意見について.pdf,,,,,,,,,,9,9,,,,,,,,,,,,,価格交渉 / 増産 / 価格改定 / 価格転嫁 / 値上 / 想定以上 / 上方修正 / 下方修正 / 想定以下 / 未達 / 大幅 / 計画を上 / 計画を下 / 計画以 / 需要回復 / 需要の回復 / 需要が増 / 需要が低 / 悪化 / グローバルニッチトップ / トップシェア / シェア拡大 / レアアース
20260513,4552,4552_1530_JCRファーマ_2026年3月期 決算説明会 プレゼンテーション資料.pdf,,,,,,,,,,,14,15,,,,,,,,,,,,価格交渉 / 増産 / 価格改定 / 価格転嫁 / 値上 / 想定以上 / 上方修正 / 下方修正 / 想定以下 / 未達 / 大幅 / 計画を上 / 計画を下 / 計画以 / 需要回復 / 需要の回復 / 需要が増 / 需要が低 / 悪化 / グローバルニッチトップ / トップシェア / シェア拡大 / レアアース
20260513,4680,4680_1130_ラウンドワン_2026年3月期決算 現況と今後の展望(決算説明会資料).pdf,,,12,,6 12,,,,,,,,,,,,,,,,,,,価格交渉 / 増産 / 価格改定 / 価格転嫁 / 値上 / 想定以上 / 上方修正 / 下方修正 / 想定以下 / 未達 / 大幅 / 計画を上 / 計画を下 / 計画以 / 需要回復 / 需要の回復 / 需要が増 / 需要が低 / 悪化 / グローバルニッチトップ / トップシェア / シェア拡大 / レアアース
20260513,4694,4694_1400_BML_2026年3月期決算短信〔日本基準〕(連結).pdf,,,,,,,,,,,8,,,,,,,,,,,8,,価格交渉 / 増産 / 価格改定 / 価格転嫁 / 値上 / 想定以上 / 上方修正 / 下方修正 / 想定以下 / 未達 / 大幅 / 計画を上 / 計画を下 / 計画以 / 需要回復 / 需要の回復 / 需要が増 / 需要が低 / 悪化 / グローバルニッチトップ / トップシェア / シェア拡大 / レアアース
20260513,4751,4751_1600_サイバーエージェント_2026年9月期 第2四半期決算説明会資料.pdf,,,,,,,,,,,5 7 28,,,,,,,,,,,24,,価格交渉 / 増産 / 価格改定 / 価格転嫁 / 値上 / 想定以上 / 上方修正 / 下方修正 / 想定以下 / 未達 / 大幅 / 計画を上 / 計画を下 / 計画以 / 需要回復 / 需要の回復 / 需要が増 / 需要が低 / 悪化 / グローバルニッチトップ / トップシェア / シェア拡大 / レアアース
20260513,4889,4889_1530_G-レナサイエンス_2026年3月期決算短信〔日本基準〕(非連結).pdf,,,,,,,,,,,23,,,,,,,,15 24,,,,,価格交渉 / 増産 / 価格改定 / 価格転嫁 / 値上 / 想定以上 / 上方修正 / 下方修正 / 想定以下 / 未達 / 大幅 / 計画を上 / 計画を下 / 計画以 / 需要回復 / 需要の回復 / 需要が増 / 需要が低 / 悪化 / グローバルニッチトップ / トップシェア / シェア拡大 / レアアース
20260513,4985,4985_1530_アース製薬_2026年12月期 第1四半期決算説明資料.pdf,,,,,,,,,,,,,,,,,,,4,,,19,,価格交渉 / 増産 / 価格改定 / 価格転嫁 / 値上 / 想定以上 / 上方修正 / 下方修正 / 想定以下 / 未達 / 大幅 / 計画を上 / 計画を下 / 計画以 / 需要回復 / 需要の回復 / 需要が増 / 需要が低 / 悪化 / グローバルニッチトップ / トップシェア / シェア拡大 / レアアース
20260513,5071,5071_1531_ヴィス_2026年3月期 決算説明資料.pdf,,,,,,,,,,25,3 8 14 17,,,,,,,,,,,,,価格交渉 / 増産 / 価格改定 / 価格転嫁 / 値上 / 想定以上 / 上方修正 / 下方修正 / 想定以下 / 未達 / 大幅 / 計画を上 / 計画を下 / 計画以 / 需要回復 / 需要の回復 / 需要が増 / 需要が低 / 悪化 / グローバルニッチトップ / トップシェア / シェア拡大 / レアアース
20260513,5076,5076_1030_インフロニアHD_2026年3月期アナリスト向け決算説明会資料 プレゼンテーション資料.pdf,,,,11,,,,,,,9,,,,,,,,,,,,,価格交渉 / 増産 / 価格改定 / 価格転嫁 / 値上 / 想定以上 / 上方修正 / 下方修正 / 想定以下 / 未達 / 大幅 / 計画を上 / 計画を下 / 計画以 / 需要回復 / 需要の回復 / 需要が増 / 需要が低 / 悪化 / グローバルニッチトップ / トップシェア / シェア拡大 / レアアース
20260513,5232,5232_1430_住友大阪_2026年3月期 決算短信〔日本基準〕(連結).pdf,,,4,,4,,,,,,,,,,,,,,,,,,,価格交渉 / 増産 / 価格改定 / 価格転嫁 / 値上 / 想定以上 / 上方修正 / 下方修正 / 想定以下 / 未達 / 大幅 / 計画を上 / 計画を下 / 計画以 / 需要回復 / 需要の回復 / 需要が増 / 需要が低 / 悪化 / グローバルニッチトップ / トップシェア / シェア拡大 / レアアース
20260513,5288,5288_1530_アジアパイルHD_2026年3月期 決算短信〔日本基準〕(連結).pdf,,6,,,,,,,,,,,,,,,,,6,,,,,価格交渉 / 増産 / 価格改定 / 価格転嫁 / 値上 / 想定以上 / 上方修正 / 下方修正 / 想定以下 / 未達 / 大幅 / 計画を上 / 計画を下 / 計画以 / 需要回復 / 需要の回復 / 需要が増 / 需要が低 / 悪化 / グローバルニッチトップ / トップシェア / シェア拡大 / レアアース
20260513,5342,5342_1620_ジャニス工_2026年3月期決算短信〔日本基準〕(連結).pdf,,,4 5,,,,,,,,4,,,,,,,,,,,,,価格交渉 / 増産 / 価格改定 / 価格転嫁 / 値上 / 想定以上 / 上方修正 / 下方修正 / 想定以下 / 未達 / 大幅 / 計画を上 / 計画を下 / 計画以 / 需要回復 / 需要の回復 / 需要が増 / 需要が低 / 悪化 / グローバルニッチトップ / トップシェア / シェア拡大 / レアアース
20260513,5342,5342_1620_ジャニス工_株主提案に対する当社取締役会意見に関するお知らせ.pdf,,,,,,,,,,,3,,,,,,,,3,,,,,価格交渉 / 増産 / 価格改定 / 価格転嫁 / 値上 / 想定以上 / 上方修正 / 下方修正 / 想定以下 / 未達 / 大幅 / 計画を上 / 計画を下 / 計画以 / 需要回復 / 需要の回復 / 需要が増 / 需要が低 / 悪化 / グローバルニッチトップ / トップシェア / シェア拡大 / レアアース
20260513,5570,5570_1500_G-ジェノバ_2026年9月期第2四半期 決算説明資料.pdf,,,,,14,,,,,,25,,,,,,,,,,,,,価格交渉 / 増産 / 価格改定 / 価格転嫁 / 値上 / 想定以上 / 上方修正 / 下方修正 / 想定以下 / 未達 / 大幅 / 計画を上 / 計画を下 / 計画以 / 需要回復 / 需要の回復 / 需要が増 / 需要が低 / 悪化 / グローバルニッチトップ / トップシェア / シェア拡大 / レアアース
20260513,567A,567A_0800_P-ディープラス_東京証券取引所 TOKYO PRO Market上場に伴う当社決算情報等のお知らせ.pdf,,,,6,,,,,,,6,,,,,,,,,,,,,価格交渉 / 増産 / 価格改定 / 価格転嫁 / 値上 / 想定以上 / 上方修正 / 下方修正 / 想定以下 / 未達 / 大幅 / 計画を上 / 計画を下 / 計画以 / 需要回復 / 需要の回復 / 需要が増 / 需要が低 / 悪化 / グローバルニッチトップ / トップシェア / シェア拡大 / レアアース
20260513,5911,5911_1530_横河ブHD_2026年3月期 決算短信〔日本基準〕(連結).pdf,,,,,,,,,,,6,,,,,,,,,,6,,,価格交渉 / 増産 / 価格改定 / 価格転嫁 / 値上 / 想定以上 / 上方修正 / 下方修正 / 想定以下 / 未達 / 大幅 / 計画を上 / 計画を下 / 計画以 / 需要回復 / 需要の回復 / 需要が増 / 需要が低 / 悪化 / グローバルニッチトップ / トップシェア / シェア拡大 / レアアース
20260513,5915,5915_1530_駒井ハルテック_2026年3月期 決算短信[日本基準](連結).pdf,,,,,,,,,,,,,,,,6,,,4,,,,,価格交渉 / 増産 / 価格改定 / 価格転嫁 / 値上 / 想定以上 / 上方修正 / 下方修正 / 想定以下 / 未達 / 大幅 / 計画を上 / 計画を下 / 計画以 / 需要回復 / 需要の回復 / 需要が増 / 需要が低 / 悪化 / グローバルニッチトップ / トップシェア / シェア拡大 / レアアース
20260513,6030,6030_1530_G-アドベンチャー_当社連結子会社における業績予想の修正に関するお知らせ.pdf,,,,,,,,,,,,,,,,3,,,2,,,,,価格交渉 / 増産 / 価格改定 / 価格転嫁 / 値上 / 想定以上 / 上方修正 / 下方修正 / 想定以下 / 未達 / 大幅 / 計画を上 / 計画を下 / 計画以 / 需要回復 / 需要の回復 / 需要が増 / 需要が低 / 悪化 / グローバルニッチトップ / トップシェア / シェア拡大 / レアアース
20260513,6090,6090_1530_HMT_2026年6月期第3四半期 決算補足説明資料.pdf,,,,,,,,,,,2 3 4,3,,,,,,,,,,,,価格交渉 / 増産 / 価格改定 / 価格転嫁 / 値上 / 想定以上 / 上方修正 / 下方修正 / 想定以下 / 未達 / 大幅 / 計画を上 / 計画を下 / 計画以 / 需要回復 / 需要の回復 / 需要が増 / 需要が低 / 悪化 / グローバルニッチトップ / トップシェア / シェア拡大 / レアアース
20260513,6165,6165_1600_パンチ_中期経営計画「バリュークリエーション28」策定に関するお知らせ.pdf,,,,,16,,,,,10,,,,,,,,,,,,,,価格交渉 / 増産 / 価格改定 / 価格転嫁 / 値上 / 想定以上 / 上方修正 / 下方修正 / 想定以下 / 未達 / 大幅 / 計画を上 / 計画を下 / 計画以 / 需要回復 / 需要の回復 / 需要が増 / 需要が低 / 悪化 / グローバルニッチトップ / トップシェア / シェア拡大 / レアアース
20260513,6181,6181_1530_G-タメニー_2026年3月期 決算説明資料.pdf,,,,,13 15,,,,,,6 22,,,,,,,,,,,,,価格交渉 / 増産 / 価格改定 / 価格転嫁 / 値上 / 想定以上 / 上方修正 / 下方修正 / 想定以下 / 未達 / 大幅 / 計画を上 / 計画を下 / 計画以 / 需要回復 / 需要の回復 / 需要が増 / 需要が低 / 悪化 / グローバルニッチトップ / トップシェア / シェア拡大 / レアアース
20260513,6197,6197_1530_ソラスト_2025年度 決算短信〔日本基準〕(連結).pdf,,,4,,,,,,,,4,,,,,,,,,,,,,価格交渉 / 増産 / 価格改定 / 価格転嫁 / 値上 / 想定以上 / 上方修正 / 下方修正 / 想定以下 / 未達 / 大幅 / 計画を上 / 計画を下 / 計画以 / 需要回復 / 需要の回復 / 需要が増 / 需要が低 / 悪化 / グローバルニッチトップ / トップシェア / シェア拡大 / レアアース
20260513,6235,6235_1530_オプトラン_2026年12月期第1四半期決算説明資料.pdf,,,,,,5 8,,,,,,,,,,,8,,,,,,,価格交渉 / 増産 / 価格改定 / 価格転嫁 / 値上 / 想定以上 / 上方修正 / 下方修正 / 想定以下 / 未達 / 大幅 / 計画を上 / 計画を下 / 計画以 / 需要回復 / 需要の回復 / 需要が増 / 需要が低 / 悪化 / グローバルニッチトップ / トップシェア / シェア拡大 / レアアース
20260513,6278,6278_1530_ユニオンツール_2026年12月期 第1四半期決算短信[日本基準](連結).pdf,,,,,,,4,,,,4,,,,,,,,,,,,,価格交渉 / 増産 / 価格改定 / 価格転嫁 / 値上 / 想定以上 / 上方修正 / 下方修正 / 想定以下 / 未達 / 大幅 / 計画を上 / 計画を下 / 計画以 / 需要回復 / 需要の回復 / 需要が増 / 需要が低 / 悪化 / グローバルニッチトップ / トップシェア / シェア拡大 / レアアース
20260513,6306,6306_1530_日工_2026年3月期 決算短信〔日本基準〕(連結).pdf,,,,,,,,,,,4,,,,,,,,8,,,,,価格交渉 / 増産 / 価格改定 / 価格転嫁 / 値上 / 想定以上 / 上方修正 / 下方修正 / 想定以下 / 未達 / 大幅 / 計画を上 / 計画を下 / 計画以 / 需要回復 / 需要の回復 / 需要が増 / 需要が低 / 悪化 / グローバルニッチトップ / トップシェア / シェア拡大 / レアアース
20260513,6317,6317_1530_北川鉄_2026年3月期 決算短信〔日本基準〕(連結).pdf,,,4,,,,,,,,,,,,,,,,,,,6,,価格交渉 / 増産 / 価格改定 / 価格転嫁 / 値上 / 想定以上 / 上方修正 / 下方修正 / 想定以下 / 未達 / 大幅 / 計画を上 / 計画を下 / 計画以 / 需要回復 / 需要の回復 / 需要が増 / 需要が低 / 悪化 / グローバルニッチトップ / トップシェア / シェア拡大 / レアアース
20260513,6324,6324_1600_ハーモニック_2026年3月期 決算短信〔日本基準〕(連結).pdf,,,,,,,,,,18,,,,,,,,,19,,,,,価格交渉 / 増産 / 価格改定 / 価格転嫁 / 値上 / 想定以上 / 上方修正 / 下方修正 / 想定以下 / 未達 / 大幅 / 計画を上 / 計画を下 / 計画以 / 需要回復 / 需要の回復 / 需要が増 / 需要が低 / 悪化 / グローバルニッチトップ / トップシェア / シェア拡大 / レアアース
20260513,6356,6356_1300_日ギア_2026年3月期 決算短信[日本基準](非連結).pdf,,,,,,,,,,,4,,,,,,,,4,,,,,価格交渉 / 増産 / 価格改定 / 価格転嫁 / 値上 / 想定以上 / 上方修正 / 下方修正 / 想定以下 / 未達 / 大幅 / 計画を上 / 計画を下 / 計画以 / 需要回復 / 需要の回復 / 需要が増 / 需要が低 / 悪化 / グローバルニッチトップ / トップシェア / シェア拡大 / レアアース
20260513,6357,6357_1530_三精テクノロジーズ_2026年3月期 決算短信〔日本基準〕(連結).pdf,,,,,,,,,,,4,,4,,,,,,,,,,,価格交渉 / 増産 / 価格改定 / 価格転嫁 / 値上 / 想定以上 / 上方修正 / 下方修正 / 想定以下 / 未達 / 大幅 / 計画を上 / 計画を下 / 計画以 / 需要回復 / 需要の回復 / 需要が増 / 需要が低 / 悪化 / グローバルニッチトップ / トップシェア / シェア拡大 / レアアース
20260513,6358,6358_1430_酒井重_2026年3月期 通期連結業績予想と実績との差異及び剰余金の配当に関するお知らせ.pdf,,,,,,,1 2,1,,,,,,,,,,,,,,,,価格交渉 / 増産 / 価格改定 / 価格転嫁 / 値上 / 想定以上 / 上方修正 / 下方修正 / 想定以下 / 未達 / 大幅 / 計画を上 / 計画を下 / 計画以 / 需要回復 / 需要の回復 / 需要が増 / 需要が低 / 悪化 / グローバルニッチトップ / トップシェア / シェア拡大 / レアアース
20260513,6439,6439_1400_中日鋳工_2026年3月期決算短信〔日本基準〕(非連結).pdf,,,,4,4,,,,,,,,,,,,,,,,,,,価格交渉 / 増産 / 価格改定 / 価格転嫁 / 値上 / 想定以上 / 上方修正 / 下方修正 / 想定以下 / 未達 / 大幅 / 計画を上 / 計画を下 / 計画以 / 需要回復 / 需要の回復 / 需要が増 / 需要が低 / 悪化 / グローバルニッチトップ / トップシェア / シェア拡大 / レアアース
20260513,6495,6495_1630_宮入バル_2026年3月期 決算短信〔日本基準〕(非連結).pdf,,,,,5,,,,,,,,,,,,,,5,,,,,価格交渉 / 増産 / 価格改定 / 価格転嫁 / 値上 / 想定以上 / 上方修正 / 下方修正 / 想定以下 / 未達 / 大幅 / 計画を上 / 計画を下 / 計画以 / 需要回復 / 需要の回復 / 需要が増 / 需要が低 / 悪化 / グローバルニッチトップ / トップシェア / シェア拡大 / レアアース
20260513,6523,6523_1530_PHCHD_2026年3月期 決算短信〔IFRS〕(連結).pdf,,,8 11,,,,,,,,4 6,,,,,,,,,,,,,価格交渉 / 増産 / 価格改定 / 価格転嫁 / 値上 / 想定以上 / 上方修正 / 下方修正 / 想定以下 / 未達 / 大幅 / 計画を上 / 計画を下 / 計画以 / 需要回復 / 需要の回復 / 需要が増 / 需要が低 / 悪化 / グローバルニッチトップ / トップシェア / シェア拡大 / レアアース
20260513,6525,6525_1430_KOKUSAI_2026年3月期 決算短信〔IFRS〕(連結).pdf,,,,,,,,,,,16,,,,5,,,,,,,,,価格交渉 / 増産 / 価格改定 / 価格転嫁 / 値上 / 想定以上 / 上方修正 / 下方修正 / 想定以下 / 未達 / 大幅 / 計画を上 / 計画を下 / 計画以 / 需要回復 / 需要の回復 / 需要が増 / 需要が低 / 悪化 / グローバルニッチトップ / トップシェア / シェア拡大 / レアアース
20260513,6548,6548_1530_G-旅工房_通期業績予想の修正に関するお知らせ.pdf,,,,,,,,,,,,,,,,2,,,1,,,,,価格交渉 / 増産 / 価格改定 / 価格転嫁 / 値上 / 想定以上 / 上方修正 / 下方修正 / 想定以下 / 未達 / 大幅 / 計画を上 / 計画を下 / 計画以 / 需要回復 / 需要の回復 / 需要が増 / 需要が低 / 悪化 / グローバルニッチトップ / トップシェア / シェア拡大 / レアアース
20260513,6551,6551_1530_ツナグGHD_2026年9月期 第2四半期決算説明資料.pdf,,,,,,30,,,,30,,,,,,,,,,,,,,価格交渉 / 増産 / 価格改定 / 価格転嫁 / 値上 / 想定以上 / 上方修正 / 下方修正 / 想定以下 / 未達 / 大幅 / 計画を上 / 計画を下 / 計画以 / 需要回復 / 需要の回復 / 需要が増 / 需要が低 / 悪化 / グローバルニッチトップ / トップシェア / シェア拡大 / レアアース
20260513,6590,6590_1500_芝浦_2026年3月期 決算説明資料.pdf,,,,,,,,,,,4 5 7 31,,,,,,,,,,,38,,価格交渉 / 増産 / 価格改定 / 価格転嫁 / 値上 / 想定以上 / 上方修正 / 下方修正 / 想定以下 / 未達 / 大幅 / 計画を上 / 計画を下 / 計画以 / 需要回復 / 需要の回復 / 需要が増 / 需要が低 / 悪化 / グローバルニッチトップ / トップシェア / シェア拡大 / レアアース
20260513,6638,6638_1130_Mimaki_2026年3月期 決算短信[日本基準](連結).pdf,,,,,,,,,,,4 5,,,,,,,,7,,,,,価格交渉 / 増産 / 価格改定 / 価格転嫁 / 値上 / 想定以上 / 上方修正 / 下方修正 / 想定以下 / 未達 / 大幅 / 計画を上 / 計画を下 / 計画以 / 需要回復 / 需要の回復 / 需要が増 / 需要が低 / 悪化 / グローバルニッチトップ / トップシェア / シェア拡大 / レアアース
20260513,6638,6638_1130_Mimaki_2026年3月期 通期 決算説明資料.pdf,,,,,,,,,,,6 8 10,,,,,,,,15,,,,,価格交渉 / 増産 / 価格改定 / 価格転嫁 / 値上 / 想定以上 / 上方修正 / 下方修正 / 想定以下 / 未達 / 大幅 / 計画を上 / 計画を下 / 計画以 / 需要回復 / 需要の回復 / 需要が増 / 需要が低 / 悪化 / グローバルニッチトップ / トップシェア / シェア拡大 / レアアース
20260513,6674,6674_1500_GSユアサ_第七次中期経営計画策定のお知らせ.pdf,,16 27,,,,,,,,,,,,,,,25,,,,,,,価格交渉 / 増産 / 価格改定 / 価格転嫁 / 値上 / 想定以上 / 上方修正 / 下方修正 / 想定以下 / 未達 / 大幅 / 計画を上 / 計画を下 / 計画以 / 需要回復 / 需要の回復 / 需要が増 / 需要が低 / 悪化 / グローバルニッチトップ / トップシェア / シェア拡大 / レアアース
20260513,6703,6703_1300_OKI_2025年度 決算概要.pdf,,,,,,,,,,10,5,,,,,,,,,,,,,価格交渉 / 増産 / 価格改定 / 価格転嫁 / 値上 / 想定以上 / 上方修正 / 下方修正 / 想定以下 / 未達 / 大幅 / 計画を上 / 計画を下 / 計画以 / 需要回復 / 需要の回復 / 需要が増 / 需要が低 / 悪化 / グローバルニッチトップ / トップシェア / シェア拡大 / レアアース
20260513,6703,6703_1300_OKI_2026年3月期 決算短信〔日本基準〕(連結).pdf,,,,,,,,,,,4,,,,,,,,5,,,,,価格交渉 / 増産 / 価格改定 / 価格転嫁 / 値上 / 想定以上 / 上方修正 / 下方修正 / 想定以下 / 未達 / 大幅 / 計画を上 / 計画を下 / 計画以 / 需要回復 / 需要の回復 / 需要が増 / 需要が低 / 悪化 / グローバルニッチトップ / トップシェア / シェア拡大 / レアアース
20260513,6745,6745_1915_ホーチキ_(訂正)「2026年3月期連結決算に関する補足説明資料」の一部訂正について.pdf,,,,,,,,,,,8 11 20,,,,,,8,,,,,,,価格交渉 / 増産 / 価格改定 / 価格転嫁 / 値上 / 想定以上 / 上方修正 / 下方修正 / 想定以下 / 未達 / 大幅 / 計画を上 / 計画を下 / 計画以 / 需要回復 / 需要の回復 / 需要が増 / 需要が低 / 悪化 / グローバルニッチトップ / トップシェア / シェア拡大 / レアアース
20260513,6803,6803_1200_ティアック_2026年3月期 決算短信〔IFRS〕(連結).pdf,,5,,,,,,,,,4,,,,,,,,,,,,,価格交渉 / 増産 / 価格改定 / 価格転嫁 / 値上 / 想定以上 / 上方修正 / 下方修正 / 想定以下 / 未達 / 大幅 / 計画を上 / 計画を下 / 計画以 / 需要回復 / 需要の回復 / 需要が増 / 需要が低 / 悪化 / グローバルニッチトップ / トップシェア / シェア拡大 / レアアース
20260513,6941,6941_1530_山一電機_2026年3月期 決算説明会資料.pdf,,,,,,,,,,,6,,,,,,,,16,,,,,価格交渉 / 増産 / 価格改定 / 価格転嫁 / 値上 / 想定以上 / 上方修正 / 下方修正 / 想定以下 / 未達 / 大幅 / 計画を上 / 計画を下 / 計画以 / 需要回復 / 需要の回復 / 需要が増 / 需要が低 / 悪化 / グローバルニッチトップ / トップシェア / シェア拡大 / レアアース
20260513,7031,7031_1730_G-インバウンド_業績予想の修正に関するお知らせ.pdf,,,,,,,,,,,,,1 2,,,,,,2,,,,,価格交渉 / 増産 / 価格改定 / 価格転嫁 / 値上 / 想定以上 / 上方修正 / 下方修正 / 想定以下 / 未達 / 大幅 / 計画を上 / 計画を下 / 計画以 / 需要回復 / 需要の回復 / 需要が増 / 需要が低 / 悪化 / グローバルニッチトップ / トップシェア / シェア拡大 / レアアース
20260513,7067,7067_1530_G-ブランディング_2026年3月期通期決算説明資料.pdf,,,,,,,,,,26 28,25,,,,,,,,,,,,,価格交渉 / 増産 / 価格改定 / 価格転嫁 / 値上 / 想定以上 / 上方修正 / 下方修正 / 想定以下 / 未達 / 大幅 / 計画を上 / 計画を下 / 計画以 / 需要回復 / 需要の回復 / 需要が増 / 需要が低 / 悪化 / グローバルニッチトップ / トップシェア / シェア拡大 / レアアース
20260513,7096,7096_1530_G-ステムセル研究所_2026年3月期 決算説明資料.pdf,,,,,,,,,,4,,,,,,,,,,,17,,,価格交渉 / 増産 / 価格改定 / 価格転嫁 / 値上 / 想定以上 / 上方修正 / 下方修正 / 想定以下 / 未達 / 大幅 / 計画を上 / 計画を下 / 計画以 / 需要回復 / 需要の回復 / 需要が増 / 需要が低 / 悪化 / グローバルニッチトップ / トップシェア / シェア拡大 / レアアース
20260513,7157,7157_1530_ライフネット生命_2025年度決算補足資料(2025年度決算のお知らせ).pdf,,,,,,,,,,,4,,,,,,,,4 41,,,,,価格交渉 / 増産 / 価格改定 / 価格転嫁 / 値上 / 想定以上 / 上方修正 / 下方修正 / 想定以下 / 未達 / 大幅 / 計画を上 / 計画を下 / 計画以 / 需要回復 / 需要の回復 / 需要が増 / 需要が低 / 悪化 / グローバルニッチトップ / トップシェア / シェア拡大 / レアアース
20260513,7157,7157_1530_ライフネット生命_2025年度決算説明資料.pdf,,,,,,,9,,,,8,,,,,,,,,,,,,価格交渉 / 増産 / 価格改定 / 価格転嫁 / 値上 / 想定以上 / 上方修正 / 下方修正 / 想定以下 / 未達 / 大幅 / 計画を上 / 計画を下 / 計画以 / 需要回復 / 需要の回復 / 需要が増 / 需要が低 / 悪化 / グローバルニッチトップ / トップシェア / シェア拡大 / レアアース
20260513,7187,7187_1600_ジェイリース_2026年3月期決算短信〔日本基準〕(連結).pdf,,,,,,,,,,,4,,,,,,,,,,,6,,価格交渉 / 増産 / 価格改定 / 価格転嫁 / 値上 / 想定以上 / 上方修正 / 下方修正 / 想定以下 / 未達 / 大幅 / 計画を上 / 計画を下 / 計画以 / 需要回復 / 需要の回復 / 需要が増 / 需要が低 / 悪化 / グローバルニッチトップ / トップシェア / シェア拡大 / レアアース
20260513,7191,7191_1530_イントラスト_2026年3月期 決算説明資料.pdf,,,,,,,,,,,12 14,,,,,,,,31,,,,,価格交渉 / 増産 / 価格改定 / 価格転嫁 / 値上 / 想定以上 / 上方修正 / 下方修正 / 想定以下 / 未達 / 大幅 / 計画を上 / 計画を下 / 計画以 / 需要回復 / 需要の回復 / 需要が増 / 需要が低 / 悪化 / グローバルニッチトップ / トップシェア / シェア拡大 / レアアース
20260513,7201,7201_1655_日産自_2026年3月期決算短信〔日本基準〕(連結).pdf,,,,,,,,,,,17,,,,,,,,4,,,,,価格交渉 / 増産 / 価格改定 / 価格転嫁 / 値上 / 想定以上 / 上方修正 / 下方修正 / 想定以下 / 未達 / 大幅 / 計画を上 / 計画を下 / 計画以 / 需要回復 / 需要の回復 / 需要が増 / 需要が低 / 悪化 / グローバルニッチトップ / トップシェア / シェア拡大 / レアアース
20260513,7201,7201_1655_日産自_日産自動車、2025年度決算を発表.pdf,,,10 14 34 46,,,,,,,,,18,,,,,,,,,,,,価格交渉 / 増産 / 価格改定 / 価格転嫁 / 値上 / 想定以上 / 上方修正 / 下方修正 / 想定以下 / 未達 / 大幅 / 計画を上 / 計画を下 / 計画以 / 需要回復 / 需要の回復 / 需要が増 / 需要が低 / 悪化 / グローバルニッチトップ / トップシェア / シェア拡大 / レアアース
20260513,7226,7226_1400_極東開_2026年3月期 決算短信〔日本基準〕(連結).pdf,,,2,,,,,,,,4,,,,,,,,,,,,,価格交渉 / 増産 / 価格改定 / 価格転嫁 / 値上 / 想定以上 / 上方修正 / 下方修正 / 想定以下 / 未達 / 大幅 / 計画を上 / 計画を下 / 計画以 / 需要回復 / 需要の回復 / 需要が増 / 需要が低 / 悪化 / グローバルニッチトップ / トップシェア / シェア拡大 / レアアース
20260513,7238,7238_1500_曙ブレーキ_2026年3月期 決算短信〔日本基準〕(連結).pdf,,,,2 6,,,,,,,6 9,,,,,,,,,,,,,価格交渉 / 増産 / 価格改定 / 価格転嫁 / 値上 / 想定以上 / 上方修正 / 下方修正 / 想定以下 / 未達 / 大幅 / 計画を上 / 計画を下 / 計画以 / 需要回復 / 需要の回復 / 需要が増 / 需要が低 / 悪化 / グローバルニッチトップ / トップシェア / シェア拡大 / レアアース
20260513,7240,7240_1530_NOK_2026年3月期 決算短信〔日本基準〕(連結).pdf,,,4 5,,,,,,,,,,,,,,,,4,,,,,価格交渉 / 増産 / 価格改定 / 価格転嫁 / 値上 / 想定以上 / 上方修正 / 下方修正 / 想定以下 / 未達 / 大幅 / 計画を上 / 計画を下 / 計画以 / 需要回復 / 需要の回復 / 需要が増 / 需要が低 / 悪化 / グローバルニッチトップ / トップシェア / シェア拡大 / レアアース
20260513,7292,7292_1545_村上開明_2026年3月期 決算短信〔日本基準〕(連結).pdf,,,,4,,,,,,,,,,,,,,,2 4,,,,,価格交渉 / 増産 / 価格改定 / 価格転嫁 / 値上 / 想定以上 / 上方修正 / 下方修正 / 想定以下 / 未達 / 大幅 / 計画を上 / 計画を下 / 計画以 / 需要回復 / 需要の回復 / 需要が増 / 需要が低 / 悪化 / グローバルニッチトップ / トップシェア / シェア拡大 / レアアース
20260513,7299,7299_1600_フジオーゼ_2026年3月期決算短信〔日本基準〕(連結).pdf,,4,,,,,,,,,4,,,,,,,,,,,,,価格交渉 / 増産 / 価格改定 / 価格転嫁 / 値上 / 想定以上 / 上方修正 / 下方修正 / 想定以下 / 未達 / 大幅 / 計画を上 / 計画を下 / 計画以 / 需要回復 / 需要の回復 / 需要が増 / 需要が低 / 悪化 / グローバルニッチトップ / トップシェア / シェア拡大 / レアアース
20260513,7305,7305_1630_新家工_2026年3月期 決算短信[日本基準] (連結).pdf,,,,,5 7,,,,,,,,,,,5,,,,,,,,価格交渉 / 増産 / 価格改定 / 価格転嫁 / 値上 / 想定以上 / 上方修正 / 下方修正 / 想定以下 / 未達 / 大幅 / 計画を上 / 計画を下 / 計画以 / 需要回復 / 需要の回復 / 需要が増 / 需要が低 / 悪化 / グローバルニッチトップ / トップシェア / シェア拡大 / レアアース
20260513,7456,7456_1600_松田産_2026年3月期決算短信〔日本基準〕(連結).pdf,,,,4,,,,,,,,,,,,6,,,,,,,,価格交渉 / 増産 / 価格改定 / 価格転嫁 / 値上 / 想定以上 / 上方修正 / 下方修正 / 想定以下 / 未達 / 大幅 / 計画を上 / 計画を下 / 計画以 / 需要回復 / 需要の回復 / 需要が増 / 需要が低 / 悪化 / グローバルニッチトップ / トップシェア / シェア拡大 / レアアース
20260513,7476,7476_1600_アズワン_2026年3月期決算短信〔日本基準〕(連結).pdf,,,,,,,6,,,,5,,,,,,,,,,,,,価格交渉 / 増産 / 価格改定 / 価格転嫁 / 値上 / 想定以上 / 上方修正 / 下方修正 / 想定以下 / 未達 / 大幅 / 計画を上 / 計画を下 / 計画以 / 需要回復 / 需要の回復 / 需要が増 / 需要が低 / 悪化 / グローバルニッチトップ / トップシェア / シェア拡大 / レアアース
20260513,7531,7531_1540_清和中央_2026年12月期 第1四半期決算短信〔日本基準〕(連結).pdf,,,,4,4,,,,,,,,,,,,,,,,,,,価格交渉 / 増産 / 価格改定 / 価格転嫁 / 値上 / 想定以上 / 上方修正 / 下方修正 / 想定以下 / 未達 / 大幅 / 計画を上 / 計画を下 / 計画以 / 需要回復 / 需要の回復 / 需要が増 / 需要が低 / 悪化 / グローバルニッチトップ / トップシェア / シェア拡大 / レアアース
20260513,7532,7532_1530_パンパシフィックHD_2026年6月期第3四半期決算短信〔日本基準〕(連結).pdf,,,,,,,,,,,,,,,,,,,4,,,4,,価格交渉 / 増産 / 価格改定 / 価格転嫁 / 値上 / 想定以上 / 上方修正 / 下方修正 / 想定以下 / 未達 / 大幅 / 計画を上 / 計画を下 / 計画以 / 需要回復 / 需要の回復 / 需要が増 / 需要が低 / 悪化 / グローバルニッチトップ / トップシェア / シェア拡大 / レアアース
20260513,7561,7561_1200_ハークスレイ_2026年3月期決算短信〔日本基準〕(連結).pdf,,,,,,,,,,,4,,,,,,,,,,,6,,価格交渉 / 増産 / 価格改定 / 価格転嫁 / 値上 / 想定以上 / 上方修正 / 下方修正 / 想定以下 / 未達 / 大幅 / 計画を上 / 計画を下 / 計画以 / 需要回復 / 需要の回復 / 需要が増 / 需要が低 / 悪化 / グローバルニッチトップ / トップシェア / シェア拡大 / レアアース
20260513,7637,7637_1500_白銅_2026年3月期 決算短信〔日本基準〕(連結).pdf,,,,,,,,,,,,,,,4,4,,,,,,,,価格交渉 / 増産 / 価格改定 / 価格転嫁 / 値上 / 想定以上 / 上方修正 / 下方修正 / 想定以下 / 未達 / 大幅 / 計画を上 / 計画を下 / 計画以 / 需要回復 / 需要の回復 / 需要が増 / 需要が低 / 悪化 / グローバルニッチトップ / トップシェア / シェア拡大 / レアアース
20260513,7715,7715_1530_長野計器_新中期経営計画策定に関するお知らせ.pdf,,,,,,,,,,1 2,,,1,,,,,,,,,,,価格交渉 / 増産 / 価格改定 / 価格転嫁 / 値上 / 想定以上 / 上方修正 / 下方修正 / 想定以下 / 未達 / 大幅 / 計画を上 / 計画を下 / 計画以 / 需要回復 / 需要の回復 / 需要が増 / 需要が低 / 悪化 / グローバルニッチトップ / トップシェア / シェア拡大 / レアアース
20260513,7726,7726_1530_黒田精工_2026年3月期 決算短信〔日本基準〕(連結).pdf,,,,,,,,,,,,,,,,,,,4,,,,4,価格交渉 / 増産 / 価格改定 / 価格転嫁 / 値上 / 想定以上 / 上方修正 / 下方修正 / 想定以下 / 未達 / 大幅 / 計画を上 / 計画を下 / 計画以 / 需要回復 / 需要の回復 / 需要が増 / 需要が低 / 悪化 / グローバルニッチトップ / トップシェア / シェア拡大 / レアアース
20260513,7745,7745_1530_A&DホロンHD_中期経営計画の見直しに関するお知らせ.pdf,,,,,,,,,,,,,,,5 6,,,,,,,12 16 18,,価格交渉 / 増産 / 価格改定 / 価格転嫁 / 値上 / 想定以上 / 上方修正 / 下方修正 / 想定以下 / 未達 / 大幅 / 計画を上 / 計画を下 / 計画以 / 需要回復 / 需要の回復 / 需要が増 / 需要が低 / 悪化 / グローバルニッチトップ / トップシェア / シェア拡大 / レアアース
20260513,7780,7780_1400_メニコン_2026年3月期 決算説明資料.pdf,,,7 10 14,,,,,,,,,,,,,,,,,,,24,,価格交渉 / 増産 / 価格改定 / 価格転嫁 / 値上 / 想定以上 / 上方修正 / 下方修正 / 想定以下 / 未達 / 大幅 / 計画を上 / 計画を下 / 計画以 / 需要回復 / 需要の回復 / 需要が増 / 需要が低 / 悪化 / グローバルニッチトップ / トップシェア / シェア拡大 / レアアース
20260513,7898,7898_1530_ウッドワン_2026年3月期 決算短信〔日本基準〕(連結).pdf,,,,,,,,,,,,,,,,,5,,4,,,,,価格交渉 / 増産 / 価格改定 / 価格転嫁 / 値上 / 想定以上 / 上方修正 / 下方修正 / 想定以下 / 未達 / 大幅 / 計画を上 / 計画を下 / 計画以 / 需要回復 / 需要の回復 / 需要が増 / 需要が低 / 悪化 / グローバルニッチトップ / トップシェア / シェア拡大 / レアアース
20260513,7943,7943_1540_ニチハ_2026年3月期決算概況(参考資料).pdf,,,1 2,,,,,,,,,,,,,,,,1,,,,,価格交渉 / 増産 / 価格改定 / 価格転嫁 / 値上 / 想定以上 / 上方修正 / 下方修正 / 想定以下 / 未達 / 大幅 / 計画を上 / 計画を下 / 計画以 / 需要回復 / 需要の回復 / 需要が増 / 需要が低 / 悪化 / グローバルニッチトップ / トップシェア / シェア拡大 / レアアース
20260513,7979,7979_1500_松風_2026年3月期決算短信〔日本基準〕(連結).pdf,,,,,,,,,,,,,,,,,,,4,,,6,,価格交渉 / 増産 / 価格改定 / 価格転嫁 / 値上 / 想定以上 / 上方修正 / 下方修正 / 想定以下 / 未達 / 大幅 / 計画を上 / 計画を下 / 計画以 / 需要回復 / 需要の回復 / 需要が増 / 需要が低 / 悪化 / グローバルニッチトップ / トップシェア / シェア拡大 / レアアース
20260513,8032,8032_1300_紙パル商_2026年3月期 決算短信〔日本基準〕(連結).pdf,,,,,,4,,,,,6,,,,,,,,,,,,,価格交渉 / 増産 / 価格改定 / 価格転嫁 / 値上 / 想定以上 / 上方修正 / 下方修正 / 想定以下 / 未達 / 大幅 / 計画を上 / 計画を下 / 計画以 / 需要回復 / 需要の回復 / 需要が増 / 需要が低 / 悪化 / グローバルニッチトップ / トップシェア / シェア拡大 / レアアース
20260513,8051,8051_1400_山善_2026年3月期 決算短信〔日本基準〕(連結).pdf,,,,,,,,,,,,,,,4,,,,7,,,,,価格交渉 / 増産 / 価格改定 / 価格転嫁 / 値上 / 想定以上 / 上方修正 / 下方修正 / 想定以下 / 未達 / 大幅 / 計画を上 / 計画を下 / 計画以 / 需要回復 / 需要の回復 / 需要が増 / 需要が低 / 悪化 / グローバルニッチトップ / トップシェア / シェア拡大 / レアアース
20260513,8130,8130_1420_サンゲツ_2026年3月期 決算短信〔日本基準〕(連結).pdf,,,,,,,,,,,4,,,,,,,,5,,,,,価格交渉 / 増産 / 価格改定 / 価格転嫁 / 値上 / 想定以上 / 上方修正 / 下方修正 / 想定以下 / 未達 / 大幅 / 計画を上 / 計画を下 / 計画以 / 需要回復 / 需要の回復 / 需要が増 / 需要が低 / 悪化 / グローバルニッチトップ / トップシェア / シェア拡大 / レアアース
20260513,8151,8151_1600_東陽テクニカ_2026年9月期 第2四半期決算説明資料.pdf,,,,,,,,,,,4 6 7 10 11 18,14,,,,,,,,,,,,価格交渉 / 増産 / 価格改定 / 価格転嫁 / 値上 / 想定以上 / 上方修正 / 下方修正 / 想定以下 / 未達 / 大幅 / 計画を上 / 計画を下 / 計画以 / 需要回復 / 需要の回復 / 需要が増 / 需要が低 / 悪化 / グローバルニッチトップ / トップシェア / シェア拡大 / レアアース
20260513,8160,8160_1520_木曽路_2026年3月期 決算補足説明資料.pdf,,,,,,,,,,,4 21,,,,,10,,,,,,,,価格交渉 / 増産 / 価格改定 / 価格転嫁 / 値上 / 想定以上 / 上方修正 / 下方修正 / 想定以下 / 未達 / 大幅 / 計画を上 / 計画を下 / 計画以 / 需要回復 / 需要の回復 / 需要が増 / 需要が低 / 悪化 / グローバルニッチトップ / トップシェア / シェア拡大 / レアアース
20260513,8225,8225_1500_タカチホ_2026年3月期 決算短信〔日本基準〕(連結).pdf,,,4,4,,,,,,,,,,,,,,,,,,,,価格交渉 / 増産 / 価格改定 / 価格転嫁 / 値上 / 想定以上 / 上方修正 / 下方修正 / 想定以下 / 未達 / 大幅 / 計画を上 / 計画を下 / 計画以 / 需要回復 / 需要の回復 / 需要が増 / 需要が低 / 悪化 / グローバルニッチトップ / トップシェア / シェア拡大 / レアアース
20260513,8226,8226_1530_理経_2026年3月期 決算短信〔日本基準〕(連結).pdf,,,,,,,,,,7,,,,,,,8,,,,,,,価格交渉 / 増産 / 価格改定 / 価格転嫁 / 値上 / 想定以上 / 上方修正 / 下方修正 / 想定以下 / 未達 / 大幅 / 計画を上 / 計画を下 / 計画以 / 需要回復 / 需要の回復 / 需要が増 / 需要が低 / 悪化 / グローバルニッチトップ / トップシェア / シェア拡大 / レアアース
20260513,8801,8801_1530_三井不_2026年3月期 決算短信〔日本基準〕(連結).pdf,,,,,,,,,,25,,,,,,,,,26,,,,,価格交渉 / 増産 / 価格改定 / 価格転嫁 / 値上 / 想定以上 / 上方修正 / 下方修正 / 想定以下 / 未達 / 大幅 / 計画を上 / 計画を下 / 計画以 / 需要回復 / 需要の回復 / 需要が増 / 需要が低 / 悪化 / グローバルニッチトップ / トップシェア / シェア拡大 / レアアース
20260513,8945,8945_1230_サンネクスタグループ_2026年6月期 第3四半期決算短信〔日本基準〕(連結).pdf,,,,4,,,,,,,,4,,,,,,,,,,,,価格交渉 / 増産 / 価格改定 / 価格転嫁 / 値上 / 想定以上 / 上方修正 / 下方修正 / 想定以下 / 未達 / 大幅 / 計画を上 / 計画を下 / 計画以 / 需要回復 / 需要の回復 / 需要が増 / 需要が低 / 悪化 / グローバルニッチトップ / トップシェア / シェア拡大 / レアアース
20260513,9007,9007_1530_小田急_中期経営計画(2024~2026年度)のアップデートに関するお知らせ.pdf,,,,,,,3 8 9 13 19,,,,3 19,,,,,,,,,,,,,価格交渉 / 増産 / 価格改定 / 価格転嫁 / 値上 / 想定以上 / 上方修正 / 下方修正 / 想定以下 / 未達 / 大幅 / 計画を上 / 計画を下 / 計画以 / 需要回復 / 需要の回復 / 需要が増 / 需要が低 / 悪化 / グローバルニッチトップ / トップシェア / シェア拡大 / レアアース
20260513,9074,9074_1400_日石輸_2026年3月期 決算短信〔日本基準〕(連結).pdf,,,,,,,,,,,,,,,,,,4,,,,4,,価格交渉 / 増産 / 価格改定 / 価格転嫁 / 値上 / 想定以上 / 上方修正 / 下方修正 / 想定以下 / 未達 / 大幅 / 計画を上 / 計画を下 / 計画以 / 需要回復 / 需要の回復 / 需要が増 / 需要が低 / 悪化 / グローバルニッチトップ / トップシェア / シェア拡大 / レアアース
20260513,9082,9082_1550_大和自交_2026年3月期決算短信〔日本基準〕(連結).pdf,,,,,,,,,,,4,,,,,,,,4,,,,,価格交渉 / 増産 / 価格改定 / 価格転嫁 / 値上 / 想定以上 / 上方修正 / 下方修正 / 想定以下 / 未達 / 大幅 / 計画を上 / 計画を下 / 計画以 / 需要回復 / 需要の回復 / 需要が増 / 需要が低 / 悪化 / グローバルニッチトップ / トップシェア / シェア拡大 / レアアース
20260513,9090,9090_1400_AZ-COM丸和HD_(訂正)「2026年3月期 決算補足資料」の一部訂正に関するお知らせ.pdf,,,,,,,,,,25,,15,,,,,,,,,,,,価格交渉 / 増産 / 価格改定 / 価格転嫁 / 値上 / 想定以上 / 上方修正 / 下方修正 / 想定以下 / 未達 / 大幅 / 計画を上 / 計画を下 / 計画以 / 需要回復 / 需要の回復 / 需要が増 / 需要が低 / 悪化 / グローバルニッチトップ / トップシェア / シェア拡大 / レアアース
20260513,9130,9130_1600_共栄タンカー_2026年3月期 決算短信〔日本基準〕(連結).pdf,,4,,,,,,,,,,,,,,,,,4,,,,,価格交渉 / 増産 / 価格改定 / 価格転嫁 / 値上 / 想定以上 / 上方修正 / 下方修正 / 想定以下 / 未達 / 大幅 / 計画を上 / 計画を下 / 計画以 / 需要回復 / 需要の回復 / 需要が増 / 需要が低 / 悪化 / グローバルニッチトップ / トップシェア / シェア拡大 / レアアース
20260513,9221,9221_1500_フルハシEPO_2026年3月期 決算短信〔日本基準〕(連結).pdf,,,,,,,,,,,,,,,,4,,,,,,4,,価格交渉 / 増産 / 価格改定 / 価格転嫁 / 値上 / 想定以上 / 上方修正 / 下方修正 / 想定以下 / 未達 / 大幅 / 計画を上 / 計画を下 / 計画以 / 需要回復 / 需要の回復 / 需要が増 / 需要が低 / 悪化 / グローバルニッチトップ / トップシェア / シェア拡大 / レアアース
20260513,9341,9341_1630_GENOVA_2026年3月期通期決算説明資料.pdf,,,,,,,,,,,32 42 55,,15,,,,,,,,,,,価格交渉 / 増産 / 価格改定 / 価格転嫁 / 値上 / 想定以上 / 上方修正 / 下方修正 / 想定以下 / 未達 / 大幅 / 計画を上 / 計画を下 / 計画以 / 需要回復 / 需要の回復 / 需要が増 / 需要が低 / 悪化 / グローバルニッチトップ / トップシェア / シェア拡大 / レアアース
20260513,9367,9367_1530_大東港運_2026年3月期決算短信〔日本基準〕(連結).pdf,,,,,,,,,,,9,,,,,,,,4,,,,,価格交渉 / 増産 / 価格改定 / 価格転嫁 / 値上 / 想定以上 / 上方修正 / 下方修正 / 想定以下 / 未達 / 大幅 / 計画を上 / 計画を下 / 計画以 / 需要回復 / 需要の回復 / 需要が増 / 需要が低 / 悪化 / グローバルニッチトップ / トップシェア / シェア拡大 / レアアース
20260513,9428,9428_1330_クロップス_2026年3月期通期連結業績予想値と実績との差異、特別損失の計上、および配当予想の修正に関するお知らせ.pdf,,,,,,,,,,,,1,,,,,,,1,,,,,価格交渉 / 増産 / 価格改定 / 価格転嫁 / 値上 / 想定以上 / 上方修正 / 下方修正 / 想定以下 / 未達 / 大幅 / 計画を上 / 計画を下 / 計画以 / 需要回復 / 需要の回復 / 需要が増 / 需要が低 / 悪化 / グローバルニッチトップ / トップシェア / シェア拡大 / レアアース
20260513,9686,9686_1530_東洋テック_2026年3月期 決算短信〔日本基準〕(連結).pdf,,,4,,,,,,,,4,,,,,,,,,,,,,価格交渉 / 増産 / 価格改定 / 価格転嫁 / 値上 / 想定以上 / 上方修正 / 下方修正 / 想定以下 / 未達 / 大幅 / 計画を上 / 計画を下 / 計画以 / 需要回復 / 需要の回復 / 需要が増 / 需要が低 / 悪化 / グローバルニッチトップ / トップシェア / シェア拡大 / レアアース
20260513,9746,9746_1600_TKC_令和8年9月期 第2四半期(中間期)決算短信〔日本基準〕(連結).pdf,,,,,,,,,,,5 6 7,,,,,,,,,,,9,,価格交渉 / 増産 / 価格改定 / 価格転嫁 / 値上 / 想定以上 / 上方修正 / 下方修正 / 想定以下 / 未達 / 大幅 / 計画を上 / 計画を下 / 計画以 / 需要回復 / 需要の回復 / 需要が増 / 需要が低 / 悪化 / グローバルニッチトップ / トップシェア / シェア拡大 / レアアース
20260513,9746,9746_1600_TKC_令和8年9月期 第2四半期決算説明資料.pdf,,,,,,,,,,,5 11,,,,,,,,,,,30,,価格交渉 / 増産 / 価格改定 / 価格転嫁 / 値上 / 想定以上 / 上方修正 / 下方修正 / 想定以下 / 未達 / 大幅 / 計画を上 / 計画を下 / 計画以 / 需要回復 / 需要の回復 / 需要が増 / 需要が低 / 悪化 / グローバルニッチトップ / トップシェア / シェア拡大 / レアアース
20260513,9889,9889_1130_JBCC HD_2026年3月期 決算説明資料.pdf,,,,,,,3 28,,,,6 13 19 39 53 54 56 63,,,,,,,,,,,,,価格交渉 / 増産 / 価格改定 / 価格転嫁 / 値上 / 想定以上 / 上方修正 / 下方修正 / 想定以下 / 未達 / 大幅 / 計画を上 / 計画を下 / 計画以 / 需要回復 / 需要の回復 / 需要が増 / 需要が低 / 悪化 / グローバルニッチトップ / トップシェア / シェア拡大 / レアアース
20260513,9956,9956_1300_バローHD_2026年3月期 決算短信〔日本基準〕(連結).pdf,,,,,,,,,,,7,4 8,,,,,,,,,,,,価格交渉 / 増産 / 価格改定 / 価格転嫁 / 値上 / 想定以上 / 上方修正 / 下方修正 / 想定以下 / 未達 / 大幅 / 計画を上 / 計画を下 / 計画以 / 需要回復 / 需要の回復 / 需要が増 / 需要が低 / 悪化 / グローバルニッチトップ / トップシェア / シェア拡大 / レアアース
20260513,9959,9959_1400_アシードHD_2026年3月期 決算説明資料.pdf,,,,,9 14,,,,,,,,,,,,,,7,,,,,価格交渉 / 増産 / 価格改定 / 価格転嫁 / 値上 / 想定以上 / 上方修正 / 下方修正 / 想定以下 / 未達 / 大幅 / 計画を上 / 計画を下 / 計画以 / 需要回復 / 需要の回復 / 需要が増 / 需要が低 / 悪化 / グローバルニッチトップ / トップシェア / シェア拡大 / レアアース
20260513,9984,9984_1530_ソフトバンクグループ_2026年3月期 決算短信〔IFRS〕(連結).pdf,,,,,,,,,,,17 60,,,,,,,,22 23,,,,,価格交渉 / 増産 / 価格改定 / 価格転嫁 / 値上 / 想定以上 / 上方修正 / 下方修正 / 想定以下 / 未達 / 大幅 / 計画を上 / 計画を下 / 計画以 / 需要回復 / 需要の回復 / 需要が増 / 需要が低 / 悪化 / グローバルニッチトップ / トップシェア / シェア拡大 / レアアース
20260513,9997,9997_1530_ベルーナ_2026年3月期 決算短信〔日本基準〕(連結).pdf,,,,,5,,,,,,,,,,,,,,4,,,,,価格交渉 / 増産 / 価格改定 / 価格転嫁 / 値上 / 想定以上 / 上方修正 / 下方修正 / 想定以下 / 未達 / 大幅 / 計画を上 / 計画を下 / 計画以 / 需要回復 / 需要の回復 / 需要が増 / 需要が低 / 悪化 / グローバルニッチトップ / トップシェア / シェア拡大 / レアアース
20260513,9997,9997_1530_ベルーナ_2026年3月期第4四半期決算補足資料.pdf,,,,,3,,,,,,3,,,,,,,,,,,,,価格交渉 / 増産 / 価格改定 / 価格転嫁 / 値上 / 想定以上 / 上方修正 / 下方修正 / 想定以下 / 未達 / 大幅 / 計画を上 / 計画を下 / 計画以 / 需要回復 / 需要の回復 / 需要が増 / 需要が低 / 悪化 / グローバルニッチトップ / トップシェア / シェア拡大 / レアアース
20260513,1515,1515_1500_日鉄鉱_2025年度(2026年3月期) 決算説明資料.pdf,,,,,,,,,,,,,,,,,,,10 16,,,,,価格交渉 / 増産 / 価格改定 / 価格転嫁 / 値上 / 想定以上 / 上方修正 / 下方修正 / 想定以下 / 未達 / 大幅 / 計画を上 / 計画を下 / 計画以 / 需要回復 / 需要の回復 / 需要が増 / 需要が低 / 悪化 / グローバルニッチトップ / トップシェア / シェア拡大 / レアアース
20260513,1662,1662_1400_石油資源_2026年3月期決算説明資料.pdf,,,,,,,,,,,,,,,,,,,5,,,,,価格交渉 / 増産 / 価格改定 / 価格転嫁 / 値上 / 想定以上 / 上方修正 / 下方修正 / 想定以下 / 未達 / 大幅 / 計画を上 / 計画を下 / 計画以 / 需要回復 / 需要の回復 / 需要が増 / 需要が低 / 悪化 / グローバルニッチトップ / トップシェア / シェア拡大 / レアアース
20260513,1662,1662_1400_石油資源_当社株式の大量取得行為に関する対応策(買収への対応方針)の更新について.pdf,,,,,,,,,,,6,,,,,,,,,,,,,価格交渉 / 増産 / 価格改定 / 価格転嫁 / 値上 / 想定以上 / 上方修正 / 下方修正 / 想定以下 / 未達 / 大幅 / 計画を上 / 計画を下 / 計画以 / 需要回復 / 需要の回復 / 需要が増 / 需要が低 / 悪化 / グローバルニッチトップ / トップシェア / シェア拡大 / レアアース
20260513,1780,1780_1520_ヤマウラ_2026年3月期 決算短信〔日本基準〕(連結).pdf,,,,,,,,,,,,4,,,,,,,,,,,,価格交渉 / 増産 / 価格改定 / 価格転嫁 / 値上 / 想定以上 / 上方修正 / 下方修正 / 想定以下 / 未達 / 大幅 / 計画を上 / 計画を下 / 計画以 / 需要回復 / 需要の回復 / 需要が増 / 需要が低 / 悪化 / グローバルニッチトップ / トップシェア / シェア拡大 / レアアース
20260513,1788,1788_1500_三東工業_令和8年6月期第3四半期決算短信〔日本基準〕(連結).pdf,,,,,,,,,,,4,,,,,,,,,,,,,価格交渉 / 増産 / 価格改定 / 価格転嫁 / 値上 / 想定以上 / 上方修正 / 下方修正 / 想定以下 / 未達 / 大幅 / 計画を上 / 計画を下 / 計画以 / 需要回復 / 需要の回復 / 需要が増 / 需要が低 / 悪化 / グローバルニッチトップ / トップシェア / シェア拡大 / レアアース
20260513,1799,1799_1530_第一建設_中期経営計画の見直しに関するお知らせ.pdf,,,,,,,,,,,,,,,,,,,,,,17,,価格交渉 / 増産 / 価格改定 / 価格転嫁 / 値上 / 想定以上 / 上方修正 / 下方修正 / 想定以下 / 未達 / 大幅 / 計画を上 / 計画を下 / 計画以 / 需要回復 / 需要の回復 / 需要が増 / 需要が低 / 悪化 / グローバルニッチトップ / トップシェア / シェア拡大 / レアアース
20260513,1799,1799_1530_第一建設_資本コストや株価を意識した経営の実現に向けた対応について.pdf,,,,4,,,,,,,,,,,,,,,,,,,,価格交渉 / 増産 / 価格改定 / 価格転嫁 / 値上 / 想定以上 / 上方修正 / 下方修正 / 想定以下 / 未達 / 大幅 / 計画を上 / 計画を下 / 計画以 / 需要回復 / 需要の回復 / 需要が増 / 需要が低 / 悪化 / グローバルニッチトップ / トップシェア / シェア拡大 / レアアース
20260513,1802,1802_1200_大林組_2026年3月期 決算短信〔日本基準〕(連結).pdf,,,,,,,,,,,6,,,,,,,,,,,,,価格交渉 / 増産 / 価格改定 / 価格転嫁 / 値上 / 想定以上 / 上方修正 / 下方修正 / 想定以下 / 未達 / 大幅 / 計画を上 / 計画を下 / 計画以 / 需要回復 / 需要の回復 / 需要が増 / 需要が低 / 悪化 / グローバルニッチトップ / トップシェア / シェア拡大 / レアアース
20260513,1802,1802_1200_大林組_「役員報酬BIP信託」の継続及び一部改定に関するお知らせ.pdf,,,,,,,,,,3,,,,,,,,,,,,,,価格交渉 / 増産 / 価格改定 / 価格転嫁 / 値上 / 想定以上 / 上方修正 / 下方修正 / 想定以下 / 未達 / 大幅 / 計画を上 / 計画を下 / 計画以 / 需要回復 / 需要の回復 / 需要が増 / 需要が低 / 悪化 / グローバルニッチトップ / トップシェア / シェア拡大 / レアアース
20260513,1867,1867_1400_植木組_2026年3月期 決算短信〔日本基準〕(連結).pdf,,,,4,,,,,,,,,,,,,,,,,,,,価格交渉 / 増産 / 価格改定 / 価格転嫁 / 値上 / 想定以上 / 上方修正 / 下方修正 / 想定以下 / 未達 / 大幅 / 計画を上 / 計画を下 / 計画以 / 需要回復 / 需要の回復 / 需要が増 / 需要が低 / 悪化 / グローバルニッチトップ / トップシェア / シェア拡大 / レアアース
20260513,1948,1948_1430_弘電社_2026年3月期 決算短信〔日本基準〕(連結).pdf,,,,,,,,,,,,,,,,,,,6,,,,,価格交渉 / 増産 / 価格改定 / 価格転嫁 / 値上 / 想定以上 / 上方修正 / 下方修正 / 想定以下 / 未達 / 大幅 / 計画を上 / 計画を下 / 計画以 / 需要回復 / 需要の回復 / 需要が増 / 需要が低 / 悪化 / グローバルニッチトップ / トップシェア / シェア拡大 / レアアース
20260513,1948,1948_1430_弘電社_支配株主等に関する事項について.pdf,2,,,,,,,,,,,,,,,,,,,,,,,価格交渉 / 増産 / 価格改定 / 価格転嫁 / 値上 / 想定以上 / 上方修正 / 下方修正 / 想定以下 / 未達 / 大幅 / 計画を上 / 計画を下 / 計画以 / 需要回復 / 需要の回復 / 需要が増 / 需要が低 / 悪化 / グローバルニッチトップ / トップシェア / シェア拡大 / レアアース
20260513,194A,194A_1230_G-WOLVES_2026年6月期第3四半期 決算説明資料.pdf,,,,,,,,,,,4 5,,,,,,,,,,,,,価格交渉 / 増産 / 価格改定 / 価格転嫁 / 値上 / 想定以上 / 上方修正 / 下方修正 / 想定以下 / 未達 / 大幅 / 計画を上 / 計画を下 / 計画以 / 需要回復 / 需要の回復 / 需要が増 / 需要が低 / 悪化 / グローバルニッチトップ / トップシェア / シェア拡大 / レアアース
20260513,1951,1951_1500_エクシオグループ_2026年3月期 決算短信〔日本基準〕(連結).pdf,,,,,,,,,,,,,,,,,,,7,,,,,価格交渉 / 増産 / 価格改定 / 価格転嫁 / 値上 / 想定以上 / 上方修正 / 下方修正 / 想定以下 / 未達 / 大幅 / 計画を上 / 計画を下 / 計画以 / 需要回復 / 需要の回復 / 需要が増 / 需要が低 / 悪化 / グローバルニッチトップ / トップシェア / シェア拡大 / レアアース
20260513,1952,1952_1300_新日空調_2026年3月期 決算短信〔日本基準〕(連結).pdf,,,,5,,,,,,,,,,,,,,,,,,,,価格交渉 / 増産 / 価格改定 / 価格転嫁 / 値上 / 想定以上 / 上方修正 / 下方修正 / 想定以下 / 未達 / 大幅 / 計画を上 / 計画を下 / 計画以 / 需要回復 / 需要の回復 / 需要が増 / 需要が低 / 悪化 / グローバルニッチトップ / トップシェア / シェア拡大 / レアアース
20260513,1982,1982_1230_日比谷設_役員向け業績連動型株式報酬制度の継続及び一部改定に関するお知らせ.pdf,,,,,,,,,,2 5,,,,,,,,,,,,,,価格交渉 / 増産 / 価格改定 / 価格転嫁 / 値上 / 想定以上 / 上方修正 / 下方修正 / 想定以下 / 未達 / 大幅 / 計画を上 / 計画を下 / 計画以 / 需要回復 / 需要の回復 / 需要が増 / 需要が低 / 悪化 / グローバルニッチトップ / トップシェア / シェア拡大 / レアアース
20260513,2108,2108_1400_甜菜糖_2026年3月期 決算短信〔日本基準〕(連結).pdf,,,,,5,,,,,,,,,,,,,,,,,,,価格交渉 / 増産 / 価格改定 / 価格転嫁 / 値上 / 想定以上 / 上方修正 / 下方修正 / 想定以下 / 未達 / 大幅 / 計画を上 / 計画を下 / 計画以 / 需要回復 / 需要の回復 / 需要が増 / 需要が低 / 悪化 / グローバルニッチトップ / トップシェア / シェア拡大 / レアアース
20260513,2122,2122_1700_Iスペース_2026年9月期 第2四半期決算説明会資料.pdf,,,,,,,,,,,8 20 26,,,,,,,,,,,,,価格交渉 / 増産 / 価格改定 / 価格転嫁 / 値上 / 想定以上 / 上方修正 / 下方修正 / 想定以下 / 未達 / 大幅 / 計画を上 / 計画を下 / 計画以 / 需要回復 / 需要の回復 / 需要が増 / 需要が低 / 悪化 / グローバルニッチトップ / トップシェア / シェア拡大 / レアアース
20260513,2124,2124_1530_JAC_2026年12月期第1四半期決算説明資料.pdf,,,,,,,,,,,,,,,,,,,13,,,,,価格交渉 / 増産 / 価格改定 / 価格転嫁 / 値上 / 想定以上 / 上方修正 / 下方修正 / 想定以下 / 未達 / 大幅 / 計画を上 / 計画を下 / 計画以 / 需要回復 / 需要の回復 / 需要が増 / 需要が低 / 悪化 / グローバルニッチトップ / トップシェア / シェア拡大 / レアアース
20260513,2138,2138_1530_クルーズ_2026年3月期(第25期)通期 決算説明資料.pdf,,,,,,,,,,,3,,,,,,,,,,,,,価格交渉 / 増産 / 価格改定 / 価格転嫁 / 値上 / 想定以上 / 上方修正 / 下方修正 / 想定以下 / 未達 / 大幅 / 計画を上 / 計画を下 / 計画以 / 需要回復 / 需要の回復 / 需要が増 / 需要が低 / 悪化 / グローバルニッチトップ / トップシェア / シェア拡大 / レアアース
20260513,2152,2152_1630_幼児活動研究会_2026年3月期 決算短信〔日本基準〕(非連結).pdf,,,,,4 6,,,,,,,,,,,,,,,,,,,価格交渉 / 増産 / 価格改定 / 価格転嫁 / 値上 / 想定以上 / 上方修正 / 下方修正 / 想定以下 / 未達 / 大幅 / 計画を上 / 計画を下 / 計画以 / 需要回復 / 需要の回復 / 需要が増 / 需要が低 / 悪化 / グローバルニッチトップ / トップシェア / シェア拡大 / レアアース
20260513,2169,2169_1530_CDS_2026年12月期 第1四半期決算短信〔日本基準〕(連結).pdf,,,,,,,,,,,,,,,,,,,4,,,,,価格交渉 / 増産 / 価格改定 / 価格転嫁 / 値上 / 想定以上 / 上方修正 / 下方修正 / 想定以下 / 未達 / 大幅 / 計画を上 / 計画を下 / 計画以 / 需要回復 / 需要の回復 / 需要が増 / 需要が低 / 悪化 / グローバルニッチトップ / トップシェア / シェア拡大 / レアアース
20260513,2264,2264_1400_森永乳_2026年3月期決算短信〔日本基準〕(連結).pdf,,,5 6,,,,,,,,,,,,,,,,,,,,,価格交渉 / 増産 / 価格改定 / 価格転嫁 / 値上 / 想定以上 / 上方修正 / 下方修正 / 想定以下 / 未達 / 大幅 / 計画を上 / 計画を下 / 計画以 / 需要回復 / 需要の回復 / 需要が増 / 需要が低 / 悪化 / グローバルニッチトップ / トップシェア / シェア拡大 / レアアース
20260513,2330,2330_1545_フォーサイド_2026年12月期 第1四半期決算短信〔日本基準〕(連結).pdf,,,,,4,,,,,,,,,,,,,,,,,,,価格交渉 / 増産 / 価格改定 / 価格転嫁 / 値上 / 想定以上 / 上方修正 / 下方修正 / 想定以下 / 未達 / 大幅 / 計画を上 / 計画を下 / 計画以 / 需要回復 / 需要の回復 / 需要が増 / 需要が低 / 悪化 / グローバルニッチトップ / トップシェア / シェア拡大 / レアアース
20260513,2332,2332_1700_クエスト_2026年3月期決算短信〔日本基準〕(連結).pdf,,,,,,,,,,,16,,,,,,,,,,,,,価格交渉 / 増産 / 価格改定 / 価格転嫁 / 値上 / 想定以上 / 上方修正 / 下方修正 / 想定以下 / 未達 / 大幅 / 計画を上 / 計画を下 / 計画以 / 需要回復 / 需要の回復 / 需要が増 / 需要が低 / 悪化 / グローバルニッチトップ / トップシェア / シェア拡大 / レアアース
20260513,2370,2370_1530_G-MDNT_2026年9月期 第2四半期(中間期)決算短信〔日本基準〕(非連結).pdf,,,,,,,,,,,4 5,,,,,,,,,,,,,価格交渉 / 増産 / 価格改定 / 価格転嫁 / 値上 / 想定以上 / 上方修正 / 下方修正 / 想定以下 / 未達 / 大幅 / 計画を上 / 計画を下 / 計画以 / 需要回復 / 需要の回復 / 需要が増 / 需要が低 / 悪化 / グローバルニッチトップ / トップシェア / シェア拡大 / レアアース
20260513,2385,2385_1530_G-総医研_2026年6月期 通期連結業績予想 上方修正に関するお知らせ.pdf,,,,,,,1,,,,,,,,,,,,,,,,,価格交渉 / 増産 / 価格改定 / 価格転嫁 / 値上 / 想定以上 / 上方修正 / 下方修正 / 想定以下 / 未達 / 大幅 / 計画を上 / 計画を下 / 計画以 / 需要回復 / 需要の回復 / 需要が増 / 需要が低 / 悪化 / グローバルニッチトップ / トップシェア / シェア拡大 / レアアース
20260513,2440,2440_1540_ぐるなび_2026年3月期決算短信〔日本基準〕(連結).pdf,,,,,,,,,,,4,,,,,,,,,,,,,価格交渉 / 増産 / 価格改定 / 価格転嫁 / 値上 / 想定以上 / 上方修正 / 下方修正 / 想定以下 / 未達 / 大幅 / 計画を上 / 計画を下 / 計画以 / 需要回復 / 需要の回復 / 需要が増 / 需要が低 / 悪化 / グローバルニッチトップ / トップシェア / シェア拡大 / レアアース
20260513,2454,2454_1630_オールアバウト_2026年3月期 決算短信〔日本基準〕(連結).pdf,,,,,,,,,,21,,,,,,,,,,,,,,価格交渉 / 増産 / 価格改定 / 価格転嫁 / 値上 / 想定以上 / 上方修正 / 下方修正 / 想定以下 / 未達 / 大幅 / 計画を上 / 計画を下 / 計画以 / 需要回復 / 需要の回復 / 需要が増 / 需要が低 / 悪化 / グローバルニッチトップ / トップシェア / シェア拡大 / レアアース
20260513,2454,2454_1630_オールアバウト_2026年3月期決算および3か年経営方針説明資料.pdf,,,,,,,,,,,35,,,,,,,,,,,,,価格交渉 / 増産 / 価格改定 / 価格転嫁 / 値上 / 想定以上 / 上方修正 / 下方修正 / 想定以下 / 未達 / 大幅 / 計画を上 / 計画を下 / 計画以 / 需要回復 / 需要の回復 / 需要が増 / 需要が低 / 悪化 / グローバルニッチトップ / トップシェア / シェア拡大 / レアアース
20260513,2531,2531_1530_宝HLD_当社子会社(タカラバイオ株式会社)による 収益改善に向けた構造改革の実施に関するお知らせ.pdf,,,,,,,,,,,2,,,,,,,,,,,,,価格交渉 / 増産 / 価格改定 / 価格転嫁 / 値上 / 想定以上 / 上方修正 / 下方修正 / 想定以下 / 未達 / 大幅 / 計画を上 / 計画を下 / 計画以 / 需要回復 / 需要の回復 / 需要が増 / 需要が低 / 悪化 / グローバルニッチトップ / トップシェア / シェア拡大 / レアアース
20260513,2540,2540_1530_養命酒_2026年3月期 決算短信〔日本基準〕(非連結).pdf,,,,,,,,,,,4 15,,,,,,,,,,,,,価格交渉 / 増産 / 価格改定 / 価格転嫁 / 値上 / 想定以上 / 上方修正 / 下方修正 / 想定以下 / 未達 / 大幅 / 計画を上 / 計画を下 / 計画以 / 需要回復 / 需要の回復 / 需要が増 / 需要が低 / 悪化 / グローバルニッチトップ / トップシェア / シェア拡大 / レアアース
20260513,2540,2540_1530_養命酒_くらすわ関連事業の事業再編(会社分割(簡易新設分割)、子会社の異動を伴う株式譲渡及び一部店舗の休止)に関するお知らせ.pdf,,,,,,,,,,,,,4,,,,,,,,,,,価格交渉 / 増産 / 価格改定 / 価格転嫁 / 値上 / 想定以上 / 上方修正 / 下方修正 / 想定以下 / 未達 / 大幅 / 計画を上 / 計画を下 / 計画以 / 需要回復 / 需要の回復 / 需要が増 / 需要が低 / 悪化 / グローバルニッチトップ / トップシェア / シェア拡大 / レアアース
20260513,256A,256A_1300_飛島HD_2026年3月期決算短信〔日本基準〕(連結).pdf,,,,,,,,,,,,,,,,,,,5,,,,,価格交渉 / 増産 / 価格改定 / 価格転嫁 / 値上 / 想定以上 / 上方修正 / 下方修正 / 想定以下 / 未達 / 大幅 / 計画を上 / 計画を下 / 計画以 / 需要回復 / 需要の回復 / 需要が増 / 需要が低 / 悪化 / グローバルニッチトップ / トップシェア / シェア拡大 / レアアース
20260513,2587,2587_1400_サントリーBF_2026年度 第1四半期 決算説明会.pdf,,,3 8 9 10 12,,,,,,,,,,,,,,,,,,,,,価格交渉 / 増産 / 価格改定 / 価格転嫁 / 値上 / 想定以上 / 上方修正 / 下方修正 / 想定以下 / 未達 / 大幅 / 計画を上 / 計画を下 / 計画以 / 需要回復 / 需要の回復 / 需要が増 / 需要が低 / 悪化 / グローバルニッチトップ / トップシェア / シェア拡大 / レアアース
20260513,2612,2612_1530_かどや製油_2026年3月期 決算短信〔日本基準〕(連結).pdf,,,4,,,,,,,,,,,,,,,,,,,,,価格交渉 / 増産 / 価格改定 / 価格転嫁 / 値上 / 想定以上 / 上方修正 / 下方修正 / 想定以下 / 未達 / 大幅 / 計画を上 / 計画を下 / 計画以 / 需要回復 / 需要の回復 / 需要が増 / 需要が低 / 悪化 / グローバルニッチトップ / トップシェア / シェア拡大 / レアアース
20260513,2749,2749_1500_JPHD_2026年3月期決算短信〔日本基準〕(連結).pdf,,,,,,,,,,,4,,,,,,,,,,,,,価格交渉 / 増産 / 価格改定 / 価格転嫁 / 値上 / 想定以上 / 上方修正 / 下方修正 / 想定以下 / 未達 / 大幅 / 計画を上 / 計画を下 / 計画以 / 需要回復 / 需要の回復 / 需要が増 / 需要が低 / 悪化 / グローバルニッチトップ / トップシェア / シェア拡大 / レアアース
20260513,2805,2805_1400_エスビー食_経営戦略2033・第4次中期経営計画.pdf,,,16,,,,,,,,,,,,,,,,,,,,,価格交渉 / 増産 / 価格改定 / 価格転嫁 / 値上 / 想定以上 / 上方修正 / 下方修正 / 想定以下 / 未達 / 大幅 / 計画を上 / 計画を下 / 計画以 / 需要回復 / 需要の回復 / 需要が増 / 需要が低 / 悪化 / グローバルニッチトップ / トップシェア / シェア拡大 / レアアース
20260513,2919,2919_1500_マルタイ_2026年3月期 決算短信〔日本基準〕(非連結).pdf,,,4,,,,,,,,,,,,,,,,,,,,,価格交渉 / 増産 / 価格改定 / 価格転嫁 / 値上 / 想定以上 / 上方修正 / 下方修正 / 想定以下 / 未達 / 大幅 / 計画を上 / 計画を下 / 計画以 / 需要回復 / 需要の回復 / 需要が増 / 需要が低 / 悪化 / グローバルニッチトップ / トップシェア / シェア拡大 / レアアース
20260513,2975,2975_1600_スター・マイカHD_連結業績予想の修正及び配当予想の修正(増配)に関するお知らせ.pdf,,,,,,,,,,,2,,,,,,,,,,,,,価格交渉 / 増産 / 価格改定 / 価格転嫁 / 値上 / 想定以上 / 上方修正 / 下方修正 / 想定以下 / 未達 / 大幅 / 計画を上 / 計画を下 / 計画以 / 需要回復 / 需要の回復 / 需要が増 / 需要が低 / 悪化 / グローバルニッチトップ / トップシェア / シェア拡大 / レアアース
20260513,2980,2980_1530_SREHD_2026年3月期 決算短信〔日本基準〕(連結).pdf,,,5,,,,,,,,,,,,,,,,,,,,,価格交渉 / 増産 / 価格改定 / 価格転嫁 / 値上 / 想定以上 / 上方修正 / 下方修正 / 想定以下 / 未達 / 大幅 / 計画を上 / 計画を下 / 計画以 / 需要回復 / 需要の回復 / 需要が増 / 需要が低 / 悪化 / グローバルニッチトップ / トップシェア / シェア拡大 / レアアース
20260513,2984,2984_1538_ヤマイチ_2026年3月期決算短信〔日本基準〕(連結).pdf,,,,,,,,,,,,,,,,4,,,,,,,,価格交渉 / 増産 / 価格改定 / 価格転嫁 / 値上 / 想定以上 / 上方修正 / 下方修正 / 想定以下 / 未達 / 大幅 / 計画を上 / 計画を下 / 計画以 / 需要回復 / 需要の回復 / 需要が増 / 需要が低 / 悪化 / グローバルニッチトップ / トップシェア / シェア拡大 / レアアース
20260513,2984,2984_1540_ヤマイチ_2026年3月期決算補足説明資料.pdf,,,,,,,,,,,3,,,,,,,,,,,,,価格交渉 / 増産 / 価格改定 / 価格転嫁 / 値上 / 想定以上 / 上方修正 / 下方修正 / 想定以下 / 未達 / 大幅 / 計画を上 / 計画を下 / 計画以 / 需要回復 / 需要の回復 / 需要が増 / 需要が低 / 悪化 / グローバルニッチトップ / トップシェア / シェア拡大 / レアアース
20260513,3032,3032_1400_ゴルフ・ドゥ_2026年3月期決算短信〔日本基準](連結).pdf,,,,,,,,,,,,,,,,,,,4 6,,,,,価格交渉 / 増産 / 価格改定 / 価格転嫁 / 値上 / 想定以上 / 上方修正 / 下方修正 / 想定以下 / 未達 / 大幅 / 計画を上 / 計画を下 / 計画以 / 需要回復 / 需要の回復 / 需要が増 / 需要が低 / 悪化 / グローバルニッチトップ / トップシェア / シェア拡大 / レアアース
20260513,3069,3069_1600_JFLAHD_2026年3月期 決算短信〔日本基準〕(連結).pdf,,,,,5,,,,,,,,,,,,,,,,,,,価格交渉 / 増産 / 価格改定 / 価格転嫁 / 値上 / 想定以上 / 上方修正 / 下方修正 / 想定以下 / 未達 / 大幅 / 計画を上 / 計画を下 / 計画以 / 需要回復 / 需要の回復 / 需要が増 / 需要が低 / 悪化 / グローバルニッチトップ / トップシェア / シェア拡大 / レアアース
20260513,3069,3069_1600_JFLAHD_通期連結業績予想と実績との差異及び剰余金の配当に関するお知らせ.pdf,,,,,2,,,,,,,,,,,,,,,,,,,価格交渉 / 増産 / 価格改定 / 価格転嫁 / 値上 / 想定以上 / 上方修正 / 下方修正 / 想定以下 / 未達 / 大幅 / 計画を上 / 計画を下 / 計画以 / 需要回復 / 需要の回復 / 需要が増 / 需要が低 / 悪化 / グローバルニッチトップ / トップシェア / シェア拡大 / レアアース
20260513,3088,3088_1530_マツキヨココカラ_2026年3月期 決算短信〔日本基準〕(連結).pdf,,,,,,,,,,,,,,,,,,,,,,5,,価格交渉 / 増産 / 価格改定 / 価格転嫁 / 値上 / 想定以上 / 上方修正 / 下方修正 / 想定以下 / 未達 / 大幅 / 計画を上 / 計画を下 / 計画以 / 需要回復 / 需要の回復 / 需要が増 / 需要が低 / 悪化 / グローバルニッチトップ / トップシェア / シェア拡大 / レアアース
20260513,3099,3099_1330_ミツコシイセタン_株主還元方針の変更に関するお知らせ.pdf,,,,,,,,,,,,1,,,,,,,,,,,,価格交渉 / 増産 / 価格改定 / 価格転嫁 / 値上 / 想定以上 / 上方修正 / 下方修正 / 想定以下 / 未達 / 大幅 / 計画を上 / 計画を下 / 計画以 / 需要回復 / 需要の回復 / 需要が増 / 需要が低 / 悪化 / グローバルニッチトップ / トップシェア / シェア拡大 / レアアース
20260513,3131,3131_1500_シンデンハイテク_2026年3月期通期連結業績予想値と決算値の差異に関するお知らせ.pdf,,,,,,,,,,,,,,,,,1,,,,,,,価格交渉 / 増産 / 価格改定 / 価格転嫁 / 値上 / 想定以上 / 上方修正 / 下方修正 / 想定以下 / 未達 / 大幅 / 計画を上 / 計画を下 / 計画以 / 需要回復 / 需要の回復 / 需要が増 / 需要が低 / 悪化 / グローバルニッチトップ / トップシェア / シェア拡大 / レアアース
20260513,3197,3197_1130_すかいらーくHD_2026年度第1四半期決算説明会資料.pdf,15,,,,,,,,,,,,,,,,,,,,,,,価格交渉 / 増産 / 価格改定 / 価格転嫁 / 値上 / 想定以上 / 上方修正 / 下方修正 / 想定以下 / 未達 / 大幅 / 計画を上 / 計画を下 / 計画以 / 需要回復 / 需要の回復 / 需要が増 / 需要が低 / 悪化 / グローバルニッチトップ / トップシェア / シェア拡大 / レアアース
20260513,3232,3232_1640_三重交通GHD_2026年3月期決算短信〔日本基準〕(連結).pdf,,,,,,,,,,,,,,,,,,,4,,,,,価格交渉 / 増産 / 価格改定 / 価格転嫁 / 値上 / 想定以上 / 上方修正 / 下方修正 / 想定以下 / 未達 / 大幅 / 計画を上 / 計画を下 / 計画以 / 需要回復 / 需要の回復 / 需要が増 / 需要が低 / 悪化 / グローバルニッチトップ / トップシェア / シェア拡大 / レアアース
20260513,3237,3237_1600_G-イントランス_2026年3月期 決算短信〔日本基準〕(連結).pdf,,,,,,,,5,,,,,,,,,,,,,,,,価格交渉 / 増産 / 価格改定 / 価格転嫁 / 値上 / 想定以上 / 上方修正 / 下方修正 / 想定以下 / 未達 / 大幅 / 計画を上 / 計画を下 / 計画以 / 需要回復 / 需要の回復 / 需要が増 / 需要が低 / 悪化 / グローバルニッチトップ / トップシェア / シェア拡大 / レアアース
20260513,3284,3284_1600_フージャース_2026年3月期 決算説明資料.pdf,,,,11,,,,,,,,,,,,,,,,,,,,価格交渉 / 増産 / 価格改定 / 価格転嫁 / 値上 / 想定以上 / 上方修正 / 下方修正 / 想定以下 / 未達 / 大幅 / 計画を上 / 計画を下 / 計画以 / 需要回復 / 需要の回復 / 需要が増 / 需要が低 / 悪化 / グローバルニッチトップ / トップシェア / シェア拡大 / レアアース
20260513,3284,3284_1600_フージャース_2026年3月期決算短信〔日本基準〕(連結).pdf,,,,,,,,,,,5,,,,,,,,,,,,,価格交渉 / 増産 / 価格改定 / 価格転嫁 / 値上 / 想定以上 / 上方修正 / 下方修正 / 想定以下 / 未達 / 大幅 / 計画を上 / 計画を下 / 計画以 / 需要回復 / 需要の回復 / 需要が増 / 需要が低 / 悪化 / グローバルニッチトップ / トップシェア / シェア拡大 / レアアース
20260513,3350,3350_1700_メタプラネット_2026年12月期 第1四半期決算短信〔日本基準〕(連結).pdf,,,,,,,,,,,6 9,,,,,,,,,,,,,価格交渉 / 増産 / 価格改定 / 価格転嫁 / 値上 / 想定以上 / 上方修正 / 下方修正 / 想定以下 / 未達 / 大幅 / 計画を上 / 計画を下 / 計画以 / 需要回復 / 需要の回復 / 需要が増 / 需要が低 / 悪化 / グローバルニッチトップ / トップシェア / シェア拡大 / レアアース
20260513,3355,3355_1330_クリヤマHD_2026年12月期 第1四半期決算短信〔日本基準〕(連結).pdf,,,,,,,,,,,,,,,,,5,,,,,,,価格交渉 / 増産 / 価格改定 / 価格転嫁 / 値上 / 想定以上 / 上方修正 / 下方修正 / 想定以下 / 未達 / 大幅 / 計画を上 / 計画を下 / 計画以 / 需要回復 / 需要の回復 / 需要が増 / 需要が低 / 悪化 / グローバルニッチトップ / トップシェア / シェア拡大 / レアアース
20260513,3392,3392_1600_デリカフーズHD_2026年3月期 決算短信〔日本基準〕(連結).pdf,,,,,,,,,,,4 5,,,,,,,,,,,,,価格交渉 / 増産 / 価格改定 / 価格転嫁 / 値上 / 想定以上 / 上方修正 / 下方修正 / 想定以下 / 未達 / 大幅 / 計画を上 / 計画を下 / 計画以 / 需要回復 / 需要の回復 / 需要が増 / 需要が低 / 悪化 / グローバルニッチトップ / トップシェア / シェア拡大 / レアアース
20260513,3402,3402_1230_東レ_2026年3月期 決算短信〔IFRS〕(連結).pdf,,,,,,,,,,,,,,,,,,,4 16,,,,,価格交渉 / 増産 / 価格改定 / 価格転嫁 / 値上 / 想定以上 / 上方修正 / 下方修正 / 想定以下 / 未達 / 大幅 / 計画を上 / 計画を下 / 計画以 / 需要回復 / 需要の回復 / 需要が増 / 需要が低 / 悪化 / グローバルニッチトップ / トップシェア / シェア拡大 / レアアース
20260513,3416,3416_1600_ピクスタ_2026年12月期 第1四半期決算短信〔日本基準〕(連結).pdf,,,,,4,,,,,,,,,,,,,,,,,,,価格交渉 / 増産 / 価格改定 / 価格転嫁 / 値上 / 想定以上 / 上方修正 / 下方修正 / 想定以下 / 未達 / 大幅 / 計画を上 / 計画を下 / 計画以 / 需要回復 / 需要の回復 / 需要が増 / 需要が低 / 悪化 / グローバルニッチトップ / トップシェア / シェア拡大 / レアアース
20260513,3416,3416_1600_ピクスタ_2026年12月期 第1四半期決算説明資料.pdf,,,12,,,,,,,,,,,,,,,,,,,,,価格交渉 / 増産 / 価格改定 / 価格転嫁 / 値上 / 想定以上 / 上方修正 / 下方修正 / 想定以下 / 未達 / 大幅 / 計画を上 / 計画を下 / 計画以 / 需要回復 / 需要の回復 / 需要が増 / 需要が低 / 悪化 / グローバルニッチトップ / トップシェア / シェア拡大 / レアアース
20260513,3422,3422_1600_J-MAX_特別損失の計上、2026年3月期通期連結業績予想と実績値との差異及び 剰余金の配当に関するお知らせ.pdf,,1,,,,,,,,,,,,,,,,,,,,,,価格交渉 / 増産 / 価格改定 / 価格転嫁 / 値上 / 想定以上 / 上方修正 / 下方修正 / 想定以下 / 未達 / 大幅 / 計画を上 / 計画を下 / 計画以 / 需要回復 / 需要の回復 / 需要が増 / 需要が低 / 悪化 / グローバルニッチトップ / トップシェア / シェア拡大 / レアアース
20260513,3442,3442_1500_MIEコーポ_中期経営計画策定に関するお知らせ.pdf,,,,,,,,,,,1,,,,,,,,,,,,,価格交渉 / 増産 / 価格改定 / 価格転嫁 / 値上 / 想定以上 / 上方修正 / 下方修正 / 想定以下 / 未達 / 大幅 / 計画を上 / 計画を下 / 計画以 / 需要回復 / 需要の回復 / 需要が増 / 需要が低 / 悪化 / グローバルニッチトップ / トップシェア / シェア拡大 / レアアース
20260513,3449,3449_1630_テクノフレックス_2026年12月期 第1四半期決算短信〔日本基準〕(連結).pdf,,,,,,,,,,,4,,,,,,,,,,,,,価格交渉 / 増産 / 価格改定 / 価格転嫁 / 値上 / 想定以上 / 上方修正 / 下方修正 / 想定以下 / 未達 / 大幅 / 計画を上 / 計画を下 / 計画以 / 需要回復 / 需要の回復 / 需要が増 / 需要が低 / 悪化 / グローバルニッチトップ / トップシェア / シェア拡大 / レアアース
20260513,3457,3457_1530_And Do HLD_2026年6月期 第3四半期 決算説明資料.pdf,,,,,,,,,,,10 23 31,,,,,,,,,,,,,価格交渉 / 増産 / 価格改定 / 価格転嫁 / 値上 / 想定以上 / 上方修正 / 下方修正 / 想定以下 / 未達 / 大幅 / 計画を上 / 計画を下 / 計画以 / 需要回復 / 需要の回復 / 需要が増 / 需要が低 / 悪化 / グローバルニッチトップ / トップシェア / シェア拡大 / レアアース
20260513,3521,3521_1600_テルマー湯HD_2026年3月期 決算短信〔日本基準〕(連結).pdf,,,,,,,,,,,,,,,,,,,4 5,,,,,価格交渉 / 増産 / 価格改定 / 価格転嫁 / 値上 / 想定以上 / 上方修正 / 下方修正 / 想定以下 / 未達 / 大幅 / 計画を上 / 計画を下 / 計画以 / 需要回復 / 需要の回復 / 需要が増 / 需要が低 / 悪化 / グローバルニッチトップ / トップシェア / シェア拡大 / レアアース
20260513,3529,3529_1430_アツギ_通期連結業績予想と実績との差異及び中期経営計画の取り下げに関するお知らせ.pdf,,,,,,,,,,,,,,,,,,,1,,,,,価格交渉 / 増産 / 価格改定 / 価格転嫁 / 値上 / 想定以上 / 上方修正 / 下方修正 / 想定以下 / 未達 / 大幅 / 計画を上 / 計画を下 / 計画以 / 需要回復 / 需要の回復 / 需要が増 / 需要が低 / 悪化 / グローバルニッチトップ / トップシェア / シェア拡大 / レアアース
20260513,3556,3556_0800_G-リネットジャパン_通期連結業績予想の修正(上方修正)に関するお知らせ.pdf,,,,,,,1,,,,,,,,,,,,,,,,,価格交渉 / 増産 / 価格改定 / 価格転嫁 / 値上 / 想定以上 / 上方修正 / 下方修正 / 想定以下 / 未達 / 大幅 / 計画を上 / 計画を下 / 計画以 / 需要回復 / 需要の回復 / 需要が増 / 需要が低 / 悪化 / グローバルニッチトップ / トップシェア / シェア拡大 / レアアース
20260513,3580,3580_1500_小松マテーレ_2026年3月期 決算短信〔日本基準〕(連結).pdf,,,6,,,,,,,,,,,,,,,,,,,,,価格交渉 / 増産 / 価格改定 / 価格転嫁 / 値上 / 想定以上 / 上方修正 / 下方修正 / 想定以下 / 未達 / 大幅 / 計画を上 / 計画を下 / 計画以 / 需要回復 / 需要の回復 / 需要が増 / 需要が低 / 悪化 / グローバルニッチトップ / トップシェア / シェア拡大 / レアアース
20260513,3580,3580_1500_小松マテーレ_2026年3月期 決算説明資料.pdf,,,,,,,,,,,4 5,,,,,,,,,,,,,価格交渉 / 増産 / 価格改定 / 価格転嫁 / 値上 / 想定以上 / 上方修正 / 下方修正 / 想定以下 / 未達 / 大幅 / 計画を上 / 計画を下 / 計画以 / 需要回復 / 需要の回復 / 需要が増 / 需要が低 / 悪化 / グローバルニッチトップ / トップシェア / シェア拡大 / レアアース
20260513,3673,3673_1530_ブロドリーフ_2026年12月期 第1四半期決算説明会資料.pdf,,,,,,,,,,,5,,,,,,,,,,,,,価格交渉 / 増産 / 価格改定 / 価格転嫁 / 値上 / 想定以上 / 上方修正 / 下方修正 / 想定以下 / 未達 / 大幅 / 計画を上 / 計画を下 / 計画以 / 需要回復 / 需要の回復 / 需要が増 / 需要が低 / 悪化 / グローバルニッチトップ / トップシェア / シェア拡大 / レアアース
20260513,3762,3762_1900_テクマト_(訂正)「第42期 通期 決算補足資料」の一部訂正について.pdf,,,,,,,,,,,,28,,,,,,,,,,,,価格交渉 / 増産 / 価格改定 / 価格転嫁 / 値上 / 想定以上 / 上方修正 / 下方修正 / 想定以下 / 未達 / 大幅 / 計画を上 / 計画を下 / 計画以 / 需要回復 / 需要の回復 / 需要が増 / 需要が低 / 悪化 / グローバルニッチトップ / トップシェア / シェア拡大 / レアアース
20260513,3773,3773_1200_G-AMI_2026年3月期 決算短信[日本基準](連結).pdf,,,,,,,,,,,6,,,,,,,,,,,,,価格交渉 / 増産 / 価格改定 / 価格転嫁 / 値上 / 想定以上 / 上方修正 / 下方修正 / 想定以下 / 未達 / 大幅 / 計画を上 / 計画を下 / 計画以 / 需要回復 / 需要の回復 / 需要が増 / 需要が低 / 悪化 / グローバルニッチトップ / トップシェア / シェア拡大 / レアアース
20260513,3775,3775_1730_ガイアックス_2026年12月期 第1四半期決算説明資料.pdf,,,,,,,,,,,45,,,,,,,,,,,,,価格交渉 / 増産 / 価格改定 / 価格転嫁 / 値上 / 想定以上 / 上方修正 / 下方修正 / 想定以下 / 未達 / 大幅 / 計画を上 / 計画を下 / 計画以 / 需要回復 / 需要の回復 / 需要が増 / 需要が低 / 悪化 / グローバルニッチトップ / トップシェア / シェア拡大 / レアアース
20260513,3787,3787_1130_テクノマセマ_2026年3月期 業績予想の修正および営業外収益(為替差益)の計上に関するお知らせ.pdf,,,,,,,,,,1,,,,,,,,,,,,,,価格交渉 / 増産 / 価格改定 / 価格転嫁 / 値上 / 想定以上 / 上方修正 / 下方修正 / 想定以下 / 未達 / 大幅 / 計画を上 / 計画を下 / 計画以 / 需要回復 / 需要の回復 / 需要が増 / 需要が低 / 悪化 / グローバルニッチトップ / トップシェア / シェア拡大 / レアアース
20260513,3800,3800_1400_ユニリタ_中期経営計画の計数目標修正に関するお知らせ.pdf,,,,,,,1,,,,,,,,,,,,,,,,,価格交渉 / 増産 / 価格改定 / 価格転嫁 / 値上 / 想定以上 / 上方修正 / 下方修正 / 想定以下 / 未達 / 大幅 / 計画を上 / 計画を下 / 計画以 / 需要回復 / 需要の回復 / 需要が増 / 需要が低 / 悪化 / グローバルニッチトップ / トップシェア / シェア拡大 / レアアース
20260513,3834,3834_1530_朝日ネット_2026年3月期 決算短信〔日本基準〕(非連結).pdf,,,,,,,,6,,,,,,,,,,,,,,,,価格交渉 / 増産 / 価格改定 / 価格転嫁 / 値上 / 想定以上 / 上方修正 / 下方修正 / 想定以下 / 未達 / 大幅 / 計画を上 / 計画を下 / 計画以 / 需要回復 / 需要の回復 / 需要が増 / 需要が低 / 悪化 / グローバルニッチトップ / トップシェア / シェア拡大 / レアアース
20260513,3840,3840_1715_PATH_中期経営計画取り下げに関するお知らせ.pdf,,,,,,,,,,,1,,,,,,,,,,,,,価格交渉 / 増産 / 価格改定 / 価格転嫁 / 値上 / 想定以上 / 上方修正 / 下方修正 / 想定以下 / 未達 / 大幅 / 計画を上 / 計画を下 / 計画以 / 需要回復 / 需要の回復 / 需要が増 / 需要が低 / 悪化 / グローバルニッチトップ / トップシェア / シェア拡大 / レアアース
20260513,3848,3848_1600_データアプリ_2026年3月期決算 補足資料.pdf,,,,,,15,,,,,,,,,,,,,,,,,,価格交渉 / 増産 / 価格改定 / 価格転嫁 / 値上 / 想定以上 / 上方修正 / 下方修正 / 想定以下 / 未達 / 大幅 / 計画を上 / 計画を下 / 計画以 / 需要回復 / 需要の回復 / 需要が増 / 需要が低 / 悪化 / グローバルニッチトップ / トップシェア / シェア拡大 / レアアース
20260513,3925,3925_1530_ダブルスタンダード_2026年3月期 決算短信〔日本基準〕(連結).pdf,,,,,,,,,,,,,,,,4,,,,,,,,価格交渉 / 増産 / 価格改定 / 価格転嫁 / 値上 / 想定以上 / 上方修正 / 下方修正 / 想定以下 / 未達 / 大幅 / 計画を上 / 計画を下 / 計画以 / 需要回復 / 需要の回復 / 需要が増 / 需要が低 / 悪化 / グローバルニッチトップ / トップシェア / シェア拡大 / レアアース
20260513,3925,3925_1530_ダブルスタンダード_2026年3月期 決算説明資料.pdf,,,,,,,,,,,4 6 19,,,,,,,,,,,,,価格交渉 / 増産 / 価格改定 / 価格転嫁 / 値上 / 想定以上 / 上方修正 / 下方修正 / 想定以下 / 未達 / 大幅 / 計画を上 / 計画を下 / 計画以 / 需要回復 / 需要の回復 / 需要が増 / 需要が低 / 悪化 / グローバルニッチトップ / トップシェア / シェア拡大 / レアアース
20260513,3925,3925_1530_ダブルスタンダード_代表取締役の異動に関するお知らせ.pdf,,,,,,,,,,,,,,,,,,,1,,,,,価格交渉 / 増産 / 価格改定 / 価格転嫁 / 値上 / 想定以上 / 上方修正 / 下方修正 / 想定以下 / 未達 / 大幅 / 計画を上 / 計画を下 / 計画以 / 需要回復 / 需要の回復 / 需要が増 / 需要が低 / 悪化 / グローバルニッチトップ / トップシェア / シェア拡大 / レアアース
20260513,3932,3932_1645_アカツキ_財務上の特約が付された資金の借入及びコミットメントライン契約の締結に関するお知らせ.pdf,,,,,,,,,,,2,,,,,,,,,,,,,価格交渉 / 増産 / 価格改定 / 価格転嫁 / 値上 / 想定以上 / 上方修正 / 下方修正 / 想定以下 / 未達 / 大幅 / 計画を上 / 計画を下 / 計画以 / 需要回復 / 需要の回復 / 需要が増 / 需要が低 / 悪化 / グローバルニッチトップ / トップシェア / シェア拡大 / レアアース
20260513,3944,3944_1600_古林紙工_2026年12月期 第1四半期決算短信[日本基準](連結).pdf,,,,,4,,,,,,,,,,,,,,,,,,,価格交渉 / 増産 / 価格改定 / 価格転嫁 / 値上 / 想定以上 / 上方修正 / 下方修正 / 想定以下 / 未達 / 大幅 / 計画を上 / 計画を下 / 計画以 / 需要回復 / 需要の回復 / 需要が増 / 需要が低 / 悪化 / グローバルニッチトップ / トップシェア / シェア拡大 / レアアース
20260513,3947,3947_1500_ダイナパック_2026年12月期 第1四半期決算短信〔日本基準〕(連結).pdf,,,4,,,,,,,,,,,,,,,,,,,,,価格交渉 / 増産 / 価格改定 / 価格転嫁 / 値上 / 想定以上 / 上方修正 / 下方修正 / 想定以下 / 未達 / 大幅 / 計画を上 / 計画を下 / 計画以 / 需要回復 / 需要の回復 / 需要が増 / 需要が低 / 悪化 / グローバルニッチトップ / トップシェア / シェア拡大 / レアアース
20260513,3968,3968_1130_セグエ_2026年12月期 第1四半期決算短信〔日本基準〕(連結).pdf,,,,,,,,,,,4,,,,,,,,,,,,,価格交渉 / 増産 / 価格改定 / 価格転嫁 / 値上 / 想定以上 / 上方修正 / 下方修正 / 想定以下 / 未達 / 大幅 / 計画を上 / 計画を下 / 計画以 / 需要回復 / 需要の回復 / 需要が増 / 需要が低 / 悪化 / グローバルニッチトップ / トップシェア / シェア拡大 / レアアース
20260513,3992,3992_1540_ニーズウェル_2026年9月期第2四半期(中間期)決算短信〔日本基準〕(連結).pdf,,,,,,,,,,,,,,,,4,,,,,,,,価格交渉 / 増産 / 価格改定 / 価格転嫁 / 値上 / 想定以上 / 上方修正 / 下方修正 / 想定以下 / 未達 / 大幅 / 計画を上 / 計画を下 / 計画以 / 需要回復 / 需要の回復 / 需要が増 / 需要が低 / 悪化 / グローバルニッチトップ / トップシェア / シェア拡大 / レアアース
20260513,4004,4004_1530_レゾナックHD_2026年12月期第1四半期決算短信〔IFRS〕(連結).pdf,,,5,,,,,,,,,,,,,,,,,,,,,価格交渉 / 増産 / 価格改定 / 価格転嫁 / 値上 / 想定以上 / 上方修正 / 下方修正 / 想定以下 / 未達 / 大幅 / 計画を上 / 計画を下 / 計画以 / 需要回復 / 需要の回復 / 需要が増 / 需要が低 / 悪化 / グローバルニッチトップ / トップシェア / シェア拡大 / レアアース
20260513,401A,401A_1530_R-霞ヶ関ホテル_ホテル運営実績に関するお知らせ(2026年3月度).pdf,,,,,,,,,,,2,,,,,,,,,,,,,価格交渉 / 増産 / 価格改定 / 価格転嫁 / 値上 / 想定以上 / 上方修正 / 下方修正 / 想定以下 / 未達 / 大幅 / 計画を上 / 計画を下 / 計画以 / 需要回復 / 需要の回復 / 需要が増 / 需要が低 / 悪化 / グローバルニッチトップ / トップシェア / シェア拡大 / レアアース
20260513,4027,4027_1530_テイカ_特別損失の計上及び通期連結業績予想と実績との差異に関するお知らせ.pdf,,,,,,,,,,,,,,,,,,,1,,,,,価格交渉 / 増産 / 価格改定 / 価格転嫁 / 値上 / 想定以上 / 上方修正 / 下方修正 / 想定以下 / 未達 / 大幅 / 計画を上 / 計画を下 / 計画以 / 需要回復 / 需要の回復 / 需要が増 / 需要が低 / 悪化 / グローバルニッチトップ / トップシェア / シェア拡大 / レアアース
20260513,4045,4045_1730_東亜合_2026年12月期 第1四半期決算説明資料.pdf,,,,,,,,,,,,,,,,12,,,,,,,,価格交渉 / 増産 / 価格改定 / 価格転嫁 / 値上 / 想定以上 / 上方修正 / 下方修正 / 想定以下 / 未達 / 大幅 / 計画を上 / 計画を下 / 計画以 / 需要回復 / 需要の回復 / 需要が増 / 需要が低 / 悪化 / グローバルニッチトップ / トップシェア / シェア拡大 / レアアース
20260513,4055,4055_1530_G-ティアンドエスG_2026年9月期 第2四半期(中間期)決算短信〔日本基準〕(連結).pdf,,,,,,,,,,,4,,,,,,,,,,,,,価格交渉 / 増産 / 価格改定 / 価格転嫁 / 値上 / 想定以上 / 上方修正 / 下方修正 / 想定以下 / 未達 / 大幅 / 計画を上 / 計画を下 / 計画以 / 需要回復 / 需要の回復 / 需要が増 / 需要が低 / 悪化 / グローバルニッチトップ / トップシェア / シェア拡大 / レアアース
20260513,4055,4055_1530_G-ティアンドエスG_2026年9月期 第2四半期決算補足説明資料.pdf,,,,,,,,,,,3 8 17,,,,,,,,,,,,,価格交渉 / 増産 / 価格改定 / 価格転嫁 / 値上 / 想定以上 / 上方修正 / 下方修正 / 想定以下 / 未達 / 大幅 / 計画を上 / 計画を下 / 計画以 / 需要回復 / 需要の回復 / 需要が増 / 需要が低 / 悪化 / グローバルニッチトップ / トップシェア / シェア拡大 / レアアース
20260513,4056,4056_1530_G-ニューラル_2026年12月期第1四半期決算短信〔日本基準〕(連結).pdf,,,,,,,,,,,,,,,,,,,4,,,,,価格交渉 / 増産 / 価格改定 / 価格転嫁 / 値上 / 想定以上 / 上方修正 / 下方修正 / 想定以下 / 未達 / 大幅 / 計画を上 / 計画を下 / 計画以 / 需要回復 / 需要の回復 / 需要が増 / 需要が低 / 悪化 / グローバルニッチトップ / トップシェア / シェア拡大 / レアアース
20260513,4061,4061_1000_デンカ_2026年3月期 決算短信〔日本基準〕(連結).pdf,,,,,,,,,,,,,,,4,,,,,,,,,価格交渉 / 増産 / 価格改定 / 価格転嫁 / 値上 / 想定以上 / 上方修正 / 下方修正 / 想定以下 / 未達 / 大幅 / 計画を上 / 計画を下 / 計画以 / 需要回復 / 需要の回復 / 需要が増 / 需要が低 / 悪化 / グローバルニッチトップ / トップシェア / シェア拡大 / レアアース
20260513,4064,4064_1600_カーバイド_2026年3月期 決算短信〔日本基準〕(連結).pdf,,,,7,,,,,,,,,,,,,,,,,,,,価格交渉 / 増産 / 価格改定 / 価格転嫁 / 値上 / 想定以上 / 上方修正 / 下方修正 / 想定以下 / 未達 / 大幅 / 計画を上 / 計画を下 / 計画以 / 需要回復 / 需要の回復 / 需要が増 / 需要が低 / 悪化 / グローバルニッチトップ / トップシェア / シェア拡大 / レアアース
20260513,4072,4072_1500_電算システムHD_2026年12月期 第1四半期決算短信〔日本基準〕(連結).pdf,,,,,,,,,,,,4,,,,,,,,,,,,価格交渉 / 増産 / 価格改定 / 価格転嫁 / 値上 / 想定以上 / 上方修正 / 下方修正 / 想定以下 / 未達 / 大幅 / 計画を上 / 計画を下 / 計画以 / 需要回復 / 需要の回復 / 需要が増 / 需要が低 / 悪化 / グローバルニッチトップ / トップシェア / シェア拡大 / レアアース
20260513,4168,4168_1530_G-ヤプリ_2026年12月期 第1四半期決算 決算説明資料.pdf,,,,,,,,,,,13 14 15 27 28 33 34 35 41 46,,,,,,,,,,,,,価格交渉 / 増産 / 価格改定 / 価格転嫁 / 値上 / 想定以上 / 上方修正 / 下方修正 / 想定以下 / 未達 / 大幅 / 計画を上 / 計画を下 / 計画以 / 需要回復 / 需要の回復 / 需要が増 / 需要が低 / 悪化 / グローバルニッチトップ / トップシェア / シェア拡大 / レアアース
20260513,4171,4171_1530_グローバルI_2026年12月期 第1四半期決算短信〔日本基準〕(連結).pdf,,,,,,,,,,,,,,,,,,,,,,4,,価格交渉 / 増産 / 価格改定 / 価格転嫁 / 値上 / 想定以上 / 上方修正 / 下方修正 / 想定以下 / 未達 / 大幅 / 計画を上 / 計画を下 / 計画以 / 需要回復 / 需要の回復 / 需要が増 / 需要が低 / 悪化 / グローバルニッチトップ / トップシェア / シェア拡大 / レアアース
20260513,4172,4172_1200_Hiクラテス_2026年9月期第2四半期(中間期)決算短信〔日本基準〕(非連結).pdf,,,,,,,4,,,,,,,,,,,,,,,,,価格交渉 / 増産 / 価格改定 / 価格転嫁 / 値上 / 想定以上 / 上方修正 / 下方修正 / 想定以下 / 未達 / 大幅 / 計画を上 / 計画を下 / 計画以 / 需要回復 / 需要の回復 / 需要が増 / 需要が低 / 悪化 / グローバルニッチトップ / トップシェア / シェア拡大 / レアアース
20260513,4182,4182_1530_菱瓦斯化_2026年3月期 決算短信[日本基準](連結).pdf,,,,,,,,,,,,,,,,,,,4 6,,,,,価格交渉 / 増産 / 価格改定 / 価格転嫁 / 値上 / 想定以上 / 上方修正 / 下方修正 / 想定以下 / 未達 / 大幅 / 計画を上 / 計画を下 / 計画以 / 需要回復 / 需要の回復 / 需要が増 / 需要が低 / 悪化 / グローバルニッチトップ / トップシェア / シェア拡大 / レアアース
20260513,4208,4208_1530_UBE_2026年3月期 連結決算概要 2027年3月期 連結業績予想 説明資料.pdf,,,,,37,,,,,,,,,,,,,,,,,,,価格交渉 / 増産 / 価格改定 / 価格転嫁 / 値上 / 想定以上 / 上方修正 / 下方修正 / 想定以下 / 未達 / 大幅 / 計画を上 / 計画を下 / 計画以 / 需要回復 / 需要の回復 / 需要が増 / 需要が低 / 悪化 / グローバルニッチトップ / トップシェア / シェア拡大 / レアアース
20260513,4212,4212_1600_積水樹脂_資本コストや株価を意識した経営への取り組みについて(アップデート).pdf,,,,,,,,,,,9,,,,,,,,,,,,,価格交渉 / 増産 / 価格改定 / 価格転嫁 / 値上 / 想定以上 / 上方修正 / 下方修正 / 想定以下 / 未達 / 大幅 / 計画を上 / 計画を下 / 計画以 / 需要回復 / 需要の回復 / 需要が増 / 需要が低 / 悪化 / グローバルニッチトップ / トップシェア / シェア拡大 / レアアース
20260513,4231,4231_1600_タイガーポリ_2026年3月期決算短信〔日本基準〕(連結).pdf,,,,,4,,,,,,,,,,,,,,,,,,,価格交渉 / 増産 / 価格改定 / 価格転嫁 / 値上 / 想定以上 / 上方修正 / 下方修正 / 想定以下 / 未達 / 大幅 / 計画を上 / 計画を下 / 計画以 / 需要回復 / 需要の回復 / 需要が増 / 需要が低 / 悪化 / グローバルニッチトップ / トップシェア / シェア拡大 / レアアース
20260513,4231,4231_1600_タイガーポリ_当社株式の大量買付行為等に関する対応策(買収への対応方針)の継続について.pdf,,,,,,,,,,,2,,,,,,,,,,,,,価格交渉 / 増産 / 価格改定 / 価格転嫁 / 値上 / 想定以上 / 上方修正 / 下方修正 / 想定以下 / 未達 / 大幅 / 計画を上 / 計画を下 / 計画以 / 需要回復 / 需要の回復 / 需要が増 / 需要が低 / 悪化 / グローバルニッチトップ / トップシェア / シェア拡大 / レアアース
20260513,4243,4243_1530_ニックス_2026年9月期第2四半期(中間期)決算短信〔日本基準〕(連結).pdf,,,,,,,,,,,,,,,,,4,,,,,,,価格交渉 / 増産 / 価格改定 / 価格転嫁 / 値上 / 想定以上 / 上方修正 / 下方修正 / 想定以下 / 未達 / 大幅 / 計画を上 / 計画を下 / 計画以 / 需要回復 / 需要の回復 / 需要が増 / 需要が低 / 悪化 / グローバルニッチトップ / トップシェア / シェア拡大 / レアアース
20260513,4246,4246_1600_DNC_2026年3月期 決算短信〔日本基準〕(連結).pdf,,,,,6,,,,,,,,,,,,,,,,,,,価格交渉 / 増産 / 価格改定 / 価格転嫁 / 値上 / 想定以上 / 上方修正 / 下方修正 / 想定以下 / 未達 / 大幅 / 計画を上 / 計画を下 / 計画以 / 需要回復 / 需要の回復 / 需要が増 / 需要が低 / 悪化 / グローバルニッチトップ / トップシェア / シェア拡大 / レアアース
20260513,4258,4258_1605_G-網屋_2026年12月期 第1四半期決算説明資料.pdf,,,,,,,,,,,,,,,,,,,,,39,,,価格交渉 / 増産 / 価格改定 / 価格転嫁 / 値上 / 想定以上 / 上方修正 / 下方修正 / 想定以下 / 未達 / 大幅 / 計画を上 / 計画を下 / 計画以 / 需要回復 / 需要の回復 / 需要が増 / 需要が低 / 悪化 / グローバルニッチトップ / トップシェア / シェア拡大 / レアアース
20260513,4264,4264_1530_G-セキュア_2026年12月期第1四半期決算短信〔日本基準〕(連結).pdf,,,,,,,,,,,4 11,,,,,,,,,,,,,価格交渉 / 増産 / 価格改定 / 価格転嫁 / 値上 / 想定以上 / 上方修正 / 下方修正 / 想定以下 / 未達 / 大幅 / 計画を上 / 計画を下 / 計画以 / 需要回復 / 需要の回復 / 需要が増 / 需要が低 / 悪化 / グローバルニッチトップ / トップシェア / シェア拡大 / レアアース
20260513,4264,4264_1530_G-セキュア_2026年12月期第1四半期決算説明資料.pdf,,,,,,,,,,,11,,,,,,,,,,,,,価格交渉 / 増産 / 価格改定 / 価格転嫁 / 値上 / 想定以上 / 上方修正 / 下方修正 / 想定以下 / 未達 / 大幅 / 計画を上 / 計画を下 / 計画以 / 需要回復 / 需要の回復 / 需要が増 / 需要が低 / 悪化 / グローバルニッチトップ / トップシェア / シェア拡大 / レアアース
20260513,429A,429A_1530_テクセンド_2026年3月期決算短信〔IFRS〕(連結).pdf,,,,,,,,,,,,,,,,4,,,,,,,,価格交渉 / 増産 / 価格改定 / 価格転嫁 / 値上 / 想定以上 / 上方修正 / 下方修正 / 想定以下 / 未達 / 大幅 / 計画を上 / 計画を下 / 計画以 / 需要回復 / 需要の回復 / 需要が増 / 需要が低 / 悪化 / グローバルニッチトップ / トップシェア / シェア拡大 / レアアース
20260513,429A,429A_1530_テクセンド_2026年3月期通期決算説明会資料.pdf,,,,,,,,,,,19 30,,,,,,,,,,,,,価格交渉 / 増産 / 価格改定 / 価格転嫁 / 値上 / 想定以上 / 上方修正 / 下方修正 / 想定以下 / 未達 / 大幅 / 計画を上 / 計画を下 / 計画以 / 需要回復 / 需要の回復 / 需要が増 / 需要が低 / 悪化 / グローバルニッチトップ / トップシェア / シェア拡大 / レアアース
20260513,4331,4331_1530_T&Gニーズ_2026年12月期 第1四半期決算短信[日本基準](連結).pdf,,,,,,,,,,,,4,,,,,,,,,,,,価格交渉 / 増産 / 価格改定 / 価格転嫁 / 値上 / 想定以上 / 上方修正 / 下方修正 / 想定以下 / 未達 / 大幅 / 計画を上 / 計画を下 / 計画以 / 需要回復 / 需要の回復 / 需要が増 / 需要が低 / 悪化 / グローバルニッチトップ / トップシェア / シェア拡大 / レアアース
20260513,4331,4331_1530_T&Gニーズ_2026年12月期 第1四半期決算説明資料.pdf,,,,,,,,,,,,6 11,,,,,,,,,,,,価格交渉 / 増産 / 価格改定 / 価格転嫁 / 値上 / 想定以上 / 上方修正 / 下方修正 / 想定以下 / 未達 / 大幅 / 計画を上 / 計画を下 / 計画以 / 需要回復 / 需要の回復 / 需要が増 / 需要が低 / 悪化 / グローバルニッチトップ / トップシェア / シェア拡大 / レアアース
20260513,4356,4356_1530_応用技術_2026年12月期 第1四半期決算短信〔日本基準〕(非連結).pdf,,,,,,,,,,,5 6,,,,,,,,,,,,,価格交渉 / 増産 / 価格改定 / 価格転嫁 / 値上 / 想定以上 / 上方修正 / 下方修正 / 想定以下 / 未達 / 大幅 / 計画を上 / 計画を下 / 計画以 / 需要回復 / 需要の回復 / 需要が増 / 需要が低 / 悪化 / グローバルニッチトップ / トップシェア / シェア拡大 / レアアース
20260513,4367,4367_1300_広栄化学_支配株主等に関する事項について.pdf,1,,,,,,,,,,,,,,,,,,,,,,,価格交渉 / 増産 / 価格改定 / 価格転嫁 / 値上 / 想定以上 / 上方修正 / 下方修正 / 想定以下 / 未達 / 大幅 / 計画を上 / 計画を下 / 計画以 / 需要回復 / 需要の回復 / 需要が増 / 需要が低 / 悪化 / グローバルニッチトップ / トップシェア / シェア拡大 / レアアース
20260513,4389,4389_1530_G-プロパティDBK_2026年3月期 決算短信〔日本基準〕(連結).pdf,,,,,,,,,,,5,,,,,,,,,,,,,価格交渉 / 増産 / 価格改定 / 価格転嫁 / 値上 / 想定以上 / 上方修正 / 下方修正 / 想定以下 / 未達 / 大幅 / 計画を上 / 計画を下 / 計画以 / 需要回復 / 需要の回復 / 需要が増 / 需要が低 / 悪化 / グローバルニッチトップ / トップシェア / シェア拡大 / レアアース
20260513,4389,4389_1530_G-プロパティDBK_2026年3月期 決算短信補足説明資料.pdf,,,,,,,,,,,4,,,,,,,,,,,,,価格交渉 / 増産 / 価格改定 / 価格転嫁 / 値上 / 想定以上 / 上方修正 / 下方修正 / 想定以下 / 未達 / 大幅 / 計画を上 / 計画を下 / 計画以 / 需要回復 / 需要の回復 / 需要が増 / 需要が低 / 悪化 / グローバルニッチトップ / トップシェア / シェア拡大 / レアアース
20260513,4415,4415_1600_G-ブロードエンター_2026年12月期 第1四半期決算短信〔日本基準〕(非連結).pdf,,,,,,,,,,,4,,,,,,,,,,,,,価格交渉 / 増産 / 価格改定 / 価格転嫁 / 値上 / 想定以上 / 上方修正 / 下方修正 / 想定以下 / 未達 / 大幅 / 計画を上 / 計画を下 / 計画以 / 需要回復 / 需要の回復 / 需要が増 / 需要が低 / 悪化 / グローバルニッチトップ / トップシェア / シェア拡大 / レアアース
20260513,4417,4417_1750_G-グローバルセキュ_2026年3月期 決算説明会(質疑応答集).pdf,,,,,,,,,,,2,,,,,,,,,,,,,価格交渉 / 増産 / 価格改定 / 価格転嫁 / 値上 / 想定以上 / 上方修正 / 下方修正 / 想定以下 / 未達 / 大幅 / 計画を上 / 計画を下 / 計画以 / 需要回復 / 需要の回復 / 需要が増 / 需要が低 / 悪化 / グローバルニッチトップ / トップシェア / シェア拡大 / レアアース
20260513,4436,4436_0915_G-ミンカブ_本社移転に関するお知らせ.pdf,,,,,,,1,,,,,,,,,,,,,,,,,価格交渉 / 増産 / 価格改定 / 価格転嫁 / 値上 / 想定以上 / 上方修正 / 下方修正 / 想定以下 / 未達 / 大幅 / 計画を上 / 計画を下 / 計画以 / 需要回復 / 需要の回復 / 需要が増 / 需要が低 / 悪化 / グローバルニッチトップ / トップシェア / シェア拡大 / レアアース
20260513,4449,4449_1530_ギフティ_2026年12月期第1四半期決算説明資料.pdf,,,,,,,,,,,56,,,,,,,,,,,,,価格交渉 / 増産 / 価格改定 / 価格転嫁 / 値上 / 想定以上 / 上方修正 / 下方修正 / 想定以下 / 未達 / 大幅 / 計画を上 / 計画を下 / 計画以 / 需要回復 / 需要の回復 / 需要が増 / 需要が低 / 悪化 / グローバルニッチトップ / トップシェア / シェア拡大 / レアアース
20260513,4461,4461_1400_第一工業_2026年3月期 決算短信〔日本基準〕(連結).pdf,,,,,,,,,,,4 5,,,,,,,,,,,,,価格交渉 / 増産 / 価格改定 / 価格転嫁 / 値上 / 想定以上 / 上方修正 / 下方修正 / 想定以下 / 未達 / 大幅 / 計画を上 / 計画を下 / 計画以 / 需要回復 / 需要の回復 / 需要が増 / 需要が低 / 悪化 / グローバルニッチトップ / トップシェア / シェア拡大 / レアアース
20260513,4471,4471_1500_三洋化成_中期経営計画 2030.pdf,,1,,,,,,,,,,,,,,,,,,,,,,価格交渉 / 増産 / 価格改定 / 価格転嫁 / 値上 / 想定以上 / 上方修正 / 下方修正 / 想定以下 / 未達 / 大幅 / 計画を上 / 計画を下 / 計画以 / 需要回復 / 需要の回復 / 需要が増 / 需要が低 / 悪化 / グローバルニッチトップ / トップシェア / シェア拡大 / レアアース
20260513,4478,4478_1530_G-フリー_2026年6月期第3四半期決算短信〔日本基準〕(連結).pdf,,,,,,,6,,,,,,,,,,,,,,,,,価格交渉 / 増産 / 価格改定 / 価格転嫁 / 値上 / 想定以上 / 上方修正 / 下方修正 / 想定以下 / 未達 / 大幅 / 計画を上 / 計画を下 / 計画以 / 需要回復 / 需要の回復 / 需要が増 / 需要が低 / 悪化 / グローバルニッチトップ / トップシェア / シェア拡大 / レアアース
20260513,4488,4488_1535_G-AIinside_2026年3月期 決算説明資料.pdf,,,,,,,,,,,17 43,,,,,,,,,,,,,価格交渉 / 増産 / 価格改定 / 価格転嫁 / 値上 / 想定以上 / 上方修正 / 下方修正 / 想定以下 / 未達 / 大幅 / 計画を上 / 計画を下 / 計画以 / 需要回復 / 需要の回復 / 需要が増 / 需要が低 / 悪化 / グローバルニッチトップ / トップシェア / シェア拡大 / レアアース
20260513,4502,4502_1600_武田薬_当社取締役に対する株式報酬制度および国内の当社幹部に対する株式付与制度の2026年における継続について.pdf,,,,,,,,,,5 7,,,,,,,,,,,,,,価格交渉 / 増産 / 価格改定 / 価格転嫁 / 値上 / 想定以上 / 上方修正 / 下方修正 / 想定以下 / 未達 / 大幅 / 計画を上 / 計画を下 / 計画以 / 需要回復 / 需要の回復 / 需要が増 / 需要が低 / 悪化 / グローバルニッチトップ / トップシェア / シェア拡大 / レアアース
20260513,4506,4506_1300_住友ファーマ_2026年3月期決算短信〔IFRS〕(連結).pdf,,,,,,,,,,,5 6 10,,,,,,,,,,,,,価格交渉 / 増産 / 価格改定 / 価格転嫁 / 値上 / 想定以上 / 上方修正 / 下方修正 / 想定以下 / 未達 / 大幅 / 計画を上 / 計画を下 / 計画以 / 需要回復 / 需要の回復 / 需要が増 / 需要が低 / 悪化 / グローバルニッチトップ / トップシェア / シェア拡大 / レアアース
20260513,4521,4521_1530_科研薬_資本コストや株価を意識した経営の実現に向けた対応について(アップデート).pdf,,,,,,,,,,,12,,,,,,,,,,,,,価格交渉 / 増産 / 価格改定 / 価格転嫁 / 値上 / 想定以上 / 上方修正 / 下方修正 / 想定以下 / 未達 / 大幅 / 計画を上 / 計画を下 / 計画以 / 需要回復 / 需要の回復 / 需要が増 / 需要が低 / 悪化 / グローバルニッチトップ / トップシェア / シェア拡大 / レアアース
20260513,4526,4526_1600_理研ビタミン_2026年3月期 決算補足資料.pdf,,,2 3,,,,,,,,,,,,,,,,,,,,,価格交渉 / 増産 / 価格改定 / 価格転嫁 / 値上 / 想定以上 / 上方修正 / 下方修正 / 想定以下 / 未達 / 大幅 / 計画を上 / 計画を下 / 計画以 / 需要回復 / 需要の回復 / 需要が増 / 需要が低 / 悪化 / グローバルニッチトップ / トップシェア / シェア拡大 / レアアース
20260513,4527,4527_1530_ロート薬_2026年3月期決算短信〔日本基準〕(連結).pdf,,,,,,,,,,,4 5,,,,,,,,,,,,,価格交渉 / 増産 / 価格改定 / 価格転嫁 / 値上 / 想定以上 / 上方修正 / 下方修正 / 想定以下 / 未達 / 大幅 / 計画を上 / 計画を下 / 計画以 / 需要回復 / 需要の回復 / 需要が増 / 需要が低 / 悪化 / グローバルニッチトップ / トップシェア / シェア拡大 / レアアース
20260513,4558,4558_1600_中京医薬_2026年3月期 決算短信〔日本基準〕(非連結).pdf,,,,,5,,,,,,,,,,,,,,,,,,,価格交渉 / 増産 / 価格改定 / 価格転嫁 / 値上 / 想定以上 / 上方修正 / 下方修正 / 想定以下 / 未達 / 大幅 / 計画を上 / 計画を下 / 計画以 / 需要回復 / 需要の回復 / 需要が増 / 需要が低 / 悪化 / グローバルニッチトップ / トップシェア / シェア拡大 / レアアース
20260513,4570,4570_1530_G-免疫生物研究所_2026年3月期 決算短信〔日本基準〕(連結).pdf,,,,,,,,,,,4,,,,,,,,,,,,,価格交渉 / 増産 / 価格改定 / 価格転嫁 / 値上 / 想定以上 / 上方修正 / 下方修正 / 想定以下 / 未達 / 大幅 / 計画を上 / 計画を下 / 計画以 / 需要回復 / 需要の回復 / 需要が増 / 需要が低 / 悪化 / グローバルニッチトップ / トップシェア / シェア拡大 / レアアース
20260513,4587,4587_1530_ペプチドリーム_2026年12月期第1四半期決算短信〔IFRS〕(連結).pdf,,,,,,,,,,,6 19,,,,,,,,,,,,,価格交渉 / 増産 / 価格改定 / 価格転嫁 / 値上 / 想定以上 / 上方修正 / 下方修正 / 想定以下 / 未達 / 大幅 / 計画を上 / 計画を下 / 計画以 / 需要回復 / 需要の回復 / 需要が増 / 需要が低 / 悪化 / グローバルニッチトップ / トップシェア / シェア拡大 / レアアース
20260513,4611,4611_1400_大日塗料_2026年3月期決算短信〔日本基準〕(連結).pdf,,,,,,,,,,,,,,,,4,,,,,,,,価格交渉 / 増産 / 価格改定 / 価格転嫁 / 値上 / 想定以上 / 上方修正 / 下方修正 / 想定以下 / 未達 / 大幅 / 計画を上 / 計画を下 / 計画以 / 需要回復 / 需要の回復 / 需要が増 / 需要が低 / 悪化 / グローバルニッチトップ / トップシェア / シェア拡大 / レアアース
20260513,4625,4625_1000_アトミクス_業績予想の修正に関するお知らせ.pdf,,,1,,,,,,,,,,,,,,,,,,,,,価格交渉 / 増産 / 価格改定 / 価格転嫁 / 値上 / 想定以上 / 上方修正 / 下方修正 / 想定以下 / 未達 / 大幅 / 計画を上 / 計画を下 / 計画以 / 需要回復 / 需要の回復 / 需要が増 / 需要が低 / 悪化 / グローバルニッチトップ / トップシェア / シェア拡大 / レアアース
20260513,4658,4658_1620_日本空調_2026年3月期 決算短信〔日本基準〕(連結).pdf,,,,,,,,,,,7,,,,,,,,,,,,,価格交渉 / 増産 / 価格改定 / 価格転嫁 / 値上 / 想定以上 / 上方修正 / 下方修正 / 想定以下 / 未達 / 大幅 / 計画を上 / 計画を下 / 計画以 / 需要回復 / 需要の回復 / 需要が増 / 需要が低 / 悪化 / グローバルニッチトップ / トップシェア / シェア拡大 / レアアース
20260513,4658,4658_1620_日本空調_「2026中期4ヵ年経営計画」の策定に関するお知らせ.pdf,,,,,,,,,,,4,,,,,,,,,,,,,価格交渉 / 増産 / 価格改定 / 価格転嫁 / 値上 / 想定以上 / 上方修正 / 下方修正 / 想定以下 / 未達 / 大幅 / 計画を上 / 計画を下 / 計画以 / 需要回復 / 需要の回復 / 需要が増 / 需要が低 / 悪化 / グローバルニッチトップ / トップシェア / シェア拡大 / レアアース
20260513,4680,4680_1130_ラウンドワン_2026年3月期 決算短信〔IFRS〕(連結).pdf,,,,,4,,,,,,,,,,,,,,,,,,,価格交渉 / 増産 / 価格改定 / 価格転嫁 / 値上 / 想定以上 / 上方修正 / 下方修正 / 想定以下 / 未達 / 大幅 / 計画を上 / 計画を下 / 計画以 / 需要回復 / 需要の回復 / 需要が増 / 需要が低 / 悪化 / グローバルニッチトップ / トップシェア / シェア拡大 / レアアース
20260513,4705,4705_1030_クリップ_業績予想の修正に関するお知らせ.pdf,,,,,,,,,,,,,,,,,,,1,,,,,価格交渉 / 増産 / 価格改定 / 価格転嫁 / 値上 / 想定以上 / 上方修正 / 下方修正 / 想定以下 / 未達 / 大幅 / 計画を上 / 計画を下 / 計画以 / 需要回復 / 需要の回復 / 需要が増 / 需要が低 / 悪化 / グローバルニッチトップ / トップシェア / シェア拡大 / レアアース
20260513,4751,4751_1530_サイバーエージェント_2026年9月期 第2四半期(中間期)決算短信[日本基準](連結).pdf,,,,,,,,,,,4,,,,,,,,,,,,,価格交渉 / 増産 / 価格改定 / 価格転嫁 / 値上 / 想定以上 / 上方修正 / 下方修正 / 想定以下 / 未達 / 大幅 / 計画を上 / 計画を下 / 計画以 / 需要回復 / 需要の回復 / 需要が増 / 需要が低 / 悪化 / グローバルニッチトップ / トップシェア / シェア拡大 / レアアース
20260513,4761,4761_1530_さくらKCS_新中期経営計画の策定に関するお知らせ.pdf,,,,,,,,,,,1,,,,,,,,,,,,,価格交渉 / 増産 / 価格改定 / 価格転嫁 / 値上 / 想定以上 / 上方修正 / 下方修正 / 想定以下 / 未達 / 大幅 / 計画を上 / 計画を下 / 計画以 / 需要回復 / 需要の回復 / 需要が増 / 需要が低 / 悪化 / グローバルニッチトップ / トップシェア / シェア拡大 / レアアース
20260513,4771,4771_1600_エフアンドエム_業績予想の修正に関するお知らせ.pdf,,,,,,,,,,,,1,,,,,,,,,,,,価格交渉 / 増産 / 価格改定 / 価格転嫁 / 値上 / 想定以上 / 上方修正 / 下方修正 / 想定以下 / 未達 / 大幅 / 計画を上 / 計画を下 / 計画以 / 需要回復 / 需要の回復 / 需要が増 / 需要が低 / 悪化 / グローバルニッチトップ / トップシェア / シェア拡大 / レアアース
20260513,477A,477A_1600_G-スタートライン_法人税等調整額(益)の計上及び通期業績予想の修正に関するお知らせ.pdf,,,,,,,1,,,,,,,,,,,,,,,,,価格交渉 / 増産 / 価格改定 / 価格転嫁 / 値上 / 想定以上 / 上方修正 / 下方修正 / 想定以下 / 未達 / 大幅 / 計画を上 / 計画を下 / 計画以 / 需要回復 / 需要の回復 / 需要が増 / 需要が低 / 悪化 / グローバルニッチトップ / トップシェア / シェア拡大 / レアアース
20260513,4816,4816_1530_東映アニメ_2026年3月期 決算補足資料.pdf,,,,,,,,,,,7 10 18,,,,,,,,,,,,,価格交渉 / 増産 / 価格改定 / 価格転嫁 / 値上 / 想定以上 / 上方修正 / 下方修正 / 想定以下 / 未達 / 大幅 / 計画を上 / 計画を下 / 計画以 / 需要回復 / 需要の回復 / 需要が増 / 需要が低 / 悪化 / グローバルニッチトップ / トップシェア / シェア拡大 / レアアース
20260513,4816,4816_1530_東映アニメ_2026年3月期決算短信〔日本基準〕(連結).pdf,,,,,,,,,,,4 5 8,,,,,,,,,,,,,価格交渉 / 増産 / 価格改定 / 価格転嫁 / 値上 / 想定以上 / 上方修正 / 下方修正 / 想定以下 / 未達 / 大幅 / 計画を上 / 計画を下 / 計画以 / 需要回復 / 需要の回復 / 需要が増 / 需要が低 / 悪化 / グローバルニッチトップ / トップシェア / シェア拡大 / レアアース
20260513,4847,4847_1530_IWI_2026年6月期第3四半期決算短信〔日本基準〕(非連結).pdf,,,,,,,,5,,,,,,,,,,,,,,,,価格交渉 / 増産 / 価格改定 / 価格転嫁 / 値上 / 想定以上 / 上方修正 / 下方修正 / 想定以下 / 未達 / 大幅 / 計画を上 / 計画を下 / 計画以 / 需要回復 / 需要の回復 / 需要が増 / 需要が低 / 悪化 / グローバルニッチトップ / トップシェア / シェア拡大 / レアアース
20260513,4847,4847_1530_IWI_通期業績予想の修正に関するお知らせ.pdf,,,,,,,,1,,,,,,,,,,,,,,,,価格交渉 / 増産 / 価格改定 / 価格転嫁 / 値上 / 想定以上 / 上方修正 / 下方修正 / 想定以下 / 未達 / 大幅 / 計画を上 / 計画を下 / 計画以 / 需要回復 / 需要の回復 / 需要が増 / 需要が低 / 悪化 / グローバルニッチトップ / トップシェア / シェア拡大 / レアアース
20260513,4883,4883_1530_G-モダリス_2026年12月期 第1四半期決算説明資料.pdf,,,,,,,,,,,,,,,,,,,24,,,,,価格交渉 / 増産 / 価格改定 / 価格転嫁 / 値上 / 想定以上 / 上方修正 / 下方修正 / 想定以下 / 未達 / 大幅 / 計画を上 / 計画を下 / 計画以 / 需要回復 / 需要の回復 / 需要が増 / 需要が低 / 悪化 / グローバルニッチトップ / トップシェア / シェア拡大 / レアアース
20260513,4888,4888_1530_G-ステラファーマ_2026年3月期 決算短信〔日本基準〕(非連結).pdf,,,,,,,,,,,5,,,,,,,,,,,,,価格交渉 / 増産 / 価格改定 / 価格転嫁 / 値上 / 想定以上 / 上方修正 / 下方修正 / 想定以下 / 未達 / 大幅 / 計画を上 / 計画を下 / 計画以 / 需要回復 / 需要の回復 / 需要が増 / 需要が低 / 悪化 / グローバルニッチトップ / トップシェア / シェア拡大 / レアアース
20260513,4888,4888_1530_G-ステラファーマ_2026年3月期 決算補足資料.pdf,,,,,,,,,,,5 9,,,,,,,,,,,,,価格交渉 / 増産 / 価格改定 / 価格転嫁 / 値上 / 想定以上 / 上方修正 / 下方修正 / 想定以下 / 未達 / 大幅 / 計画を上 / 計画を下 / 計画以 / 需要回復 / 需要の回復 / 需要が増 / 需要が低 / 悪化 / グローバルニッチトップ / トップシェア / シェア拡大 / レアアース
20260513,4926,4926_1530_シーボン_2026年3月期 決算短信〔日本基準〕(連結).pdf,,,,,,,,,,,,,,,,4,,,,,,,,価格交渉 / 増産 / 価格改定 / 価格転嫁 / 値上 / 想定以上 / 上方修正 / 下方修正 / 想定以下 / 未達 / 大幅 / 計画を上 / 計画を下 / 計画以 / 需要回復 / 需要の回復 / 需要が増 / 需要が低 / 悪化 / グローバルニッチトップ / トップシェア / シェア拡大 / レアアース
20260513,4931,4931_1530_新日本製薬_2026年9月期第2四半期(中間期)決算短信〔日本基準〕(連結).pdf,,,,,,,,,,,,,4,,,,,,,,,,,価格交渉 / 増産 / 価格改定 / 価格転嫁 / 値上 / 想定以上 / 上方修正 / 下方修正 / 想定以下 / 未達 / 大幅 / 計画を上 / 計画を下 / 計画以 / 需要回復 / 需要の回復 / 需要が増 / 需要が低 / 悪化 / グローバルニッチトップ / トップシェア / シェア拡大 / レアアース
20260513,4974,4974_1530_タカラバイオ_2026年3月期 決算短信〔日本基準〕(連結).pdf,,,,,,,,,,,4 5,,,,,,,,,,,,,価格交渉 / 増産 / 価格改定 / 価格転嫁 / 値上 / 想定以上 / 上方修正 / 下方修正 / 想定以下 / 未達 / 大幅 / 計画を上 / 計画を下 / 計画以 / 需要回復 / 需要の回復 / 需要が増 / 需要が低 / 悪化 / グローバルニッチトップ / トップシェア / シェア拡大 / レアアース
20260513,4974,4974_1530_タカラバイオ_収益改善に向けた構造改革の実施について.pdf,,,,,,,,,,,1,,,,,,,,,,,,,価格交渉 / 増産 / 価格改定 / 価格転嫁 / 値上 / 想定以上 / 上方修正 / 下方修正 / 想定以下 / 未達 / 大幅 / 計画を上 / 計画を下 / 計画以 / 需要回復 / 需要の回復 / 需要が増 / 需要が低 / 悪化 / グローバルニッチトップ / トップシェア / シェア拡大 / レアアース
20260513,4979,4979_1530_OATアグリオ_2026年12月期第1四半期決算短信〔日本基準〕(連結).pdf,,4,,,,,,,,,,,,,,,,,,,,,,価格交渉 / 増産 / 価格改定 / 価格転嫁 / 値上 / 想定以上 / 上方修正 / 下方修正 / 想定以下 / 未達 / 大幅 / 計画を上 / 計画を下 / 計画以 / 需要回復 / 需要の回復 / 需要が増 / 需要が低 / 悪化 / グローバルニッチトップ / トップシェア / シェア拡大 / レアアース
20260513,4980,4980_1530_デクセリアルズ_2026年3月期 決算短信〔IFRS〕(連結).pdf,,,,,,,,,,,6,,,,,,,,,,,,,価格交渉 / 増産 / 価格改定 / 価格転嫁 / 値上 / 想定以上 / 上方修正 / 下方修正 / 想定以下 / 未達 / 大幅 / 計画を上 / 計画を下 / 計画以 / 需要回復 / 需要の回復 / 需要が増 / 需要が低 / 悪化 / グローバルニッチトップ / トップシェア / シェア拡大 / レアアース
20260513,5254,5254_1600_G-Arent_2026年6月期第3四半期決算説明資料.pdf,,,,,,,,,,,10,,,,,,,,,,,,,価格交渉 / 増産 / 価格改定 / 価格転嫁 / 値上 / 想定以上 / 上方修正 / 下方修正 / 想定以下 / 未達 / 大幅 / 計画を上 / 計画を下 / 計画以 / 需要回復 / 需要の回復 / 需要が増 / 需要が低 / 悪化 / グローバルニッチトップ / トップシェア / シェア拡大 / レアアース
20260513,5288,5288_1530_アジアパイルHD_中期経営計画一部修正に関するお知らせ.pdf,,,,,,,1,,,,,,,,,,,,,,,,,価格交渉 / 増産 / 価格改定 / 価格転嫁 / 値上 / 想定以上 / 上方修正 / 下方修正 / 想定以下 / 未達 / 大幅 / 計画を上 / 計画を下 / 計画以 / 需要回復 / 需要の回復 / 需要が増 / 需要が低 / 悪化 / グローバルニッチトップ / トップシェア / シェア拡大 / レアアース
20260513,5301,5301_1630_東海カーボン_2026年12月期第1四半期決算短信〔日本基準〕(連結).pdf,,,,,,,,,,,,,,,,,,,4,,,,,価格交渉 / 増産 / 価格改定 / 価格転嫁 / 値上 / 想定以上 / 上方修正 / 下方修正 / 想定以下 / 未達 / 大幅 / 計画を上 / 計画を下 / 計画以 / 需要回復 / 需要の回復 / 需要が増 / 需要が低 / 悪化 / グローバルニッチトップ / トップシェア / シェア拡大 / レアアース
20260513,5342,5342_1620_ジャニス工_個別業績の差異に関するお知らせ.pdf,,,,,,,,,,,1,,,,,,,,,,,,,価格交渉 / 増産 / 価格改定 / 価格転嫁 / 値上 / 想定以上 / 上方修正 / 下方修正 / 想定以下 / 未達 / 大幅 / 計画を上 / 計画を下 / 計画以 / 需要回復 / 需要の回復 / 需要が増 / 需要が低 / 悪化 / グローバルニッチトップ / トップシェア / シェア拡大 / レアアース
20260513,5342,5342_1620_ジャニス工_固定資産の減損損失に関するお知らせ.pdf,,,,,,,,,,,,,1,,,,,,,,,,,価格交渉 / 増産 / 価格改定 / 価格転嫁 / 値上 / 想定以上 / 上方修正 / 下方修正 / 想定以下 / 未達 / 大幅 / 計画を上 / 計画を下 / 計画以 / 需要回復 / 需要の回復 / 需要が増 / 需要が低 / 悪化 / グローバルニッチトップ / トップシェア / シェア拡大 / レアアース
20260513,5368,5368_1620_日本インシュレ_2024~2026年度 中期経営計画の進捗状況資料の開示について.pdf,,,,,,,,,,7 8,,,,,,,,,,,,,,価格交渉 / 増産 / 価格改定 / 価格転嫁 / 値上 / 想定以上 / 上方修正 / 下方修正 / 想定以下 / 未達 / 大幅 / 計画を上 / 計画を下 / 計画以 / 需要回復 / 需要の回復 / 需要が増 / 需要が低 / 悪化 / グローバルニッチトップ / トップシェア / シェア拡大 / レアアース
20260513,5393,5393_1100_ニチアス_2026年3月期 決算説明会.pdf,,,,,,,,,,,,,,,57,,,,,,,,,価格交渉 / 増産 / 価格改定 / 価格転嫁 / 値上 / 想定以上 / 上方修正 / 下方修正 / 想定以下 / 未達 / 大幅 / 計画を上 / 計画を下 / 計画以 / 需要回復 / 需要の回復 / 需要が増 / 需要が低 / 悪化 / グローバルニッチトップ / トップシェア / シェア拡大 / レアアース
20260513,558A,558A_1600_G-SQUEEZE_2026年12月期 第1四半期決算説明資料.pdf,,,,,,,,,,,21 23 35,,,,,,,,,,,,,価格交渉 / 増産 / 価格改定 / 価格転嫁 / 値上 / 想定以上 / 上方修正 / 下方修正 / 想定以下 / 未達 / 大幅 / 計画を上 / 計画を下 / 計画以 / 需要回復 / 需要の回復 / 需要が増 / 需要が低 / 悪化 / グローバルニッチトップ / トップシェア / シェア拡大 / レアアース
20260513,5599,5599_1600_G-S&J_事業計画及び成長可能性に関する事項(中期経営計画).pdf,,,,,,,,,,,26 30 41 42 46,,,,,,,,,,,,,価格交渉 / 増産 / 価格改定 / 価格転嫁 / 値上 / 想定以上 / 上方修正 / 下方修正 / 想定以下 / 未達 / 大幅 / 計画を上 / 計画を下 / 計画以 / 需要回復 / 需要の回復 / 需要が増 / 需要が低 / 悪化 / グローバルニッチトップ / トップシェア / シェア拡大 / レアアース
20260513,559A,559A_1645_梅乃宿酒造_2026年6月期 第3四半期決算短信〔日本基準〕(非連結).pdf,,,4,,,,,,,,,,,,,,,,,,,,,価格交渉 / 増産 / 価格改定 / 価格転嫁 / 値上 / 想定以上 / 上方修正 / 下方修正 / 想定以下 / 未達 / 大幅 / 計画を上 / 計画を下 / 計画以 / 需要回復 / 需要の回復 / 需要が増 / 需要が低 / 悪化 / グローバルニッチトップ / トップシェア / シェア拡大 / レアアース
20260513,559A,559A_1645_梅乃宿酒造_2026年6月期 第3四半期決算補足説明資料.pdf,,,,,4 5,,,,,,,,,,,,,,,,,,,価格交渉 / 増産 / 価格改定 / 価格転嫁 / 値上 / 想定以上 / 上方修正 / 下方修正 / 想定以下 / 未達 / 大幅 / 計画を上 / 計画を下 / 計画以 / 需要回復 / 需要の回復 / 需要が増 / 需要が低 / 悪化 / グローバルニッチトップ / トップシェア / シェア拡大 / レアアース
20260513,5631,5631_1530_日製鋼所_2026年3月期 決算短信〔日本基準〕(連結).pdf,,,,,,,,,,,,,,,,,,,19,,,,,価格交渉 / 増産 / 価格改定 / 価格転嫁 / 値上 / 想定以上 / 上方修正 / 下方修正 / 想定以下 / 未達 / 大幅 / 計画を上 / 計画を下 / 計画以 / 需要回復 / 需要の回復 / 需要が増 / 需要が低 / 悪化 / グローバルニッチトップ / トップシェア / シェア拡大 / レアアース
20260513,5632,5632_1500_三菱製鋼_(開示事項の経過)持分法適用会社における火災事故の発生及び当社グループへの影響に関するお知らせ.pdf,,,,,,,,,,,,,,,,,,,1,,,,,価格交渉 / 増産 / 価格改定 / 価格転嫁 / 値上 / 想定以上 / 上方修正 / 下方修正 / 想定以下 / 未達 / 大幅 / 計画を上 / 計画を下 / 計画以 / 需要回復 / 需要の回復 / 需要が増 / 需要が低 / 悪化 / グローバルニッチトップ / トップシェア / シェア拡大 / レアアース
20260513,5632,5632_1500_三菱製鋼_監査等委員会設置会社への移行に伴う業績連動型株式報酬制度の一部改定に関するお知らせ.pdf,,,,,,,,,,3 5,,,,,,,,,,,,,,価格交渉 / 増産 / 価格改定 / 価格転嫁 / 値上 / 想定以上 / 上方修正 / 下方修正 / 想定以下 / 未達 / 大幅 / 計画を上 / 計画を下 / 計画以 / 需要回復 / 需要の回復 / 需要が増 / 需要が低 / 悪化 / グローバルニッチトップ / トップシェア / シェア拡大 / レアアース
20260513,5706,5706_1530_三井金属_2026年3月期 決算説明資料.pdf,,,,,,,,,,,,,,,,,,,2 15 28,,,,,価格交渉 / 増産 / 価格改定 / 価格転嫁 / 値上 / 想定以上 / 上方修正 / 下方修正 / 想定以下 / 未達 / 大幅 / 計画を上 / 計画を下 / 計画以 / 需要回復 / 需要の回復 / 需要が増 / 需要が低 / 悪化 / グローバルニッチトップ / トップシェア / シェア拡大 / レアアース
20260513,5757,5757_1530_CKサンエツ_2026年3月期 決算短信〔日本基準〕(連結).pdf,,5,,,,,,,,,,,,,,,,,,,,,,価格交渉 / 増産 / 価格改定 / 価格転嫁 / 値上 / 想定以上 / 上方修正 / 下方修正 / 想定以下 / 未達 / 大幅 / 計画を上 / 計画を下 / 計画以 / 需要回復 / 需要の回復 / 需要が増 / 需要が低 / 悪化 / グローバルニッチトップ / トップシェア / シェア拡大 / レアアース
20260513,5951,5951_1530_ダイニチ工_2026年3月期 決算短信〔日本基準〕(非連結).pdf,,,,,,,,,,,4,,,,,,,,,,,,,価格交渉 / 増産 / 価格改定 / 価格転嫁 / 値上 / 想定以上 / 上方修正 / 下方修正 / 想定以下 / 未達 / 大幅 / 計画を上 / 計画を下 / 計画以 / 需要回復 / 需要の回復 / 需要が増 / 需要が低 / 悪化 / グローバルニッチトップ / トップシェア / シェア拡大 / レアアース
20260513,5953,5953_1630_昭和鉄_2026年3月期 決算短信〔日本基準〕(連結).pdf,,,,,,,,,,,4,,,,,,,,,,,,,価格交渉 / 増産 / 価格改定 / 価格転嫁 / 値上 / 想定以上 / 上方修正 / 下方修正 / 想定以下 / 未達 / 大幅 / 計画を上 / 計画を下 / 計画以 / 需要回復 / 需要の回復 / 需要が増 / 需要が低 / 悪化 / グローバルニッチトップ / トップシェア / シェア拡大 / レアアース
20260513,5953,5953_1630_昭和鉄_新中期経営計画の策定に関するお知らせ.pdf,,,,,,,,,,,14,,,,,,,,,,,,,価格交渉 / 増産 / 価格改定 / 価格転嫁 / 値上 / 想定以上 / 上方修正 / 下方修正 / 想定以下 / 未達 / 大幅 / 計画を上 / 計画を下 / 計画以 / 需要回復 / 需要の回復 / 需要が増 / 需要が低 / 悪化 / グローバルニッチトップ / トップシェア / シェア拡大 / レアアース
20260513,5973,5973_1600_トーアミ_2026年3月期 決算短信〔日本基準〕(連結).pdf,,,,,,,,,,,,,,,,4,,,,,,,,価格交渉 / 増産 / 価格改定 / 価格転嫁 / 値上 / 想定以上 / 上方修正 / 下方修正 / 想定以下 / 未達 / 大幅 / 計画を上 / 計画を下 / 計画以 / 需要回復 / 需要の回復 / 需要が増 / 需要が低 / 悪化 / グローバルニッチトップ / トップシェア / シェア拡大 / レアアース
20260513,5974,5974_1500_中国工_2026年3月期決算短信〔日本基準〕(連結).pdf,,,,,6,,,,,,,,,,,,,,,,,,,価格交渉 / 増産 / 価格改定 / 価格転嫁 / 値上 / 想定以上 / 上方修正 / 下方修正 / 想定以下 / 未達 / 大幅 / 計画を上 / 計画を下 / 計画以 / 需要回復 / 需要の回復 / 需要が増 / 需要が低 / 悪化 / グローバルニッチトップ / トップシェア / シェア拡大 / レアアース
20260513,5976,5976_1530_ネツレン_ネツレングループ資本政策・財務戦略及びPBR1.0倍以上に向けた対応 2024年度及び2025年度実績と2026年度計画について.pdf,,,,,,,,,,,3,,,,,,,,,,,,,価格交渉 / 増産 / 価格改定 / 価格転嫁 / 値上 / 想定以上 / 上方修正 / 下方修正 / 想定以下 / 未達 / 大幅 / 計画を上 / 計画を下 / 計画以 / 需要回復 / 需要の回復 / 需要が増 / 需要が低 / 悪化 / グローバルニッチトップ / トップシェア / シェア拡大 / レアアース
20260513,5976,5976_1530_ネツレン_通期個別業績と前期実績との差異に関するお知らせ.pdf,,,,,,,,,,,1,,,,,,,,,,,,,価格交渉 / 増産 / 価格改定 / 価格転嫁 / 値上 / 想定以上 / 上方修正 / 下方修正 / 想定以下 / 未達 / 大幅 / 計画を上 / 計画を下 / 計画以 / 需要回復 / 需要の回復 / 需要が増 / 需要が低 / 悪化 / グローバルニッチトップ / トップシェア / シェア拡大 / レアアース
20260513,6059,6059_1200_ウチヤマHD_2026年3月決算説明資料.pdf,,,,,,,,,,,5,,,,,,,,,,,,,価格交渉 / 増産 / 価格改定 / 価格転嫁 / 値上 / 想定以上 / 上方修正 / 下方修正 / 想定以下 / 未達 / 大幅 / 計画を上 / 計画を下 / 計画以 / 需要回復 / 需要の回復 / 需要が増 / 需要が低 / 悪化 / グローバルニッチトップ / トップシェア / シェア拡大 / レアアース
20260513,6087,6087_1600_アビスト_2026年9月期第2四半期累計期間業績予想と実績の差異に関するお知らせ.pdf,,,,,,,,,,,,1,,,,,,,,,,,,価格交渉 / 増産 / 価格改定 / 価格転嫁 / 値上 / 想定以上 / 上方修正 / 下方修正 / 想定以下 / 未達 / 大幅 / 計画を上 / 計画を下 / 計画以 / 需要回復 / 需要の回復 / 需要が増 / 需要が低 / 悪化 / グローバルニッチトップ / トップシェア / シェア拡大 / レアアース
20260513,6090,6090_1530_HMT_2026年6月期 第3四半期決算短信〔日本基準〕(連結).pdf,,,,,,,,,,,4,,,,,,,,,,,,,価格交渉 / 増産 / 価格改定 / 価格転嫁 / 値上 / 想定以上 / 上方修正 / 下方修正 / 想定以下 / 未達 / 大幅 / 計画を上 / 計画を下 / 計画以 / 需要回復 / 需要の回復 / 需要が増 / 需要が低 / 悪化 / グローバルニッチトップ / トップシェア / シェア拡大 / レアアース
20260513,6090,6090_1530_HMT_通期業績予想の修正に関するお知らせ.pdf,,,,,,,,,,,,1,,,,,,,,,,,,価格交渉 / 増産 / 価格改定 / 価格転嫁 / 値上 / 想定以上 / 上方修正 / 下方修正 / 想定以下 / 未達 / 大幅 / 計画を上 / 計画を下 / 計画以 / 需要回復 / 需要の回復 / 需要が増 / 需要が低 / 悪化 / グローバルニッチトップ / トップシェア / シェア拡大 / レアアース
20260513,6101,6101_1300_ツガミ_2026年3月期 決算説明資料.pdf,,4 6,,,,,,,,,,,,,,,,,,,,,,価格交渉 / 増産 / 価格改定 / 価格転嫁 / 値上 / 想定以上 / 上方修正 / 下方修正 / 想定以下 / 未達 / 大幅 / 計画を上 / 計画を下 / 計画以 / 需要回復 / 需要の回復 / 需要が増 / 需要が低 / 悪化 / グローバルニッチトップ / トップシェア / シェア拡大 / レアアース
20260513,6135,6135_1600_牧野フライス_事業計画策定に関するお知らせ.pdf,,,,,,,,,,,,,,,,,,,,,,2,,価格交渉 / 増産 / 価格改定 / 価格転嫁 / 値上 / 想定以上 / 上方修正 / 下方修正 / 想定以下 / 未達 / 大幅 / 計画を上 / 計画を下 / 計画以 / 需要回復 / 需要の回復 / 需要が増 / 需要が低 / 悪化 / グローバルニッチトップ / トップシェア / シェア拡大 / レアアース
20260513,6165,6165_1600_パンチ_2026年3月期 決算補足説明資料.pdf,,,12,,,,,,,,,,,,,,,,,,,,,価格交渉 / 増産 / 価格改定 / 価格転嫁 / 値上 / 想定以上 / 上方修正 / 下方修正 / 想定以下 / 未達 / 大幅 / 計画を上 / 計画を下 / 計画以 / 需要回復 / 需要の回復 / 需要が増 / 需要が低 / 悪化 / グローバルニッチトップ / トップシェア / シェア拡大 / レアアース
20260513,6186,6186_1530_一蔵_2026年3月期 決算短信〔日本基準〕(連結).pdf,,,,,,,,,,,,,,,,,,4,,,,,,価格交渉 / 増産 / 価格改定 / 価格転嫁 / 値上 / 想定以上 / 上方修正 / 下方修正 / 想定以下 / 未達 / 大幅 / 計画を上 / 計画を下 / 計画以 / 需要回復 / 需要の回復 / 需要が増 / 需要が低 / 悪化 / グローバルニッチトップ / トップシェア / シェア拡大 / レアアース
20260513,6186,6186_1530_一蔵_特別損失(減損損失)の計上に関するお知らせ.pdf,,,,,,,,,,,,,,,,,,,1,,,,,価格交渉 / 増産 / 価格改定 / 価格転嫁 / 値上 / 想定以上 / 上方修正 / 下方修正 / 想定以下 / 未達 / 大幅 / 計画を上 / 計画を下 / 計画以 / 需要回復 / 需要の回復 / 需要が増 / 需要が低 / 悪化 / グローバルニッチトップ / トップシェア / シェア拡大 / レアアース
20260513,6193,6193_1600_G-バーチャレクス_2026年3月期 決算短信〔日本基準〕(連結).pdf,,,,,,,,,,,,,,,,,,,4,,,,,価格交渉 / 増産 / 価格改定 / 価格転嫁 / 値上 / 想定以上 / 上方修正 / 下方修正 / 想定以下 / 未達 / 大幅 / 計画を上 / 計画を下 / 計画以 / 需要回復 / 需要の回復 / 需要が増 / 需要が低 / 悪化 / グローバルニッチトップ / トップシェア / シェア拡大 / レアアース
20260513,6193,6193_1600_G-バーチャレクス_2026年3月期決算説明会資料(事業計画及び成長可能性に関する事項).pdf,,,,,,,,,,,2 5 9,,,,,,,,,,,,,価格交渉 / 増産 / 価格改定 / 価格転嫁 / 値上 / 想定以上 / 上方修正 / 下方修正 / 想定以下 / 未達 / 大幅 / 計画を上 / 計画を下 / 計画以 / 需要回復 / 需要の回復 / 需要が増 / 需要が低 / 悪化 / グローバルニッチトップ / トップシェア / シェア拡大 / レアアース
20260513,6246,6246_1600_テクノスマート_中期経営計画策定に関するお知らせ.pdf,,,,,,,,3,,,,,,,,,,,,,,,,価格交渉 / 増産 / 価格改定 / 価格転嫁 / 値上 / 想定以上 / 上方修正 / 下方修正 / 想定以下 / 未達 / 大幅 / 計画を上 / 計画を下 / 計画以 / 需要回復 / 需要の回復 / 需要が増 / 需要が低 / 悪化 / グローバルニッチトップ / トップシェア / シェア拡大 / レアアース
20260513,6246,6246_1600_テクノスマート_債権の取立遅延のおそれ及び貸倒引当金繰入額の計上に関するお知らせ.pdf,,,,,,,,,,,,,,,,,,,1,,,,,価格交渉 / 増産 / 価格改定 / 価格転嫁 / 値上 / 想定以上 / 上方修正 / 下方修正 / 想定以下 / 未達 / 大幅 / 計画を上 / 計画を下 / 計画以 / 需要回復 / 需要の回復 / 需要が増 / 需要が低 / 悪化 / グローバルニッチトップ / トップシェア / シェア拡大 / レアアース
20260513,6262,6262_1500_PEGASUS_2026年3月期 決算短信〔日本基準〕(連結).pdf,,,,,,,,,,,,,,,,,,,4,,,,,価格交渉 / 増産 / 価格改定 / 価格転嫁 / 値上 / 想定以上 / 上方修正 / 下方修正 / 想定以下 / 未達 / 大幅 / 計画を上 / 計画を下 / 計画以 / 需要回復 / 需要の回復 / 需要が増 / 需要が低 / 悪化 / グローバルニッチトップ / トップシェア / シェア拡大 / レアアース
20260513,6262,6262_1500_PEGASUS_Be Brave株式会社による当社株式の大量買付等を踏まえた当社株券等の大規模買付行為等に関する対応方針の導入に関するお知らせ.pdf,,,,,,,,,,,,,,,,,,,,,,7,,価格交渉 / 増産 / 価格改定 / 価格転嫁 / 値上 / 想定以上 / 上方修正 / 下方修正 / 想定以下 / 未達 / 大幅 / 計画を上 / 計画を下 / 計画以 / 需要回復 / 需要の回復 / 需要が増 / 需要が低 / 悪化 / グローバルニッチトップ / トップシェア / シェア拡大 / レアアース
20260513,6262,6262_1500_PEGASUS_「新中期経営計画の基本方針」の公表について.pdf,,,,,,,,,,,,,,,,,,,,,,2,,価格交渉 / 増産 / 価格改定 / 価格転嫁 / 値上 / 想定以上 / 上方修正 / 下方修正 / 想定以下 / 未達 / 大幅 / 計画を上 / 計画を下 / 計画以 / 需要回復 / 需要の回復 / 需要が増 / 需要が低 / 悪化 / グローバルニッチトップ / トップシェア / シェア拡大 / レアアース
20260513,6269,6269_1230_三井海洋_2026年12月期第1四半期決算短信〔IFRS〕(連結).pdf,,5,,,,,,,,,,,,,,,,,,,,,,価格交渉 / 増産 / 価格改定 / 価格転嫁 / 値上 / 想定以上 / 上方修正 / 下方修正 / 想定以下 / 未達 / 大幅 / 計画を上 / 計画を下 / 計画以 / 需要回復 / 需要の回復 / 需要が増 / 需要が低 / 悪化 / グローバルニッチトップ / トップシェア / シェア拡大 / レアアース
20260513,6278,6278_1530_ユニオンツール_業績予想の修正に関するお知らせ.pdf,,,,,,,2,,,,,,,,,,,,,,,,,価格交渉 / 増産 / 価格改定 / 価格転嫁 / 値上 / 想定以上 / 上方修正 / 下方修正 / 想定以下 / 未達 / 大幅 / 計画を上 / 計画を下 / 計画以 / 需要回復 / 需要の回復 / 需要が増 / 需要が低 / 悪化 / グローバルニッチトップ / トップシェア / シェア拡大 / レアアース
20260513,6284,6284_1600_ASB機械_業績予想及び配当予想の修正(増配)に関するお知らせ.pdf,,,,,,,1 2,,,,,,,,,,,,,,,,,価格交渉 / 増産 / 価格改定 / 価格転嫁 / 値上 / 想定以上 / 上方修正 / 下方修正 / 想定以下 / 未達 / 大幅 / 計画を上 / 計画を下 / 計画以 / 需要回復 / 需要の回復 / 需要が増 / 需要が低 / 悪化 / グローバルニッチトップ / トップシェア / シェア拡大 / レアアース
20260513,6298,6298_1530_ワイエイシイHD_2026年3月期 決算補足資料.pdf,,,,,,,,,,,3 4,,,,,,,,,,,,,価格交渉 / 増産 / 価格改定 / 価格転嫁 / 値上 / 想定以上 / 上方修正 / 下方修正 / 想定以下 / 未達 / 大幅 / 計画を上 / 計画を下 / 計画以 / 需要回復 / 需要の回復 / 需要が増 / 需要が低 / 悪化 / グローバルニッチトップ / トップシェア / シェア拡大 / レアアース
20260513,6298,6298_1530_ワイエイシイHD_2026年3月期業績予想と実績との差異に関するお知らせ.pdf,,,,,,,,,,1,,,,,,,,,,,,,,価格交渉 / 増産 / 価格改定 / 価格転嫁 / 値上 / 想定以上 / 上方修正 / 下方修正 / 想定以下 / 未達 / 大幅 / 計画を上 / 計画を下 / 計画以 / 需要回復 / 需要の回復 / 需要が増 / 需要が低 / 悪化 / グローバルニッチトップ / トップシェア / シェア拡大 / レアアース
20260513,6298,6298_1530_ワイエイシイHD_前期個別実績との差異に関するお知らせ.pdf,,,,,,,,,,,1,,,,,,,,,,,,,価格交渉 / 増産 / 価格改定 / 価格転嫁 / 値上 / 想定以上 / 上方修正 / 下方修正 / 想定以下 / 未達 / 大幅 / 計画を上 / 計画を下 / 計画以 / 需要回復 / 需要の回復 / 需要が増 / 需要が低 / 悪化 / グローバルニッチトップ / トップシェア / シェア拡大 / レアアース
20260513,6334,6334_1600_明治機_2026年3月期 決算短信〔日本基準〕(連結).pdf,,,,,,,,,,,4,,,,,,,,,,,,,価格交渉 / 増産 / 価格改定 / 価格転嫁 / 値上 / 想定以上 / 上方修正 / 下方修正 / 想定以下 / 未達 / 大幅 / 計画を上 / 計画を下 / 計画以 / 需要回復 / 需要の回復 / 需要が増 / 需要が低 / 悪化 / グローバルニッチトップ / トップシェア / シェア拡大 / レアアース
20260513,6334,6334_1600_明治機_通期連結業績予想値と実績値の差異及び個別業績の前期実績値との差異に関するお知らせ.pdf,,,,,,,,,,,1,,,,,,,,,,,,,価格交渉 / 増産 / 価格改定 / 価格転嫁 / 値上 / 想定以上 / 上方修正 / 下方修正 / 想定以下 / 未達 / 大幅 / 計画を上 / 計画を下 / 計画以 / 需要回復 / 需要の回復 / 需要が増 / 需要が低 / 悪化 / グローバルニッチトップ / トップシェア / シェア拡大 / レアアース
20260513,6339,6339_1540_新東工_2026年3月期決算短信〔日本基準〕(連結).pdf,,,,,,,,,,,,,,,,,,,4,,,,,価格交渉 / 増産 / 価格改定 / 価格転嫁 / 値上 / 想定以上 / 上方修正 / 下方修正 / 想定以下 / 未達 / 大幅 / 計画を上 / 計画を下 / 計画以 / 需要回復 / 需要の回復 / 需要が増 / 需要が低 / 悪化 / グローバルニッチトップ / トップシェア / シェア拡大 / レアアース
20260513,6358,6358_1430_酒井重_2026年3月期 決算短信〔日本基準〕(連結).pdf,,,5,,,,,,,,,,,,,,,,,,,,,価格交渉 / 増産 / 価格改定 / 価格転嫁 / 値上 / 想定以上 / 上方修正 / 下方修正 / 想定以下 / 未達 / 大幅 / 計画を上 / 計画を下 / 計画以 / 需要回復 / 需要の回復 / 需要が増 / 需要が低 / 悪化 / グローバルニッチトップ / トップシェア / シェア拡大 / レアアース
20260513,6371,6371_1600_椿本チエイン_2026年3月期決算短信〔日本基準〕(連結).pdf,,,,,,,,,,,,,,,,5,,,,,,,,価格交渉 / 増産 / 価格改定 / 価格転嫁 / 値上 / 想定以上 / 上方修正 / 下方修正 / 想定以下 / 未達 / 大幅 / 計画を上 / 計画を下 / 計画以 / 需要回復 / 需要の回復 / 需要が増 / 需要が低 / 悪化 / グローバルニッチトップ / トップシェア / シェア拡大 / レアアース
20260513,6384,6384_1600_昭和真空_2026年3月期決算補足説明資料.pdf,,10,,,,,,,,,,,,,,,,,,,,,,価格交渉 / 増産 / 価格改定 / 価格転嫁 / 値上 / 想定以上 / 上方修正 / 下方修正 / 想定以下 / 未達 / 大幅 / 計画を上 / 計画を下 / 計画以 / 需要回復 / 需要の回復 / 需要が増 / 需要が低 / 悪化 / グローバルニッチトップ / トップシェア / シェア拡大 / レアアース
20260513,6384,6384_1600_昭和真空_2026年3月期累計期間連結業績予想数値と実績値の差異に関するお知らせ.pdf,,,,,,1,,,,,,,,,,,,,,,,,,価格交渉 / 増産 / 価格改定 / 価格転嫁 / 値上 / 想定以上 / 上方修正 / 下方修正 / 想定以下 / 未達 / 大幅 / 計画を上 / 計画を下 / 計画以 / 需要回復 / 需要の回復 / 需要が増 / 需要が低 / 悪化 / グローバルニッチトップ / トップシェア / シェア拡大 / レアアース
20260513,6412,6412_1530_平和_2026年3月期 決算短信〔日本基準〕(連結).pdf,,,,,,,,,,,,,,,,,,,7 8 9,,,,,価格交渉 / 増産 / 価格改定 / 価格転嫁 / 値上 / 想定以上 / 上方修正 / 下方修正 / 想定以下 / 未達 / 大幅 / 計画を上 / 計画を下 / 計画以 / 需要回復 / 需要の回復 / 需要が増 / 需要が低 / 悪化 / グローバルニッチトップ / トップシェア / シェア拡大 / レアアース
20260513,6418,6418_1530_日金銭_2026年3月期 決算短信〔日本基準〕(連結).pdf,,,,,,4,,,,,,,,,,,,,,,,,,価格交渉 / 増産 / 価格改定 / 価格転嫁 / 値上 / 想定以上 / 上方修正 / 下方修正 / 想定以下 / 未達 / 大幅 / 計画を上 / 計画を下 / 計画以 / 需要回復 / 需要の回復 / 需要が増 / 需要が低 / 悪化 / グローバルニッチトップ / トップシェア / シェア拡大 / レアアース
20260513,6464,6464_1700_ツバキ・ナカシマ_2026年12月期 第1四半期決算短信〔IFRS〕(連結).pdf,,,,,,,,,,,,,,,,,,,4,,,,,価格交渉 / 増産 / 価格改定 / 価格転嫁 / 値上 / 想定以上 / 上方修正 / 下方修正 / 想定以下 / 未達 / 大幅 / 計画を上 / 計画を下 / 計画以 / 需要回復 / 需要の回復 / 需要が増 / 需要が低 / 悪化 / グローバルニッチトップ / トップシェア / シェア拡大 / レアアース
20260513,6485,6485_1530_前沢給装_2026年3月期 決算短信〔日本基準〕(非連結).pdf,,,4,,,,,,,,,,,,,,,,,,,,,価格交渉 / 増産 / 価格改定 / 価格転嫁 / 値上 / 想定以上 / 上方修正 / 下方修正 / 想定以下 / 未達 / 大幅 / 計画を上 / 計画を下 / 計画以 / 需要回復 / 需要の回復 / 需要が増 / 需要が低 / 悪化 / グローバルニッチトップ / トップシェア / シェア拡大 / レアアース
20260513,6486,6486_1530_イーグル工_2026年3月期 決算短信〔日本基準〕(連結).pdf,,4,,,,,,,,,,,,,,,,,,,,,,価格交渉 / 増産 / 価格改定 / 価格転嫁 / 値上 / 想定以上 / 上方修正 / 下方修正 / 想定以下 / 未達 / 大幅 / 計画を上 / 計画を下 / 計画以 / 需要回復 / 需要の回復 / 需要が増 / 需要が低 / 悪化 / グローバルニッチトップ / トップシェア / シェア拡大 / レアアース
20260513,6498,6498_1530_キッツ_2026年12月期 第1四半期決算短信〔日本基準〕(連結).pdf,,,4,,,,,,,,,,,,,,,,,,,,,価格交渉 / 増産 / 価格改定 / 価格転嫁 / 値上 / 想定以上 / 上方修正 / 下方修正 / 想定以下 / 未達 / 大幅 / 計画を上 / 計画を下 / 計画以 / 需要回復 / 需要の回復 / 需要が増 / 需要が低 / 悪化 / グローバルニッチトップ / トップシェア / シェア拡大 / レアアース
20260513,6524,6524_1530_湖北工業_2026年12月期第1四半期決算短信〔日本基準〕(連結).pdf,,,,,,,,,,,5,,,,,,,,,,,,,価格交渉 / 増産 / 価格改定 / 価格転嫁 / 値上 / 想定以上 / 上方修正 / 下方修正 / 想定以下 / 未達 / 大幅 / 計画を上 / 計画を下 / 計画以 / 需要回復 / 需要の回復 / 需要が増 / 需要が低 / 悪化 / グローバルニッチトップ / トップシェア / シェア拡大 / レアアース
20260513,6540,6540_1530_船場_2026年12月期 第1四半期決算短信 〔日本基準〕 (連結).pdf,,,,,,,,,,,,,,,,,,,4,,,,,価格交渉 / 増産 / 価格改定 / 価格転嫁 / 値上 / 想定以上 / 上方修正 / 下方修正 / 想定以下 / 未達 / 大幅 / 計画を上 / 計画を下 / 計画以 / 需要回復 / 需要の回復 / 需要が増 / 需要が低 / 悪化 / グローバルニッチトップ / トップシェア / シェア拡大 / レアアース
20260513,6547,6547_1400_グリーンズ_A種優先株式の取得及び消却に関するお知らせ.pdf,,,,,,,,,,,,,,,,1,,,,,,,,価格交渉 / 増産 / 価格改定 / 価格転嫁 / 値上 / 想定以上 / 上方修正 / 下方修正 / 想定以下 / 未達 / 大幅 / 計画を上 / 計画を下 / 計画以 / 需要回復 / 需要の回復 / 需要が増 / 需要が低 / 悪化 / グローバルニッチトップ / トップシェア / シェア拡大 / レアアース
20260513,6548,6548_1530_G-旅工房_2026年6月期 第3四半期 決算説明資料.pdf,,,,,,,,,,,,,,,,,,,4,,,,,価格交渉 / 増産 / 価格改定 / 価格転嫁 / 値上 / 想定以上 / 上方修正 / 下方修正 / 想定以下 / 未達 / 大幅 / 計画を上 / 計画を下 / 計画以 / 需要回復 / 需要の回復 / 需要が増 / 需要が低 / 悪化 / グローバルニッチトップ / トップシェア / シェア拡大 / レアアース
20260513,6548,6548_1530_G-旅工房_2026年6月期 第3四半期決算短信〔日本基準〕(連結).pdf,,,,,,,,,,,5,,,,,,,,,,,,,価格交渉 / 増産 / 価格改定 / 価格転嫁 / 値上 / 想定以上 / 上方修正 / 下方修正 / 想定以下 / 未達 / 大幅 / 計画を上 / 計画を下 / 計画以 / 需要回復 / 需要の回復 / 需要が増 / 需要が低 / 悪化 / グローバルニッチトップ / トップシェア / シェア拡大 / レアアース
20260513,6549,6549_1600_ディーエムソリュ_2026年3月期 決算短信〔日本基準〕(連結).pdf,,,,,,,,,,,,,,,,,4,,,,,,,価格交渉 / 増産 / 価格改定 / 価格転嫁 / 値上 / 想定以上 / 上方修正 / 下方修正 / 想定以下 / 未達 / 大幅 / 計画を上 / 計画を下 / 計画以 / 需要回復 / 需要の回復 / 需要が増 / 需要が低 / 悪化 / グローバルニッチトップ / トップシェア / シェア拡大 / レアアース
20260513,6551,6551_1530_ツナグGHD_2026年9月期 第2四半期(中間期)決算短信〔日本基準〕(連結).pdf,,,,,,,,,,,,,,,,4,,,,,,,,価格交渉 / 増産 / 価格改定 / 価格転嫁 / 値上 / 想定以上 / 上方修正 / 下方修正 / 想定以下 / 未達 / 大幅 / 計画を上 / 計画を下 / 計画以 / 需要回復 / 需要の回復 / 需要が増 / 需要が低 / 悪化 / グローバルニッチトップ / トップシェア / シェア拡大 / レアアース
20260513,6570,6570_1300_共和コーポレーション_2026年3月期決算短信〔日本基準〕(連結).pdf,,,,,,,,,,,,,,,,,4,,,,,,,価格交渉 / 増産 / 価格改定 / 価格転嫁 / 値上 / 想定以上 / 上方修正 / 下方修正 / 想定以下 / 未達 / 大幅 / 計画を上 / 計画を下 / 計画以 / 需要回復 / 需要の回復 / 需要が増 / 需要が低 / 悪化 / グローバルニッチトップ / トップシェア / シェア拡大 / レアアース
20260513,6590,6590_1500_芝浦_2026年3月期 決算短信[日本基準](連結).pdf,,,,,,,,,,,4,,,,,,,,,,,,,価格交渉 / 増産 / 価格改定 / 価格転嫁 / 値上 / 想定以上 / 上方修正 / 下方修正 / 想定以下 / 未達 / 大幅 / 計画を上 / 計画を下 / 計画以 / 需要回復 / 需要の回復 / 需要が増 / 需要が低 / 悪化 / グローバルニッチトップ / トップシェア / シェア拡大 / レアアース
20260513,6594,6594_1215_ニデック_新生ニデックに向けての取締役候補者の決定について.pdf,,,,,,,,,,,3,,,,,,,,,,,,,価格交渉 / 増産 / 価格改定 / 価格転嫁 / 値上 / 想定以上 / 上方修正 / 下方修正 / 想定以下 / 未達 / 大幅 / 計画を上 / 計画を下 / 計画以 / 需要回復 / 需要の回復 / 需要が増 / 需要が低 / 悪化 / グローバルニッチトップ / トップシェア / シェア拡大 / レアアース
20260513,6645,6645_1535_オムロン_2026年3月期 決算短信〔米国基準〕(連結).pdf,,,,,,,,,,,,,,,,,,,11,,,,,価格交渉 / 増産 / 価格改定 / 価格転嫁 / 値上 / 想定以上 / 上方修正 / 下方修正 / 想定以下 / 未達 / 大幅 / 計画を上 / 計画を下 / 計画以 / 需要回復 / 需要の回復 / 需要が増 / 需要が低 / 悪化 / グローバルニッチトップ / トップシェア / シェア拡大 / レアアース
20260513,6645,6645_1535_オムロン_従業員持株会向け業績連動型インセンティブ・プラン制度(事後交付型)の導入に関するお知らせ.pdf,,,,,,,,,,3,,,,,,,,,,,,,,価格交渉 / 増産 / 価格改定 / 価格転嫁 / 値上 / 想定以上 / 上方修正 / 下方修正 / 想定以下 / 未達 / 大幅 / 計画を上 / 計画を下 / 計画以 / 需要回復 / 需要の回復 / 需要が増 / 需要が低 / 悪化 / グローバルニッチトップ / トップシェア / シェア拡大 / レアアース
20260513,6648,6648_1530_かわでん_資本コストや株価を意識した経営の実現に向けた対応について(アップデート).pdf,,,,,,,,,,,8,,,,,,,,,,,,,価格交渉 / 増産 / 価格改定 / 価格転嫁 / 値上 / 想定以上 / 上方修正 / 下方修正 / 想定以下 / 未達 / 大幅 / 計画を上 / 計画を下 / 計画以 / 需要回復 / 需要の回復 / 需要が増 / 需要が低 / 悪化 / グローバルニッチトップ / トップシェア / シェア拡大 / レアアース
20260513,6694,6694_1530_ズーム_2026年12月期 第1四半期決算補足説明資料.pdf,,,,,,,,,,,2 4,,,,,,,,,,,,,価格交渉 / 増産 / 価格改定 / 価格転嫁 / 値上 / 想定以上 / 上方修正 / 下方修正 / 想定以下 / 未達 / 大幅 / 計画を上 / 計画を下 / 計画以 / 需要回復 / 需要の回復 / 需要が増 / 需要が低 / 悪化 / グローバルニッチトップ / トップシェア / シェア拡大 / レアアース
20260513,6694,6694_1530_ズーム_2026年12月期第1四半期決算短信〔日本基準〕(連結).pdf,,,,,,,,,,,4,,,,,,,,,,,,,価格交渉 / 増産 / 価格改定 / 価格転嫁 / 値上 / 想定以上 / 上方修正 / 下方修正 / 想定以下 / 未達 / 大幅 / 計画を上 / 計画を下 / 計画以 / 需要回復 / 需要の回復 / 需要が増 / 需要が低 / 悪化 / グローバルニッチトップ / トップシェア / シェア拡大 / レアアース
20260513,6707,6707_1530_サンケン電_2026年3月期 決算短信〔日本基準〕(連結).pdf,,,,,,,,,,,,,,,,,,,,,,6,,価格交渉 / 増産 / 価格改定 / 価格転嫁 / 値上 / 想定以上 / 上方修正 / 下方修正 / 想定以下 / 未達 / 大幅 / 計画を上 / 計画を下 / 計画以 / 需要回復 / 需要の回復 / 需要が増 / 需要が低 / 悪化 / グローバルニッチトップ / トップシェア / シェア拡大 / レアアース
20260513,6727,6727_1530_ワコム_株主提案に対する当社取締役会の意見に関するお知らせ.pdf,,,,,,,,,,,10 12 13,,,,,,,,,,,,,価格交渉 / 増産 / 価格改定 / 価格転嫁 / 値上 / 想定以上 / 上方修正 / 下方修正 / 想定以下 / 未達 / 大幅 / 計画を上 / 計画を下 / 計画以 / 需要回復 / 需要の回復 / 需要が増 / 需要が低 / 悪化 / グローバルニッチトップ / トップシェア / シェア拡大 / レアアース
20260513,6785,6785_1530_鈴木_2026年6月期 第3四半期決算短信〔日本基準〕(連結).pdf,,,,,,,,,,,,,,,,,4,,,,,,,価格交渉 / 増産 / 価格改定 / 価格転嫁 / 値上 / 想定以上 / 上方修正 / 下方修正 / 想定以下 / 未達 / 大幅 / 計画を上 / 計画を下 / 計画以 / 需要回復 / 需要の回復 / 需要が増 / 需要が低 / 悪化 / グローバルニッチトップ / トップシェア / シェア拡大 / レアアース
20260513,6787,6787_1530_メイコー_2026年3月期決算短信〔日本基準〕(連結).pdf,,,,,,,,,,,5,,,,,,,,,,,,,価格交渉 / 増産 / 価格改定 / 価格転嫁 / 値上 / 想定以上 / 上方修正 / 下方修正 / 想定以下 / 未達 / 大幅 / 計画を上 / 計画を下 / 計画以 / 需要回復 / 需要の回復 / 需要が増 / 需要が低 / 悪化 / グローバルニッチトップ / トップシェア / シェア拡大 / レアアース
20260513,6800,6800_1200_ヨコオ_2026年3月期 決算短信[日本基準](連結).pdf,,,,,,,,,,,4 6,,,,,,,,,,,,,価格交渉 / 増産 / 価格改定 / 価格転嫁 / 値上 / 想定以上 / 上方修正 / 下方修正 / 想定以下 / 未達 / 大幅 / 計画を上 / 計画を下 / 計画以 / 需要回復 / 需要の回復 / 需要が増 / 需要が低 / 悪化 / グローバルニッチトップ / トップシェア / シェア拡大 / レアアース
20260513,6800,6800_1200_ヨコオ_剰余金の配当(期末配当)に関するお知らせ.pdf,,,,,,,,,,,1,,,,,,,,,,,,,価格交渉 / 増産 / 価格改定 / 価格転嫁 / 値上 / 想定以上 / 上方修正 / 下方修正 / 想定以下 / 未達 / 大幅 / 計画を上 / 計画を下 / 計画以 / 需要回復 / 需要の回復 / 需要が増 / 需要が低 / 悪化 / グローバルニッチトップ / トップシェア / シェア拡大 / レアアース
20260513,6803,6803_1200_ティアック_中期経営計画策定に関するお知らせ.pdf,,,,,,,,,,,,,,,,,,,,,1,,,価格交渉 / 増産 / 価格改定 / 価格転嫁 / 値上 / 想定以上 / 上方修正 / 下方修正 / 想定以下 / 未達 / 大幅 / 計画を上 / 計画を下 / 計画以 / 需要回復 / 需要の回復 / 需要が増 / 需要が低 / 悪化 / グローバルニッチトップ / トップシェア / シェア拡大 / レアアース
20260513,6803,6803_1200_ティアック_業績連動型株式報酬(ファントムストック)導入に関するお知らせ.pdf,,,,,,,,,,1,,,,,,,,,,,,,,価格交渉 / 増産 / 価格改定 / 価格転嫁 / 値上 / 想定以上 / 上方修正 / 下方修正 / 想定以下 / 未達 / 大幅 / 計画を上 / 計画を下 / 計画以 / 需要回復 / 需要の回復 / 需要が増 / 需要が低 / 悪化 / グローバルニッチトップ / トップシェア / シェア拡大 / レアアース
20260513,6871,6871_1530_日マイクロニクス_2026年12月期第1四半期決算補足資料(2026年1-3月).pdf,,,,,,,,,,,,,,,,,18,,,,,,,価格交渉 / 増産 / 価格改定 / 価格転嫁 / 値上 / 想定以上 / 上方修正 / 下方修正 / 想定以下 / 未達 / 大幅 / 計画を上 / 計画を下 / 計画以 / 需要回復 / 需要の回復 / 需要が増 / 需要が低 / 悪化 / グローバルニッチトップ / トップシェア / シェア拡大 / レアアース
20260513,6894,6894_1530_パルステック_2026年3月期 決算短信〔日本基準〕(連結).pdf,,,,,,,,,,,,,,,,,,,5,,,,,価格交渉 / 増産 / 価格改定 / 価格転嫁 / 値上 / 想定以上 / 上方修正 / 下方修正 / 想定以下 / 未達 / 大幅 / 計画を上 / 計画を下 / 計画以 / 需要回復 / 需要の回復 / 需要が増 / 需要が低 / 悪化 / グローバルニッチトップ / トップシェア / シェア拡大 / レアアース
20260513,6941,6941_1530_山一電機_山一電機グループ「第5次中期経営計画」について.pdf,,,,,,,,,,1 9,,,,,,,,,,,,,,価格交渉 / 増産 / 価格改定 / 価格転嫁 / 値上 / 想定以上 / 上方修正 / 下方修正 / 想定以下 / 未達 / 大幅 / 計画を上 / 計画を下 / 計画以 / 需要回復 / 需要の回復 / 需要が増 / 需要が低 / 悪化 / グローバルニッチトップ / トップシェア / シェア拡大 / レアアース
20260513,7031,7031_1730_G-インバウンド_簡易株式交付による株式会社FWの子会社化及び子会社の異動に関するお知らせ.pdf,,,,,,,,,,,6,,,,,,,,,,,,,価格交渉 / 増産 / 価格改定 / 価格転嫁 / 値上 / 想定以上 / 上方修正 / 下方修正 / 想定以下 / 未達 / 大幅 / 計画を上 / 計画を下 / 計画以 / 需要回復 / 需要の回復 / 需要が増 / 需要が低 / 悪化 / グローバルニッチトップ / トップシェア / シェア拡大 / レアアース
20260513,7036,7036_1530_G-イーエムネットJ_2026年12月期 第1四半期決算説明資料.pdf,,,,,,,,,,,15,,,,,,,,,,,,,価格交渉 / 増産 / 価格改定 / 価格転嫁 / 値上 / 想定以上 / 上方修正 / 下方修正 / 想定以下 / 未達 / 大幅 / 計画を上 / 計画を下 / 計画以 / 需要回復 / 需要の回復 / 需要が増 / 需要が低 / 悪化 / グローバルニッチトップ / トップシェア / シェア拡大 / レアアース
20260513,7081,7081_1600_レンティア_2026年12月期 第1四半期決算短信〔日本基準〕(連結).pdf,,,,,,,,,,,4,,,,,,,,,,,,,価格交渉 / 増産 / 価格改定 / 価格転嫁 / 値上 / 想定以上 / 上方修正 / 下方修正 / 想定以下 / 未達 / 大幅 / 計画を上 / 計画を下 / 計画以 / 需要回復 / 需要の回復 / 需要が増 / 需要が低 / 悪化 / グローバルニッチトップ / トップシェア / シェア拡大 / レアアース
20260513,7096,7096_1530_G-ステムセル研究所_通期業績予想と実績値との差異に関するお知らせ.pdf,,,,,,,,,,2,,,,,,,,,,,,,,価格交渉 / 増産 / 価格改定 / 価格転嫁 / 値上 / 想定以上 / 上方修正 / 下方修正 / 想定以下 / 未達 / 大幅 / 計画を上 / 計画を下 / 計画以 / 需要回復 / 需要の回復 / 需要が増 / 需要が低 / 悪化 / グローバルニッチトップ / トップシェア / シェア拡大 / レアアース
20260513,7150,7150_1530_島根銀行_2026年3月期 業績予想の修正に関するお知らせ.pdf,,,,,,,1,,,,,,,,,,,,,,,,,価格交渉 / 増産 / 価格改定 / 価格転嫁 / 値上 / 想定以上 / 上方修正 / 下方修正 / 想定以下 / 未達 / 大幅 / 計画を上 / 計画を下 / 計画以 / 需要回復 / 需要の回復 / 需要が増 / 需要が低 / 悪化 / グローバルニッチトップ / トップシェア / シェア拡大 / レアアース
20260513,7164,7164_1800_全国保証_(訂正)適時開示資料「2026年3月期 決算短信補足資料」の一部訂正について.pdf,,,,,,,,,,,,,,,,,,,14,,,,,価格交渉 / 増産 / 価格改定 / 価格転嫁 / 値上 / 想定以上 / 上方修正 / 下方修正 / 想定以下 / 未達 / 大幅 / 計画を上 / 計画を下 / 計画以 / 需要回復 / 需要の回復 / 需要が増 / 需要が低 / 悪化 / グローバルニッチトップ / トップシェア / シェア拡大 / レアアース
20260513,7167,7167_1200_めぶきFG_2026年3月期決算短信〔日本基準〕(連結).pdf,,,,,,,,,,,,,,,,,,,4,,,,,価格交渉 / 増産 / 価格改定 / 価格転嫁 / 値上 / 想定以上 / 上方修正 / 下方修正 / 想定以下 / 未達 / 大幅 / 計画を上 / 計画を下 / 計画以 / 需要回復 / 需要の回復 / 需要が増 / 需要が低 / 悪化 / グローバルニッチトップ / トップシェア / シェア拡大 / レアアース
20260513,7201,7201_1655_日産自_減損損失の計上に関するお知らせ.pdf,,,,,,,,,,,,,,,,,,,1,,,,,価格交渉 / 増産 / 価格改定 / 価格転嫁 / 値上 / 想定以上 / 上方修正 / 下方修正 / 想定以下 / 未達 / 大幅 / 計画を上 / 計画を下 / 計画以 / 需要回復 / 需要の回復 / 需要が増 / 需要が低 / 悪化 / グローバルニッチトップ / トップシェア / シェア拡大 / レアアース
20260513,7202,7202_1400_いすゞ自_2026年3月期 決算短信〔IFRS〕(連結).pdf,,,,,,,,,,,,,,,,,,,4,,,,,価格交渉 / 増産 / 価格改定 / 価格転嫁 / 値上 / 想定以上 / 上方修正 / 下方修正 / 想定以下 / 未達 / 大幅 / 計画を上 / 計画を下 / 計画以 / 需要回復 / 需要の回復 / 需要が増 / 需要が低 / 悪化 / グローバルニッチトップ / トップシェア / シェア拡大 / レアアース
20260513,7238,7238_1500_曙ブレーキ_2026年3月期 決算説明会資料.pdf,,,,,,,,,,,9,,,,,,,,,,,,,価格交渉 / 増産 / 価格改定 / 価格転嫁 / 値上 / 想定以上 / 上方修正 / 下方修正 / 想定以下 / 未達 / 大幅 / 計画を上 / 計画を下 / 計画以 / 需要回復 / 需要の回復 / 需要が増 / 需要が低 / 悪化 / グローバルニッチトップ / トップシェア / シェア拡大 / レアアース
20260513,7276,7276_1300_小糸製_2026年3月期 決算短信〔日本基準〕(連結).pdf,,,,,,,,,,,5,,,,,,,,,,,,,価格交渉 / 増産 / 価格改定 / 価格転嫁 / 値上 / 想定以上 / 上方修正 / 下方修正 / 想定以下 / 未達 / 大幅 / 計画を上 / 計画を下 / 計画以 / 需要回復 / 需要の回復 / 需要が増 / 需要が低 / 悪化 / グローバルニッチトップ / トップシェア / シェア拡大 / レアアース
20260513,7299,7299_1600_フジオーゼ_通期個別業績の前期決算値との差異に関するお知らせ.pdf,,,,,,,,,,,1,,,,,,,,,,,,,価格交渉 / 増産 / 価格改定 / 価格転嫁 / 値上 / 想定以上 / 上方修正 / 下方修正 / 想定以下 / 未達 / 大幅 / 計画を上 / 計画を下 / 計画以 / 需要回復 / 需要の回復 / 需要が増 / 需要が低 / 悪化 / グローバルニッチトップ / トップシェア / シェア拡大 / レアアース
20260513,7337,7337_1430_ひろぎんHD_「中期計画 2024」における経営指標の上方修正に関するお知らせ.pdf,,,,,,,1,,,,,,,,,,,,,,,,,価格交渉 / 増産 / 価格改定 / 価格転嫁 / 値上 / 想定以上 / 上方修正 / 下方修正 / 想定以下 / 未達 / 大幅 / 計画を上 / 計画を下 / 計画以 / 需要回復 / 需要の回復 / 需要が増 / 需要が低 / 悪化 / グローバルニッチトップ / トップシェア / シェア拡大 / レアアース
20260513,7413,7413_1530_創健社_通期業績予想の修正に関するお知らせ.pdf,,,,,,,,,,,,,2,,,,,,,,,,,価格交渉 / 増産 / 価格改定 / 価格転嫁 / 値上 / 想定以上 / 上方修正 / 下方修正 / 想定以下 / 未達 / 大幅 / 計画を上 / 計画を下 / 計画以 / 需要回復 / 需要の回復 / 需要が増 / 需要が低 / 悪化 / グローバルニッチトップ / トップシェア / シェア拡大 / レアアース
20260513,7476,7476_1600_アズワン_2026年4月度単体月次業績(速報)のお知らせ.pdf,,,,,,,,,,,1,,,,,,,,,,,,,価格交渉 / 増産 / 価格改定 / 価格転嫁 / 値上 / 想定以上 / 上方修正 / 下方修正 / 想定以下 / 未達 / 大幅 / 計画を上 / 計画を下 / 計画以 / 需要回復 / 需要の回復 / 需要が増 / 需要が低 / 悪化 / グローバルニッチトップ / トップシェア / シェア拡大 / レアアース
20260513,7482,7482_1530_シモジマ_2026年3月期 決算短信〔日本基準〕(連結).pdf,,,,6,,,,,,,,,,,,,,,,,,,,価格交渉 / 増産 / 価格改定 / 価格転嫁 / 値上 / 想定以上 / 上方修正 / 下方修正 / 想定以下 / 未達 / 大幅 / 計画を上 / 計画を下 / 計画以 / 需要回復 / 需要の回復 / 需要が増 / 需要が低 / 悪化 / グローバルニッチトップ / トップシェア / シェア拡大 / レアアース
20260513,7482,7482_1530_シモジマ_2026年3月期剰余金の配当(増配)及び2027年3月期の配当予想に関するお知らせ.pdf,,,,,,,,,,,,1,,,,,,,,,,,,価格交渉 / 増産 / 価格改定 / 価格転嫁 / 値上 / 想定以上 / 上方修正 / 下方修正 / 想定以下 / 未達 / 大幅 / 計画を上 / 計画を下 / 計画以 / 需要回復 / 需要の回復 / 需要が増 / 需要が低 / 悪化 / グローバルニッチトップ / トップシェア / シェア拡大 / レアアース
20260513,7508,7508_1530_GセブンHD_2026年3月期 決算短信〔日本基準〕(連結).pdf,,,,,4,,,,,,,,,,,,,,,,,,,価格交渉 / 増産 / 価格改定 / 価格転嫁 / 値上 / 想定以上 / 上方修正 / 下方修正 / 想定以下 / 未達 / 大幅 / 計画を上 / 計画を下 / 計画以 / 需要回復 / 需要の回復 / 需要が増 / 需要が低 / 悪化 / グローバルニッチトップ / トップシェア / シェア拡大 / レアアース
20260513,7508,7508_1530_GセブンHD_中期経営計画の策定に関するお知らせ.pdf,,,,,,,,,,,,,,,,,,,,,,16,,価格交渉 / 増産 / 価格改定 / 価格転嫁 / 値上 / 想定以上 / 上方修正 / 下方修正 / 想定以下 / 未達 / 大幅 / 計画を上 / 計画を下 / 計画以 / 需要回復 / 需要の回復 / 需要が増 / 需要が低 / 悪化 / グローバルニッチトップ / トップシェア / シェア拡大 / レアアース
20260513,7522,7522_1500_ワタミ_2026年3月期 決算短信〔日本基準〕(連結).pdf,,,,,6,,,,,,,,,,,,,,,,,,,価格交渉 / 増産 / 価格改定 / 価格転嫁 / 値上 / 想定以上 / 上方修正 / 下方修正 / 想定以下 / 未達 / 大幅 / 計画を上 / 計画を下 / 計画以 / 需要回復 / 需要の回復 / 需要が増 / 需要が低 / 悪化 / グローバルニッチトップ / トップシェア / シェア拡大 / レアアース
20260513,7551,7551_1630_ウェッズ_2026年3月期 決算短信〔日本基準〕(連結).pdf,,,,,4,,,,,,,,,,,,,,,,,,,価格交渉 / 増産 / 価格改定 / 価格転嫁 / 値上 / 想定以上 / 上方修正 / 下方修正 / 想定以下 / 未達 / 大幅 / 計画を上 / 計画を下 / 計画以 / 需要回復 / 需要の回復 / 需要が増 / 需要が低 / 悪化 / グローバルニッチトップ / トップシェア / シェア拡大 / レアアース
20260513,7551,7551_1630_ウェッズ_支配株主等に関する事項について.pdf,2,,,,,,,,,,,,,,,,,,,,,,,価格交渉 / 増産 / 価格改定 / 価格転嫁 / 値上 / 想定以上 / 上方修正 / 下方修正 / 想定以下 / 未達 / 大幅 / 計画を上 / 計画を下 / 計画以 / 需要回復 / 需要の回復 / 需要が増 / 需要が低 / 悪化 / グローバルニッチトップ / トップシェア / シェア拡大 / レアアース
20260513,7554,7554_1530_幸楽苑_2026年3月期決算短信〔日本基準〕(非連結).pdf,,,,7,,,,,,,,,,,,,,,,,,,,価格交渉 / 増産 / 価格改定 / 価格転嫁 / 値上 / 想定以上 / 上方修正 / 下方修正 / 想定以下 / 未達 / 大幅 / 計画を上 / 計画を下 / 計画以 / 需要回復 / 需要の回復 / 需要が増 / 需要が低 / 悪化 / グローバルニッチトップ / トップシェア / シェア拡大 / レアアース
20260513,7561,7561_1200_ハークスレイ_2026年3月期(FY26)決算補足説明資料.pdf,,,,,,,,,,,7,,,,,,,,,,,,,価格交渉 / 増産 / 価格改定 / 価格転嫁 / 値上 / 想定以上 / 上方修正 / 下方修正 / 想定以下 / 未達 / 大幅 / 計画を上 / 計画を下 / 計画以 / 需要回復 / 需要の回復 / 需要が増 / 需要が低 / 悪化 / グローバルニッチトップ / トップシェア / シェア拡大 / レアアース
20260513,7585,7585_1600_かんなん_2026年6月期 第3四半期決算短信〔日本基準〕(非連結).pdf,,,4,,,,,,,,,,,,,,,,,,,,,価格交渉 / 増産 / 価格改定 / 価格転嫁 / 値上 / 想定以上 / 上方修正 / 下方修正 / 想定以下 / 未達 / 大幅 / 計画を上 / 計画を下 / 計画以 / 需要回復 / 需要の回復 / 需要が増 / 需要が低 / 悪化 / グローバルニッチトップ / トップシェア / シェア拡大 / レアアース
20260513,7602,7602_1930_レダックス_2026年3月期 決算短信〔日本基準〕(連結).pdf,,,,,,,,,,,5,,,,,,,,,,,,,価格交渉 / 増産 / 価格改定 / 価格転嫁 / 値上 / 想定以上 / 上方修正 / 下方修正 / 想定以下 / 未達 / 大幅 / 計画を上 / 計画を下 / 計画以 / 需要回復 / 需要の回復 / 需要が増 / 需要が低 / 悪化 / グローバルニッチトップ / トップシェア / シェア拡大 / レアアース
20260513,7613,7613_1530_シークス_2026年12月期第1四半期決算短信〔日本基準〕(連結).pdf,,,,,,,,,,,,,,,,,,,4,,,,,価格交渉 / 増産 / 価格改定 / 価格転嫁 / 値上 / 想定以上 / 上方修正 / 下方修正 / 想定以下 / 未達 / 大幅 / 計画を上 / 計画を下 / 計画以 / 需要回復 / 需要の回復 / 需要が増 / 需要が低 / 悪化 / グローバルニッチトップ / トップシェア / シェア拡大 / レアアース
20260513,7637,7637_1530_白銅_役員報酬制度の改定に関するお知らせ.pdf,,,,,3,,,,,,,,,,,,,,,,,,,価格交渉 / 増産 / 価格改定 / 価格転嫁 / 値上 / 想定以上 / 上方修正 / 下方修正 / 想定以下 / 未達 / 大幅 / 計画を上 / 計画を下 / 計画以 / 需要回復 / 需要の回復 / 需要が増 / 需要が低 / 悪化 / グローバルニッチトップ / トップシェア / シェア拡大 / レアアース
20260513,7698,7698_1530_アイスコ_2026年3月期決算短信〔日本基準〕(非連結).pdf,,,,,6,,,,,,,,,,,,,,,,,,,価格交渉 / 増産 / 価格改定 / 価格転嫁 / 値上 / 想定以上 / 上方修正 / 下方修正 / 想定以下 / 未達 / 大幅 / 計画を上 / 計画を下 / 計画以 / 需要回復 / 需要の回復 / 需要が増 / 需要が低 / 悪化 / グローバルニッチトップ / トップシェア / シェア拡大 / レアアース
20260513,7729,7729_1530_東精密_2025年度(2026年3月期) 決算説明会.pdf,,,17,,,,,,,,,,,,,,,,,,,,,価格交渉 / 増産 / 価格改定 / 価格転嫁 / 値上 / 想定以上 / 上方修正 / 下方修正 / 想定以下 / 未達 / 大幅 / 計画を上 / 計画を下 / 計画以 / 需要回復 / 需要の回復 / 需要が増 / 需要が低 / 悪化 / グローバルニッチトップ / トップシェア / シェア拡大 / レアアース
20260513,7729,7729_1530_東精密_2026年3月期 決算短信〔日本基準〕(連結).pdf,,,,,,,,,,,,,,,,,,,4,,,,,価格交渉 / 増産 / 価格改定 / 価格転嫁 / 値上 / 想定以上 / 上方修正 / 下方修正 / 想定以下 / 未達 / 大幅 / 計画を上 / 計画を下 / 計画以 / 需要回復 / 需要の回復 / 需要が増 / 需要が低 / 悪化 / グローバルニッチトップ / トップシェア / シェア拡大 / レアアース
20260513,7734,7734_1130_理計器_2026年3月期 決算短信〔日本基準〕(連結).pdf,,,6,,,,,,,,,,,,,,,,,,,,,価格交渉 / 増産 / 価格改定 / 価格転嫁 / 値上 / 想定以上 / 上方修正 / 下方修正 / 想定以下 / 未達 / 大幅 / 計画を上 / 計画を下 / 計画以 / 需要回復 / 需要の回復 / 需要が増 / 需要が低 / 悪化 / グローバルニッチトップ / トップシェア / シェア拡大 / レアアース
20260513,7745,7745_1530_A&DホロンHD_2026年3月期決算説明補足資料.pdf,,,,,,,,,,2 6,,,,,,,,,,,,,,価格交渉 / 増産 / 価格改定 / 価格転嫁 / 値上 / 想定以上 / 上方修正 / 下方修正 / 想定以下 / 未達 / 大幅 / 計画を上 / 計画を下 / 計画以 / 需要回復 / 需要の回復 / 需要が増 / 需要が低 / 悪化 / グローバルニッチトップ / トップシェア / シェア拡大 / レアアース
20260513,7762,7762_1530_シチズン時計_2026年3月期 決算短信〔日本基準〕(連結).pdf,,,,,,,,,,,,,,,,,,,4,,,,,価格交渉 / 増産 / 価格改定 / 価格転嫁 / 値上 / 想定以上 / 上方修正 / 下方修正 / 想定以下 / 未達 / 大幅 / 計画を上 / 計画を下 / 計画以 / 需要回復 / 需要の回復 / 需要が増 / 需要が低 / 悪化 / グローバルニッチトップ / トップシェア / シェア拡大 / レアアース
20260513,7794,7794_1530_G-イーディーピー_2026年3月期 決算短信〔日本基準〕(連結).pdf,,,,,,,,,,,6,,,,,,,,,,,,,価格交渉 / 増産 / 価格改定 / 価格転嫁 / 値上 / 想定以上 / 上方修正 / 下方修正 / 想定以下 / 未達 / 大幅 / 計画を上 / 計画を下 / 計画以 / 需要回復 / 需要の回復 / 需要が増 / 需要が低 / 悪化 / グローバルニッチトップ / トップシェア / シェア拡大 / レアアース
20260513,7794,7794_1530_G-イーディーピー_ラボグローンダイヤモンド製造用20×20mmまでの大型種結晶の発売に関するお知らせ.pdf,,,,,,,,,,,1,,,,,,,,,,,,,価格交渉 / 増産 / 価格改定 / 価格転嫁 / 値上 / 想定以上 / 上方修正 / 下方修正 / 想定以下 / 未達 / 大幅 / 計画を上 / 計画を下 / 計画以 / 需要回復 / 需要の回復 / 需要が増 / 需要が低 / 悪化 / グローバルニッチトップ / トップシェア / シェア拡大 / レアアース
20260513,7794,7794_1530_G-イーディーピー_棚卸資産評価損の計上及び2026年3月期通期業績予想と実績との差異に関するお知らせ.pdf,,,,,,,,,,,2,,,,,,,,,,,,,価格交渉 / 増産 / 価格改定 / 価格転嫁 / 値上 / 想定以上 / 上方修正 / 下方修正 / 想定以下 / 未達 / 大幅 / 計画を上 / 計画を下 / 計画以 / 需要回復 / 需要の回復 / 需要が増 / 需要が低 / 悪化 / グローバルニッチトップ / トップシェア / シェア拡大 / レアアース
20260513,7822,7822_1600_永大産業_2026年3月期 決算短信〔日本基準〕(連結).pdf,,,,,,,,,,,2,,,,,,,,,,,,,価格交渉 / 増産 / 価格改定 / 価格転嫁 / 値上 / 想定以上 / 上方修正 / 下方修正 / 想定以下 / 未達 / 大幅 / 計画を上 / 計画を下 / 計画以 / 需要回復 / 需要の回復 / 需要が増 / 需要が低 / 悪化 / グローバルニッチトップ / トップシェア / シェア拡大 / レアアース
20260513,7826,7826_1530_フルヤ金属_業績予想及び配当予想の修正に関するお知らせ.pdf,,,,,,,2,,,,,,,,,,,,,,,,,価格交渉 / 増産 / 価格改定 / 価格転嫁 / 値上 / 想定以上 / 上方修正 / 下方修正 / 想定以下 / 未達 / 大幅 / 計画を上 / 計画を下 / 計画以 / 需要回復 / 需要の回復 / 需要が増 / 需要が低 / 悪化 / グローバルニッチトップ / トップシェア / シェア拡大 / レアアース
20260513,7863,7863_1530_平賀_2026年3月期 通期業績予想と実績との差異に関するお知らせ.pdf,,,,,,1,,,,,,,,,,,,,,,,,,価格交渉 / 増産 / 価格改定 / 価格転嫁 / 値上 / 想定以上 / 上方修正 / 下方修正 / 想定以下 / 未達 / 大幅 / 計画を上 / 計画を下 / 計画以 / 需要回復 / 需要の回復 / 需要が増 / 需要が低 / 悪化 / グローバルニッチトップ / トップシェア / シェア拡大 / レアアース
20260513,7863,7863_1530_平賀_2026年3月期決算短信〔日本基準〕(非連結).pdf,,,,,,,,,,,5,,,,,,,,,,,,,価格交渉 / 増産 / 価格改定 / 価格転嫁 / 値上 / 想定以上 / 上方修正 / 下方修正 / 想定以下 / 未達 / 大幅 / 計画を上 / 計画を下 / 計画以 / 需要回復 / 需要の回復 / 需要が増 / 需要が低 / 悪化 / グローバルニッチトップ / トップシェア / シェア拡大 / レアアース
20260513,7877,7877_1530_永大化工_2026年3月期 決算短信〔日本基準〕(連結).pdf,,,,4,,,,,,,,,,,,,,,,,,,,価格交渉 / 増産 / 価格改定 / 価格転嫁 / 値上 / 想定以上 / 上方修正 / 下方修正 / 想定以下 / 未達 / 大幅 / 計画を上 / 計画を下 / 計画以 / 需要回復 / 需要の回復 / 需要が増 / 需要が低 / 悪化 / グローバルニッチトップ / トップシェア / シェア拡大 / レアアース
20260513,7877,7877_1530_永大化工_中期経営計画の策定に関するお知らせ.pdf,,,,,,,,,,,,,,,,,,,,,,9,,価格交渉 / 増産 / 価格改定 / 価格転嫁 / 値上 / 想定以上 / 上方修正 / 下方修正 / 想定以下 / 未達 / 大幅 / 計画を上 / 計画を下 / 計画以 / 需要回復 / 需要の回復 / 需要が増 / 需要が低 / 悪化 / グローバルニッチトップ / トップシェア / シェア拡大 / レアアース
20260513,7912,7912_1600_大日印_オーストリア上場企業「AUSTRIACARD HOLDINGS AG」株式の公開買付けに関するお知らせ.pdf,,,,,,,,,,,,,,,,,,,,,,1,,価格交渉 / 増産 / 価格改定 / 価格転嫁 / 値上 / 想定以上 / 上方修正 / 下方修正 / 想定以下 / 未達 / 大幅 / 計画を上 / 計画を下 / 計画以 / 需要回復 / 需要の回復 / 需要が増 / 需要が低 / 悪化 / グローバルニッチトップ / トップシェア / シェア拡大 / レアアース
20260513,7936,7936_1300_アシックス_2026年12月期 第1四半期決算短信〔日本基準〕(連結).pdf,,,,,,,,,,,4 7,,,,,,,,,,,,,価格交渉 / 増産 / 価格改定 / 価格転嫁 / 値上 / 想定以上 / 上方修正 / 下方修正 / 想定以下 / 未達 / 大幅 / 計画を上 / 計画を下 / 計画以 / 需要回復 / 需要の回復 / 需要が増 / 需要が低 / 悪化 / グローバルニッチトップ / トップシェア / シェア拡大 / レアアース
20260513,7943,7943_1540_ニチハ_2026年3月期 決算説明資料(速報版).pdf,,,9,,,,,,,,,,,,,,,,,,,,,価格交渉 / 増産 / 価格改定 / 価格転嫁 / 値上 / 想定以上 / 上方修正 / 下方修正 / 想定以下 / 未達 / 大幅 / 計画を上 / 計画を下 / 計画以 / 需要回復 / 需要の回復 / 需要が増 / 需要が低 / 悪化 / グローバルニッチトップ / トップシェア / シェア拡大 / レアアース
20260513,7991,7991_1530_マミヤオーピー_2026年3月期 決算短信〔日本基準〕(連結).pdf,,,,,4,,,,,,,,,,,,,,,,,,,価格交渉 / 増産 / 価格改定 / 価格転嫁 / 値上 / 想定以上 / 上方修正 / 下方修正 / 想定以下 / 未達 / 大幅 / 計画を上 / 計画を下 / 計画以 / 需要回復 / 需要の回復 / 需要が増 / 需要が低 / 悪化 / グローバルニッチトップ / トップシェア / シェア拡大 / レアアース
20260513,7991,7991_1530_マミヤオーピー_2026年3月期 決算説明資料.pdf,,,,,4,,,,,,,,,,,,,,,,,,,価格交渉 / 増産 / 価格改定 / 価格転嫁 / 値上 / 想定以上 / 上方修正 / 下方修正 / 想定以下 / 未達 / 大幅 / 計画を上 / 計画を下 / 計画以 / 需要回復 / 需要の回復 / 需要が増 / 需要が低 / 悪化 / グローバルニッチトップ / トップシェア / シェア拡大 / レアアース
20260513,8050,8050_1530_セイコーG_2026年3月期 決算短信[日本基準](連結).pdf,,,,,,,,,,,4 5,,,,,,,,,,,,,価格交渉 / 増産 / 価格改定 / 価格転嫁 / 値上 / 想定以上 / 上方修正 / 下方修正 / 想定以下 / 未達 / 大幅 / 計画を上 / 計画を下 / 計画以 / 需要回復 / 需要の回復 / 需要が増 / 需要が低 / 悪化 / グローバルニッチトップ / トップシェア / シェア拡大 / レアアース
20260513,8061,8061_1400_西華産_2026年3月期 決算補足説明資料.pdf,,,,,,,,,,,10,,,,,,,,,,,,,価格交渉 / 増産 / 価格改定 / 価格転嫁 / 値上 / 想定以上 / 上方修正 / 下方修正 / 想定以下 / 未達 / 大幅 / 計画を上 / 計画を下 / 計画以 / 需要回復 / 需要の回復 / 需要が増 / 需要が低 / 悪化 / グローバルニッチトップ / トップシェア / シェア拡大 / レアアース
20260513,8061,8061_1400_西華産_2026年3月期決算短信〔日本基準〕(連結).pdf,,,,,,,,,,18,,,,,,,,,,,,,,価格交渉 / 増産 / 価格改定 / 価格転嫁 / 値上 / 想定以上 / 上方修正 / 下方修正 / 想定以下 / 未達 / 大幅 / 計画を上 / 計画を下 / 計画以 / 需要回復 / 需要の回復 / 需要が増 / 需要が低 / 悪化 / グローバルニッチトップ / トップシェア / シェア拡大 / レアアース
20260513,8075,8075_1245_神鋼商_2025年度決算2026年度計画説明資料.pdf,,,,,,,,,,,,,,,,,,,3,,,,,価格交渉 / 増産 / 価格改定 / 価格転嫁 / 値上 / 想定以上 / 上方修正 / 下方修正 / 想定以下 / 未達 / 大幅 / 計画を上 / 計画を下 / 計画以 / 需要回復 / 需要の回復 / 需要が増 / 需要が低 / 悪化 / グローバルニッチトップ / トップシェア / シェア拡大 / レアアース
20260513,8081,8081_1400_カナデン_新中期経営計画策定に関するお知らせ.pdf,,,,,,,,,,5,,,,,,,,,,,,,,価格交渉 / 増産 / 価格改定 / 価格転嫁 / 値上 / 想定以上 / 上方修正 / 下方修正 / 想定以下 / 未達 / 大幅 / 計画を上 / 計画を下 / 計画以 / 需要回復 / 需要の回復 / 需要が増 / 需要が低 / 悪化 / グローバルニッチトップ / トップシェア / シェア拡大 / レアアース
20260513,8107,8107_1600_キムラタン_2026年3月期 決算短信〔日本基準〕(連結).pdf,,,,,,,,,,,,,,,,,,,4,,,,,価格交渉 / 増産 / 価格改定 / 価格転嫁 / 値上 / 想定以上 / 上方修正 / 下方修正 / 想定以下 / 未達 / 大幅 / 計画を上 / 計画を下 / 計画以 / 需要回復 / 需要の回復 / 需要が増 / 需要が低 / 悪化 / グローバルニッチトップ / トップシェア / シェア拡大 / レアアース
20260513,8129,8129_1400_東邦HD_2026年3月期 決算短信〔日本基準〕(連結).pdf,5,,,,,,,,,,,,,,,,,,,,,,,価格交渉 / 増産 / 価格改定 / 価格転嫁 / 値上 / 想定以上 / 上方修正 / 下方修正 / 想定以下 / 未達 / 大幅 / 計画を上 / 計画を下 / 計画以 / 需要回復 / 需要の回復 / 需要が増 / 需要が低 / 悪化 / グローバルニッチトップ / トップシェア / シェア拡大 / レアアース
20260513,8138,8138_1430_三京化成_2026年3月期 決算短信〔日本基準〕(連結).pdf,,,,,,,,,,,4,,,,,,,,,,,,,価格交渉 / 増産 / 価格改定 / 価格転嫁 / 値上 / 想定以上 / 上方修正 / 下方修正 / 想定以下 / 未達 / 大幅 / 計画を上 / 計画を下 / 計画以 / 需要回復 / 需要の回復 / 需要が増 / 需要が低 / 悪化 / グローバルニッチトップ / トップシェア / シェア拡大 / レアアース
20260513,8316,8316_1630_三井住友_2025年度 決算説明資料.pdf,,,,,,,,,,,,,,,,,,,2,,,,,価格交渉 / 増産 / 価格改定 / 価格転嫁 / 値上 / 想定以上 / 上方修正 / 下方修正 / 想定以下 / 未達 / 大幅 / 計画を上 / 計画を下 / 計画以 / 需要回復 / 需要の回復 / 需要が増 / 需要が低 / 悪化 / グローバルニッチトップ / トップシェア / シェア拡大 / レアアース
20260513,8316,8316_1630_三井住友_2026年3月期 決算短信〔日本基準〕(連結).pdf,,,,,,,,,,,,,,,,,,,2 4,,,,,価格交渉 / 増産 / 価格改定 / 価格転嫁 / 値上 / 想定以上 / 上方修正 / 下方修正 / 想定以下 / 未達 / 大幅 / 計画を上 / 計画を下 / 計画以 / 需要回復 / 需要の回復 / 需要が増 / 需要が低 / 悪化 / グローバルニッチトップ / トップシェア / シェア拡大 / レアアース
20260513,8366,8366_1500_滋賀銀_「第8次中期経営計画」における財務指標の上方修正に関するお知らせ.pdf,,,,,,,1,,,,,,,,,,,,,,,,,価格交渉 / 増産 / 価格改定 / 価格転嫁 / 値上 / 想定以上 / 上方修正 / 下方修正 / 想定以下 / 未達 / 大幅 / 計画を上 / 計画を下 / 計画以 / 需要回復 / 需要の回復 / 需要が増 / 需要が低 / 悪化 / グローバルニッチトップ / トップシェア / シェア拡大 / レアアース
20260513,8524,8524_1400_北洋銀行_2026年3月期 決算短信〔日本基準〕(連結).pdf,,,,,,,,,,,,,,,,,,,,,,35,,価格交渉 / 増産 / 価格改定 / 価格転嫁 / 値上 / 想定以上 / 上方修正 / 下方修正 / 想定以下 / 未達 / 大幅 / 計画を上 / 計画を下 / 計画以 / 需要回復 / 需要の回復 / 需要が増 / 需要が低 / 悪化 / グローバルニッチトップ / トップシェア / シェア拡大 / レアアース
20260513,8550,8550_1500_栃木銀_2026年3月期決算説明資料.pdf,,,,,,,,,,,3,,,,,,,,,,,,,価格交渉 / 増産 / 価格改定 / 価格転嫁 / 値上 / 想定以上 / 上方修正 / 下方修正 / 想定以下 / 未達 / 大幅 / 計画を上 / 計画を下 / 計画以 / 需要回復 / 需要の回復 / 需要が増 / 需要が低 / 悪化 / グローバルニッチトップ / トップシェア / シェア拡大 / レアアース
20260513,8560,8560_1330_宮崎太銀_2026年3月期 決算短信〔日本基準〕(連結).pdf,,,,,,,,,,,51,,,,,,,,,,,,,価格交渉 / 増産 / 価格改定 / 価格転嫁 / 値上 / 想定以上 / 上方修正 / 下方修正 / 想定以下 / 未達 / 大幅 / 計画を上 / 計画を下 / 計画以 / 需要回復 / 需要の回復 / 需要が増 / 需要が低 / 悪化 / グローバルニッチトップ / トップシェア / シェア拡大 / レアアース
20260513,8560,8560_1330_宮崎太銀_2026年3月期 決算説明資料.pdf,,,,,,,,,,,16,,,,,,,,,,,,,価格交渉 / 増産 / 価格改定 / 価格転嫁 / 値上 / 想定以上 / 上方修正 / 下方修正 / 想定以下 / 未達 / 大幅 / 計画を上 / 計画を下 / 計画以 / 需要回復 / 需要の回復 / 需要が増 / 需要が低 / 悪化 / グローバルニッチトップ / トップシェア / シェア拡大 / レアアース
20260513,8746,8746_1530_unbanked_代表取締役の異動並びに取締役(監査等委員である者を除く。)候補者及び監査等委員である取締役候補者の選任に関するお知らせ.pdf,,,,,,,,,,,1,,,,,,,,,,,,,価格交渉 / 増産 / 価格改定 / 価格転嫁 / 値上 / 想定以上 / 上方修正 / 下方修正 / 想定以下 / 未達 / 大幅 / 計画を上 / 計画を下 / 計画以 / 需要回復 / 需要の回復 / 需要が増 / 需要が低 / 悪化 / グローバルニッチトップ / トップシェア / シェア拡大 / レアアース
20260513,8772,8772_1645_アサックス_2026年3月期 決算短信〔日本基準〕(連結).pdf,,,,,,,,,,,,,,,,,,,14,,,,,価格交渉 / 増産 / 価格改定 / 価格転嫁 / 値上 / 想定以上 / 上方修正 / 下方修正 / 想定以下 / 未達 / 大幅 / 計画を上 / 計画を下 / 計画以 / 需要回復 / 需要の回復 / 需要が増 / 需要が低 / 悪化 / グローバルニッチトップ / トップシェア / シェア拡大 / レアアース
20260513,8802,8802_1530_三菱地所_2025年度決算ハイライト.pdf,,,,,,,,,,,1 2 3,,,,,,,,,,,,,価格交渉 / 増産 / 価格改定 / 価格転嫁 / 値上 / 想定以上 / 上方修正 / 下方修正 / 想定以下 / 未達 / 大幅 / 計画を上 / 計画を下 / 計画以 / 需要回復 / 需要の回復 / 需要が増 / 需要が低 / 悪化 / グローバルニッチトップ / トップシェア / シェア拡大 / レアアース
20260513,8802,8802_1530_三菱地所_2026年3月期 決算短信〔日本基準〕(連結).pdf,,,,,,,,,,,,,,,,,,,20,,,,,価格交渉 / 増産 / 価格改定 / 価格転嫁 / 値上 / 想定以上 / 上方修正 / 下方修正 / 想定以下 / 未達 / 大幅 / 計画を上 / 計画を下 / 計画以 / 需要回復 / 需要の回復 / 需要が増 / 需要が低 / 悪化 / グローバルニッチトップ / トップシェア / シェア拡大 / レアアース
20260513,8818,8818_1500_京阪神ビ_株主提案に対する当社取締役会意見に関するお知らせ.pdf,,,,,,,,,,,3,,,,,,,,,,,,,価格交渉 / 増産 / 価格改定 / 価格転嫁 / 値上 / 想定以上 / 上方修正 / 下方修正 / 想定以下 / 未達 / 大幅 / 計画を上 / 計画を下 / 計画以 / 需要回復 / 需要の回復 / 需要が増 / 需要が低 / 悪化 / グローバルニッチトップ / トップシェア / シェア拡大 / レアアース
20260513,8945,8945_1230_サンネクスタグループ_通期連結業績予想の修正に関するお知らせ.pdf,,,,1,,,,,,,,,,,,,,,,,,,,価格交渉 / 増産 / 価格改定 / 価格転嫁 / 値上 / 想定以上 / 上方修正 / 下方修正 / 想定以下 / 未達 / 大幅 / 計画を上 / 計画を下 / 計画以 / 需要回復 / 需要の回復 / 需要が増 / 需要が低 / 悪化 / グローバルニッチトップ / トップシェア / シェア拡大 / レアアース
20260513,9007,9007_1530_小田急_2026年3月期 期末配当予想の修正(増配)および自己株式取得に係る事項の決定に関するお知らせ.pdf,,,,,,,,,,,1,,,,,,,,,,,,,価格交渉 / 増産 / 価格改定 / 価格転嫁 / 値上 / 想定以上 / 上方修正 / 下方修正 / 想定以下 / 未達 / 大幅 / 計画を上 / 計画を下 / 計画以 / 需要回復 / 需要の回復 / 需要が増 / 需要が低 / 悪化 / グローバルニッチトップ / トップシェア / シェア拡大 / レアアース
20260513,9007,9007_1530_小田急_2026年3月期 決算説明資料.pdf,,,,,,,2 23,,,,,,,,,,,,,,,,,価格交渉 / 増産 / 価格改定 / 価格転嫁 / 値上 / 想定以上 / 上方修正 / 下方修正 / 想定以下 / 未達 / 大幅 / 計画を上 / 計画を下 / 計画以 / 需要回復 / 需要の回復 / 需要が増 / 需要が低 / 悪化 / グローバルニッチトップ / トップシェア / シェア拡大 / レアアース
20260513,9010,9010_1530_富士急_2026年3月期 決算短信〔日本基準〕(連結).pdf,,,,,,,,,,,4,,,,,,,,,,,,,価格交渉 / 増産 / 価格改定 / 価格転嫁 / 値上 / 想定以上 / 上方修正 / 下方修正 / 想定以下 / 未達 / 大幅 / 計画を上 / 計画を下 / 計画以 / 需要回復 / 需要の回復 / 需要が増 / 需要が低 / 悪化 / グローバルニッチトップ / トップシェア / シェア拡大 / レアアース
20260513,9025,9025_1530_鴻池運輸_2026年3月期 決算短信〔日本基準〕(連結).pdf,,,,,,,,,,,,,,,,,,,4,,,,,価格交渉 / 増産 / 価格改定 / 価格転嫁 / 値上 / 想定以上 / 上方修正 / 下方修正 / 想定以下 / 未達 / 大幅 / 計画を上 / 計画を下 / 計画以 / 需要回復 / 需要の回復 / 需要が増 / 需要が低 / 悪化 / グローバルニッチトップ / トップシェア / シェア拡大 / レアアース
20260513,9036,9036_1500_東部ネット_2026年3月期決算短信〔日本基準〕(連結).pdf,,,,,,4,,,,,,,,,,,,,,,,,,価格交渉 / 増産 / 価格改定 / 価格転嫁 / 値上 / 想定以上 / 上方修正 / 下方修正 / 想定以下 / 未達 / 大幅 / 計画を上 / 計画を下 / 計画以 / 需要回復 / 需要の回復 / 需要が増 / 需要が低 / 悪化 / グローバルニッチトップ / トップシェア / シェア拡大 / レアアース
20260513,9064,9064_1630_ヤマトHD_業績連動事後交付型譲渡制限付株式報酬制度の導入に関するお知らせ.pdf,,,,,,,,,,,1 3,,,,,,,,,,,,,価格交渉 / 増産 / 価格改定 / 価格転嫁 / 値上 / 想定以上 / 上方修正 / 下方修正 / 想定以下 / 未達 / 大幅 / 計画を上 / 計画を下 / 計画以 / 需要回復 / 需要の回復 / 需要が増 / 需要が低 / 悪化 / グローバルニッチトップ / トップシェア / シェア拡大 / レアアース
20260513,9069,9069_1630_センコーグループHD_2026年3月期 決算短信〔日本基準〕(連結).pdf,,,5 6,,,,,,,,,,,,,,,,,,,,,価格交渉 / 増産 / 価格改定 / 価格転嫁 / 値上 / 想定以上 / 上方修正 / 下方修正 / 想定以下 / 未達 / 大幅 / 計画を上 / 計画を下 / 計画以 / 需要回復 / 需要の回復 / 需要が増 / 需要が低 / 悪化 / グローバルニッチトップ / トップシェア / シェア拡大 / レアアース
20260513,9074,9074_1400_日石輸_2026年3月期 決算説明資料.pdf,,,,,,,,,,,5,,,,,,,,,,,,,価格交渉 / 増産 / 価格改定 / 価格転嫁 / 値上 / 想定以上 / 上方修正 / 下方修正 / 想定以下 / 未達 / 大幅 / 計画を上 / 計画を下 / 計画以 / 需要回復 / 需要の回復 / 需要が増 / 需要が低 / 悪化 / グローバルニッチトップ / トップシェア / シェア拡大 / レアアース
20260513,9087,9087_1545_タカセ_2026年3月期決算短信〔日本基準〕(連結).pdf,,,,,,,,,,,,,,,,,,,4,,,,,価格交渉 / 増産 / 価格改定 / 価格転嫁 / 値上 / 想定以上 / 上方修正 / 下方修正 / 想定以下 / 未達 / 大幅 / 計画を上 / 計画を下 / 計画以 / 需要回復 / 需要の回復 / 需要が増 / 需要が低 / 悪化 / グローバルニッチトップ / トップシェア / シェア拡大 / レアアース
20260513,9221,9221_1500_フルハシEPO_2026年3月期決算補足説明資料.pdf,,,,,,,,,,,15,,,,,,,,,,,,,価格交渉 / 増産 / 価格改定 / 価格転嫁 / 値上 / 想定以上 / 上方修正 / 下方修正 / 想定以下 / 未達 / 大幅 / 計画を上 / 計画を下 / 計画以 / 需要回復 / 需要の回復 / 需要が増 / 需要が低 / 悪化 / グローバルニッチトップ / トップシェア / シェア拡大 / レアアース
20260513,9239,9239_1530_P-ケーイーティ_2026年3月期 決算短信〔日本基準〕(非連結).pdf,,,,,,,,,,,,,,,,,,,4,,,,,価格交渉 / 増産 / 価格改定 / 価格転嫁 / 値上 / 想定以上 / 上方修正 / 下方修正 / 想定以下 / 未達 / 大幅 / 計画を上 / 計画を下 / 計画以 / 需要回復 / 需要の回復 / 需要が増 / 需要が低 / 悪化 / グローバルニッチトップ / トップシェア / シェア拡大 / レアアース
20260513,9272,9272_1600_G-ブティックス_募集新株予約権(税制適格ストック・オプション及び有償ストック・オプション)の発行に関するお知らせ.pdf,,,,,,,,,,2 8,,,,,,,,,,,,,,価格交渉 / 増産 / 価格改定 / 価格転嫁 / 値上 / 想定以上 / 上方修正 / 下方修正 / 想定以下 / 未達 / 大幅 / 計画を上 / 計画を下 / 計画以 / 需要回復 / 需要の回復 / 需要が増 / 需要が低 / 悪化 / グローバルニッチトップ / トップシェア / シェア拡大 / レアアース
20260513,9305,9305_1320_ヤマタネ_個別業績の前期実績値との差異に関するお知らせ.pdf,,,,1,,,,,,,,,,,,,,,,,,,,価格交渉 / 増産 / 価格改定 / 価格転嫁 / 値上 / 想定以上 / 上方修正 / 下方修正 / 想定以下 / 未達 / 大幅 / 計画を上 / 計画を下 / 計画以 / 需要回復 / 需要の回復 / 需要が増 / 需要が低 / 悪化 / グローバルニッチトップ / トップシェア / シェア拡大 / レアアース
20260513,9306,9306_1440_東陽倉_2026年3月期 決算短信〔日本基準〕(連結).pdf,,,,,,,,,,,,,,,,4,,,,,,,,価格交渉 / 増産 / 価格改定 / 価格転嫁 / 値上 / 想定以上 / 上方修正 / 下方修正 / 想定以下 / 未達 / 大幅 / 計画を上 / 計画を下 / 計画以 / 需要回復 / 需要の回復 / 需要が増 / 需要が低 / 悪化 / グローバルニッチトップ / トップシェア / シェア拡大 / レアアース
20260513,9319,9319_1600_中央倉庫_資本コストや株価を意識した経営の実現に向けた対応について(アップデート).pdf,,,,,,,,,,,,,,,,,,,,,,2,,価格交渉 / 増産 / 価格改定 / 価格転嫁 / 値上 / 想定以上 / 上方修正 / 下方修正 / 想定以下 / 未達 / 大幅 / 計画を上 / 計画を下 / 計画以 / 需要回復 / 需要の回復 / 需要が増 / 需要が低 / 悪化 / グローバルニッチトップ / トップシェア / シェア拡大 / レアアース
20260513,9332,9332_1530_NISSOHD_2026年3月期 決算説明資料.pdf,,,,,,,,,,,,,,,,,,,3 14,,,,,価格交渉 / 増産 / 価格改定 / 価格転嫁 / 値上 / 想定以上 / 上方修正 / 下方修正 / 想定以下 / 未達 / 大幅 / 計画を上 / 計画を下 / 計画以 / 需要回復 / 需要の回復 / 需要が増 / 需要が低 / 悪化 / グローバルニッチトップ / トップシェア / シェア拡大 / レアアース
20260513,9338,9338_1530_G-INFORICH_2026年12月期 第1四半期決算短信〔日本基準〕(連結).pdf,,,,,,,,,,,5,,,,,,,,,,,,,価格交渉 / 増産 / 価格改定 / 価格転嫁 / 値上 / 想定以上 / 上方修正 / 下方修正 / 想定以下 / 未達 / 大幅 / 計画を上 / 計画を下 / 計画以 / 需要回復 / 需要の回復 / 需要が増 / 需要が低 / 悪化 / グローバルニッチトップ / トップシェア / シェア拡大 / レアアース
20260513,9340,9340_1430_アソインター_2026年6月期 第3四半期決算短信〔日本基準〕(連結).pdf,,,,,,,,,,,,,,,,,,,4,,,,,価格交渉 / 増産 / 価格改定 / 価格転嫁 / 値上 / 想定以上 / 上方修正 / 下方修正 / 想定以下 / 未達 / 大幅 / 計画を上 / 計画を下 / 計画以 / 需要回復 / 需要の回復 / 需要が増 / 需要が低 / 悪化 / グローバルニッチトップ / トップシェア / シェア拡大 / レアアース
20260513,9340,9340_1430_アソインター_2026年6月期 第3四半期決算説明資料.pdf,,,,,9,,,,,,,,,,,,,,,,,,,価格交渉 / 増産 / 価格改定 / 価格転嫁 / 値上 / 想定以上 / 上方修正 / 下方修正 / 想定以下 / 未達 / 大幅 / 計画を上 / 計画を下 / 計画以 / 需要回復 / 需要の回復 / 需要が増 / 需要が低 / 悪化 / グローバルニッチトップ / トップシェア / シェア拡大 / レアアース
20260513,9341,9341_1530_GENOVA_2026年3月期決算短信〔日本基準〕(連結).pdf,,,,,,,,,,,6,,,,,,,,,,,,,価格交渉 / 増産 / 価格改定 / 価格転嫁 / 値上 / 想定以上 / 上方修正 / 下方修正 / 想定以下 / 未達 / 大幅 / 計画を上 / 計画を下 / 計画以 / 需要回復 / 需要の回復 / 需要が増 / 需要が低 / 悪化 / グローバルニッチトップ / トップシェア / シェア拡大 / レアアース
20260513,9365,9365_1500_トレーディア_2026年3月期決算短信〔日本基準〕(連結).pdf,,,,,,,,,,,4,,,,,,,,,,,,,価格交渉 / 増産 / 価格改定 / 価格転嫁 / 値上 / 想定以上 / 上方修正 / 下方修正 / 想定以下 / 未達 / 大幅 / 計画を上 / 計画を下 / 計画以 / 需要回復 / 需要の回復 / 需要が増 / 需要が低 / 悪化 / グローバルニッチトップ / トップシェア / シェア拡大 / レアアース
20260513,9419,9419_1530_ワイヤレスゲート_2026年12月期 第1四半期 決算説明資料.pdf,,,,,,,,,,,2 8 10 21,,,,,,,,,,,,,価格交渉 / 増産 / 価格改定 / 価格転嫁 / 値上 / 想定以上 / 上方修正 / 下方修正 / 想定以下 / 未達 / 大幅 / 計画を上 / 計画を下 / 計画以 / 需要回復 / 需要の回復 / 需要が増 / 需要が低 / 悪化 / グローバルニッチトップ / トップシェア / シェア拡大 / レアアース
20260513,9428,9428_1330_クロップス_2026年3月期 決算説明資料.pdf,,,,,,,,,,4,,,,,,,,,,,,,,価格交渉 / 増産 / 価格改定 / 価格転嫁 / 値上 / 想定以上 / 上方修正 / 下方修正 / 想定以下 / 未達 / 大幅 / 計画を上 / 計画を下 / 計画以 / 需要回復 / 需要の回復 / 需要が増 / 需要が低 / 悪化 / グローバルニッチトップ / トップシェア / シェア拡大 / レアアース
20260513,9435,9435_1511_光通信_2026年3月期決算説明資料.pdf,,,,,,,,,,,18,,,,,,,,,,,,,価格交渉 / 増産 / 価格改定 / 価格転嫁 / 値上 / 想定以上 / 上方修正 / 下方修正 / 想定以下 / 未達 / 大幅 / 計画を上 / 計画を下 / 計画以 / 需要回復 / 需要の回復 / 需要が増 / 需要が低 / 悪化 / グローバルニッチトップ / トップシェア / シェア拡大 / レアアース
20260513,9438,9438_1300_エムティーアイ_2026年9月期 2Q決算説明会資料.pdf,,,,,,,8,,,,,,,,,,,,,,,,,価格交渉 / 増産 / 価格改定 / 価格転嫁 / 値上 / 想定以上 / 上方修正 / 下方修正 / 想定以下 / 未達 / 大幅 / 計画を上 / 計画を下 / 計画以 / 需要回復 / 需要の回復 / 需要が増 / 需要が低 / 悪化 / グローバルニッチトップ / トップシェア / シェア拡大 / レアアース
20260513,9519,9519_1530_レノバ_2026年3月期 決算補足資料.pdf,,,,,,,,,,,3 5 6 7 26 55,,,,,,,,,,,,,価格交渉 / 増産 / 価格改定 / 価格転嫁 / 値上 / 想定以上 / 上方修正 / 下方修正 / 想定以下 / 未達 / 大幅 / 計画を上 / 計画を下 / 計画以 / 需要回復 / 需要の回復 / 需要が増 / 需要が低 / 悪化 / グローバルニッチトップ / トップシェア / シェア拡大 / レアアース
20260513,9621,9621_1530_建設技研_第64期(2026年) 第1四半期決算報告.pdf,,,,,,,,,,,2 7,,,,,,,,,,,,,価格交渉 / 増産 / 価格改定 / 価格転嫁 / 値上 / 想定以上 / 上方修正 / 下方修正 / 想定以下 / 未達 / 大幅 / 計画を上 / 計画を下 / 計画以 / 需要回復 / 需要の回復 / 需要が増 / 需要が低 / 悪化 / グローバルニッチトップ / トップシェア / シェア拡大 / レアアース
20260513,9633,9633_1500_テアトル_2026年3月期決算短信〔日本基準〕(連結).pdf,,,,,,,,,,,5 6,,,,,,,,,,,,,価格交渉 / 増産 / 価格改定 / 価格転嫁 / 値上 / 想定以上 / 上方修正 / 下方修正 / 想定以下 / 未達 / 大幅 / 計画を上 / 計画を下 / 計画以 / 需要回復 / 需要の回復 / 需要が増 / 需要が低 / 悪化 / グローバルニッチトップ / トップシェア / シェア拡大 / レアアース
20260513,9633,9633_1500_テアトル_2026年3月期決算補足説明資料.pdf,,,,,,,,,,,3 7,,,,,,,,,,,,,価格交渉 / 増産 / 価格改定 / 価格転嫁 / 値上 / 想定以上 / 上方修正 / 下方修正 / 想定以下 / 未達 / 大幅 / 計画を上 / 計画を下 / 計画以 / 需要回復 / 需要の回復 / 需要が増 / 需要が低 / 悪化 / グローバルニッチトップ / トップシェア / シェア拡大 / レアアース
20260513,9633,9633_1500_テアトル_個別決算における特別損失(関係会社株式評価損)の計上及び連結業績予想と実績値の差異に関するお知らせ.pdf,,,,,,,,,,,,2,,,,,,,,,,,,価格交渉 / 増産 / 価格改定 / 価格転嫁 / 値上 / 想定以上 / 上方修正 / 下方修正 / 想定以下 / 未達 / 大幅 / 計画を上 / 計画を下 / 計画以 / 需要回復 / 需要の回復 / 需要が増 / 需要が低 / 悪化 / グローバルニッチトップ / トップシェア / シェア拡大 / レアアース
20260513,9643,9643_1420_中日興_令和8年3月期 決算短信〔日本基準〕(非連結).pdf,,,,,,,,,,,4,,,,,,,,,,,,,価格交渉 / 増産 / 価格改定 / 価格転嫁 / 値上 / 想定以上 / 上方修正 / 下方修正 / 想定以下 / 未達 / 大幅 / 計画を上 / 計画を下 / 計画以 / 需要回復 / 需要の回復 / 需要が増 / 需要が低 / 悪化 / グローバルニッチトップ / トップシェア / シェア拡大 / レアアース
20260513,9643,9643_1420_中日興_特別損失(減損損失)の計上および業績予想と実績値との差異に関するお知らせ.pdf,,,,,,,,,,,,,,,,,,,1,,,,,価格交渉 / 増産 / 価格改定 / 価格転嫁 / 値上 / 想定以上 / 上方修正 / 下方修正 / 想定以下 / 未達 / 大幅 / 計画を上 / 計画を下 / 計画以 / 需要回復 / 需要の回復 / 需要が増 / 需要が低 / 悪化 / グローバルニッチトップ / トップシェア / シェア拡大 / レアアース
20260513,9644,9644_1300_タナベコンサルG_2026年3月期 決算補足説明資料.pdf,,,,,,,,,,,,,,4,,,,,,,,,,価格交渉 / 増産 / 価格改定 / 価格転嫁 / 値上 / 想定以上 / 上方修正 / 下方修正 / 想定以下 / 未達 / 大幅 / 計画を上 / 計画を下 / 計画以 / 需要回復 / 需要の回復 / 需要が増 / 需要が低 / 悪化 / グローバルニッチトップ / トップシェア / シェア拡大 / レアアース
20260513,9644,9644_1300_タナベコンサルG_中期経営計画(2026~2030)「TCG Future Vision 2030」.pdf,,,,,,,,,,,,,,,,,,,,,21,,,価格交渉 / 増産 / 価格改定 / 価格転嫁 / 値上 / 想定以上 / 上方修正 / 下方修正 / 想定以下 / 未達 / 大幅 / 計画を上 / 計画を下 / 計画以 / 需要回復 / 需要の回復 / 需要が増 / 需要が低 / 悪化 / グローバルニッチトップ / トップシェア / シェア拡大 / レアアース
20260513,9726,9726_1530_KNTCT_2026年3月期 決算短信〔日本基準〕(連結).pdf,,,,,,,,,,,,,,,5,,,,,,,,,価格交渉 / 増産 / 価格改定 / 価格転嫁 / 値上 / 想定以上 / 上方修正 / 下方修正 / 想定以下 / 未達 / 大幅 / 計画を上 / 計画を下 / 計画以 / 需要回復 / 需要の回復 / 需要が増 / 需要が低 / 悪化 / グローバルニッチトップ / トップシェア / シェア拡大 / レアアース
20260513,9757,9757_1530_船井総研HD_2026年12月期 第1四半期決算概要書.pdf,,,,,,,,,,,5,,,,,,,,,,,,,価格交渉 / 増産 / 価格改定 / 価格転嫁 / 値上 / 想定以上 / 上方修正 / 下方修正 / 想定以下 / 未達 / 大幅 / 計画を上 / 計画を下 / 計画以 / 需要回復 / 需要の回復 / 需要が増 / 需要が低 / 悪化 / グローバルニッチトップ / トップシェア / シェア拡大 / レアアース
20260513,9850,9850_1530_グルメ杵屋_2026年3月期連結業績予想値と実績値及び個別業績と前年実績値との差異に関するお知らせ.pdf,,,,,,,,,,,2,,,,,,,,,,,,,価格交渉 / 増産 / 価格改定 / 価格転嫁 / 値上 / 想定以上 / 上方修正 / 下方修正 / 想定以下 / 未達 / 大幅 / 計画を上 / 計画を下 / 計画以 / 需要回復 / 需要の回復 / 需要が増 / 需要が低 / 悪化 / グローバルニッチトップ / トップシェア / シェア拡大 / レアアース
20260513,9850,9850_1530_グルメ杵屋_特別利益及び特別損失の計上に関するお知らせ.pdf,,,,,,,,,,,,,,,,,,,1,,,,,価格交渉 / 増産 / 価格改定 / 価格転嫁 / 値上 / 想定以上 / 上方修正 / 下方修正 / 想定以下 / 未達 / 大幅 / 計画を上 / 計画を下 / 計画以 / 需要回復 / 需要の回復 / 需要が増 / 需要が低 / 悪化 / グローバルニッチトップ / トップシェア / シェア拡大 / レアアース
20260513,9908,9908_1300_日本電計_2026年3月期 決算短信[日本基準](連結).pdf,,,,,,,,,,,,,,,,,,,4,,,,,価格交渉 / 増産 / 価格改定 / 価格転嫁 / 値上 / 想定以上 / 上方修正 / 下方修正 / 想定以下 / 未達 / 大幅 / 計画を上 / 計画を下 / 計画以 / 需要回復 / 需要の回復 / 需要が増 / 需要が低 / 悪化 / グローバルニッチトップ / トップシェア / シェア拡大 / レアアース
20260513,9929,9929_1600_平和紙業_2026年3月期 決算短信〔日本基準〕(連結).pdf,,,,,,,,,,,,,,,,,,,17 23 45,,,,,価格交渉 / 増産 / 価格改定 / 価格転嫁 / 値上 / 想定以上 / 上方修正 / 下方修正 / 想定以下 / 未達 / 大幅 / 計画を上 / 計画を下 / 計画以 / 需要回復 / 需要の回復 / 需要が増 / 需要が低 / 悪化 / グローバルニッチトップ / トップシェア / シェア拡大 / レアアース
20260513,9956,9956_1300_バローHD_会社の支配に関する基本方針の改定及び当社株式の大量買付行為への対応方針(買収への対応方針)の更新に関するお知らせ.pdf,,,,,,,,,,,5,,,,,,,,,,,,,価格交渉 / 増産 / 価格改定 / 価格転嫁 / 値上 / 想定以上 / 上方修正 / 下方修正 / 想定以下 / 未達 / 大幅 / 計画を上 / 計画を下 / 計画以 / 需要回復 / 需要の回復 / 需要が増 / 需要が低 / 悪化 / グローバルニッチトップ / トップシェア / シェア拡大 / レアアース
20260513,9956,9956_1300_バローHD_資本コストや株価を意識した経営の実現に向けた対応について(アップデート).pdf,,,,,,,,,,,3 4 5 8,,,,,,,,,,,,,価格交渉 / 増産 / 価格改定 / 価格転嫁 / 値上 / 想定以上 / 上方修正 / 下方修正 / 想定以下 / 未達 / 大幅 / 計画を上 / 計画を下 / 計画以 / 需要回復 / 需要の回復 / 需要が増 / 需要が低 / 悪化 / グローバルニッチトップ / トップシェア / シェア拡大 / レアアース
20260513,9959,9959_1400_アシードHD_2026年3月期 決算短信〔日本基準〕(連結).pdf,,,,,4 5,,,,,,,,,,,,,,,,,,,価格交渉 / 増産 / 価格改定 / 価格転嫁 / 値上 / 想定以上 / 上方修正 / 下方修正 / 想定以下 / 未達 / 大幅 / 計画を上 / 計画を下 / 計画以 / 需要回復 / 需要の回復 / 需要が増 / 需要が低 / 悪化 / グローバルニッチトップ / トップシェア / シェア拡大 / レアアース
