日付,コード,PDFファイル名,価格交渉,増産,価格改定,価格転嫁,値上,想定以上,上方修正,下方修正,想定以下,未達,大幅,計画を上,計画を下,計画以,需要回復,需要の回復,需要が増,需要が低,悪化,グローバルニッチトップ,トップシェア,シェア拡大,レアアース,検索キーワード一覧
20260807,2264,2264_1530_森永乳_2027年3月期第1四半期決算説明会.pdf,,,2 4 5 6 8 9 10 11 15 16 17 18,,,4 5 6 17,2 8 9 10 11 16 18,2 8 9,,,2 14,9 10,,11,,,,,11 18,,,,,価格交渉 / 増産 / 価格改定 / 価格転嫁 / 値上 / 想定以上 / 上方修正 / 下方修正 / 想定以下 / 未達 / 大幅 / 計画を上 / 計画を下 / 計画以 / 需要回復 / 需要の回復 / 需要が増 / 需要が低 / 悪化 / グローバルニッチトップ / トップシェア / シェア拡大 / レアアース
20260807,9268,9268_1530_オプティマス_2027年3月期 第1四半期 決算説明資料.pdf,,,,,,,13,13,,,13 49 50,,13,,27 49 50,,,49,19,,31 55,,,価格交渉 / 増産 / 価格改定 / 価格転嫁 / 値上 / 想定以上 / 上方修正 / 下方修正 / 想定以下 / 未達 / 大幅 / 計画を上 / 計画を下 / 計画以 / 需要回復 / 需要の回復 / 需要が増 / 需要が低 / 悪化 / グローバルニッチトップ / トップシェア / シェア拡大 / レアアース
20260807,268A,268A_1530_リガク_2026年12月期第2四半期決算説明資料.pdf,,5,,,5 8 22 25,19,,,,,2 8 21 22,5,,,5,,,,,,,13 38,,価格交渉 / 増産 / 価格改定 / 価格転嫁 / 値上 / 想定以上 / 上方修正 / 下方修正 / 想定以下 / 未達 / 大幅 / 計画を上 / 計画を下 / 計画以 / 需要回復 / 需要の回復 / 需要が増 / 需要が低 / 悪化 / グローバルニッチトップ / トップシェア / シェア拡大 / レアアース
20260807,2938,2938_1400_オカムラ食品工業_2026年6月期 決算補足説明資料.pdf,,7 22 23 24 25 41,,13 16,16,,,,,7,12 13 15 17,,6,,,,,,14,,,,,価格交渉 / 増産 / 価格改定 / 価格転嫁 / 値上 / 想定以上 / 上方修正 / 下方修正 / 想定以下 / 未達 / 大幅 / 計画を上 / 計画を下 / 計画以 / 需要回復 / 需要の回復 / 需要が増 / 需要が低 / 悪化 / グローバルニッチトップ / トップシェア / シェア拡大 / レアアース
20260807,5805,5805_1400_SWCC_2027年3月期第1四半期決算補足説明資料.pdf,,8 9 10 16,,7 14,,15,5 13 14 15 16 18,,,,4,5,,,,,,,15 17,,,,,価格交渉 / 増産 / 価格改定 / 価格転嫁 / 値上 / 想定以上 / 上方修正 / 下方修正 / 想定以下 / 未達 / 大幅 / 計画を上 / 計画を下 / 計画以 / 需要回復 / 需要の回復 / 需要が増 / 需要が低 / 悪化 / グローバルニッチトップ / トップシェア / シェア拡大 / レアアース
20260807,5957,5957_1530_日東精工_2026年12月期第2四半期決算補足説明資料.pdf,,19,14,5,,,,,,,12 14,,,,,17,12 14,,,,,,18,価格交渉 / 増産 / 価格改定 / 価格転嫁 / 値上 / 想定以上 / 上方修正 / 下方修正 / 想定以下 / 未達 / 大幅 / 計画を上 / 計画を下 / 計画以 / 需要回復 / 需要の回復 / 需要が増 / 需要が低 / 悪化 / グローバルニッチトップ / トップシェア / シェア拡大 / レアアース
20260807,2815,2815_1000_アリアケ_2027年3月期 第1四半期 決算説明会資料.pdf,,,3 4,3,3,,,,,,,1 2,1,1,,,,,,,,,,価格交渉 / 増産 / 価格改定 / 価格転嫁 / 値上 / 想定以上 / 上方修正 / 下方修正 / 想定以下 / 未達 / 大幅 / 計画を上 / 計画を下 / 計画以 / 需要回復 / 需要の回復 / 需要が増 / 需要が低 / 悪化 / グローバルニッチトップ / トップシェア / シェア拡大 / レアアース
20260807,5076,5076_1000_インフロニアHD_2027年3月期第1四半期アナリスト向け決算説明会資料.pdf,,,,3 5 36 38,,,15,,,,16 22 34,15 16 17,,16,,,,,5 29,,,,,価格交渉 / 増産 / 価格改定 / 価格転嫁 / 値上 / 想定以上 / 上方修正 / 下方修正 / 想定以下 / 未達 / 大幅 / 計画を上 / 計画を下 / 計画以 / 需要回復 / 需要の回復 / 需要が増 / 需要が低 / 悪化 / グローバルニッチトップ / トップシェア / シェア拡大 / レアアース
20260807,6240,6240_1530_ヤマシンフィルタ_2027年3月期第1四半期決算説明資料.pdf,,,,4 8 13,,,,,,,8 18,,,,13,18,22,,,,,12 13 20 32,,価格交渉 / 増産 / 価格改定 / 価格転嫁 / 値上 / 想定以上 / 上方修正 / 下方修正 / 想定以下 / 未達 / 大幅 / 計画を上 / 計画を下 / 計画以 / 需要回復 / 需要の回復 / 需要が増 / 需要が低 / 悪化 / グローバルニッチトップ / トップシェア / シェア拡大 / レアアース
20260807,8919,8919_1530_カチタス_2027年3月期(第49期) 第1四半期 決算説明資料.pdf,,,,,4 8,,15,,,,10 12 19 23 51,5,,15,,,,,19 39,,,,,価格交渉 / 増産 / 価格改定 / 価格転嫁 / 値上 / 想定以上 / 上方修正 / 下方修正 / 想定以下 / 未達 / 大幅 / 計画を上 / 計画を下 / 計画以 / 需要回復 / 需要の回復 / 需要が増 / 需要が低 / 悪化 / グローバルニッチトップ / トップシェア / シェア拡大 / レアアース
20260807,1429,1429_1530_日本アクア_2026年12月期第2四半期(中間期)決算説明会資料.pdf,,,18,,,,,,,2,51,2 20,,,,,,,,,,18,,価格交渉 / 増産 / 価格改定 / 価格転嫁 / 値上 / 想定以上 / 上方修正 / 下方修正 / 想定以下 / 未達 / 大幅 / 計画を上 / 計画を下 / 計画以 / 需要回復 / 需要の回復 / 需要が増 / 需要が低 / 悪化 / グローバルニッチトップ / トップシェア / シェア拡大 / レアアース
20260807,2311,2311_1530_エプコ_2026年12月期第2四半期決算説明資料.pdf,,,,,,,11,,,10 13,6,2 10 12,10,,,,,,,,,,,価格交渉 / 増産 / 価格改定 / 価格転嫁 / 値上 / 想定以上 / 上方修正 / 下方修正 / 想定以下 / 未達 / 大幅 / 計画を上 / 計画を下 / 計画以 / 需要回復 / 需要の回復 / 需要が増 / 需要が低 / 悪化 / グローバルニッチトップ / トップシェア / シェア拡大 / レアアース
20260807,2429,2429_1530_ワールドHD_2026年12月期第2四半期決算説明資料.pdf,,13,21,,,,,,,4 14 16 18,13,4 5 12 16 18 20,,,,,,,,,,,,価格交渉 / 増産 / 価格改定 / 価格転嫁 / 値上 / 想定以上 / 上方修正 / 下方修正 / 想定以下 / 未達 / 大幅 / 計画を上 / 計画を下 / 計画以 / 需要回復 / 需要の回復 / 需要が増 / 需要が低 / 悪化 / グローバルニッチトップ / トップシェア / シェア拡大 / レアアース
20260807,3774,3774_1200_IIJ_2027年3月期第1四半期 連結業績説明資料.pdf,,,4 8 9 20,4 41,36,,,,,,9 24 36,,,,,,,,,,35 46,,,価格交渉 / 増産 / 価格改定 / 価格転嫁 / 値上 / 想定以上 / 上方修正 / 下方修正 / 想定以下 / 未達 / 大幅 / 計画を上 / 計画を下 / 計画以 / 需要回復 / 需要の回復 / 需要が増 / 需要が低 / 悪化 / グローバルニッチトップ / トップシェア / シェア拡大 / レアアース
20260807,4097,4097_1530_高圧ガス_2027年3月期 第1四半期決算短信[日本基準](連結).pdf,,,4,,,,,,,,4,,,,4,,4 5,,4,,,,,価格交渉 / 増産 / 価格改定 / 価格転嫁 / 値上 / 想定以上 / 上方修正 / 下方修正 / 想定以下 / 未達 / 大幅 / 計画を上 / 計画を下 / 計画以 / 需要回復 / 需要の回復 / 需要が増 / 需要が低 / 悪化 / グローバルニッチトップ / トップシェア / シェア拡大 / レアアース
20260807,4182,4182_1530_菱瓦斯化_2026年度第1四半期 決算説明資料.pdf,,,,2 3 9 11 14,,14,,,,,,,,,10 12 15,16,,,3 6 9 15,,,,,価格交渉 / 増産 / 価格改定 / 価格転嫁 / 値上 / 想定以上 / 上方修正 / 下方修正 / 想定以下 / 未達 / 大幅 / 計画を上 / 計画を下 / 計画以 / 需要回復 / 需要の回復 / 需要が増 / 需要が低 / 悪化 / グローバルニッチトップ / トップシェア / シェア拡大 / レアアース
20260807,5463,5463_1530_丸一鋼管_2027年3月期第1四半期決算説明会資料.pdf,,9,,,8,,,,,,,,,,20,,9,8 9,,,,,,価格交渉 / 増産 / 価格改定 / 価格転嫁 / 値上 / 想定以上 / 上方修正 / 下方修正 / 想定以下 / 未達 / 大幅 / 計画を上 / 計画を下 / 計画以 / 需要回復 / 需要の回復 / 需要が増 / 需要が低 / 悪化 / グローバルニッチトップ / トップシェア / シェア拡大 / レアアース
20260807,6143,6143_1500_ソディック_2026年12月期 第2四半期決算説明資料.pdf,,25 28,,,,,18 19,19,,,5 6 18 19,,,,,,24,,,,,,,価格交渉 / 増産 / 価格改定 / 価格転嫁 / 値上 / 想定以上 / 上方修正 / 下方修正 / 想定以下 / 未達 / 大幅 / 計画を上 / 計画を下 / 計画以 / 需要回復 / 需要の回復 / 需要が増 / 需要が低 / 悪化 / グローバルニッチトップ / トップシェア / シェア拡大 / レアアース
20260807,7012,7012_1130_川崎重_2026年度第1四半期決算説明資料.pdf,,21 24 43,,,,,2 16 17 18,,,,32 36,,,,,,24,,9 12,,,,,価格交渉 / 増産 / 価格改定 / 価格転嫁 / 値上 / 想定以上 / 上方修正 / 下方修正 / 想定以下 / 未達 / 大幅 / 計画を上 / 計画を下 / 計画以 / 需要回復 / 需要の回復 / 需要が増 / 需要が低 / 悪化 / グローバルニッチトップ / トップシェア / シェア拡大 / レアアース
20260807,7187,7187_1530_ジェイリース_2027年3月期第1四半期決算説明資料.pdf,,,,,,,,,,,4,2 3 4 8,4,,,,11,,11,,,,,価格交渉 / 増産 / 価格改定 / 価格転嫁 / 値上 / 想定以上 / 上方修正 / 下方修正 / 想定以下 / 未達 / 大幅 / 計画を上 / 計画を下 / 計画以 / 需要回復 / 需要の回復 / 需要が増 / 需要が低 / 悪化 / グローバルニッチトップ / トップシェア / シェア拡大 / レアアース
20260807,7291,7291_1500_日本プラスト_2027年3月期 第1四半期決算短信 〔日本基準〕(連結).pdf,,4,4,4,,4,,,,,,,,,,,,,4,,,,,価格交渉 / 増産 / 価格改定 / 価格転嫁 / 値上 / 想定以上 / 上方修正 / 下方修正 / 想定以下 / 未達 / 大幅 / 計画を上 / 計画を下 / 計画以 / 需要回復 / 需要の回復 / 需要が増 / 需要が低 / 悪化 / グローバルニッチトップ / トップシェア / シェア拡大 / レアアース
20260807,7637,7637_1530_白銅_2027年3月期 第1四半期決算説明資料.pdf,,15,5,,,,18 19,,,,4 5 12 24,,,,8,,,,,,,,,価格交渉 / 増産 / 価格改定 / 価格転嫁 / 値上 / 想定以上 / 上方修正 / 下方修正 / 想定以下 / 未達 / 大幅 / 計画を上 / 計画を下 / 計画以 / 需要回復 / 需要の回復 / 需要が増 / 需要が低 / 悪化 / グローバルニッチトップ / トップシェア / シェア拡大 / レアアース
20260807,9245,9245_1200_G-リベロ_2026年12月期第2四半期決算説明資料.pdf,37,,,,,,,,,,12 22,22,,,,,,43,43,,,,,価格交渉 / 増産 / 価格改定 / 価格転嫁 / 値上 / 想定以上 / 上方修正 / 下方修正 / 想定以下 / 未達 / 大幅 / 計画を上 / 計画を下 / 計画以 / 需要回復 / 需要の回復 / 需要が増 / 需要が低 / 悪化 / グローバルニッチトップ / トップシェア / シェア拡大 / レアアース
20260807,9330,9330_1530_G-揚羽_2026年9月期 第3四半期決算説明資料.pdf,,,,,,,,2 12,,6 12,,6,7,,,,,,12,,,,,価格交渉 / 増産 / 価格改定 / 価格転嫁 / 値上 / 想定以上 / 上方修正 / 下方修正 / 想定以下 / 未達 / 大幅 / 計画を上 / 計画を下 / 計画以 / 需要回復 / 需要の回復 / 需要が増 / 需要が低 / 悪化 / グローバルニッチトップ / トップシェア / シェア拡大 / レアアース
20260807,1301,1301_1130_極洋_2027年3月期 第1四半期決算短信[日本基準](連結).pdf,,,5,4,,,,,,,4,,4,,,,,,,,,,,価格交渉 / 増産 / 価格改定 / 価格転嫁 / 値上 / 想定以上 / 上方修正 / 下方修正 / 想定以下 / 未達 / 大幅 / 計画を上 / 計画を下 / 計画以 / 需要回復 / 需要の回復 / 需要が増 / 需要が低 / 悪化 / グローバルニッチトップ / トップシェア / シェア拡大 / レアアース
20260807,1870,1870_1400_矢作建_2027年3月期第1四半期決算説明資料.pdf,,,,24,,24,6,,,,12 15 17,,,,,,,,,,,,,価格交渉 / 増産 / 価格改定 / 価格転嫁 / 値上 / 想定以上 / 上方修正 / 下方修正 / 想定以下 / 未達 / 大幅 / 計画を上 / 計画を下 / 計画以 / 需要回復 / 需要の回復 / 需要が増 / 需要が低 / 悪化 / グローバルニッチトップ / トップシェア / シェア拡大 / レアアース
20260807,255A,255A_1500_ジーエルテクノHD_2027年3月期第1四半期決算短信〔日本基準〕(連結).pdf,,4,,,,,,,,,4,4,,,,,,,4,,,,,価格交渉 / 増産 / 価格改定 / 価格転嫁 / 値上 / 想定以上 / 上方修正 / 下方修正 / 想定以下 / 未達 / 大幅 / 計画を上 / 計画を下 / 計画以 / 需要回復 / 需要の回復 / 需要が増 / 需要が低 / 悪化 / グローバルニッチトップ / トップシェア / シェア拡大 / レアアース
20260807,2871,2871_1530_ニチレイ_2026年12月期 第1四半期決算説明会資料.pdf,,,7 11 12 13,,,,2 10,2 10,,,,,,,,,,,7 13,,,,,価格交渉 / 増産 / 価格改定 / 価格転嫁 / 値上 / 想定以上 / 上方修正 / 下方修正 / 想定以下 / 未達 / 大幅 / 計画を上 / 計画を下 / 計画以 / 需要回復 / 需要の回復 / 需要が増 / 需要が低 / 悪化 / グローバルニッチトップ / トップシェア / シェア拡大 / レアアース
20260807,2916,2916_1500_仙波糖化_2027年3月期第1四半期決算補足説明資料.pdf,,,2 7 10 15,2,6 12,,,,,,,,,,,,,,15,,,,,価格交渉 / 増産 / 価格改定 / 価格転嫁 / 値上 / 想定以上 / 上方修正 / 下方修正 / 想定以下 / 未達 / 大幅 / 計画を上 / 計画を下 / 計画以 / 需要回復 / 需要の回復 / 需要が増 / 需要が低 / 悪化 / グローバルニッチトップ / トップシェア / シェア拡大 / レアアース
20260807,3109,3109_1130_シキボウ_2027年3月期 第1四半期決算短信[日本基準](連結).pdf,,,4,,,,,,,,4,,,,4,,,,4,,,,,価格交渉 / 増産 / 価格改定 / 価格転嫁 / 値上 / 想定以上 / 上方修正 / 下方修正 / 想定以下 / 未達 / 大幅 / 計画を上 / 計画を下 / 計画以 / 需要回復 / 需要の回復 / 需要が増 / 需要が低 / 悪化 / グローバルニッチトップ / トップシェア / シェア拡大 / レアアース
20260807,3423,3423_1200_エスイー_2027年3月期 第1四半期 決算補足説明資料.pdf,,,,18,,14,,,,,16,,,,,,,,18,,,,,価格交渉 / 増産 / 価格改定 / 価格転嫁 / 値上 / 想定以上 / 上方修正 / 下方修正 / 想定以下 / 未達 / 大幅 / 計画を上 / 計画を下 / 計画以 / 需要回復 / 需要の回復 / 需要が増 / 需要が低 / 悪化 / グローバルニッチトップ / トップシェア / シェア拡大 / レアアース
20260807,3486,3486_1530_グローバルリンクM_2026年12月期第2四半期決算説明資料.pdf,,,,22,,5,7 24,,,,,6 7,,,,,,,,,,,,価格交渉 / 増産 / 価格改定 / 価格転嫁 / 値上 / 想定以上 / 上方修正 / 下方修正 / 想定以下 / 未達 / 大幅 / 計画を上 / 計画を下 / 計画以 / 需要回復 / 需要の回復 / 需要が増 / 需要が低 / 悪化 / グローバルニッチトップ / トップシェア / シェア拡大 / レアアース
20260807,4061,4061_1100_デンカ_2027年3月期 第1四半期 決算説明会資料.pdf,,,14,,11,17,,,,,2 5 7 8 10 12 13 14 17,,,,,,,,,,,,,価格交渉 / 増産 / 価格改定 / 価格転嫁 / 値上 / 想定以上 / 上方修正 / 下方修正 / 想定以下 / 未達 / 大幅 / 計画を上 / 計画を下 / 計画以 / 需要回復 / 需要の回復 / 需要が増 / 需要が低 / 悪化 / グローバルニッチトップ / トップシェア / シェア拡大 / レアアース
20260807,4326,4326_0900_インテージHD_2026年6月期決算の状況および第15次中期経営計画.pdf,,,,,6 7 9,,,,,9,5 17 21,,3,,,,,,,,,,,価格交渉 / 増産 / 価格改定 / 価格転嫁 / 値上 / 想定以上 / 上方修正 / 下方修正 / 想定以下 / 未達 / 大幅 / 計画を上 / 計画を下 / 計画以 / 需要回復 / 需要の回復 / 需要が増 / 需要が低 / 悪化 / グローバルニッチトップ / トップシェア / シェア拡大 / レアアース
20260807,4611,4611_1400_大日塗料_2027年3月期 第1四半期決算短信〔日本基準〕(連結).pdf,,,,,,,,,,,4,,,,,4,4,4,,,,,,価格交渉 / 増産 / 価格改定 / 価格転嫁 / 値上 / 想定以上 / 上方修正 / 下方修正 / 想定以下 / 未達 / 大幅 / 計画を上 / 計画を下 / 計画以 / 需要回復 / 需要の回復 / 需要が増 / 需要が低 / 悪化 / グローバルニッチトップ / トップシェア / シェア拡大 / レアアース
20260807,4611,4611_1400_大日塗料_2027年3月期 第1四半期決算説明資料.pdf,,,,,,,,,,,2 4 5 11,,,,5,,11,,10,,,,,価格交渉 / 増産 / 価格改定 / 価格転嫁 / 値上 / 想定以上 / 上方修正 / 下方修正 / 想定以下 / 未達 / 大幅 / 計画を上 / 計画を下 / 計画以 / 需要回復 / 需要の回復 / 需要が増 / 需要が低 / 悪化 / グローバルニッチトップ / トップシェア / シェア拡大 / レアアース
20260807,4633,4633_1500_サカタインクス_2026年12月期 第2四半期(中間期)決算説明資料.pdf,,,5 7 22 24 25 26 27,,7,,,,,,5 24,,,,22 24,,,,,,,,,価格交渉 / 増産 / 価格改定 / 価格転嫁 / 値上 / 想定以上 / 上方修正 / 下方修正 / 想定以下 / 未達 / 大幅 / 計画を上 / 計画を下 / 計画以 / 需要回復 / 需要の回復 / 需要が増 / 需要が低 / 悪化 / グローバルニッチトップ / トップシェア / シェア拡大 / レアアース
20260807,4912,4912_1530_ライオン_2026年12月期 第2四半期(中間期)決算説明資料.pdf,,,,2 15,6 10 14,,,,,,8 18 22,8 22,,,,,,,,,,,,価格交渉 / 増産 / 価格改定 / 価格転嫁 / 値上 / 想定以上 / 上方修正 / 下方修正 / 想定以下 / 未達 / 大幅 / 計画を上 / 計画を下 / 計画以 / 需要回復 / 需要の回復 / 需要が増 / 需要が低 / 悪化 / グローバルニッチトップ / トップシェア / シェア拡大 / レアアース
20260807,5076,5076_1000_インフロニアHD_2027年3月期第1四半期アナリスト向け決算説明会資料 プレゼンテーション資料.pdf,,,,11,,,3 8,,,,,8,,,,,,,10,,,,,価格交渉 / 増産 / 価格改定 / 価格転嫁 / 値上 / 想定以上 / 上方修正 / 下方修正 / 想定以下 / 未達 / 大幅 / 計画を上 / 計画を下 / 計画以 / 需要回復 / 需要の回復 / 需要が増 / 需要が低 / 悪化 / グローバルニッチトップ / トップシェア / シェア拡大 / レアアース
20260807,5408,5408_1530_中山鋼_2027年3月期 第1四半期決算短信[日本基準](連結).pdf,,,,,4,,,,,,,,,,,,4,4,4,,,,,価格交渉 / 増産 / 価格改定 / 価格転嫁 / 値上 / 想定以上 / 上方修正 / 下方修正 / 想定以下 / 未達 / 大幅 / 計画を上 / 計画を下 / 計画以 / 需要回復 / 需要の回復 / 需要が増 / 需要が低 / 悪化 / グローバルニッチトップ / トップシェア / シェア拡大 / レアアース
20260807,6223,6223_1530_西部技研_2026年12月期第2四半期 決算説明会資料(日本語・スライド).pdf,,,,,13,,,,,,4,,,,,,,,,,40,27 28,,価格交渉 / 増産 / 価格改定 / 価格転嫁 / 値上 / 想定以上 / 上方修正 / 下方修正 / 想定以下 / 未達 / 大幅 / 計画を上 / 計画を下 / 計画以 / 需要回復 / 需要の回復 / 需要が増 / 需要が低 / 悪化 / グローバルニッチトップ / トップシェア / シェア拡大 / レアアース
20260807,6235,6235_1530_オプトラン_2026年12月期第2四半期決算説明資料.pdf,,,,,,8,8 15 18,,,,,,,8,,,8,,,,,,,価格交渉 / 増産 / 価格改定 / 価格転嫁 / 値上 / 想定以上 / 上方修正 / 下方修正 / 想定以下 / 未達 / 大幅 / 計画を上 / 計画を下 / 計画以 / 需要回復 / 需要の回復 / 需要が増 / 需要が低 / 悪化 / グローバルニッチトップ / トップシェア / シェア拡大 / レアアース
20260807,6379,6379_1400_レイズネクスト_2027年3月期第1四半期決算説明資料.pdf,,,,,,,,,,,17 44,,,,,,28 35,,,,,44,10,価格交渉 / 増産 / 価格改定 / 価格転嫁 / 値上 / 想定以上 / 上方修正 / 下方修正 / 想定以下 / 未達 / 大幅 / 計画を上 / 計画を下 / 計画以 / 需要回復 / 需要の回復 / 需要が増 / 需要が低 / 悪化 / グローバルニッチトップ / トップシェア / シェア拡大 / レアアース
20260807,6568,6568_1530_G-神戸天然物化学_2027年3月期 第1四半期決算補足説明資料.pdf,,,,14,,,,,,4,13,,,,,,,,10,,,,,価格交渉 / 増産 / 価格改定 / 価格転嫁 / 値上 / 想定以上 / 上方修正 / 下方修正 / 想定以下 / 未達 / 大幅 / 計画を上 / 計画を下 / 計画以 / 需要回復 / 需要の回復 / 需要が増 / 需要が低 / 悪化 / グローバルニッチトップ / トップシェア / シェア拡大 / レアアース
20260807,6588,6588_1530_東芝テック_2027年3月期 第1四半期決算短信〔日本基準〕(連結).pdf,,,4,,,,6,,,,4,,,,,,,,4,,,,,価格交渉 / 増産 / 価格改定 / 価格転嫁 / 値上 / 想定以上 / 上方修正 / 下方修正 / 想定以下 / 未達 / 大幅 / 計画を上 / 計画を下 / 計画以 / 需要回復 / 需要の回復 / 需要が増 / 需要が低 / 悪化 / グローバルニッチトップ / トップシェア / シェア拡大 / レアアース
20260807,7291,7291_1500_日本プラスト_2027年3月期第1四半期決算説明資料.pdf,,5 7 8,5,14,,,,,,,,,,,,,,,6 15,,,,,価格交渉 / 増産 / 価格改定 / 価格転嫁 / 値上 / 想定以上 / 上方修正 / 下方修正 / 想定以下 / 未達 / 大幅 / 計画を上 / 計画を下 / 計画以 / 需要回復 / 需要の回復 / 需要が増 / 需要が低 / 悪化 / グローバルニッチトップ / トップシェア / シェア拡大 / レアアース
20260807,8929,8929_1530_青山財産_2026年12月期第2四半期決算説明資料.pdf,,,,,,,,,,,5 8 16 32,2,2 26,,,,,,46,,,,,価格交渉 / 増産 / 価格改定 / 価格転嫁 / 値上 / 想定以上 / 上方修正 / 下方修正 / 想定以下 / 未達 / 大幅 / 計画を上 / 計画を下 / 計画以 / 需要回復 / 需要の回復 / 需要が増 / 需要が低 / 悪化 / グローバルニッチトップ / トップシェア / シェア拡大 / レアアース
20260807,9104,9104_1200_商船三井_2027年3月期 第1四半期決算短信〔日本基準〕(連結).pdf,,,,8,,,,,,,,,,,8,,5,,5 8,,,,,価格交渉 / 増産 / 価格改定 / 価格転嫁 / 値上 / 想定以上 / 上方修正 / 下方修正 / 想定以下 / 未達 / 大幅 / 計画を上 / 計画を下 / 計画以 / 需要回復 / 需要の回復 / 需要が増 / 需要が低 / 悪化 / グローバルニッチトップ / トップシェア / シェア拡大 / レアアース
20260807,1446,1446_1530_キャンディル_2026年9月期 第3四半期 決算補足説明資料.pdf,,,,,4 8 10 16 22,,,,,,4,,,,,,11,,,,,,,価格交渉 / 増産 / 価格改定 / 価格転嫁 / 値上 / 想定以上 / 上方修正 / 下方修正 / 想定以下 / 未達 / 大幅 / 計画を上 / 計画を下 / 計画以 / 需要回復 / 需要の回復 / 需要が増 / 需要が低 / 悪化 / グローバルニッチトップ / トップシェア / シェア拡大 / レアアース
20260807,1605,1605_1530_INPEX_2026年12月期第2四半期(中間期)決算説明会.pdf,,5 10,,,,,19,,,,3,,,,,,,,,,,,,価格交渉 / 増産 / 価格改定 / 価格転嫁 / 値上 / 想定以上 / 上方修正 / 下方修正 / 想定以下 / 未達 / 大幅 / 計画を上 / 計画を下 / 計画以 / 需要回復 / 需要の回復 / 需要が増 / 需要が低 / 悪化 / グローバルニッチトップ / トップシェア / シェア拡大 / レアアース
20260807,1961,1961_1400_三機工_2026年度第1四半期 決算説明資料.pdf,,,,,,,3 5,,,,3 4 7,,,,,,,,8,,,,,価格交渉 / 増産 / 価格改定 / 価格転嫁 / 値上 / 想定以上 / 上方修正 / 下方修正 / 想定以下 / 未達 / 大幅 / 計画を上 / 計画を下 / 計画以 / 需要回復 / 需要の回復 / 需要が増 / 需要が低 / 悪化 / グローバルニッチトップ / トップシェア / シェア拡大 / レアアース
20260807,1963,1963_1530_日揮HD_2027年3月期 第1四半期 決算概要.pdf,,,,,,,,,,,,,,,,,14,,14,,,,14,価格交渉 / 増産 / 価格改定 / 価格転嫁 / 値上 / 想定以上 / 上方修正 / 下方修正 / 想定以下 / 未達 / 大幅 / 計画を上 / 計画を下 / 計画以 / 需要回復 / 需要の回復 / 需要が増 / 需要が低 / 悪化 / グローバルニッチトップ / トップシェア / シェア拡大 / レアアース
20260807,2270,2270_1100_雪印メグ_2027年3月期第1四半期決算短信〔日本基準〕(連結).pdf,,,4 5,,,4,,,,,5,,,,,,,,,,,,,価格交渉 / 増産 / 価格改定 / 価格転嫁 / 値上 / 想定以上 / 上方修正 / 下方修正 / 想定以下 / 未達 / 大幅 / 計画を上 / 計画を下 / 計画以 / 需要回復 / 需要の回復 / 需要が増 / 需要が低 / 悪化 / グローバルニッチトップ / トップシェア / シェア拡大 / レアアース
20260807,2429,2429_1530_ワールドHD_2026年12月期 第2四半期(中間期)決算短信〔日本基準〕(連結).pdf,,,,,,,,,,4 5,,4 5,5,,,,,,,,,,,価格交渉 / 増産 / 価格改定 / 価格転嫁 / 値上 / 想定以上 / 上方修正 / 下方修正 / 想定以下 / 未達 / 大幅 / 計画を上 / 計画を下 / 計画以 / 需要回復 / 需要の回復 / 需要が増 / 需要が低 / 悪化 / グローバルニッチトップ / トップシェア / シェア拡大 / レアアース
20260807,253A,253A_1130_ETSグループ_2026年9月期 第3四半期決算 補足説明資料.pdf,,,,,,,15,,,,15 26 31 32,37,,,,,,,,,,,,価格交渉 / 増産 / 価格改定 / 価格転嫁 / 値上 / 想定以上 / 上方修正 / 下方修正 / 想定以下 / 未達 / 大幅 / 計画を上 / 計画を下 / 計画以 / 需要回復 / 需要の回復 / 需要が増 / 需要が低 / 悪化 / グローバルニッチトップ / トップシェア / シェア拡大 / レアアース
20260807,255A,255A_1500_ジーエルテクノHD_2027年3月期第1四半期決算説明資料.pdf,,15 20,,,,,,,,,9 10 14 16 23,,,,,,,,25,,,,,価格交渉 / 増産 / 価格改定 / 価格転嫁 / 値上 / 想定以上 / 上方修正 / 下方修正 / 想定以下 / 未達 / 大幅 / 計画を上 / 計画を下 / 計画以 / 需要回復 / 需要の回復 / 需要が増 / 需要が低 / 悪化 / グローバルニッチトップ / トップシェア / シェア拡大 / レアアース
20260807,2931,2931_1530_ユーグレナ_2026年12月期 第2四半期(中間期)決算短信〔日本基準〕(連結).pdf,,,4 5,,,,,,,,4 5,4 7,,,,,,,,,,,,価格交渉 / 増産 / 価格改定 / 価格転嫁 / 値上 / 想定以上 / 上方修正 / 下方修正 / 想定以下 / 未達 / 大幅 / 計画を上 / 計画を下 / 計画以 / 需要回復 / 需要の回復 / 需要が増 / 需要が低 / 悪化 / グローバルニッチトップ / トップシェア / シェア拡大 / レアアース
20260807,2931,2931_1530_ユーグレナ_2026年12月期第2四半期決算説明.pdf,,,,,,,2 8,,,,11 32,2 4 8,,,,,,,,,,,,価格交渉 / 増産 / 価格改定 / 価格転嫁 / 値上 / 想定以上 / 上方修正 / 下方修正 / 想定以下 / 未達 / 大幅 / 計画を上 / 計画を下 / 計画以 / 需要回復 / 需要の回復 / 需要が増 / 需要が低 / 悪化 / グローバルニッチトップ / トップシェア / シェア拡大 / レアアース
20260807,3323,3323_1530_レカム_2026年9月期第3四半期決算説明資料.pdf,,,,,,,,,,53,4 8 11 53 54,,15,,,,,,,,,,,価格交渉 / 増産 / 価格改定 / 価格転嫁 / 値上 / 想定以上 / 上方修正 / 下方修正 / 想定以下 / 未達 / 大幅 / 計画を上 / 計画を下 / 計画以 / 需要回復 / 需要の回復 / 需要が増 / 需要が低 / 悪化 / グローバルニッチトップ / トップシェア / シェア拡大 / レアアース
20260807,3405,3405_1100_クラレ_2026年12月期 第2四半期(中間期)決算短信〔日本基準〕(連結).pdf,,,4 6,,,,,,,,,,,,,,,5,4 5,,,,,価格交渉 / 増産 / 価格改定 / 価格転嫁 / 値上 / 想定以上 / 上方修正 / 下方修正 / 想定以下 / 未達 / 大幅 / 計画を上 / 計画を下 / 計画以 / 需要回復 / 需要の回復 / 需要が増 / 需要が低 / 悪化 / グローバルニッチトップ / トップシェア / シェア拡大 / レアアース
20260807,3563,3563_1130_F&LC_2026年9月期 第3四半期 決算説明資料.pdf,,,,,,,2 12,,,,2 13,,,2,,,,,,,,,,価格交渉 / 増産 / 価格改定 / 価格転嫁 / 値上 / 想定以上 / 上方修正 / 下方修正 / 想定以下 / 未達 / 大幅 / 計画を上 / 計画を下 / 計画以 / 需要回復 / 需要の回復 / 需要が増 / 需要が低 / 悪化 / グローバルニッチトップ / トップシェア / シェア拡大 / レアアース
20260807,3878,3878_1400_巴川コーポ_2027年3月期 第1四半期決算短信〔日本基準〕(連結).pdf,,,4,4 5,,,5,,,,,,,,,,,,,,,,,価格交渉 / 増産 / 価格改定 / 価格転嫁 / 値上 / 想定以上 / 上方修正 / 下方修正 / 想定以下 / 未達 / 大幅 / 計画を上 / 計画を下 / 計画以 / 需要回復 / 需要の回復 / 需要が増 / 需要が低 / 悪化 / グローバルニッチトップ / トップシェア / シェア拡大 / レアアース
20260807,3947,3947_1500_ダイナパック_業績予想および期末配当予想の修正に関するお知らせ.pdf,,,2,,,2,2,,,,,,,,,,,,,,,,,価格交渉 / 増産 / 価格改定 / 価格転嫁 / 値上 / 想定以上 / 上方修正 / 下方修正 / 想定以下 / 未達 / 大幅 / 計画を上 / 計画を下 / 計画以 / 需要回復 / 需要の回復 / 需要が増 / 需要が低 / 悪化 / グローバルニッチトップ / トップシェア / シェア拡大 / レアアース
20260807,3997,3997_1530_トレードワークス_2026年12月期 第2四半期決算説明資料.pdf,,,,,17,,,,,,3 23,,,,,,,,,,,15,,価格交渉 / 増産 / 価格改定 / 価格転嫁 / 値上 / 想定以上 / 上方修正 / 下方修正 / 想定以下 / 未達 / 大幅 / 計画を上 / 計画を下 / 計画以 / 需要回復 / 需要の回復 / 需要が増 / 需要が低 / 悪化 / グローバルニッチトップ / トップシェア / シェア拡大 / レアアース
20260807,4061,4061_1100_デンカ_2027年3月期 第1四半期決算短信〔日本基準〕(連結).pdf,,,5,,,,,,,,,,,,4,,4,,,,,,,価格交渉 / 増産 / 価格改定 / 価格転嫁 / 値上 / 想定以上 / 上方修正 / 下方修正 / 想定以下 / 未達 / 大幅 / 計画を上 / 計画を下 / 計画以 / 需要回復 / 需要の回復 / 需要が増 / 需要が低 / 悪化 / グローバルニッチトップ / トップシェア / シェア拡大 / レアアース
20260807,4102,4102_1530_丸尾カルシウム_2027年3月期 第1四半期決算短信〔日本基準〕(連結).pdf,,,4,4,,,,,,,,,,,,,,,4,,,,,価格交渉 / 増産 / 価格改定 / 価格転嫁 / 値上 / 想定以上 / 上方修正 / 下方修正 / 想定以下 / 未達 / 大幅 / 計画を上 / 計画を下 / 計画以 / 需要回復 / 需要の回復 / 需要が増 / 需要が低 / 悪化 / グローバルニッチトップ / トップシェア / シェア拡大 / レアアース
20260807,4275,4275_1530_カーリット_2027年3月期 第1四半期決算短信〔日本基準〕(連結).pdf,6,4,,,,,,,,,,,,,,,5,,,,,,,価格交渉 / 増産 / 価格改定 / 価格転嫁 / 値上 / 想定以上 / 上方修正 / 下方修正 / 想定以下 / 未達 / 大幅 / 計画を上 / 計画を下 / 計画以 / 需要回復 / 需要の回復 / 需要が増 / 需要が低 / 悪化 / グローバルニッチトップ / トップシェア / シェア拡大 / レアアース
20260807,4350,4350_1530_メディシス_2027年3月期 第1四半期決算説明資料.pdf,,,,,,,,,,14,8 16,14,,,,,,,,,,,,価格交渉 / 増産 / 価格改定 / 価格転嫁 / 値上 / 想定以上 / 上方修正 / 下方修正 / 想定以下 / 未達 / 大幅 / 計画を上 / 計画を下 / 計画以 / 需要回復 / 需要の回復 / 需要が増 / 需要が低 / 悪化 / グローバルニッチトップ / トップシェア / シェア拡大 / レアアース
20260807,4620,4620_1400_藤倉化_第12次中期経営計画策定に関するお知らせ.pdf,,,,,,,,,,12,,,,,,,,,1,,35,,,価格交渉 / 増産 / 価格改定 / 価格転嫁 / 値上 / 想定以上 / 上方修正 / 下方修正 / 想定以下 / 未達 / 大幅 / 計画を上 / 計画を下 / 計画以 / 需要回復 / 需要の回復 / 需要が増 / 需要が低 / 悪化 / グローバルニッチトップ / トップシェア / シェア拡大 / レアアース
20260807,4751,4751_1530_サイバーエージェント_通期業績予想および配当予想の修正に関するお知らせ.pdf,,,,,,1,1 2,,,,1,,,,,,,,,,,,,価格交渉 / 増産 / 価格改定 / 価格転嫁 / 値上 / 想定以上 / 上方修正 / 下方修正 / 想定以下 / 未達 / 大幅 / 計画を上 / 計画を下 / 計画以 / 需要回復 / 需要の回復 / 需要が増 / 需要が低 / 悪化 / グローバルニッチトップ / トップシェア / シェア拡大 / レアアース
20260807,4783,4783_1530_NCD_2027年3月期 第1四半期決算短信〔日本基準〕(連結).pdf,4 5,,4,,,,,,,,4 5,,,,,,,,,,,,,価格交渉 / 増産 / 価格改定 / 価格転嫁 / 値上 / 想定以上 / 上方修正 / 下方修正 / 想定以下 / 未達 / 大幅 / 計画を上 / 計画を下 / 計画以 / 需要回復 / 需要の回復 / 需要が増 / 需要が低 / 悪化 / グローバルニッチトップ / トップシェア / シェア拡大 / レアアース
20260807,5019,5019_1530_出光興産_2026年度第1四半期 決算説明資料.pdf,,,,17,,,,,,,9,,,,,,,,17,,,,,価格交渉 / 増産 / 価格改定 / 価格転嫁 / 値上 / 想定以上 / 上方修正 / 下方修正 / 想定以下 / 未達 / 大幅 / 計画を上 / 計画を下 / 計画以 / 需要回復 / 需要の回復 / 需要が増 / 需要が低 / 悪化 / グローバルニッチトップ / トップシェア / シェア拡大 / レアアース
20260807,5142,5142_1400_アキレス_2027年3月期 第1四半期決算短信〔日本基準〕(連結).pdf,,,4 5,,,,6,,,,4,,,,,,,,,,,,,価格交渉 / 増産 / 価格改定 / 価格転嫁 / 値上 / 想定以上 / 上方修正 / 下方修正 / 想定以下 / 未達 / 大幅 / 計画を上 / 計画を下 / 計画以 / 需要回復 / 需要の回復 / 需要が増 / 需要が低 / 悪化 / グローバルニッチトップ / トップシェア / シェア拡大 / レアアース
20260807,5408,5408_1530_中山鋼_2026年度第1四半期決算補足資料.pdf,,,,,2,,5,,,,2 5,,,,,,,,,,,,,価格交渉 / 増産 / 価格改定 / 価格転嫁 / 値上 / 想定以上 / 上方修正 / 下方修正 / 想定以下 / 未達 / 大幅 / 計画を上 / 計画を下 / 計画以 / 需要回復 / 需要の回復 / 需要が増 / 需要が低 / 悪化 / グローバルニッチトップ / トップシェア / シェア拡大 / レアアース
20260807,5461,5461_1500_中部鋼鈑_2027年3月期第1四半期決算補足資料.pdf,,5,,,2 7,,,,,,2 3,,,,,,,,,,,,,価格交渉 / 増産 / 価格改定 / 価格転嫁 / 値上 / 想定以上 / 上方修正 / 下方修正 / 想定以下 / 未達 / 大幅 / 計画を上 / 計画を下 / 計画以 / 需要回復 / 需要の回復 / 需要が増 / 需要が低 / 悪化 / グローバルニッチトップ / トップシェア / シェア拡大 / レアアース
20260807,5805,5805_1400_SWCC_2027年3月期 業績予想の修正(上方修正)および配当予想の修正(増配)に関するお知らせ.pdf,,1,,,,,1,,,,1,,,,,,,,,,,,,価格交渉 / 増産 / 価格改定 / 価格転嫁 / 値上 / 想定以上 / 上方修正 / 下方修正 / 想定以下 / 未達 / 大幅 / 計画を上 / 計画を下 / 計画以 / 需要回復 / 需要の回復 / 需要が増 / 需要が低 / 悪化 / グローバルニッチトップ / トップシェア / シェア拡大 / レアアース
20260807,5805,5805_1400_SWCC_2027年3月期 第1四半期決算短信〔日本基準〕(連結).pdf,,4 5,,,,,5,,,,5,,,,,,,,,,,,,価格交渉 / 増産 / 価格改定 / 価格転嫁 / 値上 / 想定以上 / 上方修正 / 下方修正 / 想定以下 / 未達 / 大幅 / 計画を上 / 計画を下 / 計画以 / 需要回復 / 需要の回復 / 需要が増 / 需要が低 / 悪化 / グローバルニッチトップ / トップシェア / シェア拡大 / レアアース
20260807,5943,5943_1530_ノーリツ_2026年12月期 第2四半期(中間期)決算短信〔日本基準〕(連結).pdf,,,,,,,,,,,4,,,,,,,,4,,,4,,価格交渉 / 増産 / 価格改定 / 価格転嫁 / 値上 / 想定以上 / 上方修正 / 下方修正 / 想定以下 / 未達 / 大幅 / 計画を上 / 計画を下 / 計画以 / 需要回復 / 需要の回復 / 需要が増 / 需要が低 / 悪化 / グローバルニッチトップ / トップシェア / シェア拡大 / レアアース
20260807,5943,5943_1530_ノーリツ_第2四半期(中間期)連結業績予想と実績との差異に関するお知らせ.pdf,,,,,,,,,,,1,1,,,,,,,1,,,,,価格交渉 / 増産 / 価格改定 / 価格転嫁 / 値上 / 想定以上 / 上方修正 / 下方修正 / 想定以下 / 未達 / 大幅 / 計画を上 / 計画を下 / 計画以 / 需要回復 / 需要の回復 / 需要が増 / 需要が低 / 悪化 / グローバルニッチトップ / トップシェア / シェア拡大 / レアアース
20260807,6167,6167_1530_冨士ダイス_2027年3月期 連結業績予想の修正に関するお知らせ.pdf,,,1 2,1,,1,,,,,,,,,,,,,,,,,,価格交渉 / 増産 / 価格改定 / 価格転嫁 / 値上 / 想定以上 / 上方修正 / 下方修正 / 想定以下 / 未達 / 大幅 / 計画を上 / 計画を下 / 計画以 / 需要回復 / 需要の回復 / 需要が増 / 需要が低 / 悪化 / グローバルニッチトップ / トップシェア / シェア拡大 / レアアース
20260807,6310,6310_1530_井関農_2026年12月期 第2四半期 決算補足説明資料.pdf,,,5 6 8,,,,,,,,12,13,,,,,,,,,,,,価格交渉 / 増産 / 価格改定 / 価格転嫁 / 値上 / 想定以上 / 上方修正 / 下方修正 / 想定以下 / 未達 / 大幅 / 計画を上 / 計画を下 / 計画以 / 需要回復 / 需要の回復 / 需要が増 / 需要が低 / 悪化 / グローバルニッチトップ / トップシェア / シェア拡大 / レアアース
20260807,6358,6358_1430_酒井重_中期経営計画 2031.pdf,,,,8,,,,,,7,,,,,,,,,,,,8 19,,価格交渉 / 増産 / 価格改定 / 価格転嫁 / 値上 / 想定以上 / 上方修正 / 下方修正 / 想定以下 / 未達 / 大幅 / 計画を上 / 計画を下 / 計画以 / 需要回復 / 需要の回復 / 需要が増 / 需要が低 / 悪化 / グローバルニッチトップ / トップシェア / シェア拡大 / レアアース
20260807,6699,6699_1100_ダイヤHD_2027年3月期第1四半期決算短信〔日本基準〕(連結).pdf,,10,,,,,,,,,10,,,,,,,,,,,,5 10,価格交渉 / 増産 / 価格改定 / 価格転嫁 / 値上 / 想定以上 / 上方修正 / 下方修正 / 想定以下 / 未達 / 大幅 / 計画を上 / 計画を下 / 計画以 / 需要回復 / 需要の回復 / 需要が増 / 需要が低 / 悪化 / グローバルニッチトップ / トップシェア / シェア拡大 / レアアース
20260807,6699,6699_1100_ダイヤHD_2027年3月期第1四半期決算説明資料.pdf,,2 7,,,,,,,,,,,,,,,,,3 8,,,,2 3 5 8,価格交渉 / 増産 / 価格改定 / 価格転嫁 / 値上 / 想定以上 / 上方修正 / 下方修正 / 想定以下 / 未達 / 大幅 / 計画を上 / 計画を下 / 計画以 / 需要回復 / 需要の回復 / 需要が増 / 需要が低 / 悪化 / グローバルニッチトップ / トップシェア / シェア拡大 / レアアース
20260807,7637,7637_1530_白銅_2027年3月期第1四半期決算短信〔日本基準〕(連結).pdf,,4,4,,,,,,,,,,,,,,,,,,,4,,価格交渉 / 増産 / 価格改定 / 価格転嫁 / 値上 / 想定以上 / 上方修正 / 下方修正 / 想定以下 / 未達 / 大幅 / 計画を上 / 計画を下 / 計画以 / 需要回復 / 需要の回復 / 需要が増 / 需要が低 / 悪化 / グローバルニッチトップ / トップシェア / シェア拡大 / レアアース
20260807,7912,7912_1530_大日印_2027年3月期 第1四半期決算短信〔日本基準〕(連結).pdf,,,5,5,,,,,,,,,,,,,,,,,,4,,価格交渉 / 増産 / 価格改定 / 価格転嫁 / 値上 / 想定以上 / 上方修正 / 下方修正 / 想定以下 / 未達 / 大幅 / 計画を上 / 計画を下 / 計画以 / 需要回復 / 需要の回復 / 需要が増 / 需要が低 / 悪化 / グローバルニッチトップ / トップシェア / シェア拡大 / レアアース
20260807,7914,7914_1500_共同印_2027年3月期 第1四半期 決算説明資料.pdf,,,,3 4,,,2,,,,7 8,,,,,,,,,,,,,価格交渉 / 増産 / 価格改定 / 価格転嫁 / 値上 / 想定以上 / 上方修正 / 下方修正 / 想定以下 / 未達 / 大幅 / 計画を上 / 計画を下 / 計画以 / 需要回復 / 需要の回復 / 需要が増 / 需要が低 / 悪化 / グローバルニッチトップ / トップシェア / シェア拡大 / レアアース
20260807,8061,8061_1400_西華産_2027年3月期第1四半期決算補足説明資料.pdf,,,,,,,6 23 45 47,,,,5 12 14 16,,,,,,,,,,18 39,,,価格交渉 / 増産 / 価格改定 / 価格転嫁 / 値上 / 想定以上 / 上方修正 / 下方修正 / 想定以下 / 未達 / 大幅 / 計画を上 / 計画を下 / 計画以 / 需要回復 / 需要の回復 / 需要が増 / 需要が低 / 悪化 / グローバルニッチトップ / トップシェア / シェア拡大 / レアアース
20260807,8123,8123_1530_川辺_2027年3月期第1四半期決算短信〔日本基準〕(連結).pdf,,,4,,,,,,,,5,,,,,5,,,,,,,,価格交渉 / 増産 / 価格改定 / 価格転嫁 / 値上 / 想定以上 / 上方修正 / 下方修正 / 想定以下 / 未達 / 大幅 / 計画を上 / 計画を下 / 計画以 / 需要回復 / 需要の回復 / 需要が増 / 需要が低 / 悪化 / グローバルニッチトップ / トップシェア / シェア拡大 / レアアース
20260807,8179,8179_1530_ロイヤルHD_2026年12月期 第2四半期(中間期)決算説明資料.pdf,,,23,,,,,,,17,,48,,,,,,,,,,,,価格交渉 / 増産 / 価格改定 / 価格転嫁 / 値上 / 想定以上 / 上方修正 / 下方修正 / 想定以下 / 未達 / 大幅 / 計画を上 / 計画を下 / 計画以 / 需要回復 / 需要の回復 / 需要が増 / 需要が低 / 悪化 / グローバルニッチトップ / トップシェア / シェア拡大 / レアアース
20260807,8929,8929_1530_青山財産_業績予想の修正に関するお知らせ.pdf,,,,,,,,,,,1 2,1,1,,,,,,,,,,,価格交渉 / 増産 / 価格改定 / 価格転嫁 / 値上 / 想定以上 / 上方修正 / 下方修正 / 想定以下 / 未達 / 大幅 / 計画を上 / 計画を下 / 計画以 / 需要回復 / 需要の回復 / 需要が増 / 需要が低 / 悪化 / グローバルニッチトップ / トップシェア / シェア拡大 / レアアース
20260807,9143,9143_1530_SGホールディングス_2027年3月期 第1四半期 決算説明資料.pdf,,,,,,,,,,,8,8 9 10,,7 10,,,,,,,,,,価格交渉 / 増産 / 価格改定 / 価格転嫁 / 値上 / 想定以上 / 上方修正 / 下方修正 / 想定以下 / 未達 / 大幅 / 計画を上 / 計画を下 / 計画以 / 需要回復 / 需要の回復 / 需要が増 / 需要が低 / 悪化 / グローバルニッチトップ / トップシェア / シェア拡大 / レアアース
20260807,9273,9273_1300_コーア商事HD_2026年6月期決算説明会資料.pdf,,4 14 16 36,,,,,,,,30,,,,,,,,,,,,16 27 28,,価格交渉 / 増産 / 価格改定 / 価格転嫁 / 値上 / 想定以上 / 上方修正 / 下方修正 / 想定以下 / 未達 / 大幅 / 計画を上 / 計画を下 / 計画以 / 需要回復 / 需要の回復 / 需要が増 / 需要が低 / 悪化 / グローバルニッチトップ / トップシェア / シェア拡大 / レアアース
20260807,1381,1381_1530_アクシーズ_2026年6月期決算短信〔日本基準〕(連結).pdf,,4,,,,,,,,,,,,,,,,,6,,,,,価格交渉 / 増産 / 価格改定 / 価格転嫁 / 値上 / 想定以上 / 上方修正 / 下方修正 / 想定以下 / 未達 / 大幅 / 計画を上 / 計画を下 / 計画以 / 需要回復 / 需要の回復 / 需要が増 / 需要が低 / 悪化 / グローバルニッチトップ / トップシェア / シェア拡大 / レアアース
20260807,1382,1382_1530_ホーブ_2026年6月期決算短信〔日本基準〕(連結).pdf,,,,,4,,,,,,4,,,,,,,,,,,,,価格交渉 / 増産 / 価格改定 / 価格転嫁 / 値上 / 想定以上 / 上方修正 / 下方修正 / 想定以下 / 未達 / 大幅 / 計画を上 / 計画を下 / 計画以 / 需要回復 / 需要の回復 / 需要が増 / 需要が低 / 悪化 / グローバルニッチトップ / トップシェア / シェア拡大 / レアアース
20260807,1420,1420_1500_サンヨーH_2027年3月期 第1四半期決算短信〔日本基準〕(連結).pdf,,,,,,,,,,,4,,,,,,,,4,,,,,価格交渉 / 増産 / 価格改定 / 価格転嫁 / 値上 / 想定以上 / 上方修正 / 下方修正 / 想定以下 / 未達 / 大幅 / 計画を上 / 計画を下 / 計画以 / 需要回復 / 需要の回復 / 需要が増 / 需要が低 / 悪化 / グローバルニッチトップ / トップシェア / シェア拡大 / レアアース
20260807,1429,1429_1530_日本アクア_2026年12月期第2四半期(中間期)決算短信〔日本基準〕(非連結).pdf,,,6,,,,,,,,,4,,,,,,,,,,,,価格交渉 / 増産 / 価格改定 / 価格転嫁 / 値上 / 想定以上 / 上方修正 / 下方修正 / 想定以下 / 未達 / 大幅 / 計画を上 / 計画を下 / 計画以 / 需要回復 / 需要の回復 / 需要が増 / 需要が低 / 悪化 / グローバルニッチトップ / トップシェア / シェア拡大 / レアアース
20260807,143A,143A_1530_G-イシン_2027年3月期 第1四半期 決算説明資料.pdf,,,,,,,,,,,4 5,,,,,,,,,,,30,,価格交渉 / 増産 / 価格改定 / 価格転嫁 / 値上 / 想定以上 / 上方修正 / 下方修正 / 想定以下 / 未達 / 大幅 / 計画を上 / 計画を下 / 計画以 / 需要回復 / 需要の回復 / 需要が増 / 需要が低 / 悪化 / グローバルニッチトップ / トップシェア / シェア拡大 / レアアース
20260807,1768,1768_1500_ソネック_2027年3月期 第1四半期決算短信〔日本基準〕(連結).pdf,,,,4,,,,,,,,,,,,,,,4,,,,,価格交渉 / 増産 / 価格改定 / 価格転嫁 / 値上 / 想定以上 / 上方修正 / 下方修正 / 想定以下 / 未達 / 大幅 / 計画を上 / 計画を下 / 計画以 / 需要回復 / 需要の回復 / 需要が増 / 需要が低 / 悪化 / グローバルニッチトップ / トップシェア / シェア拡大 / レアアース
20260807,1798,1798_1500_守谷商会_2027年3月期 第1四半期決算短信〔日本基準〕(連結).pdf,,,,4,,,,,,,4,,,,,,,,,,,,,価格交渉 / 増産 / 価格改定 / 価格転嫁 / 値上 / 想定以上 / 上方修正 / 下方修正 / 想定以下 / 未達 / 大幅 / 計画を上 / 計画を下 / 計画以 / 需要回復 / 需要の回復 / 需要が増 / 需要が低 / 悪化 / グローバルニッチトップ / トップシェア / シェア拡大 / レアアース
20260807,1861,1861_1530_熊谷組_2027年3月期 第1四半期決算短信〔日本基準〕(連結).pdf,,,,5,,,,,,,5,,,,,,,,,,,,,価格交渉 / 増産 / 価格改定 / 価格転嫁 / 値上 / 想定以上 / 上方修正 / 下方修正 / 想定以下 / 未達 / 大幅 / 計画を上 / 計画を下 / 計画以 / 需要回復 / 需要の回復 / 需要が増 / 需要が低 / 悪化 / グローバルニッチトップ / トップシェア / シェア拡大 / レアアース
20260807,1992,1992_1530_神田通機_2027年3月期第1四半期決算短信〔日本基準〕(連結).pdf,,,,,,,,,,,5,,,,,,5,,,,,,,価格交渉 / 増産 / 価格改定 / 価格転嫁 / 値上 / 想定以上 / 上方修正 / 下方修正 / 想定以下 / 未達 / 大幅 / 計画を上 / 計画を下 / 計画以 / 需要回復 / 需要の回復 / 需要が増 / 需要が低 / 悪化 / グローバルニッチトップ / トップシェア / シェア拡大 / レアアース
20260807,2114,2114_1530_フジ日本_2027年3月期第1四半期決算短信〔日本基準〕(連結).pdf,,4,,,,,,,,,4,,,,,,,,,,,,,価格交渉 / 増産 / 価格改定 / 価格転嫁 / 値上 / 想定以上 / 上方修正 / 下方修正 / 想定以下 / 未達 / 大幅 / 計画を上 / 計画を下 / 計画以 / 需要回復 / 需要の回復 / 需要が増 / 需要が低 / 悪化 / グローバルニッチトップ / トップシェア / シェア拡大 / レアアース
20260807,2181,2181_1530_パーソルHD_2027年3月期 第1四半期決算説明資料.pdf,,,,,,,,,,,,9,,,,,,,,,,7 18 19,,価格交渉 / 増産 / 価格改定 / 価格転嫁 / 値上 / 想定以上 / 上方修正 / 下方修正 / 想定以下 / 未達 / 大幅 / 計画を上 / 計画を下 / 計画以 / 需要回復 / 需要の回復 / 需要が増 / 需要が低 / 悪化 / グローバルニッチトップ / トップシェア / シェア拡大 / レアアース
20260807,2264,2264_1530_森永乳_2027年3月期第1四半期決算短信〔日本基準〕(連結).pdf,,,4,,,,,,,,5,,,,,,,,,,,,,価格交渉 / 増産 / 価格改定 / 価格転嫁 / 値上 / 想定以上 / 上方修正 / 下方修正 / 想定以下 / 未達 / 大幅 / 計画を上 / 計画を下 / 計画以 / 需要回復 / 需要の回復 / 需要が増 / 需要が低 / 悪化 / グローバルニッチトップ / トップシェア / シェア拡大 / レアアース
20260807,2286,2286_1530_林兼産_2027年3月期 第1四半期決算短信〔日本基準〕(連結).pdf,,,5,,,,,,,,,,,,,,,,4 5,,,,,価格交渉 / 増産 / 価格改定 / 価格転嫁 / 値上 / 想定以上 / 上方修正 / 下方修正 / 想定以下 / 未達 / 大幅 / 計画を上 / 計画を下 / 計画以 / 需要回復 / 需要の回復 / 需要が増 / 需要が低 / 悪化 / グローバルニッチトップ / トップシェア / シェア拡大 / レアアース
20260807,2378,2378_1530_ルネサンス_2027年3月期第1四半期決算短信〔日本基準〕(連結).pdf,,,4,,,,,,,,,5,,,,,,,,,,,,価格交渉 / 増産 / 価格改定 / 価格転嫁 / 値上 / 想定以上 / 上方修正 / 下方修正 / 想定以下 / 未達 / 大幅 / 計画を上 / 計画を下 / 計画以 / 需要回復 / 需要の回復 / 需要が増 / 需要が低 / 悪化 / グローバルニッチトップ / トップシェア / シェア拡大 / レアアース
20260807,2501,2501_1100_サッポロビール_2026年12月期 第2四半期(中間期)決算短信〔IFRS〕(連結).pdf,,,4 5 24 28,,,,,,,,,,,,,,,,5,,,,,価格交渉 / 増産 / 価格改定 / 価格転嫁 / 値上 / 想定以上 / 上方修正 / 下方修正 / 想定以下 / 未達 / 大幅 / 計画を上 / 計画を下 / 計画以 / 需要回復 / 需要の回復 / 需要が増 / 需要が低 / 悪化 / グローバルニッチトップ / トップシェア / シェア拡大 / レアアース
20260807,2501,2501_1100_サッポロビール_「中期経営計画2027-2030」策定に関するお知らせ.pdf,,,,,,,,,,1,1,,,,,,,,,,,,,価格交渉 / 増産 / 価格改定 / 価格転嫁 / 値上 / 想定以上 / 上方修正 / 下方修正 / 想定以下 / 未達 / 大幅 / 計画を上 / 計画を下 / 計画以 / 需要回復 / 需要の回復 / 需要が増 / 需要が低 / 悪化 / グローバルニッチトップ / トップシェア / シェア拡大 / レアアース
20260807,2602,2602_1200_日清オイリオ_2027年3月期 第1四半期決算短信[日本基準](連結).pdf,,,5 6,,,,,,,,,,,,,,,,5,,,,,価格交渉 / 増産 / 価格改定 / 価格転嫁 / 値上 / 想定以上 / 上方修正 / 下方修正 / 想定以下 / 未達 / 大幅 / 計画を上 / 計画を下 / 計画以 / 需要回復 / 需要の回復 / 需要が増 / 需要が低 / 悪化 / グローバルニッチトップ / トップシェア / シェア拡大 / レアアース
20260807,2613,2613_1530_Jオイル_2027年3月期 第1四半期決算短信〔日本基準〕(連結).pdf,,,4 5,,,,,,,,,,,,,,,,4,,,,,価格交渉 / 増産 / 価格改定 / 価格転嫁 / 値上 / 想定以上 / 上方修正 / 下方修正 / 想定以下 / 未達 / 大幅 / 計画を上 / 計画を下 / 計画以 / 需要回復 / 需要の回復 / 需要が増 / 需要が低 / 悪化 / グローバルニッチトップ / トップシェア / シェア拡大 / レアアース
20260807,262A,262A_1530_インターメスティック_2026年12月期 第2四半期決算説明会資料.pdf,,,,,,,,,,,3 4 7 9 40,3,,,,,,,,,,,,価格交渉 / 増産 / 価格改定 / 価格転嫁 / 値上 / 想定以上 / 上方修正 / 下方修正 / 想定以下 / 未達 / 大幅 / 計画を上 / 計画を下 / 計画以 / 需要回復 / 需要の回復 / 需要が増 / 需要が低 / 悪化 / グローバルニッチトップ / トップシェア / シェア拡大 / レアアース
20260807,2815,2815_1000_アリアケ_2027年3月期 第1四半期決算短信[日本基準](連結).pdf,,,4,,4,,,,,,,,,,,,,,,,,,,価格交渉 / 増産 / 価格改定 / 価格転嫁 / 値上 / 想定以上 / 上方修正 / 下方修正 / 想定以下 / 未達 / 大幅 / 計画を上 / 計画を下 / 計画以 / 需要回復 / 需要の回復 / 需要が増 / 需要が低 / 悪化 / グローバルニッチトップ / トップシェア / シェア拡大 / レアアース
20260807,2938,2938_1400_オカムラ食品工業_2026年6月期 決算短信〔日本基準〕(連結).pdf,,,,5,5,,,,,,,,,,,,,,,,,,,価格交渉 / 増産 / 価格改定 / 価格転嫁 / 値上 / 想定以上 / 上方修正 / 下方修正 / 想定以下 / 未達 / 大幅 / 計画を上 / 計画を下 / 計画以 / 需要回復 / 需要の回復 / 需要が増 / 需要が低 / 悪化 / グローバルニッチトップ / トップシェア / シェア拡大 / レアアース
20260807,3055,3055_1530_ほくたけ_2027年3月期 第1四半期決算短信〔日本基準〕(連結).pdf,4,,,,,,,,,,4,,,,,,,,,,,,,価格交渉 / 増産 / 価格改定 / 価格転嫁 / 値上 / 想定以上 / 上方修正 / 下方修正 / 想定以下 / 未達 / 大幅 / 計画を上 / 計画を下 / 計画以 / 需要回復 / 需要の回復 / 需要が増 / 需要が低 / 悪化 / グローバルニッチトップ / トップシェア / シェア拡大 / レアアース
20260807,3123,3123_1530_サイボー_2027年3月期 第1四半期決算短信〔日本基準〕(連結).pdf,,,,,4,,,,,,4,,,,,,,,,,,,,価格交渉 / 増産 / 価格改定 / 価格転嫁 / 値上 / 想定以上 / 上方修正 / 下方修正 / 想定以下 / 未達 / 大幅 / 計画を上 / 計画を下 / 計画以 / 需要回復 / 需要の回復 / 需要が増 / 需要が低 / 悪化 / グローバルニッチトップ / トップシェア / シェア拡大 / レアアース
20260807,3176,3176_1400_三洋貿易_2026年9月期 第3四半期決算短信〔日本基準〕(連結).pdf,,,,,,,5,,,,,,,,,4,,,,,,,,価格交渉 / 増産 / 価格改定 / 価格転嫁 / 値上 / 想定以上 / 上方修正 / 下方修正 / 想定以下 / 未達 / 大幅 / 計画を上 / 計画を下 / 計画以 / 需要回復 / 需要の回復 / 需要が増 / 需要が低 / 悪化 / グローバルニッチトップ / トップシェア / シェア拡大 / レアアース
20260807,3176,3176_1400_三洋貿易_2026年9月期 第3四半期決算説明資料.pdf,,,,,,,2 4,,,,2 4 9,,,,,,,,,,,,,価格交渉 / 増産 / 価格改定 / 価格転嫁 / 値上 / 想定以上 / 上方修正 / 下方修正 / 想定以下 / 未達 / 大幅 / 計画を上 / 計画を下 / 計画以 / 需要回復 / 需要の回復 / 需要が増 / 需要が低 / 悪化 / グローバルニッチトップ / トップシェア / シェア拡大 / レアアース
20260807,3176,3176_1400_三洋貿易_通期業績予想の修正に関するお知らせ.pdf,,,,,,,1,,,,1,,,,,,,,,,,,,価格交渉 / 増産 / 価格改定 / 価格転嫁 / 値上 / 想定以上 / 上方修正 / 下方修正 / 想定以下 / 未達 / 大幅 / 計画を上 / 計画を下 / 計画以 / 需要回復 / 需要の回復 / 需要が増 / 需要が低 / 悪化 / グローバルニッチトップ / トップシェア / シェア拡大 / レアアース
20260807,3205,3205_1530_ダイドー_2027年3月期 第1四半期決算短信〔日本基準〕(連結).pdf,,,,,,,5,,,,,,,,,4,,,,,,,,価格交渉 / 増産 / 価格改定 / 価格転嫁 / 値上 / 想定以上 / 上方修正 / 下方修正 / 想定以下 / 未達 / 大幅 / 計画を上 / 計画を下 / 計画以 / 需要回復 / 需要の回復 / 需要が増 / 需要が低 / 悪化 / グローバルニッチトップ / トップシェア / シェア拡大 / レアアース
20260807,3417,3417_1530_大木ヘルスケア_2027年3月期第1四半期決算短信〔日本基準〕(連結).pdf,1 4,,,,,,,,,,4,,,,,,,,,,,,,価格交渉 / 増産 / 価格改定 / 価格転嫁 / 値上 / 想定以上 / 上方修正 / 下方修正 / 想定以下 / 未達 / 大幅 / 計画を上 / 計画を下 / 計画以 / 需要回復 / 需要の回復 / 需要が増 / 需要が低 / 悪化 / グローバルニッチトップ / トップシェア / シェア拡大 / レアアース
20260807,3423,3423_1200_エスイー_2027年3月期 第1四半期決算短信〔日本基準〕(連結).pdf,,,,,,,,,,,5,,,,,,,,4,,,,,価格交渉 / 増産 / 価格改定 / 価格転嫁 / 値上 / 想定以上 / 上方修正 / 下方修正 / 想定以下 / 未達 / 大幅 / 計画を上 / 計画を下 / 計画以 / 需要回復 / 需要の回復 / 需要が増 / 需要が低 / 悪化 / グローバルニッチトップ / トップシェア / シェア拡大 / レアアース
20260807,3747,3747_1530_インタートレード_営業外費用(持分法による投資損失)の計上及び業績予想の修正に関するお知らせ.pdf,,,,,,,,,,2,,,1 2,,,,,,,,,,,価格交渉 / 増産 / 価格改定 / 価格転嫁 / 値上 / 想定以上 / 上方修正 / 下方修正 / 想定以下 / 未達 / 大幅 / 計画を上 / 計画を下 / 計画以 / 需要回復 / 需要の回復 / 需要が増 / 需要が低 / 悪化 / グローバルニッチトップ / トップシェア / シェア拡大 / レアアース
20260807,3951,3951_1500_朝日印刷_2027年3月期 第1四半期 決算補足説明資料.pdf,,,,,,,,,,,13 21,,,,,,,,,,8,,,価格交渉 / 増産 / 価格改定 / 価格転嫁 / 値上 / 想定以上 / 上方修正 / 下方修正 / 想定以下 / 未達 / 大幅 / 計画を上 / 計画を下 / 計画以 / 需要回復 / 需要の回復 / 需要が増 / 需要が低 / 悪化 / グローバルニッチトップ / トップシェア / シェア拡大 / レアアース
20260807,3997,3997_1530_トレードワークス_新中期経営計画(2027-2029)骨子策定に関するお知らせ.pdf,,,,,5,,,,,3 4,,,,,,,,,,,,,,価格交渉 / 増産 / 価格改定 / 価格転嫁 / 値上 / 想定以上 / 上方修正 / 下方修正 / 想定以下 / 未達 / 大幅 / 計画を上 / 計画を下 / 計画以 / 需要回復 / 需要の回復 / 需要が増 / 需要が低 / 悪化 / グローバルニッチトップ / トップシェア / シェア拡大 / レアアース
20260807,4021,4021_1530_日産化_2026年度 第1四半期 決算説明資料.pdf,,,,,,,22 35,,,,16,,,,,,,,,,,,,価格交渉 / 増産 / 価格改定 / 価格転嫁 / 値上 / 想定以上 / 上方修正 / 下方修正 / 想定以下 / 未達 / 大幅 / 計画を上 / 計画を下 / 計画以 / 需要回復 / 需要の回復 / 需要が増 / 需要が低 / 悪化 / グローバルニッチトップ / トップシェア / シェア拡大 / レアアース
20260807,4031,4031_1400_片倉コープアグリ_2027年3月期 第1四半期決算短信[日本基準](連結).pdf,,,4,,4,,,,,,,,,,,,,,,,,,,価格交渉 / 増産 / 価格改定 / 価格転嫁 / 値上 / 想定以上 / 上方修正 / 下方修正 / 想定以下 / 未達 / 大幅 / 計画を上 / 計画を下 / 計画以 / 需要回復 / 需要の回復 / 需要が増 / 需要が低 / 悪化 / グローバルニッチトップ / トップシェア / シェア拡大 / レアアース
20260807,4045,4045_1130_東亜合_2026年12月期 第2四半期(中間期)決算説明会資料.pdf,,,,,,,4,,,,,,,,,,,,4,,,,,価格交渉 / 増産 / 価格改定 / 価格転嫁 / 値上 / 想定以上 / 上方修正 / 下方修正 / 想定以下 / 未達 / 大幅 / 計画を上 / 計画を下 / 計画以 / 需要回復 / 需要の回復 / 需要が増 / 需要が低 / 悪化 / グローバルニッチトップ / トップシェア / シェア拡大 / レアアース
20260807,4082,4082_1530_稀元素_2027年3月期 第1四半期決算短信〔日本基準〕(連結).pdf,,,,,,,,,,,,,,,,,,5,,,,,4 6,価格交渉 / 増産 / 価格改定 / 価格転嫁 / 値上 / 想定以上 / 上方修正 / 下方修正 / 想定以下 / 未達 / 大幅 / 計画を上 / 計画を下 / 計画以 / 需要回復 / 需要の回復 / 需要が増 / 需要が低 / 悪化 / グローバルニッチトップ / トップシェア / シェア拡大 / レアアース
20260807,4100,4100_1530_戸田工_2027年3月期 第1四半期決算短信〔日本基準〕(連結).pdf,,,,,,,,,,,,,,,,,4,,4,,,,,価格交渉 / 増産 / 価格改定 / 価格転嫁 / 値上 / 想定以上 / 上方修正 / 下方修正 / 想定以下 / 未達 / 大幅 / 計画を上 / 計画を下 / 計画以 / 需要回復 / 需要の回復 / 需要が増 / 需要が低 / 悪化 / グローバルニッチトップ / トップシェア / シェア拡大 / レアアース
20260807,4114,4114_1300_日触媒_2026年度第1四半期決算及び通期予想の概要.pdf,,,,3 9,,,,,,,,,,,,,,,9,,,,,価格交渉 / 増産 / 価格改定 / 価格転嫁 / 値上 / 想定以上 / 上方修正 / 下方修正 / 想定以下 / 未達 / 大幅 / 計画を上 / 計画を下 / 計画以 / 需要回復 / 需要の回復 / 需要が増 / 需要が低 / 悪化 / グローバルニッチトップ / トップシェア / シェア拡大 / レアアース
20260807,4169,4169_1200_G-エネチェンジ_2027年3月期第1四半期 決算説明資料.pdf,,,,,,,,,,,35,,,,,,,,43 46,,,,,価格交渉 / 増産 / 価格改定 / 価格転嫁 / 値上 / 想定以上 / 上方修正 / 下方修正 / 想定以下 / 未達 / 大幅 / 計画を上 / 計画を下 / 計画以 / 需要回復 / 需要の回復 / 需要が増 / 需要が低 / 悪化 / グローバルニッチトップ / トップシェア / シェア拡大 / レアアース
20260807,4182,4182_1530_菱瓦斯化_2027年3月期 第1四半期決算短信[日本基準](連結).pdf,,,,,,,,,,,,,,,5,,,,4,,,,,価格交渉 / 増産 / 価格改定 / 価格転嫁 / 値上 / 想定以上 / 上方修正 / 下方修正 / 想定以下 / 未達 / 大幅 / 計画を上 / 計画を下 / 計画以 / 需要回復 / 需要の回復 / 需要が増 / 需要が低 / 悪化 / グローバルニッチトップ / トップシェア / シェア拡大 / レアアース
20260807,4188,4188_1500_三菱ケミカルグループ_「2027年3月期 第1四半期決算短信〔IFRS〕(連結)」の 公認会計士等による期中レビューの完了について.pdf,,,,,,,,,,,,,,,,,5,,5 6,,,,,価格交渉 / 増産 / 価格改定 / 価格転嫁 / 値上 / 想定以上 / 上方修正 / 下方修正 / 想定以下 / 未達 / 大幅 / 計画を上 / 計画を下 / 計画以 / 需要回復 / 需要の回復 / 需要が増 / 需要が低 / 悪化 / グローバルニッチトップ / トップシェア / シェア拡大 / レアアース
20260807,431A,431A_1530_G-ユーソナー_2026年12月期 第2四半期決算説明資料.pdf,,,,,,,,,,,57,,,,,,47,,,,,,,価格交渉 / 増産 / 価格改定 / 価格転嫁 / 値上 / 想定以上 / 上方修正 / 下方修正 / 想定以下 / 未達 / 大幅 / 計画を上 / 計画を下 / 計画以 / 需要回復 / 需要の回復 / 需要が増 / 需要が低 / 悪化 / グローバルニッチトップ / トップシェア / シェア拡大 / レアアース
20260807,4447,4447_1530_G-PBシステムズ_2026年9月期 第3四半期決算短信〔日本基準〕(非連結).pdf,,,,,,,,,,4,4,,,,,,,,,,,,,価格交渉 / 増産 / 価格改定 / 価格転嫁 / 値上 / 想定以上 / 上方修正 / 下方修正 / 想定以下 / 未達 / 大幅 / 計画を上 / 計画を下 / 計画以 / 需要回復 / 需要の回復 / 需要が増 / 需要が低 / 悪化 / グローバルニッチトップ / トップシェア / シェア拡大 / レアアース
20260807,4447,4447_1530_G-PBシステムズ_2026年9月期 第3四半期決算補足資料.pdf,,,,,4,,,,,4 7 9,,,,,,,,,,,,,,価格交渉 / 増産 / 価格改定 / 価格転嫁 / 値上 / 想定以上 / 上方修正 / 下方修正 / 想定以下 / 未達 / 大幅 / 計画を上 / 計画を下 / 計画以 / 需要回復 / 需要の回復 / 需要が増 / 需要が低 / 悪化 / グローバルニッチトップ / トップシェア / シェア拡大 / レアアース
20260807,4612,4612_1530_日ペイントHD_2026年12月期 第2四半期(中間期)決算短信〔IFRS〕(連結).pdf,,,,,4,,,,,,,,,,,,,,,,,4,,価格交渉 / 増産 / 価格改定 / 価格転嫁 / 値上 / 想定以上 / 上方修正 / 下方修正 / 想定以下 / 未達 / 大幅 / 計画を上 / 計画を下 / 計画以 / 需要回復 / 需要の回復 / 需要が増 / 需要が低 / 悪化 / グローバルニッチトップ / トップシェア / シェア拡大 / レアアース
20260807,4612,4612_1530_日ペイントHD_業績予想の修正に関するお知らせ.pdf,,,,1,1,,,,,,,,,,,,,,,,,,,価格交渉 / 増産 / 価格改定 / 価格転嫁 / 値上 / 想定以上 / 上方修正 / 下方修正 / 想定以下 / 未達 / 大幅 / 計画を上 / 計画を下 / 計画以 / 需要回復 / 需要の回復 / 需要が増 / 需要が低 / 悪化 / グローバルニッチトップ / トップシェア / シェア拡大 / レアアース
20260807,4628,4628_1530_エスケー化研_2027年3月期 第1四半期決算短信〔日本基準〕(連結).pdf,,,4,,,,,,,,4,,,,,,,,,,,,,価格交渉 / 増産 / 価格改定 / 価格転嫁 / 値上 / 想定以上 / 上方修正 / 下方修正 / 想定以下 / 未達 / 大幅 / 計画を上 / 計画を下 / 計画以 / 需要回復 / 需要の回復 / 需要が増 / 需要が低 / 悪化 / グローバルニッチトップ / トップシェア / シェア拡大 / レアアース
20260807,4800,4800_1530_オリコン_株式併合、単元株式数の定めの廃止及び定款の一部変更に関する臨時株主総会開催、並びに資本金及び資本準備金の額の減少のお知らせ.pdf,,,,,,,,,,,25,,,,,,,,10,,,,,価格交渉 / 増産 / 価格改定 / 価格転嫁 / 値上 / 想定以上 / 上方修正 / 下方修正 / 想定以下 / 未達 / 大幅 / 計画を上 / 計画を下 / 計画以 / 需要回復 / 需要の回復 / 需要が増 / 需要が低 / 悪化 / グローバルニッチトップ / トップシェア / シェア拡大 / レアアース
20260807,4931,4931_1530_新日本製薬_2026年9月期第3四半期決算補足説明資料.pdf,,,,,,,,,,,5 6 15,14,,,,,,,,,,,,価格交渉 / 増産 / 価格改定 / 価格転嫁 / 値上 / 想定以上 / 上方修正 / 下方修正 / 想定以下 / 未達 / 大幅 / 計画を上 / 計画を下 / 計画以 / 需要回復 / 需要の回復 / 需要が増 / 需要が低 / 悪化 / グローバルニッチトップ / トップシェア / シェア拡大 / レアアース
20260807,4933,4933_1530_Ine_2026年12月期第2四半期決算説明資料.pdf,,,,,,,2 13,,,,2 5 6 9 10 21 37,,,,,,,,,,,,,価格交渉 / 増産 / 価格改定 / 価格転嫁 / 値上 / 想定以上 / 上方修正 / 下方修正 / 想定以下 / 未達 / 大幅 / 計画を上 / 計画を下 / 計画以 / 需要回復 / 需要の回復 / 需要が増 / 需要が低 / 悪化 / グローバルニッチトップ / トップシェア / シェア拡大 / レアアース
20260807,5013,5013_1530_ユシロ_2027年3月期第1四半期決算短信〔日本基準〕(連結).pdf,,,4 5,,,,,,,,4 5,,,,,,,,,,,,,価格交渉 / 増産 / 価格改定 / 価格転嫁 / 値上 / 想定以上 / 上方修正 / 下方修正 / 想定以下 / 未達 / 大幅 / 計画を上 / 計画を下 / 計画以 / 需要回復 / 需要の回復 / 需要が増 / 需要が低 / 悪化 / グローバルニッチトップ / トップシェア / シェア拡大 / レアアース
20260807,5020,5020_1300_ENEOS_2026年度 第1四半期決算 説明資料.pdf,,,,,,,,,,,9 18,,,,,,,,19 20,,,,,価格交渉 / 増産 / 価格改定 / 価格転嫁 / 値上 / 想定以上 / 上方修正 / 下方修正 / 想定以下 / 未達 / 大幅 / 計画を上 / 計画を下 / 計画以 / 需要回復 / 需要の回復 / 需要が増 / 需要が低 / 悪化 / グローバルニッチトップ / トップシェア / シェア拡大 / レアアース
20260807,5142,5142_1400_アキレス_2027年3月期 第1四半期 決算概要.pdf,,,4 7,,,,,,,,4 5,,,,,,,,,,,,,価格交渉 / 増産 / 価格改定 / 価格転嫁 / 値上 / 想定以上 / 上方修正 / 下方修正 / 想定以下 / 未達 / 大幅 / 計画を上 / 計画を下 / 計画以 / 需要回復 / 需要の回復 / 需要が増 / 需要が低 / 悪化 / グローバルニッチトップ / トップシェア / シェア拡大 / レアアース
20260807,5202,5202_1400_板硝子_2027年3月期 第1四半期決算報告.pdf,,,16,11 15 16 20,,,,,,,,,,,,,,,,,,,,価格交渉 / 増産 / 価格改定 / 価格転嫁 / 値上 / 想定以上 / 上方修正 / 下方修正 / 想定以下 / 未達 / 大幅 / 計画を上 / 計画を下 / 計画以 / 需要回復 / 需要の回復 / 需要が増 / 需要が低 / 悪化 / グローバルニッチトップ / トップシェア / シェア拡大 / レアアース
20260807,5287,5287_1530_イトーヨーギョー_2027年3月期 第1四半期決算短信〔日本基準〕(非連結).pdf,,,,,,,,,,,4,,,,,,,,5,,,,,価格交渉 / 増産 / 価格改定 / 価格転嫁 / 値上 / 想定以上 / 上方修正 / 下方修正 / 想定以下 / 未達 / 大幅 / 計画を上 / 計画を下 / 計画以 / 需要回復 / 需要の回復 / 需要が増 / 需要が低 / 悪化 / グローバルニッチトップ / トップシェア / シェア拡大 / レアアース
20260807,5388,5388_1530_クニミネ工業_2027年3月期 第1四半期決算短信〔日本基準〕(連結)(公認会計士等による期中レビューの完了).pdf,,,5,,,,,,,,5,,,,,,,,,,,,,価格交渉 / 増産 / 価格改定 / 価格転嫁 / 値上 / 想定以上 / 上方修正 / 下方修正 / 想定以下 / 未達 / 大幅 / 計画を上 / 計画を下 / 計画以 / 需要回復 / 需要の回復 / 需要が増 / 需要が低 / 悪化 / グローバルニッチトップ / トップシェア / シェア拡大 / レアアース
20260807,5542,5542_1330_新報国マテリアル_2026年12月期 第2四半期(中間期)決算短信〔日本基準〕(非連結).pdf,,4,,,,,4,,,,,,,,,,,,,,,,,価格交渉 / 増産 / 価格改定 / 価格転嫁 / 値上 / 想定以上 / 上方修正 / 下方修正 / 想定以下 / 未達 / 大幅 / 計画を上 / 計画を下 / 計画以 / 需要回復 / 需要の回復 / 需要が増 / 需要が低 / 悪化 / グローバルニッチトップ / トップシェア / シェア拡大 / レアアース
20260807,5570,5570_1430_G-ジェノバ_2026年9月期 第3四半期決算短信[日本基準](非連結).pdf,,,,,,,,,,,,,,,,,4,,5,,,,,価格交渉 / 増産 / 価格改定 / 価格転嫁 / 値上 / 想定以上 / 上方修正 / 下方修正 / 想定以下 / 未達 / 大幅 / 計画を上 / 計画を下 / 計画以 / 需要回復 / 需要の回復 / 需要が増 / 需要が低 / 悪化 / グローバルニッチトップ / トップシェア / シェア拡大 / レアアース
20260807,5570,5570_1430_G-ジェノバ_2026年9月期第3四半期 決算補足説明資料.pdf,,,,,14,,,,,,26,,,,,,,,,,,,,価格交渉 / 増産 / 価格改定 / 価格転嫁 / 値上 / 想定以上 / 上方修正 / 下方修正 / 想定以下 / 未達 / 大幅 / 計画を上 / 計画を下 / 計画以 / 需要回復 / 需要の回復 / 需要が増 / 需要が低 / 悪化 / グローバルニッチトップ / トップシェア / シェア拡大 / レアアース
20260807,5597,5597_1530_G-ブルーイノベ_2026年12月期 中間期 決算説明資料.pdf,,,,,,,,,,,28 69,,,,,,12,,,,,,,価格交渉 / 増産 / 価格改定 / 価格転嫁 / 値上 / 想定以上 / 上方修正 / 下方修正 / 想定以下 / 未達 / 大幅 / 計画を上 / 計画を下 / 計画以 / 需要回復 / 需要の回復 / 需要が増 / 需要が低 / 悪化 / グローバルニッチトップ / トップシェア / シェア拡大 / レアアース
20260807,5706,5706_1530_三井金属_2027年3月期 第1四半期決算説明資料.pdf,,7,,,,,,,,,,,,,,,,,15,,,,,価格交渉 / 増産 / 価格改定 / 価格転嫁 / 値上 / 想定以上 / 上方修正 / 下方修正 / 想定以下 / 未達 / 大幅 / 計画を上 / 計画を下 / 計画以 / 需要回復 / 需要の回復 / 需要が増 / 需要が低 / 悪化 / グローバルニッチトップ / トップシェア / シェア拡大 / レアアース
20260807,5714,5714_1530_DOWA_2026年度第1四半期 決算補足資料.pdf,,,,,,,,,,,2,,,,,,,,4 6,,,,,価格交渉 / 増産 / 価格改定 / 価格転嫁 / 値上 / 想定以上 / 上方修正 / 下方修正 / 想定以下 / 未達 / 大幅 / 計画を上 / 計画を下 / 計画以 / 需要回復 / 需要の回復 / 需要が増 / 需要が低 / 悪化 / グローバルニッチトップ / トップシェア / シェア拡大 / レアアース
20260807,5714,5714_1530_DOWA_2027年3月期 第1四半期決算短信〔日本基準〕(連結).pdf,,,,,,,,,,,6,,,,,,,,4,,,,,価格交渉 / 増産 / 価格改定 / 価格転嫁 / 値上 / 想定以上 / 上方修正 / 下方修正 / 想定以下 / 未達 / 大幅 / 計画を上 / 計画を下 / 計画以 / 需要回復 / 需要の回復 / 需要が増 / 需要が低 / 悪化 / グローバルニッチトップ / トップシェア / シェア拡大 / レアアース
20260807,6029,6029_1200_アトラG_2026年12月期 第2四半期 決算説明資料.pdf,,,,,,,3 7 11,,,,3 4 5 7 8 9,,,,,,,,,,,,,価格交渉 / 増産 / 価格改定 / 価格転嫁 / 値上 / 想定以上 / 上方修正 / 下方修正 / 想定以下 / 未達 / 大幅 / 計画を上 / 計画を下 / 計画以 / 需要回復 / 需要の回復 / 需要が増 / 需要が低 / 悪化 / グローバルニッチトップ / トップシェア / シェア拡大 / レアアース
20260807,6089,6089_1530_ウィルグループ_2027年3月期 第1四半期決算補足資料.pdf,,,,,,,4 23,,,,4 5,,,,,,,,,,,,,価格交渉 / 増産 / 価格改定 / 価格転嫁 / 値上 / 想定以上 / 上方修正 / 下方修正 / 想定以下 / 未達 / 大幅 / 計画を上 / 計画を下 / 計画以 / 需要回復 / 需要の回復 / 需要が増 / 需要が低 / 悪化 / グローバルニッチトップ / トップシェア / シェア拡大 / レアアース
20260807,6098,6098_1530_リクルートHD_2027年3月期第1四半期決算サマリー.pdf,,,,,,,1 3,,,,5,,,,,,,,,,,,,価格交渉 / 増産 / 価格改定 / 価格転嫁 / 値上 / 想定以上 / 上方修正 / 下方修正 / 想定以下 / 未達 / 大幅 / 計画を上 / 計画を下 / 計画以 / 需要回復 / 需要の回復 / 需要が増 / 需要が低 / 悪化 / グローバルニッチトップ / トップシェア / シェア拡大 / レアアース
20260807,6138,6138_1530_ダイジェット_業績予想及び配当予想の修正に関するお知らせ.pdf,,,,,1,,,,,,1,,,,,,,,,,,,,価格交渉 / 増産 / 価格改定 / 価格転嫁 / 値上 / 想定以上 / 上方修正 / 下方修正 / 想定以下 / 未達 / 大幅 / 計画を上 / 計画を下 / 計画以 / 需要回復 / 需要の回復 / 需要が増 / 需要が低 / 悪化 / グローバルニッチトップ / トップシェア / シェア拡大 / レアアース
20260807,6155,6155_1530_高松機械_2027年3月期 第1四半期決算短信〔日本基準〕(連結).pdf,5,,,,,,,,,,4,,,,,,,,,,,,,価格交渉 / 増産 / 価格改定 / 価格転嫁 / 値上 / 想定以上 / 上方修正 / 下方修正 / 想定以下 / 未達 / 大幅 / 計画を上 / 計画を下 / 計画以 / 需要回復 / 需要の回復 / 需要が増 / 需要が低 / 悪化 / グローバルニッチトップ / トップシェア / シェア拡大 / レアアース
20260807,6167,6167_1530_冨士ダイス_2027年3月期第1四半期決算短信〔日本基準〕(連結).pdf,,,,4 5,,,,,,,4,,,,,,,,,,,,,価格交渉 / 増産 / 価格改定 / 価格転嫁 / 値上 / 想定以上 / 上方修正 / 下方修正 / 想定以下 / 未達 / 大幅 / 計画を上 / 計画を下 / 計画以 / 需要回復 / 需要の回復 / 需要が増 / 需要が低 / 悪化 / グローバルニッチトップ / トップシェア / シェア拡大 / レアアース
20260807,6233,6233_1530_KLASS_令和8年9月期第3四半期決算短信〔日本基準〕(連結).pdf,,,,,4,,,,,,,,,,,,,,4,,,,,価格交渉 / 増産 / 価格改定 / 価格転嫁 / 値上 / 想定以上 / 上方修正 / 下方修正 / 想定以下 / 未達 / 大幅 / 計画を上 / 計画を下 / 計画以 / 需要回復 / 需要の回復 / 需要が増 / 需要が低 / 悪化 / グローバルニッチトップ / トップシェア / シェア拡大 / レアアース
20260807,6250,6250_1400_やまびこ_2026年12月期 第2四半期(中間期)決算短信〔日本基準〕(連結).pdf,,,,,,,,,,,5,4 5,,,,,,,,,,,,価格交渉 / 増産 / 価格改定 / 価格転嫁 / 値上 / 想定以上 / 上方修正 / 下方修正 / 想定以下 / 未達 / 大幅 / 計画を上 / 計画を下 / 計画以 / 需要回復 / 需要の回復 / 需要が増 / 需要が低 / 悪化 / グローバルニッチトップ / トップシェア / シェア拡大 / レアアース
20260807,6392,6392_1330_ヤマダコーポ_2027年3月期 第1四半期決算短信〔日本基準〕(連結).pdf,,,,,,,,,,,4,,,,,,,,4,,,,,価格交渉 / 増産 / 価格改定 / 価格転嫁 / 値上 / 想定以上 / 上方修正 / 下方修正 / 想定以下 / 未達 / 大幅 / 計画を上 / 計画を下 / 計画以 / 需要回復 / 需要の回復 / 需要が増 / 需要が低 / 悪化 / グローバルニッチトップ / トップシェア / シェア拡大 / レアアース
20260807,6405,6405_1530_鈴茂器工_2027年3月期 第1四半期決算補足資料.pdf,,,,,,,,,,,9,,,,,,7,,,,,,,価格交渉 / 増産 / 価格改定 / 価格転嫁 / 値上 / 想定以上 / 上方修正 / 下方修正 / 想定以下 / 未達 / 大幅 / 計画を上 / 計画を下 / 計画以 / 需要回復 / 需要の回復 / 需要が増 / 需要が低 / 悪化 / グローバルニッチトップ / トップシェア / シェア拡大 / レアアース
20260807,6433,6433_1500_ヒーハイスト_2027年3月期 第1四半期決算短信〔日本基準〕(連結).pdf,,,,5,,,,,,,,,,,4 5,,,,,,,,,価格交渉 / 増産 / 価格改定 / 価格転嫁 / 値上 / 想定以上 / 上方修正 / 下方修正 / 想定以下 / 未達 / 大幅 / 計画を上 / 計画を下 / 計画以 / 需要回復 / 需要の回復 / 需要が増 / 需要が低 / 悪化 / グローバルニッチトップ / トップシェア / シェア拡大 / レアアース
20260807,6480,6480_1500_日トムソン_2027年3月期 第1四半期決算短信〔日本基準〕(連結).pdf,,4,,,,,,,,,,,,,,,4,,,,,,,価格交渉 / 増産 / 価格改定 / 価格転嫁 / 値上 / 想定以上 / 上方修正 / 下方修正 / 想定以下 / 未達 / 大幅 / 計画を上 / 計画を下 / 計画以 / 需要回復 / 需要の回復 / 需要が増 / 需要が低 / 悪化 / グローバルニッチトップ / トップシェア / シェア拡大 / レアアース
20260807,6504,6504_1530_富士電機_2027年3月期 第1四半期決算短信〔日本基準〕(連結)(公認会計士等による期中レビューの完了).pdf,,,6,,,,,,,,,,,,,,5,,,,,,,価格交渉 / 増産 / 価格改定 / 価格転嫁 / 値上 / 想定以上 / 上方修正 / 下方修正 / 想定以下 / 未達 / 大幅 / 計画を上 / 計画を下 / 計画以 / 需要回復 / 需要の回復 / 需要が増 / 需要が低 / 悪化 / グローバルニッチトップ / トップシェア / シェア拡大 / レアアース
20260807,6507,6507_1340_シンフォニア_2027年3月期 第1四半期決算短信〔日本基準〕(連結).pdf,,,,,,,,,,,,,,,,,,4,,,,,4 5,価格交渉 / 増産 / 価格改定 / 価格転嫁 / 値上 / 想定以上 / 上方修正 / 下方修正 / 想定以下 / 未達 / 大幅 / 計画を上 / 計画を下 / 計画以 / 需要回復 / 需要の回復 / 需要が増 / 需要が低 / 悪化 / グローバルニッチトップ / トップシェア / シェア拡大 / レアアース
20260807,6588,6588_1530_東芝テック_2026年度 第1四半期決算説明資料.pdf,,,4,,,,,,,,4,,,,,,,,,,,,,価格交渉 / 増産 / 価格改定 / 価格転嫁 / 値上 / 想定以上 / 上方修正 / 下方修正 / 想定以下 / 未達 / 大幅 / 計画を上 / 計画を下 / 計画以 / 需要回復 / 需要の回復 / 需要が増 / 需要が低 / 悪化 / グローバルニッチトップ / トップシェア / シェア拡大 / レアアース
20260807,6612,6612_1530_G-バルミューダ_2026年12月期 第2四半期(中間期)決算短信〔日本基準〕(連結).pdf,,,12,,,,,,,,12,,,,,,,,,,,,,価格交渉 / 増産 / 価格改定 / 価格転嫁 / 値上 / 想定以上 / 上方修正 / 下方修正 / 想定以下 / 未達 / 大幅 / 計画を上 / 計画を下 / 計画以 / 需要回復 / 需要の回復 / 需要が増 / 需要が低 / 悪化 / グローバルニッチトップ / トップシェア / シェア拡大 / レアアース
20260807,6638,6638_1130_Mimaki_2027年3月期 第1四半期 決算説明資料.pdf,,,,,,,,,,,6 7,9,,,,,,,,,,,,価格交渉 / 増産 / 価格改定 / 価格転嫁 / 値上 / 想定以上 / 上方修正 / 下方修正 / 想定以下 / 未達 / 大幅 / 計画を上 / 計画を下 / 計画以 / 需要回復 / 需要の回復 / 需要が増 / 需要が低 / 悪化 / グローバルニッチトップ / トップシェア / シェア拡大 / レアアース
20260807,6753,6753_1530_シャープ_2026年度 第1四半期 決算.pdf,,,,6,,,,,,,6,,,,,,,,,,,,,価格交渉 / 増産 / 価格改定 / 価格転嫁 / 値上 / 想定以上 / 上方修正 / 下方修正 / 想定以下 / 未達 / 大幅 / 計画を上 / 計画を下 / 計画以 / 需要回復 / 需要の回復 / 需要が増 / 需要が低 / 悪化 / グローバルニッチトップ / トップシェア / シェア拡大 / レアアース
20260807,6982,6982_1300_リード_2027年3月期 第1四半期決算短信 [日本基準](非連結).pdf,,,,,,,,,,,4,,,,,,,,4,,,,,価格交渉 / 増産 / 価格改定 / 価格転嫁 / 値上 / 想定以上 / 上方修正 / 下方修正 / 想定以下 / 未達 / 大幅 / 計画を上 / 計画を下 / 計画以 / 需要回復 / 需要の回復 / 需要が増 / 需要が低 / 悪化 / グローバルニッチトップ / トップシェア / シェア拡大 / レアアース
20260807,7192,7192_1400_日本モーゲージS_2027年3月期第1四半期 決算説明資料.pdf,,,,13,13,,,,,,,,,,,,,,,,,,,価格交渉 / 増産 / 価格改定 / 価格転嫁 / 値上 / 想定以上 / 上方修正 / 下方修正 / 想定以下 / 未達 / 大幅 / 計画を上 / 計画を下 / 計画以 / 需要回復 / 需要の回復 / 需要が増 / 需要が低 / 悪化 / グローバルニッチトップ / トップシェア / シェア拡大 / レアアース
20260807,7245,7245_1400_大同メタル_2027年3月期 第1四半期 決算補足説明資料.pdf,,,,2 4 13 15,,,,,,,,,,,,9,,,,,,,,価格交渉 / 増産 / 価格改定 / 価格転嫁 / 値上 / 想定以上 / 上方修正 / 下方修正 / 想定以下 / 未達 / 大幅 / 計画を上 / 計画を下 / 計画以 / 需要回復 / 需要の回復 / 需要が増 / 需要が低 / 悪化 / グローバルニッチトップ / トップシェア / シェア拡大 / レアアース
20260807,7318,7318_1530_G-セレンディップ_2027年3月期 第1四半期 決算短信補足資料.pdf,,,,,,,,,,,3,7,,,,,,,,,,,,価格交渉 / 増産 / 価格改定 / 価格転嫁 / 値上 / 想定以上 / 上方修正 / 下方修正 / 想定以下 / 未達 / 大幅 / 計画を上 / 計画を下 / 計画以 / 需要回復 / 需要の回復 / 需要が増 / 需要が低 / 悪化 / グローバルニッチトップ / トップシェア / シェア拡大 / レアアース
20260807,7358,7358_1530_ポピンズ_2026年12月期 第2四半期(中間期)決算短信〔日本基準〕(連結).pdf,,,4 5,,,,,,,,4,,,,,,,,,,,,,価格交渉 / 増産 / 価格改定 / 価格転嫁 / 値上 / 想定以上 / 上方修正 / 下方修正 / 想定以下 / 未達 / 大幅 / 計画を上 / 計画を下 / 計画以 / 需要回復 / 需要の回復 / 需要が増 / 需要が低 / 悪化 / グローバルニッチトップ / トップシェア / シェア拡大 / レアアース
20260807,7358,7358_1530_ポピンズ_業績予想及び配当予想の修正に関するお知らせ.pdf,,,,,,,2,,,,1,,,,,,,,,,,,,価格交渉 / 増産 / 価格改定 / 価格転嫁 / 値上 / 想定以上 / 上方修正 / 下方修正 / 想定以下 / 未達 / 大幅 / 計画を上 / 計画を下 / 計画以 / 需要回復 / 需要の回復 / 需要が増 / 需要が低 / 悪化 / グローバルニッチトップ / トップシェア / シェア拡大 / レアアース
20260807,7414,7414_1500_小野建_2027年3月期 第1四半期決算短信〔日本基準〕(連結).pdf,,,,,,,,,,,,,,,4,,,4,,,,,,価格交渉 / 増産 / 価格改定 / 価格転嫁 / 値上 / 想定以上 / 上方修正 / 下方修正 / 想定以下 / 未達 / 大幅 / 計画を上 / 計画を下 / 計画以 / 需要回復 / 需要の回復 / 需要が増 / 需要が低 / 悪化 / グローバルニッチトップ / トップシェア / シェア拡大 / レアアース
20260807,7466,7466_1500_SPK_2027年3月期 第1四半期決算短信〔日本基準〕(連結).pdf,,,4,,,,,,,,,,,,4,,,,,,,,,価格交渉 / 増産 / 価格改定 / 価格転嫁 / 値上 / 想定以上 / 上方修正 / 下方修正 / 想定以下 / 未達 / 大幅 / 計画を上 / 計画を下 / 計画以 / 需要回復 / 需要の回復 / 需要が増 / 需要が低 / 悪化 / グローバルニッチトップ / トップシェア / シェア拡大 / レアアース
20260807,7482,7482_1530_シモジマ_2027年3月期 第1四半期決算短信〔日本基準〕(連結).pdf,,,,4,,,,,,,4,,,,,,,,,,,,,価格交渉 / 増産 / 価格改定 / 価格転嫁 / 値上 / 想定以上 / 上方修正 / 下方修正 / 想定以下 / 未達 / 大幅 / 計画を上 / 計画を下 / 計画以 / 需要回復 / 需要の回復 / 需要が増 / 需要が低 / 悪化 / グローバルニッチトップ / トップシェア / シェア拡大 / レアアース
20260807,7490,7490_1530_日新商_株式併合、単元株式数の定めの廃止及び定款の一部変更に関する臨時株主総会開催のお知らせ.pdf,,,,,,,16,,,,16,,,,,,,,,,,,,価格交渉 / 増産 / 価格改定 / 価格転嫁 / 値上 / 想定以上 / 上方修正 / 下方修正 / 想定以下 / 未達 / 大幅 / 計画を上 / 計画を下 / 計画以 / 需要回復 / 需要の回復 / 需要が増 / 需要が低 / 悪化 / グローバルニッチトップ / トップシェア / シェア拡大 / レアアース
20260807,7525,7525_1400_リックス_2027年3月期 第1四半期決算短信[日本基準](連結).pdf,,,,,6,,,,,,,,,,,,,,4 5 6,,,,,価格交渉 / 増産 / 価格改定 / 価格転嫁 / 値上 / 想定以上 / 上方修正 / 下方修正 / 想定以下 / 未達 / 大幅 / 計画を上 / 計画を下 / 計画以 / 需要回復 / 需要の回復 / 需要が増 / 需要が低 / 悪化 / グローバルニッチトップ / トップシェア / シェア拡大 / レアアース
20260807,7525,7525_1400_リックス_2027年3月期 第1四半期決算説明資料.pdf,,,,,,,,,,,4 9 10,,,,,,,,12,,,,,価格交渉 / 増産 / 価格改定 / 価格転嫁 / 値上 / 想定以上 / 上方修正 / 下方修正 / 想定以下 / 未達 / 大幅 / 計画を上 / 計画を下 / 計画以 / 需要回復 / 需要の回復 / 需要が増 / 需要が低 / 悪化 / グローバルニッチトップ / トップシェア / シェア拡大 / レアアース
20260807,7637,7637_1530_白銅_業績予想および配当予想の修正に関するお知らせ.pdf,,2,,,,,,,,,,,,,,,,,,,,2,,価格交渉 / 増産 / 価格改定 / 価格転嫁 / 値上 / 想定以上 / 上方修正 / 下方修正 / 想定以下 / 未達 / 大幅 / 計画を上 / 計画を下 / 計画以 / 需要回復 / 需要の回復 / 需要が増 / 需要が低 / 悪化 / グローバルニッチトップ / トップシェア / シェア拡大 / レアアース
20260807,7702,7702_1530_JMS_2027年3月期第1四半期連結決算の概要.pdf,,,8,,,,,,,,,,,,8,,,,,,,,,価格交渉 / 増産 / 価格改定 / 価格転嫁 / 値上 / 想定以上 / 上方修正 / 下方修正 / 想定以下 / 未達 / 大幅 / 計画を上 / 計画を下 / 計画以 / 需要回復 / 需要の回復 / 需要が増 / 需要が低 / 悪化 / グローバルニッチトップ / トップシェア / シェア拡大 / レアアース
20260807,7716,7716_1400_ナカニシ_2026年12月期 第2四半期(中間期)決算短信〔日本基準〕(連結).pdf,,,,,4,,2 5,,,,,,,,,,,,,,,,,価格交渉 / 増産 / 価格改定 / 価格転嫁 / 値上 / 想定以上 / 上方修正 / 下方修正 / 想定以下 / 未達 / 大幅 / 計画を上 / 計画を下 / 計画以 / 需要回復 / 需要の回復 / 需要が増 / 需要が低 / 悪化 / グローバルニッチトップ / トップシェア / シェア拡大 / レアアース
20260807,7740,7740_1530_タムロン_2026年12月期第2四半期(中間期)決算短信〔日本基準〕(連結).pdf,,,,,,,,,,,4,,,,,,,,6,,,,,価格交渉 / 増産 / 価格改定 / 価格転嫁 / 値上 / 想定以上 / 上方修正 / 下方修正 / 想定以下 / 未達 / 大幅 / 計画を上 / 計画を下 / 計画以 / 需要回復 / 需要の回復 / 需要が増 / 需要が低 / 悪化 / グローバルニッチトップ / トップシェア / シェア拡大 / レアアース
20260807,7791,7791_1500_ドリームベッド_2027年3月期第1四半期決算短信〔日本基準〕(非連結).pdf,,,4,,,,,,,,4,,,,,,,,,,,,,価格交渉 / 増産 / 価格改定 / 価格転嫁 / 値上 / 想定以上 / 上方修正 / 下方修正 / 想定以下 / 未達 / 大幅 / 計画を上 / 計画を下 / 計画以 / 需要回復 / 需要の回復 / 需要が増 / 需要が低 / 悪化 / グローバルニッチトップ / トップシェア / シェア拡大 / レアアース
20260807,7791,7791_1500_ドリームベッド_2027年3月期第1四半期決算説明資料.pdf,,,5,,,,,,,,10 13,,,,,,,,,,,,,価格交渉 / 増産 / 価格改定 / 価格転嫁 / 値上 / 想定以上 / 上方修正 / 下方修正 / 想定以下 / 未達 / 大幅 / 計画を上 / 計画を下 / 計画以 / 需要回復 / 需要の回復 / 需要が増 / 需要が低 / 悪化 / グローバルニッチトップ / トップシェア / シェア拡大 / レアアース
20260807,7792,7792_1530_G-コラントッテ_2026年9月期 第3四半期説明資料.pdf,,,,,,,18,,,,5,,,,,,,,,,,,,価格交渉 / 増産 / 価格改定 / 価格転嫁 / 値上 / 想定以上 / 上方修正 / 下方修正 / 想定以下 / 未達 / 大幅 / 計画を上 / 計画を下 / 計画以 / 需要回復 / 需要の回復 / 需要が増 / 需要が低 / 悪化 / グローバルニッチトップ / トップシェア / シェア拡大 / レアアース
20260807,7821,7821_1430_前田工繊_2026年6月期 決算説明資料.pdf,,,,,,,,,,14,,17,,,,,,,,,,,,価格交渉 / 増産 / 価格改定 / 価格転嫁 / 値上 / 想定以上 / 上方修正 / 下方修正 / 想定以下 / 未達 / 大幅 / 計画を上 / 計画を下 / 計画以 / 需要回復 / 需要の回復 / 需要が増 / 需要が低 / 悪化 / グローバルニッチトップ / トップシェア / シェア拡大 / レアアース
20260807,7868,7868_1530_広済堂HD_2027年3月期第1四半期決算短信〔日本基準〕(連結).pdf,,,,4,,,,,,,5,,,,,,,,,,,,,価格交渉 / 増産 / 価格改定 / 価格転嫁 / 値上 / 想定以上 / 上方修正 / 下方修正 / 想定以下 / 未達 / 大幅 / 計画を上 / 計画を下 / 計画以 / 需要回復 / 需要の回復 / 需要が増 / 需要が低 / 悪化 / グローバルニッチトップ / トップシェア / シェア拡大 / レアアース
20260807,7898,7898_1530_ウッドワン_2027年3月期 第1四半期決算短信〔日本基準〕(連結).pdf,,,,,,,,,,,,,,,,,5,,,,,4,,価格交渉 / 増産 / 価格改定 / 価格転嫁 / 値上 / 想定以上 / 上方修正 / 下方修正 / 想定以下 / 未達 / 大幅 / 計画を上 / 計画を下 / 計画以 / 需要回復 / 需要の回復 / 需要が増 / 需要が低 / 悪化 / グローバルニッチトップ / トップシェア / シェア拡大 / レアアース
20260807,7912,7912_1530_大日印_2027年3月期 第1四半期決算補足説明資料.pdf,,,,3 6,3,,,,,,,,,,,,,,,,,,,価格交渉 / 増産 / 価格改定 / 価格転嫁 / 値上 / 想定以上 / 上方修正 / 下方修正 / 想定以下 / 未達 / 大幅 / 計画を上 / 計画を下 / 計画以 / 需要回復 / 需要の回復 / 需要が増 / 需要が低 / 悪化 / グローバルニッチトップ / トップシェア / シェア拡大 / レアアース
20260807,7914,7914_1500_共同印_2027年3月期 第1四半期決算短信〔日本基準〕(連結).pdf,,,4,4,,,,,,,,,,,,,,,,,,,,価格交渉 / 増産 / 価格改定 / 価格転嫁 / 値上 / 想定以上 / 上方修正 / 下方修正 / 想定以下 / 未達 / 大幅 / 計画を上 / 計画を下 / 計画以 / 需要回復 / 需要の回復 / 需要が増 / 需要が低 / 悪化 / グローバルニッチトップ / トップシェア / シェア拡大 / レアアース
20260807,8163,8163_1130_SRSHD_M&A実施に関する説明資料.pdf,,,,,,,,,,,4 22,,,,,,,,,,15,,,価格交渉 / 増産 / 価格改定 / 価格転嫁 / 値上 / 想定以上 / 上方修正 / 下方修正 / 想定以下 / 未達 / 大幅 / 計画を上 / 計画を下 / 計画以 / 需要回復 / 需要の回復 / 需要が増 / 需要が低 / 悪化 / グローバルニッチトップ / トップシェア / シェア拡大 / レアアース
20260807,8165,8165_1530_千趣会_通期業績予想の修正及び役員報酬の減額に関するお知らせ.pdf,,,,,,,,2,,2,,,,,,,,,,,,,,価格交渉 / 増産 / 価格改定 / 価格転嫁 / 値上 / 想定以上 / 上方修正 / 下方修正 / 想定以下 / 未達 / 大幅 / 計画を上 / 計画を下 / 計画以 / 需要回復 / 需要の回復 / 需要が増 / 需要が低 / 悪化 / グローバルニッチトップ / トップシェア / シェア拡大 / レアアース
20260807,8226,8226_1530_理経_2027年3月期 第1四半期決算短信〔日本基準〕(連結).pdf,,,,,,,,,,,,,,,4,,4,,,,,,,価格交渉 / 増産 / 価格改定 / 価格転嫁 / 値上 / 想定以上 / 上方修正 / 下方修正 / 想定以下 / 未達 / 大幅 / 計画を上 / 計画を下 / 計画以 / 需要回復 / 需要の回復 / 需要が増 / 需要が低 / 悪化 / グローバルニッチトップ / トップシェア / シェア拡大 / レアアース
20260807,8392,8392_1500_大分銀_業績予想の修正に関するお知らせ.pdf,,,,,,,2,,,,2,,,,,,,,,,,,,価格交渉 / 増産 / 価格改定 / 価格転嫁 / 値上 / 想定以上 / 上方修正 / 下方修正 / 想定以下 / 未達 / 大幅 / 計画を上 / 計画を下 / 計画以 / 需要回復 / 需要の回復 / 需要が増 / 需要が低 / 悪化 / グローバルニッチトップ / トップシェア / シェア拡大 / レアアース
20260807,8418,8418_1530_山口FG_2027年3月期 第1四半期決算短信〔日本基準〕(連結).pdf,,,,,,,,,,18,,,,,,,,,17,,,,,価格交渉 / 増産 / 価格改定 / 価格転嫁 / 値上 / 想定以上 / 上方修正 / 下方修正 / 想定以下 / 未達 / 大幅 / 計画を上 / 計画を下 / 計画以 / 需要回復 / 需要の回復 / 需要が増 / 需要が低 / 悪化 / グローバルニッチトップ / トップシェア / シェア拡大 / レアアース
20260807,8750,8750_1430_第一ライフグループ_株式会社第一ライフグループ 2027年3月期 第1四半期決算概要資料.pdf,,,,,,,,,,,4 6 10 16,5,,,,,,,,,,,,価格交渉 / 増産 / 価格改定 / 価格転嫁 / 値上 / 想定以上 / 上方修正 / 下方修正 / 想定以下 / 未達 / 大幅 / 計画を上 / 計画を下 / 計画以 / 需要回復 / 需要の回復 / 需要が増 / 需要が低 / 悪化 / グローバルニッチトップ / トップシェア / シェア拡大 / レアアース
20260807,8929,8929_1530_青山財産_2026年12月期 第2四半期(中間期)決算短信〔日本基準〕(連結).pdf,,,,,,,,,,,5,,5,,,,,,,,,,,価格交渉 / 増産 / 価格改定 / 価格転嫁 / 値上 / 想定以上 / 上方修正 / 下方修正 / 想定以下 / 未達 / 大幅 / 計画を上 / 計画を下 / 計画以 / 需要回復 / 需要の回復 / 需要が増 / 需要が低 / 悪化 / グローバルニッチトップ / トップシェア / シェア拡大 / レアアース
20260807,9245,9245_1200_G-リベロ_2026年12月期第2四半期決算説明資料 スマホ向けサマリ版.pdf,,,,,,,,,,,2,2,,,,,,,,,,,,価格交渉 / 増産 / 価格改定 / 価格転嫁 / 値上 / 想定以上 / 上方修正 / 下方修正 / 想定以下 / 未達 / 大幅 / 計画を上 / 計画を下 / 計画以 / 需要回復 / 需要の回復 / 需要が増 / 需要が低 / 悪化 / グローバルニッチトップ / トップシェア / シェア拡大 / レアアース
20260807,9273,9273_1300_コーア商事HD_2026年6月期 決算短信〔日本基準〕(連結).pdf,,4 6,,,,,,,,,,,,,,,,,,,,4,,価格交渉 / 増産 / 価格改定 / 価格転嫁 / 値上 / 想定以上 / 上方修正 / 下方修正 / 想定以下 / 未達 / 大幅 / 計画を上 / 計画を下 / 計画以 / 需要回復 / 需要の回復 / 需要が増 / 需要が低 / 悪化 / グローバルニッチトップ / トップシェア / シェア拡大 / レアアース
20260807,9475,9475_1400_昭文社HD_2027年3月期第1四半期決算短信〔日本基準〕(連結).pdf,,,,,,,,,,,4,,,,,,,,4,,,,,価格交渉 / 増産 / 価格改定 / 価格転嫁 / 値上 / 想定以上 / 上方修正 / 下方修正 / 想定以下 / 未達 / 大幅 / 計画を上 / 計画を下 / 計画以 / 需要回復 / 需要の回復 / 需要が増 / 需要が低 / 悪化 / グローバルニッチトップ / トップシェア / シェア拡大 / レアアース
20260807,9757,9757_1200_船井総研HD_2026年12月期 第2四半期(中間期)決算短信〔日本基準〕(連結).pdf,,,,,,,,,,,4,,,,4,,,,,,,,,価格交渉 / 増産 / 価格改定 / 価格転嫁 / 値上 / 想定以上 / 上方修正 / 下方修正 / 想定以下 / 未達 / 大幅 / 計画を上 / 計画を下 / 計画以 / 需要回復 / 需要の回復 / 需要が増 / 需要が低 / 悪化 / グローバルニッチトップ / トップシェア / シェア拡大 / レアアース
20260807,9757,9757_1200_船井総研HD_2026年12月期 第2四半期決算概要書.pdf,,,,,,,,,,,4,5,,,,,,,,,,,,価格交渉 / 増産 / 価格改定 / 価格転嫁 / 値上 / 想定以上 / 上方修正 / 下方修正 / 想定以下 / 未達 / 大幅 / 計画を上 / 計画を下 / 計画以 / 需要回復 / 需要の回復 / 需要が増 / 需要が低 / 悪化 / グローバルニッチトップ / トップシェア / シェア拡大 / レアアース
20260807,9885,9885_1530_シャルレ_2027年3月期 第1四半期決算短信[日本基準](連結).pdf,,,4,,,,,,,,4,,,,,,,,,,,,,価格交渉 / 増産 / 価格改定 / 価格転嫁 / 値上 / 想定以上 / 上方修正 / 下方修正 / 想定以下 / 未達 / 大幅 / 計画を上 / 計画を下 / 計画以 / 需要回復 / 需要の回復 / 需要が増 / 需要が低 / 悪化 / グローバルニッチトップ / トップシェア / シェア拡大 / レアアース
20260807,9888,9888_1400_UEX_業績予想の修正に関するお知らせ.pdf,,,,,2,,,,,,2,,,,,,,,,,,,,価格交渉 / 増産 / 価格改定 / 価格転嫁 / 値上 / 想定以上 / 上方修正 / 下方修正 / 想定以下 / 未達 / 大幅 / 計画を上 / 計画を下 / 計画以 / 需要回復 / 需要の回復 / 需要が増 / 需要が低 / 悪化 / グローバルニッチトップ / トップシェア / シェア拡大 / レアアース
20260807,9956,9956_1300_バローHD_2027年3月期 第1四半期決算短信〔日本基準〕(連結).pdf,,,7,,,,,,,,6,,,,,,,,,,,,,価格交渉 / 増産 / 価格改定 / 価格転嫁 / 値上 / 想定以上 / 上方修正 / 下方修正 / 想定以下 / 未達 / 大幅 / 計画を上 / 計画を下 / 計画以 / 需要回復 / 需要の回復 / 需要が増 / 需要が低 / 悪化 / グローバルニッチトップ / トップシェア / シェア拡大 / レアアース
20260807,9987,9987_1500_スズケン_2027年3月期第1四半期決算短信〔日本基準〕(連結).pdf,6,,,4,,,,,,,,,,,,,,,,,,,,価格交渉 / 増産 / 価格改定 / 価格転嫁 / 値上 / 想定以上 / 上方修正 / 下方修正 / 想定以下 / 未達 / 大幅 / 計画を上 / 計画を下 / 計画以 / 需要回復 / 需要の回復 / 需要が増 / 需要が低 / 悪化 / グローバルニッチトップ / トップシェア / シェア拡大 / レアアース
20260807,143A,143A_1530_G-イシン_2027年3月期 第1四半期決算短信〔日本基準〕(連結).pdf,,,,,,,,,,,4,,,,,,,,,,,,,価格交渉 / 増産 / 価格改定 / 価格転嫁 / 値上 / 想定以上 / 上方修正 / 下方修正 / 想定以下 / 未達 / 大幅 / 計画を上 / 計画を下 / 計画以 / 需要回復 / 需要の回復 / 需要が増 / 需要が低 / 悪化 / グローバルニッチトップ / トップシェア / シェア拡大 / レアアース
20260807,1446,1446_1530_キャンディル_2026年9月期 第3四半期決算短信〔日本基準〕(連結).pdf,,,,,,,,,,,,,,,,,,4,,,,,,価格交渉 / 増産 / 価格改定 / 価格転嫁 / 値上 / 想定以上 / 上方修正 / 下方修正 / 想定以下 / 未達 / 大幅 / 計画を上 / 計画を下 / 計画以 / 需要回復 / 需要の回復 / 需要が増 / 需要が低 / 悪化 / グローバルニッチトップ / トップシェア / シェア拡大 / レアアース
20260807,1820,1820_0900_西松建_2027年3月期第1四半期決算短信〔日本基準〕(連結).pdf,,,,,,,,,,,,,,,,,,,6,,,,,価格交渉 / 増産 / 価格改定 / 価格転嫁 / 値上 / 想定以上 / 上方修正 / 下方修正 / 想定以下 / 未達 / 大幅 / 計画を上 / 計画を下 / 計画以 / 需要回復 / 需要の回復 / 需要が増 / 需要が低 / 悪化 / グローバルニッチトップ / トップシェア / シェア拡大 / レアアース
20260807,1847,1847_1400_イチケン_2027年3月期 第1四半期決算短信〔日本基準〕(連結).pdf,,,,,,,,,,,,,,,,,,,4,,,,,価格交渉 / 増産 / 価格改定 / 価格転嫁 / 値上 / 想定以上 / 上方修正 / 下方修正 / 想定以下 / 未達 / 大幅 / 計画を上 / 計画を下 / 計画以 / 需要回復 / 需要の回復 / 需要が増 / 需要が低 / 悪化 / グローバルニッチトップ / トップシェア / シェア拡大 / レアアース
20260807,1951,1951_1500_エクシオグループ_2027年3月期第1四半期決算短信〔日本基準〕(連結).pdf,,,,,,,,,,,,,,,,,,,4,,,,,価格交渉 / 増産 / 価格改定 / 価格転嫁 / 値上 / 想定以上 / 上方修正 / 下方修正 / 想定以下 / 未達 / 大幅 / 計画を上 / 計画を下 / 計画以 / 需要回復 / 需要の回復 / 需要が増 / 需要が低 / 悪化 / グローバルニッチトップ / トップシェア / シェア拡大 / レアアース
20260807,1952,1952_1300_新日空調_2027年3月期 第1四半期決算説明資料.pdf,,,,,,,,,,,9,,,,,,,,,,,,,価格交渉 / 増産 / 価格改定 / 価格転嫁 / 値上 / 想定以上 / 上方修正 / 下方修正 / 想定以下 / 未達 / 大幅 / 計画を上 / 計画を下 / 計画以 / 需要回復 / 需要の回復 / 需要が増 / 需要が低 / 悪化 / グローバルニッチトップ / トップシェア / シェア拡大 / レアアース
20260807,1961,1961_1400_三機工_2027年3月期第1四半期決算短信〔日本基準〕(連結).pdf,,,,,,,,,,,,,,,,,,,5 6,,,,,価格交渉 / 増産 / 価格改定 / 価格転嫁 / 値上 / 想定以上 / 上方修正 / 下方修正 / 想定以下 / 未達 / 大幅 / 計画を上 / 計画を下 / 計画以 / 需要回復 / 需要の回復 / 需要が増 / 需要が低 / 悪化 / グローバルニッチトップ / トップシェア / シェア拡大 / レアアース
20260807,1961,1961_1400_三機工_業績予想の修正に関するお知らせ.pdf,,,,,,1,,,,,,,,,,,,,,,,,,価格交渉 / 増産 / 価格改定 / 価格転嫁 / 値上 / 想定以上 / 上方修正 / 下方修正 / 想定以下 / 未達 / 大幅 / 計画を上 / 計画を下 / 計画以 / 需要回復 / 需要の回復 / 需要が増 / 需要が低 / 悪化 / グローバルニッチトップ / トップシェア / シェア拡大 / レアアース
20260807,2002,2002_1530_日清粉G_2027年3月期第1四半期決算短信〔日本基準〕(連結)(監査法人による期中レビューの完了).pdf,,,6,,,,,,,,,,,,,,,,,,,,,価格交渉 / 増産 / 価格改定 / 価格転嫁 / 値上 / 想定以上 / 上方修正 / 下方修正 / 想定以下 / 未達 / 大幅 / 計画を上 / 計画を下 / 計画以 / 需要回復 / 需要の回復 / 需要が増 / 需要が低 / 悪化 / グローバルニッチトップ / トップシェア / シェア拡大 / レアアース
20260807,2004,2004_1530_昭和産_2027年3月期 第1四半期決算短信〔日本基準〕(連結).pdf,,,4,,,,,,,,,,,,,,,,,,,,,価格交渉 / 増産 / 価格改定 / 価格転嫁 / 値上 / 想定以上 / 上方修正 / 下方修正 / 想定以下 / 未達 / 大幅 / 計画を上 / 計画を下 / 計画以 / 需要回復 / 需要の回復 / 需要が増 / 需要が低 / 悪化 / グローバルニッチトップ / トップシェア / シェア拡大 / レアアース
20260807,2009,2009_1500_鳥越粉_2026年12月期第2四半期(中間期)決算短信〔日本基準〕(連結).pdf,,,5,,,,,,,,,,,,,,,,,,,,,価格交渉 / 増産 / 価格改定 / 価格転嫁 / 値上 / 想定以上 / 上方修正 / 下方修正 / 想定以下 / 未達 / 大幅 / 計画を上 / 計画を下 / 計画以 / 需要回復 / 需要の回復 / 需要が増 / 需要が低 / 悪化 / グローバルニッチトップ / トップシェア / シェア拡大 / レアアース
20260807,2162,2162_1300_nms HD_2027年3月期 第1四半期決算短信〔日本基準〕(連結).pdf,,,,,,,,,,,4,,,,,,,,,,,,,価格交渉 / 増産 / 価格改定 / 価格転嫁 / 値上 / 想定以上 / 上方修正 / 下方修正 / 想定以下 / 未達 / 大幅 / 計画を上 / 計画を下 / 計画以 / 需要回復 / 需要の回復 / 需要が増 / 需要が低 / 悪化 / グローバルニッチトップ / トップシェア / シェア拡大 / レアアース
20260807,2169,2169_1530_CDS_2026年12月期 第2四半期(中間期)決算短信〔日本基準〕(連結).pdf,,,,,,,,,,,,,,,,,,,4,,,,,価格交渉 / 増産 / 価格改定 / 価格転嫁 / 値上 / 想定以上 / 上方修正 / 下方修正 / 想定以下 / 未達 / 大幅 / 計画を上 / 計画を下 / 計画以 / 需要回復 / 需要の回復 / 需要が増 / 需要が低 / 悪化 / グローバルニッチトップ / トップシェア / シェア拡大 / レアアース
20260807,2179,2179_1530_成学社_2027年3月期 第1四半期決算短信〔日本基準〕(連結).pdf,,,4,,,,,,,,,,,,,,,,,,,,,価格交渉 / 増産 / 価格改定 / 価格転嫁 / 値上 / 想定以上 / 上方修正 / 下方修正 / 想定以下 / 未達 / 大幅 / 計画を上 / 計画を下 / 計画以 / 需要回復 / 需要の回復 / 需要が増 / 需要が低 / 悪化 / グローバルニッチトップ / トップシェア / シェア拡大 / レアアース
20260807,2204,2204_1530_中村屋_2027年3月期 第1四半期決算短信〔日本基準〕(非連結).pdf,,,,,,,,,,,,,,,,4,,,,,,,,価格交渉 / 増産 / 価格改定 / 価格転嫁 / 値上 / 想定以上 / 上方修正 / 下方修正 / 想定以下 / 未達 / 大幅 / 計画を上 / 計画を下 / 計画以 / 需要回復 / 需要の回復 / 需要が増 / 需要が低 / 悪化 / グローバルニッチトップ / トップシェア / シェア拡大 / レアアース
20260807,222A,222A_1530_P-NICS_2026年12月期 中間決算短信〔日本基準〕(非連結).pdf,,,,,,,,,,,4,,,,,,,,,,,,,価格交渉 / 増産 / 価格改定 / 価格転嫁 / 値上 / 想定以上 / 上方修正 / 下方修正 / 想定以下 / 未達 / 大幅 / 計画を上 / 計画を下 / 計画以 / 需要回復 / 需要の回復 / 需要が増 / 需要が低 / 悪化 / グローバルニッチトップ / トップシェア / シェア拡大 / レアアース
20260807,2264,2264_1530_森永乳_業績予想の修正に関するお知らせ.pdf,,,,,,,2,,,,,,,,,,,,,,,,,価格交渉 / 増産 / 価格改定 / 価格転嫁 / 値上 / 想定以上 / 上方修正 / 下方修正 / 想定以下 / 未達 / 大幅 / 計画を上 / 計画を下 / 計画以 / 需要回復 / 需要の回復 / 需要が増 / 需要が低 / 悪化 / グローバルニッチトップ / トップシェア / シェア拡大 / レアアース
20260807,2378,2378_1530_ルネサンス_2027年3月期第2四半期(中間期)連結業績予想の修正に関するお知らせ.pdf,,,,,,,1,,,,,,,,,,,,,,,,,価格交渉 / 増産 / 価格改定 / 価格転嫁 / 値上 / 想定以上 / 上方修正 / 下方修正 / 想定以下 / 未達 / 大幅 / 計画を上 / 計画を下 / 計画以 / 需要回復 / 需要の回復 / 需要が増 / 需要が低 / 悪化 / グローバルニッチトップ / トップシェア / シェア拡大 / レアアース
20260807,2384,2384_1300_SBSHD_2026年12月期通期連結業績予想及び配当予想の修正に関するお知らせ.pdf,,,,,,,2,,,,,,,,,,,,,,,,,価格交渉 / 増産 / 価格改定 / 価格転嫁 / 値上 / 想定以上 / 上方修正 / 下方修正 / 想定以下 / 未達 / 大幅 / 計画を上 / 計画を下 / 計画以 / 需要回復 / 需要の回復 / 需要が増 / 需要が低 / 悪化 / グローバルニッチトップ / トップシェア / シェア拡大 / レアアース
20260807,2415,2415_1530_ヒューマンHD_2027年3月期 第1四半期決算短信〔日本基準〕(連結).pdf,,,,,,,,,,,,,,,,,,,4,,,,,価格交渉 / 増産 / 価格改定 / 価格転嫁 / 値上 / 想定以上 / 上方修正 / 下方修正 / 想定以下 / 未達 / 大幅 / 計画を上 / 計画を下 / 計画以 / 需要回復 / 需要の回復 / 需要が増 / 需要が低 / 悪化 / グローバルニッチトップ / トップシェア / シェア拡大 / レアアース
20260807,2483,2483_1530_翻訳センター_2027年3月期 第1四半期決算短信〔日本基準〕(連結).pdf,,,,,,,,,,,4,,,,,,,,,,,,,価格交渉 / 増産 / 価格改定 / 価格転嫁 / 値上 / 想定以上 / 上方修正 / 下方修正 / 想定以下 / 未達 / 大幅 / 計画を上 / 計画を下 / 計画以 / 需要回復 / 需要の回復 / 需要が増 / 需要が低 / 悪化 / グローバルニッチトップ / トップシェア / シェア拡大 / レアアース
20260807,2503,2503_1530_キリンHD_2026年12月期 第2四半期(中間期)決算短信〔IFRS〕(連結).pdf,,,,,,,,,,,2,,,,,,,,,,,,,価格交渉 / 増産 / 価格改定 / 価格転嫁 / 値上 / 想定以上 / 上方修正 / 下方修正 / 想定以下 / 未達 / 大幅 / 計画を上 / 計画を下 / 計画以 / 需要回復 / 需要の回復 / 需要が増 / 需要が低 / 悪化 / グローバルニッチトップ / トップシェア / シェア拡大 / レアアース
20260807,253A,253A_1130_ETSグループ_2026年9月期 第3四半期決算短信〔日本基準〕(連結).pdf,,,,,,,,,,,4,,,,,,,,,,,,,価格交渉 / 増産 / 価格改定 / 価格転嫁 / 値上 / 想定以上 / 上方修正 / 下方修正 / 想定以下 / 未達 / 大幅 / 計画を上 / 計画を下 / 計画以 / 需要回復 / 需要の回復 / 需要が増 / 需要が低 / 悪化 / グローバルニッチトップ / トップシェア / シェア拡大 / レアアース
20260807,253A,253A_1130_ETSグループ_業績予想の修正に関するお知らせ.pdf,,,,,,,1,,,,,,,,,,,,,,,,,価格交渉 / 増産 / 価格改定 / 価格転嫁 / 値上 / 想定以上 / 上方修正 / 下方修正 / 想定以下 / 未達 / 大幅 / 計画を上 / 計画を下 / 計画以 / 需要回復 / 需要の回復 / 需要が増 / 需要が低 / 悪化 / グローバルニッチトップ / トップシェア / シェア拡大 / レアアース
20260807,2602,2602_1200_日清オイリオ_2027年3月期 第1四半期決算補足資料.pdf,,,2 5,,,,,,,,,,,,,,,,,,,,,価格交渉 / 増産 / 価格改定 / 価格転嫁 / 値上 / 想定以上 / 上方修正 / 下方修正 / 想定以下 / 未達 / 大幅 / 計画を上 / 計画を下 / 計画以 / 需要回復 / 需要の回復 / 需要が増 / 需要が低 / 悪化 / グローバルニッチトップ / トップシェア / シェア拡大 / レアアース
20260807,2607,2607_1530_不二製油_2027年3月期 第1四半期決算短信〔IFRS〕(連結).pdf,,,4,,,,,,,,,,,,,,,,,,,,,価格交渉 / 増産 / 価格改定 / 価格転嫁 / 値上 / 想定以上 / 上方修正 / 下方修正 / 想定以下 / 未達 / 大幅 / 計画を上 / 計画を下 / 計画以 / 需要回復 / 需要の回復 / 需要が増 / 需要が低 / 悪化 / グローバルニッチトップ / トップシェア / シェア拡大 / レアアース
20260807,268A,268A_1530_リガク_2026年12月期第2四半期(中間期)決算短信〔IFRS〕(連結).pdf,,,,,,,,,,,4,,,,,,,,,,,,,価格交渉 / 増産 / 価格改定 / 価格転嫁 / 値上 / 想定以上 / 上方修正 / 下方修正 / 想定以下 / 未達 / 大幅 / 計画を上 / 計画を下 / 計画以 / 需要回復 / 需要の回復 / 需要が増 / 需要が低 / 悪化 / グローバルニッチトップ / トップシェア / シェア拡大 / レアアース
20260807,2693,2693_1530_YKT_2026年12月期 第2四半期(中間期)決算短信[日本基準](連結).pdf,,,,,,,,,,,4,,,,,,,,,,,,,価格交渉 / 増産 / 価格改定 / 価格転嫁 / 値上 / 想定以上 / 上方修正 / 下方修正 / 想定以下 / 未達 / 大幅 / 計画を上 / 計画を下 / 計画以 / 需要回復 / 需要の回復 / 需要が増 / 需要が低 / 悪化 / グローバルニッチトップ / トップシェア / シェア拡大 / レアアース
20260807,2702,2702_1530_マクドナルド_2026年12月期 第2四半期(中間期)決算短信〔日本基準〕(連結).pdf,,,4,,,,,,,,,,,,,,,,,,,,,価格交渉 / 増産 / 価格改定 / 価格転嫁 / 値上 / 想定以上 / 上方修正 / 下方修正 / 想定以下 / 未達 / 大幅 / 計画を上 / 計画を下 / 計画以 / 需要回復 / 需要の回復 / 需要が増 / 需要が低 / 悪化 / グローバルニッチトップ / トップシェア / シェア拡大 / レアアース
20260807,2733,2733_1530_あらた_2027年3月期 第1四半期決算説明資料.pdf,,,,,,,,,,,11,,,,,,,,,,,,,価格交渉 / 増産 / 価格改定 / 価格転嫁 / 値上 / 想定以上 / 上方修正 / 下方修正 / 想定以下 / 未達 / 大幅 / 計画を上 / 計画を下 / 計画以 / 需要回復 / 需要の回復 / 需要が増 / 需要が低 / 悪化 / グローバルニッチトップ / トップシェア / シェア拡大 / レアアース
20260807,2788,2788_1530_アップル_2026年12月期第2四半期(中間期)の業績予想の修正に関するお知らせ.pdf,,,,,,,,,,,1,,,,,,,,,,,,,価格交渉 / 増産 / 価格改定 / 価格転嫁 / 値上 / 想定以上 / 上方修正 / 下方修正 / 想定以下 / 未達 / 大幅 / 計画を上 / 計画を下 / 計画以 / 需要回復 / 需要の回復 / 需要が増 / 需要が低 / 悪化 / グローバルニッチトップ / トップシェア / シェア拡大 / レアアース
20260807,2790,2790_1530_ナフコ_2027年3月期第1四半期決算短信〔日本基準〕(非連結).pdf,,,,,,,,,,,,,,,,,,,4,,,,,価格交渉 / 増産 / 価格改定 / 価格転嫁 / 値上 / 想定以上 / 上方修正 / 下方修正 / 想定以下 / 未達 / 大幅 / 計画を上 / 計画を下 / 計画以 / 需要回復 / 需要の回復 / 需要が増 / 需要が低 / 悪化 / グローバルニッチトップ / トップシェア / シェア拡大 / レアアース
20260807,2813,2813_1300_和弘食品_2027年3月期 第1四半期決算短信〔日本基準〕(連結).pdf,,,,,4,,,,,,,,,,,,,,,,,,,価格交渉 / 増産 / 価格改定 / 価格転嫁 / 値上 / 想定以上 / 上方修正 / 下方修正 / 想定以下 / 未達 / 大幅 / 計画を上 / 計画を下 / 計画以 / 需要回復 / 需要の回復 / 需要が増 / 需要が低 / 悪化 / グローバルニッチトップ / トップシェア / シェア拡大 / レアアース
20260807,2911,2911_1500_旭松食品_2027年3月期 第1四半期決算短信〔日本基準〕(連結).pdf,,,4,,,,,,,,,,,,,,,,,,,,,価格交渉 / 増産 / 価格改定 / 価格転嫁 / 値上 / 想定以上 / 上方修正 / 下方修正 / 想定以下 / 未達 / 大幅 / 計画を上 / 計画を下 / 計画以 / 需要回復 / 需要の回復 / 需要が増 / 需要が低 / 悪化 / グローバルニッチトップ / トップシェア / シェア拡大 / レアアース
20260807,2915,2915_1530_ケンコーマヨ_2027年3月期 第1四半期決算短信〔日本基準〕(連結).pdf,,,5,,,,,,,,,,,,,,,,,,,,,価格交渉 / 増産 / 価格改定 / 価格転嫁 / 値上 / 想定以上 / 上方修正 / 下方修正 / 想定以下 / 未達 / 大幅 / 計画を上 / 計画を下 / 計画以 / 需要回復 / 需要の回復 / 需要が増 / 需要が低 / 悪化 / グローバルニッチトップ / トップシェア / シェア拡大 / レアアース
20260807,2916,2916_1500_仙波糖化_2027年3月期第1四半期決算短信〔日本基準〕(連結).pdf,,,,4,,,,,,,,,,,,,,,,,,,,価格交渉 / 増産 / 価格改定 / 価格転嫁 / 値上 / 想定以上 / 上方修正 / 下方修正 / 想定以下 / 未達 / 大幅 / 計画を上 / 計画を下 / 計画以 / 需要回復 / 需要の回復 / 需要が増 / 需要が低 / 悪化 / グローバルニッチトップ / トップシェア / シェア拡大 / レアアース
20260807,2970,2970_1530_GLC GROUP_2026年12月期 第2四半期決算説明資料.pdf,,,,,,,,,,,5,,,,,,,,,,,,,価格交渉 / 増産 / 価格改定 / 価格転嫁 / 値上 / 想定以上 / 上方修正 / 下方修正 / 想定以下 / 未達 / 大幅 / 計画を上 / 計画を下 / 計画以 / 需要回復 / 需要の回復 / 需要が増 / 需要が低 / 悪化 / グローバルニッチトップ / トップシェア / シェア拡大 / レアアース
20260807,3034,3034_1530_クオールHD_2027年3月期 第1四半期決算短信〔日本基準〕(連結).pdf,,,,,,,,,,,4,,,,,,,,,,,,,価格交渉 / 増産 / 価格改定 / 価格転嫁 / 値上 / 想定以上 / 上方修正 / 下方修正 / 想定以下 / 未達 / 大幅 / 計画を上 / 計画を下 / 計画以 / 需要回復 / 需要の回復 / 需要が増 / 需要が低 / 悪化 / グローバルニッチトップ / トップシェア / シェア拡大 / レアアース
20260807,3106,3106_1330_クラボウ_2027年3月期 第1四半期決算短信〔日本基準〕(連結).pdf,,,,4,,,,,,,,,,,,,,,,,,,,価格交渉 / 増産 / 価格改定 / 価格転嫁 / 値上 / 想定以上 / 上方修正 / 下方修正 / 想定以下 / 未達 / 大幅 / 計画を上 / 計画を下 / 計画以 / 需要回復 / 需要の回復 / 需要が増 / 需要が低 / 悪化 / グローバルニッチトップ / トップシェア / シェア拡大 / レアアース
20260807,3111,3111_1530_オーミケンシ_2026年3月期 決算短信〔日本基準〕(連結).pdf,,,,,,,,,,,,,,,,,,,5,,,,,価格交渉 / 増産 / 価格改定 / 価格転嫁 / 値上 / 想定以上 / 上方修正 / 下方修正 / 想定以下 / 未達 / 大幅 / 計画を上 / 計画を下 / 計画以 / 需要回復 / 需要の回復 / 需要が増 / 需要が低 / 悪化 / グローバルニッチトップ / トップシェア / シェア拡大 / レアアース
20260807,3181,3181_1430_買取王国_2026年7月 月次売上概況.pdf,,,,,,,,,,,1,,,,,,,,,,,,,価格交渉 / 増産 / 価格改定 / 価格転嫁 / 値上 / 想定以上 / 上方修正 / 下方修正 / 想定以下 / 未達 / 大幅 / 計画を上 / 計画を下 / 計画以 / 需要回復 / 需要の回復 / 需要が増 / 需要が低 / 悪化 / グローバルニッチトップ / トップシェア / シェア拡大 / レアアース
20260807,3205,3205_1530_ダイドー_2027年3月期 第1四半期 決算短信補足資料.pdf,,,,,,,2 10,,,,,,,,,,,,,,,,,価格交渉 / 増産 / 価格改定 / 価格転嫁 / 値上 / 想定以上 / 上方修正 / 下方修正 / 想定以下 / 未達 / 大幅 / 計画を上 / 計画を下 / 計画以 / 需要回復 / 需要の回復 / 需要が増 / 需要が低 / 悪化 / グローバルニッチトップ / トップシェア / シェア拡大 / レアアース
20260807,3205,3205_1530_ダイドー_第2四半期(中間期)連結業績予想の修正に関するお知らせ.pdf,,,,,,,1,,,,,,,,,,,,,,,,,価格交渉 / 増産 / 価格改定 / 価格転嫁 / 値上 / 想定以上 / 上方修正 / 下方修正 / 想定以下 / 未達 / 大幅 / 計画を上 / 計画を下 / 計画以 / 需要回復 / 需要の回復 / 需要が増 / 需要が低 / 悪化 / グローバルニッチトップ / トップシェア / シェア拡大 / レアアース
20260807,3221,3221_1530_ヨシックスHD_2027年3月期 第1四半期決算説明資料.pdf,,,12,,,,,,,,,,,,,,,,,,,,,価格交渉 / 増産 / 価格改定 / 価格転嫁 / 値上 / 想定以上 / 上方修正 / 下方修正 / 想定以下 / 未達 / 大幅 / 計画を上 / 計画を下 / 計画以 / 需要回復 / 需要の回復 / 需要が増 / 需要が低 / 悪化 / グローバルニッチトップ / トップシェア / シェア拡大 / レアアース
20260807,3288,3288_1530_オープンハウスG_2026年9月期 第3四半期決算説明資料.pdf,,,,,,,2 18 24,,,,,,,,,,,,,,,,,価格交渉 / 増産 / 価格改定 / 価格転嫁 / 値上 / 想定以上 / 上方修正 / 下方修正 / 想定以下 / 未達 / 大幅 / 計画を上 / 計画を下 / 計画以 / 需要回復 / 需要の回復 / 需要が増 / 需要が低 / 悪化 / グローバルニッチトップ / トップシェア / シェア拡大 / レアアース
20260807,3299,3299_1400_ムゲンエステート_2026年12月期第2四半期 決算説明資料.pdf,,,,,,,,3 14,,,,,,,,,,,,,,,,価格交渉 / 増産 / 価格改定 / 価格転嫁 / 値上 / 想定以上 / 上方修正 / 下方修正 / 想定以下 / 未達 / 大幅 / 計画を上 / 計画を下 / 計画以 / 需要回復 / 需要の回復 / 需要が増 / 需要が低 / 悪化 / グローバルニッチトップ / トップシェア / シェア拡大 / レアアース
20260807,3315,3315_1400_日本コークス_2027年3月期 第1四半期決算短信〔日本基準〕(連結).pdf,,,,,,,,,,,4,,,,,,,,,,,,,価格交渉 / 増産 / 価格改定 / 価格転嫁 / 値上 / 想定以上 / 上方修正 / 下方修正 / 想定以下 / 未達 / 大幅 / 計画を上 / 計画を下 / 計画以 / 需要回復 / 需要の回復 / 需要が増 / 需要が低 / 悪化 / グローバルニッチトップ / トップシェア / シェア拡大 / レアアース
20260807,3323,3323_1530_レカム_2026年9月期第3四半期決算短信〔IFRS〕(連結).pdf,,,,,,,,,,,,,,,,,,,4,,,,,価格交渉 / 増産 / 価格改定 / 価格転嫁 / 値上 / 想定以上 / 上方修正 / 下方修正 / 想定以下 / 未達 / 大幅 / 計画を上 / 計画を下 / 計画以 / 需要回復 / 需要の回復 / 需要が増 / 需要が低 / 悪化 / グローバルニッチトップ / トップシェア / シェア拡大 / レアアース
20260807,3360,3360_1530_シップHD_2027年3月期 第1四半期決算短信〔日本基準〕(連結).pdf,4,,,,,,,,,,,,,,,,,,,,,,,価格交渉 / 増産 / 価格改定 / 価格転嫁 / 値上 / 想定以上 / 上方修正 / 下方修正 / 想定以下 / 未達 / 大幅 / 計画を上 / 計画を下 / 計画以 / 需要回復 / 需要の回復 / 需要が増 / 需要が低 / 悪化 / グローバルニッチトップ / トップシェア / シェア拡大 / レアアース
20260807,3360,3360_1530_シップHD_2027年3月期第1四半期決算説明資料.pdf,4 8,,,,,,,,,,,,,,,,,,,,,,,価格交渉 / 増産 / 価格改定 / 価格転嫁 / 値上 / 想定以上 / 上方修正 / 下方修正 / 想定以下 / 未達 / 大幅 / 計画を上 / 計画を下 / 計画以 / 需要回復 / 需要の回復 / 需要が増 / 需要が低 / 悪化 / グローバルニッチトップ / トップシェア / シェア拡大 / レアアース
20260807,336A,336A_1531_G-ダイナミクマップ_2027年3月期 第1四半期 決算短信〔日本基準〕(連結).pdf,,,,,,,,,,,4,,,,,,,,,,,,,価格交渉 / 増産 / 価格改定 / 価格転嫁 / 値上 / 想定以上 / 上方修正 / 下方修正 / 想定以下 / 未達 / 大幅 / 計画を上 / 計画を下 / 計画以 / 需要回復 / 需要の回復 / 需要が増 / 需要が低 / 悪化 / グローバルニッチトップ / トップシェア / シェア拡大 / レアアース
20260807,336A,336A_1531_G-ダイナミクマップ_2027年3月期 第1四半期 決算説明資料.pdf,,,,,,,,,,,52,,,,,,,,,,,,,価格交渉 / 増産 / 価格改定 / 価格転嫁 / 値上 / 想定以上 / 上方修正 / 下方修正 / 想定以下 / 未達 / 大幅 / 計画を上 / 計画を下 / 計画以 / 需要回復 / 需要の回復 / 需要が増 / 需要が低 / 悪化 / グローバルニッチトップ / トップシェア / シェア拡大 / レアアース
20260807,3393,3393_1530_スターティアHD_2027年3月期 第1四半期 決算補足資料.pdf,,,,,,,,,,,15 35,,,,,,,,,,,,,価格交渉 / 増産 / 価格改定 / 価格転嫁 / 値上 / 想定以上 / 上方修正 / 下方修正 / 想定以下 / 未達 / 大幅 / 計画を上 / 計画を下 / 計画以 / 需要回復 / 需要の回復 / 需要が増 / 需要が低 / 悪化 / グローバルニッチトップ / トップシェア / シェア拡大 / レアアース
20260807,3467,3467_1530_アグレ都市デザイン_2027年3月期第1四半期決算短信〔日本基準〕(連結).pdf,,,,,,,,,,,,,,,,4,,,,,,,,価格交渉 / 増産 / 価格改定 / 価格転嫁 / 値上 / 想定以上 / 上方修正 / 下方修正 / 想定以下 / 未達 / 大幅 / 計画を上 / 計画を下 / 計画以 / 需要回復 / 需要の回復 / 需要が増 / 需要が低 / 悪化 / グローバルニッチトップ / トップシェア / シェア拡大 / レアアース
20260807,352A,352A_1531_G-LOIVE_2027年3月期第1四半期決算説明会資料.pdf,,,,,,,,,,,,,,,,,,,,,,9,,価格交渉 / 増産 / 価格改定 / 価格転嫁 / 値上 / 想定以上 / 上方修正 / 下方修正 / 想定以下 / 未達 / 大幅 / 計画を上 / 計画を下 / 計画以 / 需要回復 / 需要の回復 / 需要が増 / 需要が低 / 悪化 / グローバルニッチトップ / トップシェア / シェア拡大 / レアアース
20260807,3563,3563_1130_F&LC_業績予想の修正に関するお知らせ.pdf,,,,,,,1,,,,,,,,,,,,,,,,,価格交渉 / 増産 / 価格改定 / 価格転嫁 / 値上 / 想定以上 / 上方修正 / 下方修正 / 想定以下 / 未達 / 大幅 / 計画を上 / 計画を下 / 計画以 / 需要回復 / 需要の回復 / 需要が増 / 需要が低 / 悪化 / グローバルニッチトップ / トップシェア / シェア拡大 / レアアース
20260807,3611,3611_1530_マツオカ_2027年3月期第1四半期決算短信〔日本基準〕(連結).pdf,,,,,,,,,,,,,,,4 5,,,,,,,,,価格交渉 / 増産 / 価格改定 / 価格転嫁 / 値上 / 想定以上 / 上方修正 / 下方修正 / 想定以下 / 未達 / 大幅 / 計画を上 / 計画を下 / 計画以 / 需要回復 / 需要の回復 / 需要が増 / 需要が低 / 悪化 / グローバルニッチトップ / トップシェア / シェア拡大 / レアアース
20260807,3611,3611_1530_マツオカ_2027年3月期第1四半期決算補足説明資料.pdf,,,,,,,,,,,,,,,4 8,,,,,,,,,価格交渉 / 増産 / 価格改定 / 価格転嫁 / 値上 / 想定以上 / 上方修正 / 下方修正 / 想定以下 / 未達 / 大幅 / 計画を上 / 計画を下 / 計画以 / 需要回復 / 需要の回復 / 需要が増 / 需要が低 / 悪化 / グローバルニッチトップ / トップシェア / シェア拡大 / レアアース
20260807,3708,3708_1400_特種東海_2027年3月期第1四半期決算短信〔日本基準〕(連結).pdf,,,4,,,,,,,,,,,,,,,,,,,,,価格交渉 / 増産 / 価格改定 / 価格転嫁 / 値上 / 想定以上 / 上方修正 / 下方修正 / 想定以下 / 未達 / 大幅 / 計画を上 / 計画を下 / 計画以 / 需要回復 / 需要の回復 / 需要が増 / 需要が低 / 悪化 / グローバルニッチトップ / トップシェア / シェア拡大 / レアアース
20260807,3739,3739_1530_コムシード_2027年3月期 第1四半期決算短信〔日本基準〕(連結).pdf,,,,,,,,,,,4 5,,,,,,,,,,,,,価格交渉 / 増産 / 価格改定 / 価格転嫁 / 値上 / 想定以上 / 上方修正 / 下方修正 / 想定以下 / 未達 / 大幅 / 計画を上 / 計画を下 / 計画以 / 需要回復 / 需要の回復 / 需要が増 / 需要が低 / 悪化 / グローバルニッチトップ / トップシェア / シェア拡大 / レアアース
20260807,3739,3739_1530_コムシード_代表取締役社長CEOによる2027年3月期第1四半期決算に寄せたメッセージ公開について.pdf,,,,,,,,,,,2,,,,,,,,,,,,,価格交渉 / 増産 / 価格改定 / 価格転嫁 / 値上 / 想定以上 / 上方修正 / 下方修正 / 想定以下 / 未達 / 大幅 / 計画を上 / 計画を下 / 計画以 / 需要回復 / 需要の回復 / 需要が増 / 需要が低 / 悪化 / グローバルニッチトップ / トップシェア / シェア拡大 / レアアース
20260807,3753,3753_1530_フライト_2027年3月期 第1四半期決算短信〔日本基準〕(非連結).pdf,,,,,,,,,,,4,,,,,,,,,,,,,価格交渉 / 増産 / 価格改定 / 価格転嫁 / 値上 / 想定以上 / 上方修正 / 下方修正 / 想定以下 / 未達 / 大幅 / 計画を上 / 計画を下 / 計画以 / 需要回復 / 需要の回復 / 需要が増 / 需要が低 / 悪化 / グローバルニッチトップ / トップシェア / シェア拡大 / レアアース
20260807,3753,3753_1530_フライト_2027年3月期 第1四半期決算説明資料.pdf,,,,,,,,,,,5 6 10 17 29 32,,,,,,,,,,,,,価格交渉 / 増産 / 価格改定 / 価格転嫁 / 値上 / 想定以上 / 上方修正 / 下方修正 / 想定以下 / 未達 / 大幅 / 計画を上 / 計画を下 / 計画以 / 需要回復 / 需要の回復 / 需要が増 / 需要が低 / 悪化 / グローバルニッチトップ / トップシェア / シェア拡大 / レアアース
20260807,3774,3774_1200_IIJ_2027年3月期第1四半期決算短信〔IFRS〕(連結).pdf,,,,,,,,,,,4,,,,,,,,,,,,,価格交渉 / 増産 / 価格改定 / 価格転嫁 / 値上 / 想定以上 / 上方修正 / 下方修正 / 想定以下 / 未達 / 大幅 / 計画を上 / 計画を下 / 計画以 / 需要回復 / 需要の回復 / 需要が増 / 需要が低 / 悪化 / グローバルニッチトップ / トップシェア / シェア拡大 / レアアース
20260807,3917,3917_1530_G-アイリッジ_2027年3月期 第1四半期決算短信〔日本基準〕(連結).pdf,,,,,,,,,,,4,,,,,,,,,,,,,価格交渉 / 増産 / 価格改定 / 価格転嫁 / 値上 / 想定以上 / 上方修正 / 下方修正 / 想定以下 / 未達 / 大幅 / 計画を上 / 計画を下 / 計画以 / 需要回復 / 需要の回復 / 需要が増 / 需要が低 / 悪化 / グローバルニッチトップ / トップシェア / シェア拡大 / レアアース
20260807,3918,3918_1530_PCIHD_2027年3月期 第1四半期決算説明資料.pdf,,,,,,,,,,,9 10 11,,,,,,,,,,,,,価格交渉 / 増産 / 価格改定 / 価格転嫁 / 値上 / 想定以上 / 上方修正 / 下方修正 / 想定以下 / 未達 / 大幅 / 計画を上 / 計画を下 / 計画以 / 需要回復 / 需要の回復 / 需要が増 / 需要が低 / 悪化 / グローバルニッチトップ / トップシェア / シェア拡大 / レアアース
20260807,3926,3926_1530_オープンドア_2027年3月期 第1四半期 決算補足説明資料.pdf,,,,,,,,,,,,,,,14,,,,,,,,,価格交渉 / 増産 / 価格改定 / 価格転嫁 / 値上 / 想定以上 / 上方修正 / 下方修正 / 想定以下 / 未達 / 大幅 / 計画を上 / 計画を下 / 計画以 / 需要回復 / 需要の回復 / 需要が増 / 需要が低 / 悪化 / グローバルニッチトップ / トップシェア / シェア拡大 / レアアース
20260807,3965,3965_1500_CAP_2026年9月期 第3四半期決算短信〔日本基準〕(連結).pdf,,,,,,,,,,,5,,,,,,,,,,,,,価格交渉 / 増産 / 価格改定 / 価格転嫁 / 値上 / 想定以上 / 上方修正 / 下方修正 / 想定以下 / 未達 / 大幅 / 計画を上 / 計画を下 / 計画以 / 需要回復 / 需要の回復 / 需要が増 / 需要が低 / 悪化 / グローバルニッチトップ / トップシェア / シェア拡大 / レアアース
20260807,3997,3997_1530_トレードワークス_2026年12月期 第2四半期(中間期)決算短信〔日本基準〕(連結).pdf,,,,,,,,,,,,,,,,,,,4,,,,,価格交渉 / 増産 / 価格改定 / 価格転嫁 / 値上 / 想定以上 / 上方修正 / 下方修正 / 想定以下 / 未達 / 大幅 / 計画を上 / 計画を下 / 計画以 / 需要回復 / 需要の回復 / 需要が増 / 需要が低 / 悪化 / グローバルニッチトップ / トップシェア / シェア拡大 / レアアース
20260807,3998,3998_1530_G-すららネット_2026年12月期 第2四半期(中間期)決算短信〔日本基準〕(連結).pdf,,,,,,,,,,,,,4,,,,,,,,,,,価格交渉 / 増産 / 価格改定 / 価格転嫁 / 値上 / 想定以上 / 上方修正 / 下方修正 / 想定以下 / 未達 / 大幅 / 計画を上 / 計画を下 / 計画以 / 需要回復 / 需要の回復 / 需要が増 / 需要が低 / 悪化 / グローバルニッチトップ / トップシェア / シェア拡大 / レアアース
20260807,401A,401A_1530_R-霞ヶ関ホテル_ホテル運営実績に関するお知らせ(2026年6月度).pdf,,,,,,,,,,,2,,,,,,,,,,,,,価格交渉 / 増産 / 価格改定 / 価格転嫁 / 値上 / 想定以上 / 上方修正 / 下方修正 / 想定以下 / 未達 / 大幅 / 計画を上 / 計画を下 / 計画以 / 需要回復 / 需要の回復 / 需要が増 / 需要が低 / 悪化 / グローバルニッチトップ / トップシェア / シェア拡大 / レアアース
20260807,4021,4021_1530_日産化_2027年3月期 第1四半期 決算短信〔日本基準〕(連結).pdf,,,,,,,,,,,4,,,,,,,,,,,,,価格交渉 / 増産 / 価格改定 / 価格転嫁 / 値上 / 想定以上 / 上方修正 / 下方修正 / 想定以下 / 未達 / 大幅 / 計画を上 / 計画を下 / 計画以 / 需要回復 / 需要の回復 / 需要が増 / 需要が低 / 悪化 / グローバルニッチトップ / トップシェア / シェア拡大 / レアアース
20260807,4041,4041_1530_日曹達_2027年3月期 第1四半期決算概要.pdf,,4 9,,,,,,,,,,,,,,,,,,,,,,価格交渉 / 増産 / 価格改定 / 価格転嫁 / 値上 / 想定以上 / 上方修正 / 下方修正 / 想定以下 / 未達 / 大幅 / 計画を上 / 計画を下 / 計画以 / 需要回復 / 需要の回復 / 需要が増 / 需要が低 / 悪化 / グローバルニッチトップ / トップシェア / シェア拡大 / レアアース
20260807,4061,4061_1100_デンカ_2027年3月期第2四半期(中間期)連結業績予想の修正に関するお知らせ.pdf,,,1,,,,,,,,,,,,,,,,,,,,,価格交渉 / 増産 / 価格改定 / 価格転嫁 / 値上 / 想定以上 / 上方修正 / 下方修正 / 想定以下 / 未達 / 大幅 / 計画を上 / 計画を下 / 計画以 / 需要回復 / 需要の回復 / 需要が増 / 需要が低 / 悪化 / グローバルニッチトップ / トップシェア / シェア拡大 / レアアース
20260807,4078,4078_1500_堺化学_2027年3月期 第1四半期決算短信〔日本基準〕(連結).pdf,,,5,,,,,,,,,,,,,,,,,,,,,価格交渉 / 増産 / 価格改定 / 価格転嫁 / 値上 / 想定以上 / 上方修正 / 下方修正 / 想定以下 / 未達 / 大幅 / 計画を上 / 計画を下 / 計画以 / 需要回復 / 需要の回復 / 需要が増 / 需要が低 / 悪化 / グローバルニッチトップ / トップシェア / シェア拡大 / レアアース
20260807,4078,4078_1500_堺化学_2027年3月期 第1四半期決算補足説明資料.pdf,,,4,,,,,,,,,,,,,,,,,,,,,価格交渉 / 増産 / 価格改定 / 価格転嫁 / 値上 / 想定以上 / 上方修正 / 下方修正 / 想定以下 / 未達 / 大幅 / 計画を上 / 計画を下 / 計画以 / 需要回復 / 需要の回復 / 需要が増 / 需要が低 / 悪化 / グローバルニッチトップ / トップシェア / シェア拡大 / レアアース
20260807,4093,4093_1330_東邦アセチレン_2027年3月期 第1四半期決算短信〔日本基準〕(連結).pdf,,,,,,,,,,,,,,,,,4,,,,,,,価格交渉 / 増産 / 価格改定 / 価格転嫁 / 値上 / 想定以上 / 上方修正 / 下方修正 / 想定以下 / 未達 / 大幅 / 計画を上 / 計画を下 / 計画以 / 需要回復 / 需要の回復 / 需要が増 / 需要が低 / 悪化 / グローバルニッチトップ / トップシェア / シェア拡大 / レアアース
20260807,4114,4114_1300_日触媒_2027年3月期業績予想および配当予想に関するお知らせ.pdf,,,,,,,,,,,,,,,,,,,2,,,,,価格交渉 / 増産 / 価格改定 / 価格転嫁 / 値上 / 想定以上 / 上方修正 / 下方修正 / 想定以下 / 未達 / 大幅 / 計画を上 / 計画を下 / 計画以 / 需要回復 / 需要の回復 / 需要が増 / 需要が低 / 悪化 / グローバルニッチトップ / トップシェア / シェア拡大 / レアアース
20260807,4169,4169_1200_G-エネチェンジ_2027年3月期第1四半期 決算短信〔日本基準〕(連結).pdf,,,,,,,,,,,4,,,,,,,,,,,,,価格交渉 / 増産 / 価格改定 / 価格転嫁 / 値上 / 想定以上 / 上方修正 / 下方修正 / 想定以下 / 未達 / 大幅 / 計画を上 / 計画を下 / 計画以 / 需要回復 / 需要の回復 / 需要が増 / 需要が低 / 悪化 / グローバルニッチトップ / トップシェア / シェア拡大 / レアアース
20260807,4208,4208_1530_UBE_2027年3月期 第1四半期決算 説明資料.pdf,,,,,25,,,,,,,,,,,,,,,,,,,価格交渉 / 増産 / 価格改定 / 価格転嫁 / 値上 / 想定以上 / 上方修正 / 下方修正 / 想定以下 / 未達 / 大幅 / 計画を上 / 計画を下 / 計画以 / 需要回復 / 需要の回復 / 需要が増 / 需要が低 / 悪化 / グローバルニッチトップ / トップシェア / シェア拡大 / レアアース
20260807,4243,4243_1530_ニックス_2026年9月期第3四半期決算短信〔日本基準〕(連結).pdf,,,,,,,,,,,,,,,,,4,,,,,,,価格交渉 / 増産 / 価格改定 / 価格転嫁 / 値上 / 想定以上 / 上方修正 / 下方修正 / 想定以下 / 未達 / 大幅 / 計画を上 / 計画を下 / 計画以 / 需要回復 / 需要の回復 / 需要が増 / 需要が低 / 悪化 / グローバルニッチトップ / トップシェア / シェア拡大 / レアアース
20260807,4263,4263_1530_G-サスメド_2026年6月期 決算短信〔日本基準〕(非連結).pdf,,,,,,,,,,,4,,,,,,,,,,,,,価格交渉 / 増産 / 価格改定 / 価格転嫁 / 値上 / 想定以上 / 上方修正 / 下方修正 / 想定以下 / 未達 / 大幅 / 計画を上 / 計画を下 / 計画以 / 需要回復 / 需要の回復 / 需要が増 / 需要が低 / 悪化 / グローバルニッチトップ / トップシェア / シェア拡大 / レアアース
20260807,4275,4275_1530_カーリット_2027年3月期第1四半期決算補足説明資料のお知らせ.pdf,4,,,,,,,,,,,,,,,,,,,,,,,価格交渉 / 増産 / 価格改定 / 価格転嫁 / 値上 / 想定以上 / 上方修正 / 下方修正 / 想定以下 / 未達 / 大幅 / 計画を上 / 計画を下 / 計画以 / 需要回復 / 需要の回復 / 需要が増 / 需要が低 / 悪化 / グローバルニッチトップ / トップシェア / シェア拡大 / レアアース
20260807,4344,4344_1530_ソースネクスト_2026年12月期第2四半期(中間期)決算短信〔日本基準〕(連結).pdf,,,,,,,,,,,4,,,,,,,,,,,,,価格交渉 / 増産 / 価格改定 / 価格転嫁 / 値上 / 想定以上 / 上方修正 / 下方修正 / 想定以下 / 未達 / 大幅 / 計画を上 / 計画を下 / 計画以 / 需要回復 / 需要の回復 / 需要が増 / 需要が低 / 悪化 / グローバルニッチトップ / トップシェア / シェア拡大 / レアアース
20260807,4392,4392_1535_FIG_2026年12月期 第2四半期決算説明資料.pdf,,,,,,,,,,,22,,,,,,,,,,,,,価格交渉 / 増産 / 価格改定 / 価格転嫁 / 値上 / 想定以上 / 上方修正 / 下方修正 / 想定以下 / 未達 / 大幅 / 計画を上 / 計画を下 / 計画以 / 需要回復 / 需要の回復 / 需要が増 / 需要が低 / 悪化 / グローバルニッチトップ / トップシェア / シェア拡大 / レアアース
20260807,4401,4401_1300_ADEKA_2027年3月期 第2四半期(中間期)および通期連結業績予想の修正ならびに配当予想の修正に関するお知らせ.pdf,,,,,,,2,,,,,,,,,,,,,,,,,価格交渉 / 増産 / 価格改定 / 価格転嫁 / 値上 / 想定以上 / 上方修正 / 下方修正 / 想定以下 / 未達 / 大幅 / 計画を上 / 計画を下 / 計画以 / 需要回復 / 需要の回復 / 需要が増 / 需要が低 / 悪化 / グローバルニッチトップ / トップシェア / シェア拡大 / レアアース
20260807,4464,4464_1530_ソフト99_2027年3月期 第1四半期決算短信〔日本基準〕(連結).pdf,,,,,,,,,,,,,,,,,,,5,,,,,価格交渉 / 増産 / 価格改定 / 価格転嫁 / 値上 / 想定以上 / 上方修正 / 下方修正 / 想定以下 / 未達 / 大幅 / 計画を上 / 計画を下 / 計画以 / 需要回復 / 需要の回復 / 需要が増 / 需要が低 / 悪化 / グローバルニッチトップ / トップシェア / シェア拡大 / レアアース
20260807,4492,4492_1200_ゼネテック_2027年3月期 第1四半期決算短信〔日本基準〕(連結).pdf,,,,,,,,,,,5,,,,,,,,,,,,,価格交渉 / 増産 / 価格改定 / 価格転嫁 / 値上 / 想定以上 / 上方修正 / 下方修正 / 想定以下 / 未達 / 大幅 / 計画を上 / 計画を下 / 計画以 / 需要回復 / 需要の回復 / 需要が増 / 需要が低 / 悪化 / グローバルニッチトップ / トップシェア / シェア拡大 / レアアース
20260807,4492,4492_1200_ゼネテック_2027年3月期 第1四半期決算説明資料.pdf,,,,,,,,,,,12,,,,,,,,,,,,,価格交渉 / 増産 / 価格改定 / 価格転嫁 / 値上 / 想定以上 / 上方修正 / 下方修正 / 想定以下 / 未達 / 大幅 / 計画を上 / 計画を下 / 計画以 / 需要回復 / 需要の回復 / 需要が増 / 需要が低 / 悪化 / グローバルニッチトップ / トップシェア / シェア拡大 / レアアース
20260807,4543,4543_1530_テルモ_2027年3月期 第1四半期決算短信〔IFRS〕(連結).pdf,,,,,,,6,,,,,,,,,,,,,,,,,価格交渉 / 増産 / 価格改定 / 価格転嫁 / 値上 / 想定以上 / 上方修正 / 下方修正 / 想定以下 / 未達 / 大幅 / 計画を上 / 計画を下 / 計画以 / 需要回復 / 需要の回復 / 需要が増 / 需要が低 / 悪化 / グローバルニッチトップ / トップシェア / シェア拡大 / レアアース
20260807,4543,4543_1530_テルモ_2027年3月期通期連結業績予想の修正に関するお知らせ.pdf,,,,,,,1,,,,,,,,,,,,,,,,,価格交渉 / 増産 / 価格改定 / 価格転嫁 / 値上 / 想定以上 / 上方修正 / 下方修正 / 想定以下 / 未達 / 大幅 / 計画を上 / 計画を下 / 計画以 / 需要回復 / 需要の回復 / 需要が増 / 需要が低 / 悪化 / グローバルニッチトップ / トップシェア / シェア拡大 / レアアース
20260807,4568,4568_1530_第一三共_(訂正)「2025年度決算および第6期中期経営計画説明会」資料の一部訂正について.pdf,,,,,,,,,,,49,,,,,,,,,,,,,価格交渉 / 増産 / 価格改定 / 価格転嫁 / 値上 / 想定以上 / 上方修正 / 下方修正 / 想定以下 / 未達 / 大幅 / 計画を上 / 計画を下 / 計画以 / 需要回復 / 需要の回復 / 需要が増 / 需要が低 / 悪化 / グローバルニッチトップ / トップシェア / シェア拡大 / レアアース
20260807,4570,4570_1530_G-免疫生物研究所_2027年3月期 第1四半期決算短信〔日本基準〕(連結).pdf,,,,,,,,,,,4,,,,,,,,,,,,,価格交渉 / 増産 / 価格改定 / 価格転嫁 / 値上 / 想定以上 / 上方修正 / 下方修正 / 想定以下 / 未達 / 大幅 / 計画を上 / 計画を下 / 計画以 / 需要回復 / 需要の回復 / 需要が増 / 需要が低 / 悪化 / グローバルニッチトップ / トップシェア / シェア拡大 / レアアース
20260807,4613,4613_1530_関ペイント_2027年3月期 第1四半期決算短信〔日本基準〕(連結).pdf,,,,4 5,,,,,,,,,,,,,,,,,,,,価格交渉 / 増産 / 価格改定 / 価格転嫁 / 値上 / 想定以上 / 上方修正 / 下方修正 / 想定以下 / 未達 / 大幅 / 計画を上 / 計画を下 / 計画以 / 需要回復 / 需要の回復 / 需要が増 / 需要が低 / 悪化 / グローバルニッチトップ / トップシェア / シェア拡大 / レアアース
20260807,4613,4613_1530_関ペイント_業績予想及び配当予想の修正に関するお知らせ.pdf,,,,,,1,,,,,,,,,,,,,,,,,,価格交渉 / 増産 / 価格改定 / 価格転嫁 / 値上 / 想定以上 / 上方修正 / 下方修正 / 想定以下 / 未達 / 大幅 / 計画を上 / 計画を下 / 計画以 / 需要回復 / 需要の回復 / 需要が増 / 需要が低 / 悪化 / グローバルニッチトップ / トップシェア / シェア拡大 / レアアース
20260807,4620,4620_1400_藤倉化_2027年3月期 第1四半期決算短信[日本基準](連結).pdf,,,,,,,,,,,,,,,,,,,4,,,,,価格交渉 / 増産 / 価格改定 / 価格転嫁 / 値上 / 想定以上 / 上方修正 / 下方修正 / 想定以下 / 未達 / 大幅 / 計画を上 / 計画を下 / 計画以 / 需要回復 / 需要の回復 / 需要が増 / 需要が低 / 悪化 / グローバルニッチトップ / トップシェア / シェア拡大 / レアアース
20260807,4620,4620_1400_藤倉化_業績予想及び配当予想の公表に関するお知らせ.pdf,,,,,,,,,,,,,,,,,,,1,,,,,価格交渉 / 増産 / 価格改定 / 価格転嫁 / 値上 / 想定以上 / 上方修正 / 下方修正 / 想定以下 / 未達 / 大幅 / 計画を上 / 計画を下 / 計画以 / 需要回復 / 需要の回復 / 需要が増 / 需要が低 / 悪化 / グローバルニッチトップ / トップシェア / シェア拡大 / レアアース
20260807,4633,4633_1500_サカタインクス_2026年12月期 第2四半期(中間期)決算短信〔日本基準〕(連結).pdf,,,5 7,,,,,,,,,,,,,,,,,,,,,価格交渉 / 増産 / 価格改定 / 価格転嫁 / 値上 / 想定以上 / 上方修正 / 下方修正 / 想定以下 / 未達 / 大幅 / 計画を上 / 計画を下 / 計画以 / 需要回復 / 需要の回復 / 需要が増 / 需要が低 / 悪化 / グローバルニッチトップ / トップシェア / シェア拡大 / レアアース
20260807,4633,4633_1500_サカタインクス_連結業績予想の修正に関するお知らせ.pdf,,,1,,,,,,,,,,,,,,,,,,,,,価格交渉 / 増産 / 価格改定 / 価格転嫁 / 値上 / 想定以上 / 上方修正 / 下方修正 / 想定以下 / 未達 / 大幅 / 計画を上 / 計画を下 / 計画以 / 需要回復 / 需要の回復 / 需要が増 / 需要が低 / 悪化 / グローバルニッチトップ / トップシェア / シェア拡大 / レアアース
20260807,4667,4667_1520_アイサンテクノロ_2027年3月期第1四半期決算短信〔日本基準〕(連結).pdf,,,5,,,,,,,,,,,,,,,,,,,,,価格交渉 / 増産 / 価格改定 / 価格転嫁 / 値上 / 想定以上 / 上方修正 / 下方修正 / 想定以下 / 未達 / 大幅 / 計画を上 / 計画を下 / 計画以 / 需要回復 / 需要の回復 / 需要が増 / 需要が低 / 悪化 / グローバルニッチトップ / トップシェア / シェア拡大 / レアアース
20260807,4667,4667_1520_アイサンテクノロ_2027年3月期第1四半期決算補足説明資料.pdf,,,,,,,,,,,9 13,,,,,,,,,,,,,価格交渉 / 増産 / 価格改定 / 価格転嫁 / 値上 / 想定以上 / 上方修正 / 下方修正 / 想定以下 / 未達 / 大幅 / 計画を上 / 計画を下 / 計画以 / 需要回復 / 需要の回復 / 需要が増 / 需要が低 / 悪化 / グローバルニッチトップ / トップシェア / シェア拡大 / レアアース
20260807,4712,4712_1530_KeyH_2026年12月期 第2四半期(中間期)決算短信〔IFRS〕(連結).pdf,,,,,,,,,,,6 7,,,,,,,,,,,,,価格交渉 / 増産 / 価格改定 / 価格転嫁 / 値上 / 想定以上 / 上方修正 / 下方修正 / 想定以下 / 未達 / 大幅 / 計画を上 / 計画を下 / 計画以 / 需要回復 / 需要の回復 / 需要が増 / 需要が低 / 悪化 / グローバルニッチトップ / トップシェア / シェア拡大 / レアアース
20260807,4712,4712_1530_KeyH_2026年12月期 第2四半期(中間期)決算資料.pdf,30,,,,,,,,,,,,,,,,,,,,,,,価格交渉 / 増産 / 価格改定 / 価格転嫁 / 値上 / 想定以上 / 上方修正 / 下方修正 / 想定以下 / 未達 / 大幅 / 計画を上 / 計画を下 / 計画以 / 需要回復 / 需要の回復 / 需要が増 / 需要が低 / 悪化 / グローバルニッチトップ / トップシェア / シェア拡大 / レアアース
20260807,4751,4751_1530_サイバーエージェント_2026年9月期 第3四半期決算短信[日本基準](連結).pdf,,,,,,,,,,,4,,,,,,,,,,,,,価格交渉 / 増産 / 価格改定 / 価格転嫁 / 値上 / 想定以上 / 上方修正 / 下方修正 / 想定以下 / 未達 / 大幅 / 計画を上 / 計画を下 / 計画以 / 需要回復 / 需要の回復 / 需要が増 / 需要が低 / 悪化 / グローバルニッチトップ / トップシェア / シェア拡大 / レアアース
20260807,4800,4800_1530_オリコン_2027年3月期 第1四半期決算短信〔日本基準〕(連結).pdf,,,,,,,,,,,,,,,,,,,4,,,,,価格交渉 / 増産 / 価格改定 / 価格転嫁 / 値上 / 想定以上 / 上方修正 / 下方修正 / 想定以下 / 未達 / 大幅 / 計画を上 / 計画を下 / 計画以 / 需要回復 / 需要の回復 / 需要が増 / 需要が低 / 悪化 / グローバルニッチトップ / トップシェア / シェア拡大 / レアアース
20260807,4848,4848_1530_フルキャストHD_2026年12月期第2四半期(中間期)決算説明資料.pdf,,,,,,,,,,,,,4,,,,,,,,,,,価格交渉 / 増産 / 価格改定 / 価格転嫁 / 値上 / 想定以上 / 上方修正 / 下方修正 / 想定以下 / 未達 / 大幅 / 計画を上 / 計画を下 / 計画以 / 需要回復 / 需要の回復 / 需要が増 / 需要が低 / 悪化 / グローバルニッチトップ / トップシェア / シェア拡大 / レアアース
20260807,4912,4912_1530_ライオン_2026年12月期 第2四半期(中間期)決算短信〔IFRS〕(連結).pdf,,,,,,,,,,,5 7 8,,,,,,,,,,,,,価格交渉 / 増産 / 価格改定 / 価格転嫁 / 値上 / 想定以上 / 上方修正 / 下方修正 / 想定以下 / 未達 / 大幅 / 計画を上 / 計画を下 / 計画以 / 需要回復 / 需要の回復 / 需要が増 / 需要が低 / 悪化 / グローバルニッチトップ / トップシェア / シェア拡大 / レアアース
20260807,4931,4931_1530_新日本製薬_2026年9月期 第3四半期決算短信〔日本基準〕(連結).pdf,,,,,,,,,,,,4,,,,,,,,,,,,価格交渉 / 増産 / 価格改定 / 価格転嫁 / 値上 / 想定以上 / 上方修正 / 下方修正 / 想定以下 / 未達 / 大幅 / 計画を上 / 計画を下 / 計画以 / 需要回復 / 需要の回復 / 需要が増 / 需要が低 / 悪化 / グローバルニッチトップ / トップシェア / シェア拡大 / レアアース
20260807,4933,4933_1530_Ine_2026年12月期通期連結業績予想の修正に関するお知らせ.pdf,,,,,,,1,,,,,,,,,,,,,,,,,価格交渉 / 増産 / 価格改定 / 価格転嫁 / 値上 / 想定以上 / 上方修正 / 下方修正 / 想定以下 / 未達 / 大幅 / 計画を上 / 計画を下 / 計画以 / 需要回復 / 需要の回復 / 需要が増 / 需要が低 / 悪化 / グローバルニッチトップ / トップシェア / シェア拡大 / レアアース
20260807,4937,4937_1530_G-Waqoo_2026年9月期 通期連結業績予想の修正に関するお知らせ.pdf,,,,,,2,,,,,,,,,,,,,,,,,,価格交渉 / 増産 / 価格改定 / 価格転嫁 / 値上 / 想定以上 / 上方修正 / 下方修正 / 想定以下 / 未達 / 大幅 / 計画を上 / 計画を下 / 計画以 / 需要回復 / 需要の回復 / 需要が増 / 需要が低 / 悪化 / グローバルニッチトップ / トップシェア / シェア拡大 / レアアース
20260807,4937,4937_1530_G-Waqoo_2026年9月期第3四半期決算短信〔日本基準〕(連結).pdf,,,,,,,,,,,,5,,,,,,,,,,,,価格交渉 / 増産 / 価格改定 / 価格転嫁 / 値上 / 想定以上 / 上方修正 / 下方修正 / 想定以下 / 未達 / 大幅 / 計画を上 / 計画を下 / 計画以 / 需要回復 / 需要の回復 / 需要が増 / 需要が低 / 悪化 / グローバルニッチトップ / トップシェア / シェア拡大 / レアアース
20260807,4977,4977_1530_ニッタゼラチン_2027年3月期 第1四半期決算説明資料.pdf,,7,,,,,,,,,,,,,,,,,,,,,,価格交渉 / 増産 / 価格改定 / 価格転嫁 / 値上 / 想定以上 / 上方修正 / 下方修正 / 想定以下 / 未達 / 大幅 / 計画を上 / 計画を下 / 計画以 / 需要回復 / 需要の回復 / 需要が増 / 需要が低 / 悪化 / グローバルニッチトップ / トップシェア / シェア拡大 / レアアース
20260807,5013,5013_1530_ユシロ_2027年3月期第1四半期決算説明資料.pdf,,,14 15 17 18 20,,,,,,,,,,,,,,,,,,,,,価格交渉 / 増産 / 価格改定 / 価格転嫁 / 値上 / 想定以上 / 上方修正 / 下方修正 / 想定以下 / 未達 / 大幅 / 計画を上 / 計画を下 / 計画以 / 需要回復 / 需要の回復 / 需要が増 / 需要が低 / 悪化 / グローバルニッチトップ / トップシェア / シェア拡大 / レアアース
20260807,5019,5019_1530_出光興産_2027年3月期 第1四半期決算短信〔IFRS〕(連結).pdf,,,,,,,,,,,,,,,,,,,4 31,,,,,価格交渉 / 増産 / 価格改定 / 価格転嫁 / 値上 / 想定以上 / 上方修正 / 下方修正 / 想定以下 / 未達 / 大幅 / 計画を上 / 計画を下 / 計画以 / 需要回復 / 需要の回復 / 需要が増 / 需要が低 / 悪化 / グローバルニッチトップ / トップシェア / シェア拡大 / レアアース
20260807,5020,5020_1300_ENEOS_2027年3月期 第1四半期決算短信〔IFRS〕(連結).pdf,,,,5,,,,,,,,,,,,,,,,,,,,価格交渉 / 増産 / 価格改定 / 価格転嫁 / 値上 / 想定以上 / 上方修正 / 下方修正 / 想定以下 / 未達 / 大幅 / 計画を上 / 計画を下 / 計画以 / 需要回復 / 需要の回復 / 需要が増 / 需要が低 / 悪化 / グローバルニッチトップ / トップシェア / シェア拡大 / レアアース
20260807,5020,"5020_1300_ENEOS_TPC Holdings, Inc.の買収に関するお知らせ.pdf",,,,,,,,,,,,,,,,,,,,,1,,,価格交渉 / 増産 / 価格改定 / 価格転嫁 / 値上 / 想定以上 / 上方修正 / 下方修正 / 想定以下 / 未達 / 大幅 / 計画を上 / 計画を下 / 計画以 / 需要回復 / 需要の回復 / 需要が増 / 需要が低 / 悪化 / グローバルニッチトップ / トップシェア / シェア拡大 / レアアース
20260807,5105,5105_1100_TOYO TIRE_2026年12月期 第2四半期(中間期)決算短信〔日本基準〕(連結).pdf,,,,,4,,,,,,,,,,,,,,,,,,,価格交渉 / 増産 / 価格改定 / 価格転嫁 / 値上 / 想定以上 / 上方修正 / 下方修正 / 想定以下 / 未達 / 大幅 / 計画を上 / 計画を下 / 計画以 / 需要回復 / 需要の回復 / 需要が増 / 需要が低 / 悪化 / グローバルニッチトップ / トップシェア / シェア拡大 / レアアース
20260807,5105,5105_1100_TOYO TIRE_2026年度第2四半期決算説明資料.pdf,,,,,,,,,,,,,,,,,,,3 21,,,,,価格交渉 / 増産 / 価格改定 / 価格転嫁 / 値上 / 想定以上 / 上方修正 / 下方修正 / 想定以下 / 未達 / 大幅 / 計画を上 / 計画を下 / 計画以 / 需要回復 / 需要の回復 / 需要が増 / 需要が低 / 悪化 / グローバルニッチトップ / トップシェア / シェア拡大 / レアアース
20260807,5108,5108_1430_ブリヂス_2026年第2四半期 決算説明会.pdf,,,,,,,,,,,6,,,,,,,,,,,,,価格交渉 / 増産 / 価格改定 / 価格転嫁 / 値上 / 想定以上 / 上方修正 / 下方修正 / 想定以下 / 未達 / 大幅 / 計画を上 / 計画を下 / 計画以 / 需要回復 / 需要の回復 / 需要が増 / 需要が低 / 悪化 / グローバルニッチトップ / トップシェア / シェア拡大 / レアアース
20260807,5142,5142_1400_アキレス_投資有価証券売却に伴う特別利益の計上見込みに関するお知らせ.pdf,,,,,,,1,,,,,,,,,,,,,,,,,価格交渉 / 増産 / 価格改定 / 価格転嫁 / 値上 / 想定以上 / 上方修正 / 下方修正 / 想定以下 / 未達 / 大幅 / 計画を上 / 計画を下 / 計画以 / 需要回復 / 需要の回復 / 需要が増 / 需要が低 / 悪化 / グローバルニッチトップ / トップシェア / シェア拡大 / レアアース
20260807,5142,5142_1400_アキレス_通期業績予想の上方修正及び配当予想の修正(増配)に関するお知らせ.pdf,,,,,,,1,,,,,,,,,,,,,,,,,価格交渉 / 増産 / 価格改定 / 価格転嫁 / 値上 / 想定以上 / 上方修正 / 下方修正 / 想定以下 / 未達 / 大幅 / 計画を上 / 計画を下 / 計画以 / 需要回復 / 需要の回復 / 需要が増 / 需要が低 / 悪化 / グローバルニッチトップ / トップシェア / シェア拡大 / レアアース
20260807,5186,5186_1500_ニッタ_2027年3月期 第1四半期決算短信[日本基準](連結).pdf,,,,,,,,,,,,,,,,,,4,,,,,,価格交渉 / 増産 / 価格改定 / 価格転嫁 / 値上 / 想定以上 / 上方修正 / 下方修正 / 想定以下 / 未達 / 大幅 / 計画を上 / 計画を下 / 計画以 / 需要回復 / 需要の回復 / 需要が増 / 需要が低 / 悪化 / グローバルニッチトップ / トップシェア / シェア拡大 / レアアース
20260807,5187,5187_1000_クリエート_2026年12月期 第2四半期 決算説明資料.pdf,,,15,,,,,,,,,,,,,,,,,,,,,価格交渉 / 増産 / 価格改定 / 価格転嫁 / 値上 / 想定以上 / 上方修正 / 下方修正 / 想定以下 / 未達 / 大幅 / 計画を上 / 計画を下 / 計画以 / 需要回復 / 需要の回復 / 需要が増 / 需要が低 / 悪化 / グローバルニッチトップ / トップシェア / シェア拡大 / レアアース
20260807,5192,5192_1400_三星ベルト_2027年3月期第2四半期(中間期)及び通期連結業績予想の修正並びに、剰余金の配当(中間配当)予想の修正に関するお知らせ.pdf,,,,,,,,,,,,2,,,,,,,,,,,,価格交渉 / 増産 / 価格改定 / 価格転嫁 / 値上 / 想定以上 / 上方修正 / 下方修正 / 想定以下 / 未達 / 大幅 / 計画を上 / 計画を下 / 計画以 / 需要回復 / 需要の回復 / 需要が増 / 需要が低 / 悪化 / グローバルニッチトップ / トップシェア / シェア拡大 / レアアース
20260807,5237,5237_1100_ノザワ_2027年3月期 第1四半期決算短信〔日本基準〕(連結).pdf,,,,,,,,,,,,,,,,,,,4,,,,,価格交渉 / 増産 / 価格改定 / 価格転嫁 / 値上 / 想定以上 / 上方修正 / 下方修正 / 想定以下 / 未達 / 大幅 / 計画を上 / 計画を下 / 計画以 / 需要回復 / 需要の回復 / 需要が増 / 需要が低 / 悪化 / グローバルニッチトップ / トップシェア / シェア拡大 / レアアース
20260807,5262,5262_1400_日ヒューム_2027年3月期第1四半期決算短信〔日本基準〕(連結).pdf,,,,,,,,,,,4,,,,,,,,,,,,,価格交渉 / 増産 / 価格改定 / 価格転嫁 / 値上 / 想定以上 / 上方修正 / 下方修正 / 想定以下 / 未達 / 大幅 / 計画を上 / 計画を下 / 計画以 / 需要回復 / 需要の回復 / 需要が増 / 需要が低 / 悪化 / グローバルニッチトップ / トップシェア / シェア拡大 / レアアース
20260807,5290,5290_1530_ベルテクス_2027年3月期第2四半期の連結業績(累計)予想の修正に関するお知らせ.pdf,,,,,,,,,,,,,1,,,,,,,,,,,価格交渉 / 増産 / 価格改定 / 価格転嫁 / 値上 / 想定以上 / 上方修正 / 下方修正 / 想定以下 / 未達 / 大幅 / 計画を上 / 計画を下 / 計画以 / 需要回復 / 需要の回復 / 需要が増 / 需要が低 / 悪化 / グローバルニッチトップ / トップシェア / シェア拡大 / レアアース
20260807,5304,5304_1530_SECカーボン_2027年3月期 第1四半期決算短信〔日本基準〕(連結).pdf,,,,,,,,,,,,,,,4,,,,,,,,,価格交渉 / 増産 / 価格改定 / 価格転嫁 / 値上 / 想定以上 / 上方修正 / 下方修正 / 想定以下 / 未達 / 大幅 / 計画を上 / 計画を下 / 計画以 / 需要回復 / 需要の回復 / 需要が増 / 需要が低 / 悪化 / グローバルニッチトップ / トップシェア / シェア拡大 / レアアース
20260807,5310,5310_1530_東洋炭素_2026年12月期 第2四半期(中間期)決算短信〔日本基準〕(連結).pdf,,,,,,,,,,,13,,,,,,,,,,,,,価格交渉 / 増産 / 価格改定 / 価格転嫁 / 値上 / 想定以上 / 上方修正 / 下方修正 / 想定以下 / 未達 / 大幅 / 計画を上 / 計画を下 / 計画以 / 需要回復 / 需要の回復 / 需要が増 / 需要が低 / 悪化 / グローバルニッチトップ / トップシェア / シェア拡大 / レアアース
20260807,5310,5310_1530_東洋炭素_中間連結会計期間の業績予想値と実績値との差異に関するお知らせ.pdf,,,,,,,,,,,,,1,,,,,,,,,,,価格交渉 / 増産 / 価格改定 / 価格転嫁 / 値上 / 想定以上 / 上方修正 / 下方修正 / 想定以下 / 未達 / 大幅 / 計画を上 / 計画を下 / 計画以 / 需要回復 / 需要の回復 / 需要が増 / 需要が低 / 悪化 / グローバルニッチトップ / トップシェア / シェア拡大 / レアアース
20260807,5461,5461_1500_中部鋼鈑_2027年3月期第1四半期決算短信〔日本基準〕(連結).pdf,,,,,4,,,,,,,,,,,,,,,,,,,価格交渉 / 増産 / 価格改定 / 価格転嫁 / 値上 / 想定以上 / 上方修正 / 下方修正 / 想定以下 / 未達 / 大幅 / 計画を上 / 計画を下 / 計画以 / 需要回復 / 需要の回復 / 需要が増 / 需要が低 / 悪化 / グローバルニッチトップ / トップシェア / シェア拡大 / レアアース
20260807,5463,5463_1530_丸一鋼管_2027年3月期第1四半期決算短信〔日本基準〕(連結).pdf,,,,,,,,,,,4 5,,,,,,,,,,,,,価格交渉 / 増産 / 価格改定 / 価格転嫁 / 値上 / 想定以上 / 上方修正 / 下方修正 / 想定以下 / 未達 / 大幅 / 計画を上 / 計画を下 / 計画以 / 需要回復 / 需要の回復 / 需要が増 / 需要が低 / 悪化 / グローバルニッチトップ / トップシェア / シェア拡大 / レアアース
20260807,5597,5597_1530_G-ブルーイノベ_2026年12月期 第2四半期(中間期)決算短信〔日本基準〕(非連結).pdf,,,,,,,,,,,4 5,,,,,,,,,,,,,価格交渉 / 増産 / 価格改定 / 価格転嫁 / 値上 / 想定以上 / 上方修正 / 下方修正 / 想定以下 / 未達 / 大幅 / 計画を上 / 計画を下 / 計画以 / 需要回復 / 需要の回復 / 需要が増 / 需要が低 / 悪化 / グローバルニッチトップ / トップシェア / シェア拡大 / レアアース
20260807,5803,5803_1400_フジクラ_2027年3月期 第1四半期決算短信〔日本基準〕(連結).pdf,,4,,,,,,,,,,,,,,,,,,,,,,価格交渉 / 増産 / 価格改定 / 価格転嫁 / 値上 / 想定以上 / 上方修正 / 下方修正 / 想定以下 / 未達 / 大幅 / 計画を上 / 計画を下 / 計画以 / 需要回復 / 需要の回復 / 需要が増 / 需要が低 / 悪化 / グローバルニッチトップ / トップシェア / シェア拡大 / レアアース
20260807,5803,5803_1400_フジクラ_2027年3月期第2四半期(中間期)及び通期連結業績予想の修正に関するお知らせ.pdf,,,,,,,1,,,,,,,,,,,,,,,,,価格交渉 / 増産 / 価格改定 / 価格転嫁 / 値上 / 想定以上 / 上方修正 / 下方修正 / 想定以下 / 未達 / 大幅 / 計画を上 / 計画を下 / 計画以 / 需要回復 / 需要の回復 / 需要が増 / 需要が低 / 悪化 / グローバルニッチトップ / トップシェア / シェア拡大 / レアアース
20260807,5830,5830_1330_いよぎんHD_連結業績予想の修正に関するお知らせ.pdf,,,,,,,2,,,,,,,,,,,,,,,,,価格交渉 / 増産 / 価格改定 / 価格転嫁 / 値上 / 想定以上 / 上方修正 / 下方修正 / 想定以下 / 未達 / 大幅 / 計画を上 / 計画を下 / 計画以 / 需要回復 / 需要の回復 / 需要が増 / 需要が低 / 悪化 / グローバルニッチトップ / トップシェア / シェア拡大 / レアアース
20260807,5946,5946_1530_長府製_2026年12月期 第2四半期(中間期)決算短信[日本基準](連結).pdf,,,4,,,,,,,,,,,,,,,,,,,,,価格交渉 / 増産 / 価格改定 / 価格転嫁 / 値上 / 想定以上 / 上方修正 / 下方修正 / 想定以下 / 未達 / 大幅 / 計画を上 / 計画を下 / 計画以 / 需要回復 / 需要の回復 / 需要が増 / 需要が低 / 悪化 / グローバルニッチトップ / トップシェア / シェア拡大 / レアアース
20260807,5946,5946_1530_長府製_営業外費用(匿名組合投資損失)の計上並びに2026年12月期第2四半期(中間期)の連結業績予想値と実績値の差異及び通期連結業績予想の修正に関するお知らせ.pdf,,,2,,,,,,,,,,,,,,,,,,,,,価格交渉 / 増産 / 価格改定 / 価格転嫁 / 値上 / 想定以上 / 上方修正 / 下方修正 / 想定以下 / 未達 / 大幅 / 計画を上 / 計画を下 / 計画以 / 需要回復 / 需要の回復 / 需要が増 / 需要が低 / 悪化 / グローバルニッチトップ / トップシェア / シェア拡大 / レアアース
20260807,5950,5950_1530_日本パワーファス_2026年12月期第2四半期(中間期)決算短信〔日本基準〕(連結).pdf,,,,,,,,,,,,,4,,,,,,,,,,,価格交渉 / 増産 / 価格改定 / 価格転嫁 / 値上 / 想定以上 / 上方修正 / 下方修正 / 想定以下 / 未達 / 大幅 / 計画を上 / 計画を下 / 計画以 / 需要回復 / 需要の回復 / 需要が増 / 需要が低 / 悪化 / グローバルニッチトップ / トップシェア / シェア拡大 / レアアース
20260807,5969,5969_0930_ロブテックス_2027年3月期 第1四半期決算短信〔日本基準〕(連結).pdf,,,,,,,,,,,,,,,,,4,,,,,,,価格交渉 / 増産 / 価格改定 / 価格転嫁 / 値上 / 想定以上 / 上方修正 / 下方修正 / 想定以下 / 未達 / 大幅 / 計画を上 / 計画を下 / 計画以 / 需要回復 / 需要の回復 / 需要が増 / 需要が低 / 悪化 / グローバルニッチトップ / トップシェア / シェア拡大 / レアアース
20260807,5985,5985_1530_サンコール_2027年3月期 第1四半期 決算短信〔日本基準〕(連結).pdf,,,,,,,,,,,,,,,,,,,4,,,,,価格交渉 / 増産 / 価格改定 / 価格転嫁 / 値上 / 想定以上 / 上方修正 / 下方修正 / 想定以下 / 未達 / 大幅 / 計画を上 / 計画を下 / 計画以 / 需要回復 / 需要の回復 / 需要が増 / 需要が低 / 悪化 / グローバルニッチトップ / トップシェア / シェア拡大 / レアアース
20260807,5985,5985_1530_サンコール_2027年3月期連結業績予想の修正及び配当予想の修正に関するお知らせ.pdf,,,,,,,2,,,,,,,,,,,,,,,,,価格交渉 / 増産 / 価格改定 / 価格転嫁 / 値上 / 想定以上 / 上方修正 / 下方修正 / 想定以下 / 未達 / 大幅 / 計画を上 / 計画を下 / 計画以 / 需要回復 / 需要の回復 / 需要が増 / 需要が低 / 悪化 / グローバルニッチトップ / トップシェア / シェア拡大 / レアアース
20260807,5986,5986_1400_モリテック_2027年3月期 第1四半期決算短信〔日本基準〕(連結).pdf,,,,,,,,,,,,,,,,,,,4,,,,,価格交渉 / 増産 / 価格改定 / 価格転嫁 / 値上 / 想定以上 / 上方修正 / 下方修正 / 想定以下 / 未達 / 大幅 / 計画を上 / 計画を下 / 計画以 / 需要回復 / 需要の回復 / 需要が増 / 需要が低 / 悪化 / グローバルニッチトップ / トップシェア / シェア拡大 / レアアース
20260807,6029,6029_1200_アトラG_業績予想の修正に関するお知らせ.pdf,,,,,,,,,,,,2,,,,,,,,,,,,価格交渉 / 増産 / 価格改定 / 価格転嫁 / 値上 / 想定以上 / 上方修正 / 下方修正 / 想定以下 / 未達 / 大幅 / 計画を上 / 計画を下 / 計画以 / 需要回復 / 需要の回復 / 需要が増 / 需要が低 / 悪化 / グローバルニッチトップ / トップシェア / シェア拡大 / レアアース
20260807,6055,6055_1530_Jマテリアル_2027年3月期 第1四半期決算短信〔日本基準〕(連結).pdf,,,,,,,,,,,4,,,,,,,,,,,,,価格交渉 / 増産 / 価格改定 / 価格転嫁 / 値上 / 想定以上 / 上方修正 / 下方修正 / 想定以下 / 未達 / 大幅 / 計画を上 / 計画を下 / 計画以 / 需要回復 / 需要の回復 / 需要が増 / 需要が低 / 悪化 / グローバルニッチトップ / トップシェア / シェア拡大 / レアアース
20260807,6089,6089_1530_ウィルグループ_2027年3月期 第1四半期決算短信〔IFRS〕(連結).pdf,,,,,,,,,,,4,,,,,,,,,,,,,価格交渉 / 増産 / 価格改定 / 価格転嫁 / 値上 / 想定以上 / 上方修正 / 下方修正 / 想定以下 / 未達 / 大幅 / 計画を上 / 計画を下 / 計画以 / 需要回復 / 需要の回復 / 需要が増 / 需要が低 / 悪化 / グローバルニッチトップ / トップシェア / シェア拡大 / レアアース
20260807,6098,6098_1530_リクルートHD_2027年3月期 第1四半期決算説明.pdf,,,,,,,,,,,38,,,,,,,,,,,,,価格交渉 / 増産 / 価格改定 / 価格転嫁 / 値上 / 想定以上 / 上方修正 / 下方修正 / 想定以下 / 未達 / 大幅 / 計画を上 / 計画を下 / 計画以 / 需要回復 / 需要の回復 / 需要が増 / 需要が低 / 悪化 / グローバルニッチトップ / トップシェア / シェア拡大 / レアアース
20260807,6098,6098_1530_リクルートHD_2027年3月期第1四半期決算短信〔IFRS〕(連結).pdf,,,,,,,,,,,2,,,,,,,,,,,,,価格交渉 / 増産 / 価格改定 / 価格転嫁 / 値上 / 想定以上 / 上方修正 / 下方修正 / 想定以下 / 未達 / 大幅 / 計画を上 / 計画を下 / 計画以 / 需要回復 / 需要の回復 / 需要が増 / 需要が低 / 悪化 / グローバルニッチトップ / トップシェア / シェア拡大 / レアアース
20260807,6140,6140_1500_旭ダイヤ_2027年3月期第1四半期決算短信〔日本基準〕(連結).pdf,,,,,,,,,,,,,,,,,,4,,,,,,価格交渉 / 増産 / 価格改定 / 価格転嫁 / 値上 / 想定以上 / 上方修正 / 下方修正 / 想定以下 / 未達 / 大幅 / 計画を上 / 計画を下 / 計画以 / 需要回復 / 需要の回復 / 需要が増 / 需要が低 / 悪化 / グローバルニッチトップ / トップシェア / シェア拡大 / レアアース
20260807,6143,6143_1500_ソディック_2026年12月期 第2四半期(中間期)決算短信〔日本基準〕(連結).pdf,,,,,,,,,,,4,,,,,,,,,,,,,価格交渉 / 増産 / 価格改定 / 価格転嫁 / 値上 / 想定以上 / 上方修正 / 下方修正 / 想定以下 / 未達 / 大幅 / 計画を上 / 計画を下 / 計画以 / 需要回復 / 需要の回復 / 需要が増 / 需要が低 / 悪化 / グローバルニッチトップ / トップシェア / シェア拡大 / レアアース
20260807,6143,6143_1500_ソディック_通期業績予想の修正に関するお知らせ.pdf,,,,,,,,,,,1,,,,,,,,,,,,,価格交渉 / 増産 / 価格改定 / 価格転嫁 / 値上 / 想定以上 / 上方修正 / 下方修正 / 想定以下 / 未達 / 大幅 / 計画を上 / 計画を下 / 計画以 / 需要回復 / 需要の回復 / 需要が増 / 需要が低 / 悪化 / グローバルニッチトップ / トップシェア / シェア拡大 / レアアース
20260807,6145,6145_1530_NITTOKU_2027年3月期 第1四半期決算短信〔日本基準〕(連結).pdf,,,,,,,,,,,,,,,,,,,4,,,,,価格交渉 / 増産 / 価格改定 / 価格転嫁 / 値上 / 想定以上 / 上方修正 / 下方修正 / 想定以下 / 未達 / 大幅 / 計画を上 / 計画を下 / 計画以 / 需要回復 / 需要の回復 / 需要が増 / 需要が低 / 悪化 / グローバルニッチトップ / トップシェア / シェア拡大 / レアアース
20260807,6151,6151_1530_日東工器_2027年3月期第1四半期決算短信[日本基準](連結).pdf,,,4,,,,,,,,,,,,,,,,,,,,,価格交渉 / 増産 / 価格改定 / 価格転嫁 / 値上 / 想定以上 / 上方修正 / 下方修正 / 想定以下 / 未達 / 大幅 / 計画を上 / 計画を下 / 計画以 / 需要回復 / 需要の回復 / 需要が増 / 需要が低 / 悪化 / グローバルニッチトップ / トップシェア / シェア拡大 / レアアース
20260807,6240,6240_1530_ヤマシンフィルタ_2027年3月期第1四半期決算短信〔日本基準〕(連結).pdf,,,,,,,,,,,,,,,,,,,,,,4,,価格交渉 / 増産 / 価格改定 / 価格転嫁 / 値上 / 想定以上 / 上方修正 / 下方修正 / 想定以下 / 未達 / 大幅 / 計画を上 / 計画を下 / 計画以 / 需要回復 / 需要の回復 / 需要が増 / 需要が低 / 悪化 / グローバルニッチトップ / トップシェア / シェア拡大 / レアアース
20260807,6245,6245_1530_ヒラノテクシード_2026年度第1四半期連結決算説明資料.pdf,,,,,,,,,,,5,,,,,,,,,,,,,価格交渉 / 増産 / 価格改定 / 価格転嫁 / 値上 / 想定以上 / 上方修正 / 下方修正 / 想定以下 / 未達 / 大幅 / 計画を上 / 計画を下 / 計画以 / 需要回復 / 需要の回復 / 需要が増 / 需要が低 / 悪化 / グローバルニッチトップ / トップシェア / シェア拡大 / レアアース
20260807,6247,6247_1430_日阪製作_2027年3月期 第1四半期決算短信〔日本基準〕(連結).pdf,,,,,,,,,,,,,,,,,,,4,,,,,価格交渉 / 増産 / 価格改定 / 価格転嫁 / 値上 / 想定以上 / 上方修正 / 下方修正 / 想定以下 / 未達 / 大幅 / 計画を上 / 計画を下 / 計画以 / 需要回復 / 需要の回復 / 需要が増 / 需要が低 / 悪化 / グローバルニッチトップ / トップシェア / シェア拡大 / レアアース
20260807,6248,6248_1530_横田製作所_2027年3月期 第1四半期決算短信〔日本基準〕(非連結).pdf,,,,,,,,,,,,,,,,,4,,,,,,,価格交渉 / 増産 / 価格改定 / 価格転嫁 / 値上 / 想定以上 / 上方修正 / 下方修正 / 想定以下 / 未達 / 大幅 / 計画を上 / 計画を下 / 計画以 / 需要回復 / 需要の回復 / 需要が増 / 需要が低 / 悪化 / グローバルニッチトップ / トップシェア / シェア拡大 / レアアース
20260807,6254,6254_1530_野村マイクロ_2027年3月期第1四半期決算短信〔日本基準〕(連結).pdf,,,,,,,,,,,4,,,,,,,,,,,,,価格交渉 / 増産 / 価格改定 / 価格転嫁 / 値上 / 想定以上 / 上方修正 / 下方修正 / 想定以下 / 未達 / 大幅 / 計画を上 / 計画を下 / 計画以 / 需要回復 / 需要の回復 / 需要が増 / 需要が低 / 悪化 / グローバルニッチトップ / トップシェア / シェア拡大 / レアアース
20260807,6258,6258_1530_平田機工_2027年3月期 第1四半期決算短信〔日本基準〕(連結).pdf,,,,4,,,,,,,,,,,,,,,,,,,,価格交渉 / 増産 / 価格改定 / 価格転嫁 / 値上 / 想定以上 / 上方修正 / 下方修正 / 想定以下 / 未達 / 大幅 / 計画を上 / 計画を下 / 計画以 / 需要回復 / 需要の回復 / 需要が増 / 需要が低 / 悪化 / グローバルニッチトップ / トップシェア / シェア拡大 / レアアース
20260807,6273,6273_1400_SMC_2027年3月期 第1四半期決算短信〔日本基準〕(連結).pdf,,,,,,,,,,,4,,,,,,,,,,,,,価格交渉 / 増産 / 価格改定 / 価格転嫁 / 値上 / 想定以上 / 上方修正 / 下方修正 / 想定以下 / 未達 / 大幅 / 計画を上 / 計画を下 / 計画以 / 需要回復 / 需要の回復 / 需要が増 / 需要が低 / 悪化 / グローバルニッチトップ / トップシェア / シェア拡大 / レアアース
20260807,6273,6273_1500_SMC_2027年3月期 第1四半期 決算説明会資料.pdf,,,,,,,,,,,,,,,,,,,,,,12,,価格交渉 / 増産 / 価格改定 / 価格転嫁 / 値上 / 想定以上 / 上方修正 / 下方修正 / 想定以下 / 未達 / 大幅 / 計画を上 / 計画を下 / 計画以 / 需要回復 / 需要の回復 / 需要が増 / 需要が低 / 悪化 / グローバルニッチトップ / トップシェア / シェア拡大 / レアアース
20260807,6277,6277_1530_ホソカワミクロン_2026年9月期 通期業績予想の修正に関するお知らせ.pdf,,,,,,,,,,,1,,,,,,,,,,,,,価格交渉 / 増産 / 価格改定 / 価格転嫁 / 値上 / 想定以上 / 上方修正 / 下方修正 / 想定以下 / 未達 / 大幅 / 計画を上 / 計画を下 / 計画以 / 需要回復 / 需要の回復 / 需要が増 / 需要が低 / 悪化 / グローバルニッチトップ / トップシェア / シェア拡大 / レアアース
20260807,6277,6277_1530_ホソカワミクロン_2026年9月期第3四半期決算短信〔日本基準〕(連結).pdf,,,,,,,,,,,,,,,,,,,,,,,4,価格交渉 / 増産 / 価格改定 / 価格転嫁 / 値上 / 想定以上 / 上方修正 / 下方修正 / 想定以下 / 未達 / 大幅 / 計画を上 / 計画を下 / 計画以 / 需要回復 / 需要の回復 / 需要が増 / 需要が低 / 悪化 / グローバルニッチトップ / トップシェア / シェア拡大 / レアアース
20260807,6286,6286_1530_靜甲_2027年3月期 第1四半期決算短信〔日本基準〕(連結).pdf,,,,4,,,,,,,,,,,,,,,,,,,,価格交渉 / 増産 / 価格改定 / 価格転嫁 / 値上 / 想定以上 / 上方修正 / 下方修正 / 想定以下 / 未達 / 大幅 / 計画を上 / 計画を下 / 計画以 / 需要回復 / 需要の回復 / 需要が増 / 需要が低 / 悪化 / グローバルニッチトップ / トップシェア / シェア拡大 / レアアース
20260807,6294,6294_1530_オカダアイヨン_2027年3月期 第1四半期 決算短信補足資料.pdf,,,14,,,,,,,,,,,,,,,,,,,,,価格交渉 / 増産 / 価格改定 / 価格転嫁 / 値上 / 想定以上 / 上方修正 / 下方修正 / 想定以下 / 未達 / 大幅 / 計画を上 / 計画を下 / 計画以 / 需要回復 / 需要の回復 / 需要が増 / 需要が低 / 悪化 / グローバルニッチトップ / トップシェア / シェア拡大 / レアアース
20260807,6310,6310_1530_井関農_2026年12月期 第2四半期(中間期)決算短信〔日本基準〕(連結).pdf,,,4,,,,,,,,,,,,,,,,,,,,,価格交渉 / 増産 / 価格改定 / 価格転嫁 / 値上 / 想定以上 / 上方修正 / 下方修正 / 想定以下 / 未達 / 大幅 / 計画を上 / 計画を下 / 計画以 / 需要回復 / 需要の回復 / 需要が増 / 需要が低 / 悪化 / グローバルニッチトップ / トップシェア / シェア拡大 / レアアース
20260807,6317,6317_1530_北川鉄_2027年3月期 第1四半期決算短信〔日本基準〕(連結).pdf,,,4,,,,,,,,,,,,,,,,,,,,,価格交渉 / 増産 / 価格改定 / 価格転嫁 / 値上 / 想定以上 / 上方修正 / 下方修正 / 想定以下 / 未達 / 大幅 / 計画を上 / 計画を下 / 計画以 / 需要回復 / 需要の回復 / 需要が増 / 需要が低 / 悪化 / グローバルニッチトップ / トップシェア / シェア拡大 / レアアース
20260807,6330,6330_1130_洋エンジ_2027年3月期 第1四半期決算短信〔日本基準〕(連結).pdf,,,,,,,,,,,,,,,,,,,,,,,5,価格交渉 / 増産 / 価格改定 / 価格転嫁 / 値上 / 想定以上 / 上方修正 / 下方修正 / 想定以下 / 未達 / 大幅 / 計画を上 / 計画を下 / 計画以 / 需要回復 / 需要の回復 / 需要が増 / 需要が低 / 悪化 / グローバルニッチトップ / トップシェア / シェア拡大 / レアアース
20260807,6351,6351_1400_鶴見製_2027年3月期 第1四半期決算短信〔日本基準〕(連結).pdf,,,,,,,,,,,4,,,,,,,,,,,,,価格交渉 / 増産 / 価格改定 / 価格転嫁 / 値上 / 想定以上 / 上方修正 / 下方修正 / 想定以下 / 未達 / 大幅 / 計画を上 / 計画を下 / 計画以 / 需要回復 / 需要の回復 / 需要が増 / 需要が低 / 悪化 / グローバルニッチトップ / トップシェア / シェア拡大 / レアアース
20260807,6358,6358_1430_酒井重_2027年3月期 第1四半期決算短信〔日本基準〕(連結).pdf,,,,,,,,,,,5,,,,,,,,,,,,,価格交渉 / 増産 / 価格改定 / 価格転嫁 / 値上 / 想定以上 / 上方修正 / 下方修正 / 想定以下 / 未達 / 大幅 / 計画を上 / 計画を下 / 計画以 / 需要回復 / 需要の回復 / 需要が増 / 需要が低 / 悪化 / グローバルニッチトップ / トップシェア / シェア拡大 / レアアース
20260807,6365,6365_1400_電業社_2027年3月期 第1四半期決算補足説明資料.pdf,,,7,,,,,,,,,,,,,,,,,,,,,価格交渉 / 増産 / 価格改定 / 価格転嫁 / 値上 / 想定以上 / 上方修正 / 下方修正 / 想定以下 / 未達 / 大幅 / 計画を上 / 計画を下 / 計画以 / 需要回復 / 需要の回復 / 需要が増 / 需要が低 / 悪化 / グローバルニッチトップ / トップシェア / シェア拡大 / レアアース
20260807,6390,6390_1530_加藤製_2027年3月期第1四半期決算短信〔日本基準〕(連結).pdf,,,,,,,,,,,,,,,4,,,,,,,,,価格交渉 / 増産 / 価格改定 / 価格転嫁 / 値上 / 想定以上 / 上方修正 / 下方修正 / 想定以下 / 未達 / 大幅 / 計画を上 / 計画を下 / 計画以 / 需要回復 / 需要の回復 / 需要が増 / 需要が低 / 悪化 / グローバルニッチトップ / トップシェア / シェア拡大 / レアアース
20260807,6390,6390_1530_加藤製_2027年3月期第1四半期決算説明資料.pdf,,,2 12,,,,,,,,,,,,,,,,,,,,,価格交渉 / 増産 / 価格改定 / 価格転嫁 / 値上 / 想定以上 / 上方修正 / 下方修正 / 想定以下 / 未達 / 大幅 / 計画を上 / 計画を下 / 計画以 / 需要回復 / 需要の回復 / 需要が増 / 需要が低 / 悪化 / グローバルニッチトップ / トップシェア / シェア拡大 / レアアース
20260807,6400,6400_1500_不二精機_2026年12月期 中間期 決算説明資料.pdf,,,,,,,11 14,,,,,,,,,,,,,,,,,価格交渉 / 増産 / 価格改定 / 価格転嫁 / 値上 / 想定以上 / 上方修正 / 下方修正 / 想定以下 / 未達 / 大幅 / 計画を上 / 計画を下 / 計画以 / 需要回復 / 需要の回復 / 需要が増 / 需要が低 / 悪化 / グローバルニッチトップ / トップシェア / シェア拡大 / レアアース
20260807,6400,6400_1500_不二精機_2026年12月期 第2四半期(中間期)決算短信〔日本基準〕(連結).pdf,,,,4,,,,,,,,,,,,,,,,,,,,価格交渉 / 増産 / 価格改定 / 価格転嫁 / 値上 / 想定以上 / 上方修正 / 下方修正 / 想定以下 / 未達 / 大幅 / 計画を上 / 計画を下 / 計画以 / 需要回復 / 需要の回復 / 需要が増 / 需要が低 / 悪化 / グローバルニッチトップ / トップシェア / シェア拡大 / レアアース
20260807,6400,6400_1500_不二精機_通期連結業績予想の修正(上方修正)および配当予想の修正(増配)に関するお知らせ.pdf,,,,,,,1,,,,,,,,,,,,,,,,,価格交渉 / 増産 / 価格改定 / 価格転嫁 / 値上 / 想定以上 / 上方修正 / 下方修正 / 想定以下 / 未達 / 大幅 / 計画を上 / 計画を下 / 計画以 / 需要回復 / 需要の回復 / 需要が増 / 需要が低 / 悪化 / グローバルニッチトップ / トップシェア / シェア拡大 / レアアース
20260807,6439,6439_1400_中日鋳工_2027年3月期第1四半期決算短信〔日本基準〕(非連結).pdf,,,,4,,,,,,,,,,,,,,,,,,,,価格交渉 / 増産 / 価格改定 / 価格転嫁 / 値上 / 想定以上 / 上方修正 / 下方修正 / 想定以下 / 未達 / 大幅 / 計画を上 / 計画を下 / 計画以 / 需要回復 / 需要の回復 / 需要が増 / 需要が低 / 悪化 / グローバルニッチトップ / トップシェア / シェア拡大 / レアアース
20260807,6445,6445_1300_ジャノメ_2027年3月期 第1四半期決算短信〔日本基準〕(連結).pdf,,,4,,,,,,,,,,,,,,,,,,,,,価格交渉 / 増産 / 価格改定 / 価格転嫁 / 値上 / 想定以上 / 上方修正 / 下方修正 / 想定以下 / 未達 / 大幅 / 計画を上 / 計画を下 / 計画以 / 需要回復 / 需要の回復 / 需要が増 / 需要が低 / 悪化 / グローバルニッチトップ / トップシェア / シェア拡大 / レアアース
20260807,6445,6445_1300_ジャノメ_2027年3月期第1四半期 決算説明資料.pdf,,,,,,,,,,,,,,,,,,,,,,30,,価格交渉 / 増産 / 価格改定 / 価格転嫁 / 値上 / 想定以上 / 上方修正 / 下方修正 / 想定以下 / 未達 / 大幅 / 計画を上 / 計画を下 / 計画以 / 需要回復 / 需要の回復 / 需要が増 / 需要が低 / 悪化 / グローバルニッチトップ / トップシェア / シェア拡大 / レアアース
20260807,6480,6480_1500_日トムソン_2027年3月期第2四半期(中間期)および通期連結業績予想の修正に関するお知らせ.pdf,,,,,,,1,,,,,,,,,,,,,,,,,価格交渉 / 増産 / 価格改定 / 価格転嫁 / 値上 / 想定以上 / 上方修正 / 下方修正 / 想定以下 / 未達 / 大幅 / 計画を上 / 計画を下 / 計画以 / 需要回復 / 需要の回復 / 需要が増 / 需要が低 / 悪化 / グローバルニッチトップ / トップシェア / シェア拡大 / レアアース
20260807,6498,6498_1430_キッツ_2026年12月期 第2四半期(中間期)決算短信〔日本基準〕(連結).pdf,,,4,,,,,,,,,,,,,,,,,,,,,価格交渉 / 増産 / 価格改定 / 価格転嫁 / 値上 / 想定以上 / 上方修正 / 下方修正 / 想定以下 / 未達 / 大幅 / 計画を上 / 計画を下 / 計画以 / 需要回復 / 需要の回復 / 需要が増 / 需要が低 / 悪化 / グローバルニッチトップ / トップシェア / シェア拡大 / レアアース
20260807,6568,6568_1530_G-神戸天然物化学_2027年3月期 通期業績予想の公表及び期末配当予想の公表に関するお知らせ.pdf,,,,,,,,,,,,,,,,,,,1,,,,,価格交渉 / 増産 / 価格改定 / 価格転嫁 / 値上 / 想定以上 / 上方修正 / 下方修正 / 想定以下 / 未達 / 大幅 / 計画を上 / 計画を下 / 計画以 / 需要回復 / 需要の回復 / 需要が増 / 需要が低 / 悪化 / グローバルニッチトップ / トップシェア / シェア拡大 / レアアース
20260807,6626,6626_1530_SEMITEC_2027年3月期第1四半期決算短信〔日本基準〕(連結).pdf,,,,,,,,,,,,,,,,,4,,,,,,,価格交渉 / 増産 / 価格改定 / 価格転嫁 / 値上 / 想定以上 / 上方修正 / 下方修正 / 想定以下 / 未達 / 大幅 / 計画を上 / 計画を下 / 計画以 / 需要回復 / 需要の回復 / 需要が増 / 需要が低 / 悪化 / グローバルニッチトップ / トップシェア / シェア拡大 / レアアース
20260807,6638,6638_1130_Mimaki_2027年3月期 第1四半期決算短信[日本基準](連結).pdf,,,,,,,,,,,4 5,,,,,,,,,,,,,価格交渉 / 増産 / 価格改定 / 価格転嫁 / 値上 / 想定以上 / 上方修正 / 下方修正 / 想定以下 / 未達 / 大幅 / 計画を上 / 計画を下 / 計画以 / 需要回復 / 需要の回復 / 需要が増 / 需要が低 / 悪化 / グローバルニッチトップ / トップシェア / シェア拡大 / レアアース
20260807,6742,6742_1530_京三製_2027年3月期 第1四半期決算短信〔日本基準〕(連結).pdf,,,,,,,,,,,4,,,,,,,,,,,,,価格交渉 / 増産 / 価格改定 / 価格転嫁 / 値上 / 想定以上 / 上方修正 / 下方修正 / 想定以下 / 未達 / 大幅 / 計画を上 / 計画を下 / 計画以 / 需要回復 / 需要の回復 / 需要が増 / 需要が低 / 悪化 / グローバルニッチトップ / トップシェア / シェア拡大 / レアアース
20260807,6779,6779_1530_日電波_2027年3月期 第1四半期決算短信〔IFRS〕(連結).pdf,,,,,,,,,,,4,,,,,,,,,,,,,価格交渉 / 増産 / 価格改定 / 価格転嫁 / 値上 / 想定以上 / 上方修正 / 下方修正 / 想定以下 / 未達 / 大幅 / 計画を上 / 計画を下 / 計画以 / 需要回復 / 需要の回復 / 需要が増 / 需要が低 / 悪化 / グローバルニッチトップ / トップシェア / シェア拡大 / レアアース
20260807,6794,6794_1530_フォスター電_2027年3月期 第1四半期決算において想定されるご質問に対する回答について.pdf,,,,,,,,,,,2,,,,,,,,,,,,,価格交渉 / 増産 / 価格改定 / 価格転嫁 / 値上 / 想定以上 / 上方修正 / 下方修正 / 想定以下 / 未達 / 大幅 / 計画を上 / 計画を下 / 計画以 / 需要回復 / 需要の回復 / 需要が増 / 需要が低 / 悪化 / グローバルニッチトップ / トップシェア / シェア拡大 / レアアース
20260807,6856,6856_1530_堀場製_2026年12月期 第2四半期(中間期)決算短信〔日本基準〕(連結).pdf,,,,,,,5 6,,,,,,,,,,,,,,,,,価格交渉 / 増産 / 価格改定 / 価格転嫁 / 値上 / 想定以上 / 上方修正 / 下方修正 / 想定以下 / 未達 / 大幅 / 計画を上 / 計画を下 / 計画以 / 需要回復 / 需要の回復 / 需要が増 / 需要が低 / 悪化 / グローバルニッチトップ / トップシェア / シェア拡大 / レアアース
20260807,6856,6856_1530_堀場製_中長期経営計画「MLMAP2028」を更新.pdf,,,,,,,1,,,,,,,,,,,,,,,,,価格交渉 / 増産 / 価格改定 / 価格転嫁 / 値上 / 想定以上 / 上方修正 / 下方修正 / 想定以下 / 未達 / 大幅 / 計画を上 / 計画を下 / 計画以 / 需要回復 / 需要の回復 / 需要が増 / 需要が低 / 悪化 / グローバルニッチトップ / トップシェア / シェア拡大 / レアアース
20260807,6856,6856_1530_堀場製_剰余金の配当(中間配当)の実施及び配当予想の修正に関するお知らせ.pdf,,,,,,,2,,,,,,,,,,,,,,,,,価格交渉 / 増産 / 価格改定 / 価格転嫁 / 値上 / 想定以上 / 上方修正 / 下方修正 / 想定以下 / 未達 / 大幅 / 計画を上 / 計画を下 / 計画以 / 需要回復 / 需要の回復 / 需要が増 / 需要が低 / 悪化 / グローバルニッチトップ / トップシェア / シェア拡大 / レアアース
20260807,6869,6869_1530_シスメックス_2027年3月期 第1四半期決算短信〔IFRS〕(連結).pdf,,,,,,,,,,,,,,,,,,,5,,,,,価格交渉 / 増産 / 価格改定 / 価格転嫁 / 値上 / 想定以上 / 上方修正 / 下方修正 / 想定以下 / 未達 / 大幅 / 計画を上 / 計画を下 / 計画以 / 需要回復 / 需要の回復 / 需要が増 / 需要が低 / 悪化 / グローバルニッチトップ / トップシェア / シェア拡大 / レアアース
20260807,6915,6915_1530_千代インテ_2026年12月期 第2四半期(中間期)決算短信〔日本基準〕(連結).pdf,,4,,,,,,,,,,,,,,,,,,,,,,価格交渉 / 増産 / 価格改定 / 価格転嫁 / 値上 / 想定以上 / 上方修正 / 下方修正 / 想定以下 / 未達 / 大幅 / 計画を上 / 計画を下 / 計画以 / 需要回復 / 需要の回復 / 需要が増 / 需要が低 / 悪化 / グローバルニッチトップ / トップシェア / シェア拡大 / レアアース
20260807,6929,6929_1510_日セラミック_2026年12月期 第2四半期(中間期)決算短信[日本基準](連結).pdf,,,,,,,,,,,,,,,,,,,4,,,,,価格交渉 / 増産 / 価格改定 / 価格転嫁 / 値上 / 想定以上 / 上方修正 / 下方修正 / 想定以下 / 未達 / 大幅 / 計画を上 / 計画を下 / 計画以 / 需要回復 / 需要の回復 / 需要が増 / 需要が低 / 悪化 / グローバルニッチトップ / トップシェア / シェア拡大 / レアアース
20260807,7012,7012_1130_川崎重_2027年3月期 第1四半期決算短信〔IFRS〕(連結).pdf,,16,,,,,,,,,,,,,,,,,,,,,,価格交渉 / 増産 / 価格改定 / 価格転嫁 / 値上 / 想定以上 / 上方修正 / 下方修正 / 想定以下 / 未達 / 大幅 / 計画を上 / 計画を下 / 計画以 / 需要回復 / 需要の回復 / 需要が増 / 需要が低 / 悪化 / グローバルニッチトップ / トップシェア / シェア拡大 / レアアース
20260807,7030,7030_1530_スプリックス_2026年9月期第3四半期決算説明資料.pdf,,,,,,,,,,,11,,,,,,,,,,,,,価格交渉 / 増産 / 価格改定 / 価格転嫁 / 値上 / 想定以上 / 上方修正 / 下方修正 / 想定以下 / 未達 / 大幅 / 計画を上 / 計画を下 / 計画以 / 需要回復 / 需要の回復 / 需要が増 / 需要が低 / 悪化 / グローバルニッチトップ / トップシェア / シェア拡大 / レアアース
20260807,7060,7060_1500_ギークス_2027年3月期第1四半期決算説明資料.pdf,,,,,,,,,,,17 21 27,,,,,,,,,,,,,価格交渉 / 増産 / 価格改定 / 価格転嫁 / 値上 / 想定以上 / 上方修正 / 下方修正 / 想定以下 / 未達 / 大幅 / 計画を上 / 計画を下 / 計画以 / 需要回復 / 需要の回復 / 需要が増 / 需要が低 / 悪化 / グローバルニッチトップ / トップシェア / シェア拡大 / レアアース
20260807,7067,7067_1530_G-ブランディング_2027年3月期第1四半期決算説明資料.pdf,,,,,,,,,,,24 26 27,,,,,,,,,,,,,価格交渉 / 増産 / 価格改定 / 価格転嫁 / 値上 / 想定以上 / 上方修正 / 下方修正 / 想定以下 / 未達 / 大幅 / 計画を上 / 計画を下 / 計画以 / 需要回復 / 需要の回復 / 需要が増 / 需要が低 / 悪化 / グローバルニッチトップ / トップシェア / シェア拡大 / レアアース
20260807,7181,7181_1530_かんぽ生命保険_2027年3月期 第1四半期決算の概要.pdf,,,,,,,,,,,,4,,,,,,,,,,,,価格交渉 / 増産 / 価格改定 / 価格転嫁 / 値上 / 想定以上 / 上方修正 / 下方修正 / 想定以下 / 未達 / 大幅 / 計画を上 / 計画を下 / 計画以 / 需要回復 / 需要の回復 / 需要が増 / 需要が低 / 悪化 / グローバルニッチトップ / トップシェア / シェア拡大 / レアアース
20260807,7213,7213_1000_レシップHD_2027年3月期 第1四半期決算説明資料.pdf,,,,,,,,,,,23,,,,,,,,,,,,,価格交渉 / 増産 / 価格改定 / 価格転嫁 / 値上 / 想定以上 / 上方修正 / 下方修正 / 想定以下 / 未達 / 大幅 / 計画を上 / 計画を下 / 計画以 / 需要回復 / 需要の回復 / 需要が増 / 需要が低 / 悪化 / グローバルニッチトップ / トップシェア / シェア拡大 / レアアース
20260807,7213,7213_1000_レシップHD_2027年3月期第1四半期決算短信〔日本基準〕(連結).pdf,4,,,,,,,,,,,,,,,,,,,,,,,価格交渉 / 増産 / 価格改定 / 価格転嫁 / 値上 / 想定以上 / 上方修正 / 下方修正 / 想定以下 / 未達 / 大幅 / 計画を上 / 計画を下 / 計画以 / 需要回復 / 需要の回復 / 需要が増 / 需要が低 / 悪化 / グローバルニッチトップ / トップシェア / シェア拡大 / レアアース
20260807,7279,7279_1530_ハイレックス_中国蘇州技術センター(海外子会社)設立に関するお知らせ.pdf,,,,,,,,,,,,,,,,,,,,,,1,,価格交渉 / 増産 / 価格改定 / 価格転嫁 / 値上 / 想定以上 / 上方修正 / 下方修正 / 想定以下 / 未達 / 大幅 / 計画を上 / 計画を下 / 計画以 / 需要回復 / 需要の回復 / 需要が増 / 需要が低 / 悪化 / グローバルニッチトップ / トップシェア / シェア拡大 / レアアース
20260807,7313,7313_1530_TSテック_2027年3月期第1四半期決算短信〔IFRS〕(連結).pdf,,4,,,,,,,,,,,,,,,,,,,,,,価格交渉 / 増産 / 価格改定 / 価格転嫁 / 値上 / 想定以上 / 上方修正 / 下方修正 / 想定以下 / 未達 / 大幅 / 計画を上 / 計画を下 / 計画以 / 需要回復 / 需要の回復 / 需要が増 / 需要が低 / 悪化 / グローバルニッチトップ / トップシェア / シェア拡大 / レアアース
20260807,7358,7358_1530_ポピンズ_2026年12月期 第2四半期 決算説明会資料.pdf,,,8 9 15 16 17 18 19 33,,,,,,,,,,,,,,,,,,,,,価格交渉 / 増産 / 価格改定 / 価格転嫁 / 値上 / 想定以上 / 上方修正 / 下方修正 / 想定以下 / 未達 / 大幅 / 計画を上 / 計画を下 / 計画以 / 需要回復 / 需要の回復 / 需要が増 / 需要が低 / 悪化 / グローバルニッチトップ / トップシェア / シェア拡大 / レアアース
20260807,7417,7417_1530_南陽_2027年3月期第1四半期決算短信〔日本基準〕(連結).pdf,,4,,,,,,,,,,,,,,,,,,,,,,価格交渉 / 増産 / 価格改定 / 価格転嫁 / 値上 / 想定以上 / 上方修正 / 下方修正 / 想定以下 / 未達 / 大幅 / 計画を上 / 計画を下 / 計画以 / 需要回復 / 需要の回復 / 需要が増 / 需要が低 / 悪化 / グローバルニッチトップ / トップシェア / シェア拡大 / レアアース
20260807,7441,7441_1400_Misumi_2027年3月期 第1四半期決算短信〔日本基準〕(連結).pdf,,,,,,,,,,,,,,,,,,,,,,4,,価格交渉 / 増産 / 価格改定 / 価格転嫁 / 値上 / 想定以上 / 上方修正 / 下方修正 / 想定以下 / 未達 / 大幅 / 計画を上 / 計画を下 / 計画以 / 需要回復 / 需要の回復 / 需要が増 / 需要が低 / 悪化 / グローバルニッチトップ / トップシェア / シェア拡大 / レアアース
20260807,7500,7500_1530_西川計測_2026年6月期決算短信[日本基準](非連結).pdf,,,,,,,,,,,,,,,,,,,6,,,,,価格交渉 / 増産 / 価格改定 / 価格転嫁 / 値上 / 想定以上 / 上方修正 / 下方修正 / 想定以下 / 未達 / 大幅 / 計画を上 / 計画を下 / 計画以 / 需要回復 / 需要の回復 / 需要が増 / 需要が低 / 悪化 / グローバルニッチトップ / トップシェア / シェア拡大 / レアアース
20260807,7500,7500_1530_西川計測_剰余金の配当(増配)に関するお知らせ.pdf,,,,,,,,,,,,,,,,,,,1,,,,,価格交渉 / 増産 / 価格改定 / 価格転嫁 / 値上 / 想定以上 / 上方修正 / 下方修正 / 想定以下 / 未達 / 大幅 / 計画を上 / 計画を下 / 計画以 / 需要回復 / 需要の回復 / 需要が増 / 需要が低 / 悪化 / グローバルニッチトップ / トップシェア / シェア拡大 / レアアース
20260807,7606,7606_1230_Uアローズ_2027年3月期第1四半期決算短信〔日本基準〕(連結).pdf,,,,,,,,,,,,,,,,4,,,,,,,,価格交渉 / 増産 / 価格改定 / 価格転嫁 / 値上 / 想定以上 / 上方修正 / 下方修正 / 想定以下 / 未達 / 大幅 / 計画を上 / 計画を下 / 計画以 / 需要回復 / 需要の回復 / 需要が増 / 需要が低 / 悪化 / グローバルニッチトップ / トップシェア / シェア拡大 / レアアース
20260807,7625,7625_1040_Gダイニング_2026年12月期第2四半期(中間期)決算説明会資料.pdf,,,,,,,,,,,5 6 16 20,,,,,,,,,,,,,価格交渉 / 増産 / 価格改定 / 価格転嫁 / 値上 / 想定以上 / 上方修正 / 下方修正 / 想定以下 / 未達 / 大幅 / 計画を上 / 計画を下 / 計画以 / 需要回復 / 需要の回復 / 需要が増 / 需要が低 / 悪化 / グローバルニッチトップ / トップシェア / シェア拡大 / レアアース
20260807,7681,7681_1530_レオクラン_2026年9月期 第3四半期決算補足説明資料.pdf,,,,,,,,,,,,,,,,,,,20,,,,,価格交渉 / 増産 / 価格改定 / 価格転嫁 / 値上 / 想定以上 / 上方修正 / 下方修正 / 想定以下 / 未達 / 大幅 / 計画を上 / 計画を下 / 計画以 / 需要回復 / 需要の回復 / 需要が増 / 需要が低 / 悪化 / グローバルニッチトップ / トップシェア / シェア拡大 / レアアース
20260807,7716,7716_1400_ナカニシ_第2四半期連結業績予想と実績値との差異および通期業績予想の修正(上方修正)に関するお知らせ.pdf,,,,,,,1 2,,,,,,,,,,,,,,,,,価格交渉 / 増産 / 価格改定 / 価格転嫁 / 値上 / 想定以上 / 上方修正 / 下方修正 / 想定以下 / 未達 / 大幅 / 計画を上 / 計画を下 / 計画以 / 需要回復 / 需要の回復 / 需要が増 / 需要が低 / 悪化 / グローバルニッチトップ / トップシェア / シェア拡大 / レアアース
20260807,7716,7716_1400_ナカニシ_自己株式の取得枠拡大に関するお知らせ(会社法第165条第2項の規定による定款の定めに基づく自己株式の取得).pdf,,,,,,,1,,,,,,,,,,,,,,,,,価格交渉 / 増産 / 価格改定 / 価格転嫁 / 値上 / 想定以上 / 上方修正 / 下方修正 / 想定以下 / 未達 / 大幅 / 計画を上 / 計画を下 / 計画以 / 需要回復 / 需要の回復 / 需要が増 / 需要が低 / 悪化 / グローバルニッチトップ / トップシェア / シェア拡大 / レアアース
20260807,7733,7733_1530_オリンパス_2027年3月期 第1四半期決算短信〔IFRS〕(連結).pdf,,,,,,,,,,,,,,,,,,,5 6,,,,,価格交渉 / 増産 / 価格改定 / 価格転嫁 / 値上 / 想定以上 / 上方修正 / 下方修正 / 想定以下 / 未達 / 大幅 / 計画を上 / 計画を下 / 計画以 / 需要回復 / 需要の回復 / 需要が増 / 需要が低 / 悪化 / グローバルニッチトップ / トップシェア / シェア拡大 / レアアース
20260807,7780,7780_1400_メニコン_2027年3月期 第1四半期決算説明資料.pdf,,,,,4 10 12 13,,,,,,,,,,,,,,,,,,,価格交渉 / 増産 / 価格改定 / 価格転嫁 / 値上 / 想定以上 / 上方修正 / 下方修正 / 想定以下 / 未達 / 大幅 / 計画を上 / 計画を下 / 計画以 / 需要回復 / 需要の回復 / 需要が増 / 需要が低 / 悪化 / グローバルニッチトップ / トップシェア / シェア拡大 / レアアース
20260807,7821,7821_1430_前田工繊_2026年6月期 決算短信〔日本基準〕(連結).pdf,,,,,,,,,,,4,,,,,,,,,,,,,価格交渉 / 増産 / 価格改定 / 価格転嫁 / 値上 / 想定以上 / 上方修正 / 下方修正 / 想定以下 / 未達 / 大幅 / 計画を上 / 計画を下 / 計画以 / 需要回復 / 需要の回復 / 需要が増 / 需要が低 / 悪化 / グローバルニッチトップ / トップシェア / シェア拡大 / レアアース
20260807,7868,7868_1530_広済堂HD_2027年3月期第1四半期決算説明資料.pdf,,,,,,,,,,,32,,,,,,,,,,,,,価格交渉 / 増産 / 価格改定 / 価格転嫁 / 値上 / 想定以上 / 上方修正 / 下方修正 / 想定以下 / 未達 / 大幅 / 計画を上 / 計画を下 / 計画以 / 需要回復 / 需要の回復 / 需要が増 / 需要が低 / 悪化 / グローバルニッチトップ / トップシェア / シェア拡大 / レアアース
20260807,7877,7877_1530_永大化工_2027年3月期 第1四半期決算短信〔日本基準〕(連結).pdf,,,,,,,,,,,4,,,,,,,,,,,,,価格交渉 / 増産 / 価格改定 / 価格転嫁 / 値上 / 想定以上 / 上方修正 / 下方修正 / 想定以下 / 未達 / 大幅 / 計画を上 / 計画を下 / 計画以 / 需要回復 / 需要の回復 / 需要が増 / 需要が低 / 悪化 / グローバルニッチトップ / トップシェア / シェア拡大 / レアアース
20260807,7914,7914_1500_共同印_2027年3月期第2四半期(中間期)連結業績予想の修正に関するお知らせ.pdf,,,,1,,,,,,,,,,,,,,,,,,,,価格交渉 / 増産 / 価格改定 / 価格転嫁 / 値上 / 想定以上 / 上方修正 / 下方修正 / 想定以下 / 未達 / 大幅 / 計画を上 / 計画を下 / 計画以 / 需要回復 / 需要の回復 / 需要が増 / 需要が低 / 悪化 / グローバルニッチトップ / トップシェア / シェア拡大 / レアアース
20260807,7932,7932_1530_ニッピ_2027年3月期第1四半期決算短信〔日本基準〕(連結).pdf,,,,,,,,,,,,,,,5,,,,,,,,,価格交渉 / 増産 / 価格改定 / 価格転嫁 / 値上 / 想定以上 / 上方修正 / 下方修正 / 想定以下 / 未達 / 大幅 / 計画を上 / 計画を下 / 計画以 / 需要回復 / 需要の回復 / 需要が増 / 需要が低 / 悪化 / グローバルニッチトップ / トップシェア / シェア拡大 / レアアース
20260807,7942,7942_1530_JSP_2027年3月期 第1四半期決算短信〔日本基準〕(連結)(公認会計士等による期中レビューの完了).pdf,,,5,,,,,,,,,,,,,,,,,,,,,価格交渉 / 増産 / 価格改定 / 価格転嫁 / 値上 / 想定以上 / 上方修正 / 下方修正 / 想定以下 / 未達 / 大幅 / 計画を上 / 計画を下 / 計画以 / 需要回復 / 需要の回復 / 需要が増 / 需要が低 / 悪化 / グローバルニッチトップ / トップシェア / シェア拡大 / レアアース
20260807,7944,7944_1130_ローランド_2026年12月期第2四半期(中間期)決算短信〔日本基準〕(連結).pdf,,,,,,,,,,,,,,,4,,,,,,,,,価格交渉 / 増産 / 価格改定 / 価格転嫁 / 値上 / 想定以上 / 上方修正 / 下方修正 / 想定以下 / 未達 / 大幅 / 計画を上 / 計画を下 / 計画以 / 需要回復 / 需要の回復 / 需要が増 / 需要が低 / 悪化 / グローバルニッチトップ / トップシェア / シェア拡大 / レアアース
20260807,7952,7952_1530_河合楽器_2027年3月期 第1四半期決算短信〔日本基準〕(連結).pdf,,,,,,,,,,,,,,,,,,,,,,4,,価格交渉 / 増産 / 価格改定 / 価格転嫁 / 値上 / 想定以上 / 上方修正 / 下方修正 / 想定以下 / 未達 / 大幅 / 計画を上 / 計画を下 / 計画以 / 需要回復 / 需要の回復 / 需要が増 / 需要が低 / 悪化 / グローバルニッチトップ / トップシェア / シェア拡大 / レアアース
20260807,7953,7953_1530_菊水化学工業_2027年3月期 第1四半期決算短信[日本基準](連結).pdf,,,,,,,,,,,,,,,,4,,,,,,,,価格交渉 / 増産 / 価格改定 / 価格転嫁 / 値上 / 想定以上 / 上方修正 / 下方修正 / 想定以下 / 未達 / 大幅 / 計画を上 / 計画を下 / 計画以 / 需要回復 / 需要の回復 / 需要が増 / 需要が低 / 悪化 / グローバルニッチトップ / トップシェア / シェア拡大 / レアアース
20260807,7953,7953_1530_菊水化学工業_2027年3月期 第2四半期累計期間及び通期連結業績予想の公表に関するお知らせ.pdf,,,,2,,,,,,,,,,,,,,,,,,,,価格交渉 / 増産 / 価格改定 / 価格転嫁 / 値上 / 想定以上 / 上方修正 / 下方修正 / 想定以下 / 未達 / 大幅 / 計画を上 / 計画を下 / 計画以 / 需要回復 / 需要の回復 / 需要が増 / 需要が低 / 悪化 / グローバルニッチトップ / トップシェア / シェア拡大 / レアアース
20260807,7987,7987_1530_ナカバヤシ_2027年3月期 第1四半期決算短信〔日本基準〕(連結).pdf,,,4,,,,,,,,,,,,,,,,,,,,,価格交渉 / 増産 / 価格改定 / 価格転嫁 / 値上 / 想定以上 / 上方修正 / 下方修正 / 想定以下 / 未達 / 大幅 / 計画を上 / 計画を下 / 計画以 / 需要回復 / 需要の回復 / 需要が増 / 需要が低 / 悪化 / グローバルニッチトップ / トップシェア / シェア拡大 / レアアース
20260807,7990,7990_1530_グローブライド_2027年3月期 第1四半期決算短信〔日本基準〕(連結).pdf,,,,,,,,,,,,,,,,,,,4,,,,,価格交渉 / 増産 / 価格改定 / 価格転嫁 / 値上 / 想定以上 / 上方修正 / 下方修正 / 想定以下 / 未達 / 大幅 / 計画を上 / 計画を下 / 計画以 / 需要回復 / 需要の回復 / 需要が増 / 需要が低 / 悪化 / グローバルニッチトップ / トップシェア / シェア拡大 / レアアース
20260807,7990,7990_1530_グローブライド_業績予想の修正に関するお知らせ.pdf,,,,,,,,,,,,,,,,,,,4 5,,,,,価格交渉 / 増産 / 価格改定 / 価格転嫁 / 値上 / 想定以上 / 上方修正 / 下方修正 / 想定以下 / 未達 / 大幅 / 計画を上 / 計画を下 / 計画以 / 需要回復 / 需要の回復 / 需要が増 / 需要が低 / 悪化 / グローバルニッチトップ / トップシェア / シェア拡大 / レアアース
20260807,7994,7994_1530_オカムラ_2027年3月期第1四半期決算短信〔日本基準〕(連結).pdf,,,5,,,,,,,,,,,,,,,,,,,,,価格交渉 / 増産 / 価格改定 / 価格転嫁 / 値上 / 想定以上 / 上方修正 / 下方修正 / 想定以下 / 未達 / 大幅 / 計画を上 / 計画を下 / 計画以 / 需要回復 / 需要の回復 / 需要が増 / 需要が低 / 悪化 / グローバルニッチトップ / トップシェア / シェア拡大 / レアアース
20260807,8006,8006_1500_ユアサフナ_2027年3月期 第1四半期決算短信〔日本基準〕(連結).pdf,,,,,4,,,,,,,,,,,,,,,,,,,価格交渉 / 増産 / 価格改定 / 価格転嫁 / 値上 / 想定以上 / 上方修正 / 下方修正 / 想定以下 / 未達 / 大幅 / 計画を上 / 計画を下 / 計画以 / 需要回復 / 需要の回復 / 需要が増 / 需要が低 / 悪化 / グローバルニッチトップ / トップシェア / シェア拡大 / レアアース
20260807,8050,8050_1530_セイコーG_2027年3月期 第1四半期決算短信[日本基準](連結).pdf,,,,,,,,,,,4 5 6,,,,,,,,,,,,,価格交渉 / 増産 / 価格改定 / 価格転嫁 / 値上 / 想定以上 / 上方修正 / 下方修正 / 想定以下 / 未達 / 大幅 / 計画を上 / 計画を下 / 計画以 / 需要回復 / 需要の回復 / 需要が増 / 需要が低 / 悪化 / グローバルニッチトップ / トップシェア / シェア拡大 / レアアース
20260807,8061,8061_1400_西華産_2027年3月期第1四半期決算短信〔日本基準〕(連結).pdf,,,,,,,,,,,4,,,,,,,,,,,,,価格交渉 / 増産 / 価格改定 / 価格転嫁 / 値上 / 想定以上 / 上方修正 / 下方修正 / 想定以下 / 未達 / 大幅 / 計画を上 / 計画を下 / 計画以 / 需要回復 / 需要の回復 / 需要が増 / 需要が低 / 悪化 / グローバルニッチトップ / トップシェア / シェア拡大 / レアアース
20260807,8061,8061_1400_西華産_業績予想および配当予想の修正に関するお知らせ.pdf,,,,,,,1,,,,,,,,,,,,,,,,,価格交渉 / 増産 / 価格改定 / 価格転嫁 / 値上 / 想定以上 / 上方修正 / 下方修正 / 想定以下 / 未達 / 大幅 / 計画を上 / 計画を下 / 計画以 / 需要回復 / 需要の回復 / 需要が増 / 需要が低 / 悪化 / グローバルニッチトップ / トップシェア / シェア拡大 / レアアース
20260807,8078,8078_1300_阪和興_2026年度(2027年3月期) 第1四半期 決算説明資料.pdf,,,,,,,,,,,,,,,,,,,5,,,,,価格交渉 / 増産 / 価格改定 / 価格転嫁 / 値上 / 想定以上 / 上方修正 / 下方修正 / 想定以下 / 未達 / 大幅 / 計画を上 / 計画を下 / 計画以 / 需要回復 / 需要の回復 / 需要が増 / 需要が低 / 悪化 / グローバルニッチトップ / トップシェア / シェア拡大 / レアアース
20260807,8078,8078_1300_阪和興_2027年3月期 第1四半期決算短信〔日本基準〕(連結).pdf,,,,,,,,,,,,,,,,,,,4,,,,,価格交渉 / 増産 / 価格改定 / 価格転嫁 / 値上 / 想定以上 / 上方修正 / 下方修正 / 想定以下 / 未達 / 大幅 / 計画を上 / 計画を下 / 計画以 / 需要回復 / 需要の回復 / 需要が増 / 需要が低 / 悪化 / グローバルニッチトップ / トップシェア / シェア拡大 / レアアース
20260807,8093,8093_1530_極東貿易_2027年3月期第1四半期決算短信〔日本基準〕(連結).pdf,,,,,,,,,,,5,,,,,,,,,,,,,価格交渉 / 増産 / 価格改定 / 価格転嫁 / 値上 / 想定以上 / 上方修正 / 下方修正 / 想定以下 / 未達 / 大幅 / 計画を上 / 計画を下 / 計画以 / 需要回復 / 需要の回復 / 需要が増 / 需要が低 / 悪化 / グローバルニッチトップ / トップシェア / シェア拡大 / レアアース
20260807,8153,8153_1530_モスフード_2027年3月期第1四半期決算補足説明資料.pdf,,,3,,,,,,,,,,,,,,,,,,,,,価格交渉 / 増産 / 価格改定 / 価格転嫁 / 値上 / 想定以上 / 上方修正 / 下方修正 / 想定以下 / 未達 / 大幅 / 計画を上 / 計画を下 / 計画以 / 需要回復 / 需要の回復 / 需要が増 / 需要が低 / 悪化 / グローバルニッチトップ / トップシェア / シェア拡大 / レアアース
20260807,8163,8163_1130_SRSHD_令和9年3月期 第1四半期決算短信〔日本基準〕(連結).pdf,,,,,,,,,,,,,4,,,,,,,,,,,価格交渉 / 増産 / 価格改定 / 価格転嫁 / 値上 / 想定以上 / 上方修正 / 下方修正 / 想定以下 / 未達 / 大幅 / 計画を上 / 計画を下 / 計画以 / 需要回復 / 需要の回復 / 需要が増 / 需要が低 / 悪化 / グローバルニッチトップ / トップシェア / シェア拡大 / レアアース
20260807,8163,8163_1130_SRSHD_令和9年3月期第1四半期決算説明資料.pdf,,,,,,,,,,,15,,,,,,,,,,,,,価格交渉 / 増産 / 価格改定 / 価格転嫁 / 値上 / 想定以上 / 上方修正 / 下方修正 / 想定以下 / 未達 / 大幅 / 計画を上 / 計画を下 / 計画以 / 需要回復 / 需要の回復 / 需要が増 / 需要が低 / 悪化 / グローバルニッチトップ / トップシェア / シェア拡大 / レアアース
20260807,8165,8165_1530_千趣会_2026年12月期 第2四半期(中間期)決算短信〔日本基準〕(連結).pdf,,,,,,,,,,4,,,,,,,,,,,,,,価格交渉 / 増産 / 価格改定 / 価格転嫁 / 値上 / 想定以上 / 上方修正 / 下方修正 / 想定以下 / 未達 / 大幅 / 計画を上 / 計画を下 / 計画以 / 需要回復 / 需要の回復 / 需要が増 / 需要が低 / 悪化 / グローバルニッチトップ / トップシェア / シェア拡大 / レアアース
20260807,8207,8207_1530_テンアライド_2027年3月期 第1四半期決算短信〔日本基準〕(連結).pdf,,,,,,,,,,,,,,,,,,,5,,,,,価格交渉 / 増産 / 価格改定 / 価格転嫁 / 値上 / 想定以上 / 上方修正 / 下方修正 / 想定以下 / 未達 / 大幅 / 計画を上 / 計画を下 / 計画以 / 需要回復 / 需要の回復 / 需要が増 / 需要が低 / 悪化 / グローバルニッチトップ / トップシェア / シェア拡大 / レアアース
20260807,8226,8226_1530_理経_2027年3月期 第1四半期決算補足説明資料.pdf,,,,,,,,,,,,,,,3,,,,,,,,,価格交渉 / 増産 / 価格改定 / 価格転嫁 / 値上 / 想定以上 / 上方修正 / 下方修正 / 想定以下 / 未達 / 大幅 / 計画を上 / 計画を下 / 計画以 / 需要回復 / 需要の回復 / 需要が増 / 需要が低 / 悪化 / グローバルニッチトップ / トップシェア / シェア拡大 / レアアース
20260807,8392,8392_1500_大分銀_2027年3月期第1四半期決算短信〔日本基準〕(連結).pdf,,,,,,,,,,,9,,,,,,,,,,,,,価格交渉 / 増産 / 価格改定 / 価格転嫁 / 値上 / 想定以上 / 上方修正 / 下方修正 / 想定以下 / 未達 / 大幅 / 計画を上 / 計画を下 / 計画以 / 需要回復 / 需要の回復 / 需要が増 / 需要が低 / 悪化 / グローバルニッチトップ / トップシェア / シェア拡大 / レアアース
20260807,8416,8416_1500_高知銀行_業績予想の修正に関するお知らせ.pdf,,,,,,,,2,,,,,,,,,,,,,,,,価格交渉 / 増産 / 価格改定 / 価格転嫁 / 値上 / 想定以上 / 上方修正 / 下方修正 / 想定以下 / 未達 / 大幅 / 計画を上 / 計画を下 / 計画以 / 需要回復 / 需要の回復 / 需要が増 / 需要が低 / 悪化 / グローバルニッチトップ / トップシェア / シェア拡大 / レアアース
20260807,8594,8594_1445_中道リース_2026年12月期 第2四半期(中間期)決算短信(日本基準)(非連結).pdf,,,,,,,,,,,,,,,,,,,4,,,,,価格交渉 / 増産 / 価格改定 / 価格転嫁 / 値上 / 想定以上 / 上方修正 / 下方修正 / 想定以下 / 未達 / 大幅 / 計画を上 / 計画を下 / 計画以 / 需要回復 / 需要の回復 / 需要が増 / 需要が低 / 悪化 / グローバルニッチトップ / トップシェア / シェア拡大 / レアアース
20260807,8715,8715_1530_アニコム HD_2027年3月期 第1四半期決算補足説明資料.pdf,,,,,,,,,,,4 13,,,,,,,,,,,,,価格交渉 / 増産 / 価格改定 / 価格転嫁 / 値上 / 想定以上 / 上方修正 / 下方修正 / 想定以下 / 未達 / 大幅 / 計画を上 / 計画を下 / 計画以 / 需要回復 / 需要の回復 / 需要が増 / 需要が低 / 悪化 / グローバルニッチトップ / トップシェア / シェア拡大 / レアアース
20260807,8801,8801_1530_三井不_2027年3月期 第1四半期決算短信〔日本基準〕(連結).pdf,,,,,,,,,,11,,,,,,,,,,,,,,価格交渉 / 増産 / 価格改定 / 価格転嫁 / 値上 / 想定以上 / 上方修正 / 下方修正 / 想定以下 / 未達 / 大幅 / 計画を上 / 計画を下 / 計画以 / 需要回復 / 需要の回復 / 需要が増 / 需要が低 / 悪化 / グローバルニッチトップ / トップシェア / シェア拡大 / レアアース
20260807,8802,8802_1530_三菱地所_2026年度第1四半期決算ハイライト.pdf,,,,,,,,,,,1,,,,,,,,,,,,,価格交渉 / 増産 / 価格改定 / 価格転嫁 / 値上 / 想定以上 / 上方修正 / 下方修正 / 想定以下 / 未達 / 大幅 / 計画を上 / 計画を下 / 計画以 / 需要回復 / 需要の回復 / 需要が増 / 需要が低 / 悪化 / グローバルニッチトップ / トップシェア / シェア拡大 / レアアース
20260807,8848,8848_1530_レオパレス21_2027年3月期 第1四半期プレゼンテーション資料.pdf,,,,,,,,,,,5,,,,,,,,,,,,,価格交渉 / 増産 / 価格改定 / 価格転嫁 / 値上 / 想定以上 / 上方修正 / 下方修正 / 想定以下 / 未達 / 大幅 / 計画を上 / 計画を下 / 計画以 / 需要回復 / 需要の回復 / 需要が増 / 需要が低 / 悪化 / グローバルニッチトップ / トップシェア / シェア拡大 / レアアース
20260807,9045,9045_1400_京阪HD_2027年3月期 第1四半期 決算補足資料.pdf,,,,,,,,,,,,,,,,10,,,,,,,,価格交渉 / 増産 / 価格改定 / 価格転嫁 / 値上 / 想定以上 / 上方修正 / 下方修正 / 想定以下 / 未達 / 大幅 / 計画を上 / 計画を下 / 計画以 / 需要回復 / 需要の回復 / 需要が増 / 需要が低 / 悪化 / グローバルニッチトップ / トップシェア / シェア拡大 / レアアース
20260807,9074,9074_1400_日石輸_2027年3月期 第1四半期決算短信〔日本基準〕(連結).pdf,,,,,,,,,,,,,,,,,,,,,,4,,価格交渉 / 増産 / 価格改定 / 価格転嫁 / 値上 / 想定以上 / 上方修正 / 下方修正 / 想定以下 / 未達 / 大幅 / 計画を上 / 計画を下 / 計画以 / 需要回復 / 需要の回復 / 需要が増 / 需要が低 / 悪化 / グローバルニッチトップ / トップシェア / シェア拡大 / レアアース
20260807,9143,9143_1530_SGホールディングス_2027年3月期 第1四半期決算短信〔日本基準〕(連結).pdf,4,,,,,,,,,,,,,,,,,,,,,,,価格交渉 / 増産 / 価格改定 / 価格転嫁 / 値上 / 想定以上 / 上方修正 / 下方修正 / 想定以下 / 未達 / 大幅 / 計画を上 / 計画を下 / 計画以 / 需要回復 / 需要の回復 / 需要が増 / 需要が低 / 悪化 / グローバルニッチトップ / トップシェア / シェア拡大 / レアアース
20260807,9147,9147_1530_NXHD_2026年12月期第2四半期(中間期)決算短信〔IFRS〕(連結).pdf,,,,,,,,,,,,,,,,,,,4 5,,,,,価格交渉 / 増産 / 価格改定 / 価格転嫁 / 値上 / 想定以上 / 上方修正 / 下方修正 / 想定以下 / 未達 / 大幅 / 計画を上 / 計画を下 / 計画以 / 需要回復 / 需要の回復 / 需要が増 / 需要が低 / 悪化 / グローバルニッチトップ / トップシェア / シェア拡大 / レアアース
20260807,9165,9165_1530_G-クオルテック_2026年6月期 決算説明資料.pdf,,,,,,,,,,,2 6 9,,,,,,,,,,,,,価格交渉 / 増産 / 価格改定 / 価格転嫁 / 値上 / 想定以上 / 上方修正 / 下方修正 / 想定以下 / 未達 / 大幅 / 計画を上 / 計画を下 / 計画以 / 需要回復 / 需要の回復 / 需要が増 / 需要が低 / 悪化 / グローバルニッチトップ / トップシェア / シェア拡大 / レアアース
20260807,9171,9171_1400_栗林船_令和9年3月期第1四半期決算短信〔日本基準〕(連結).pdf,,,,,,,,,,,4,,,,,,,,,,,,,価格交渉 / 増産 / 価格改定 / 価格転嫁 / 値上 / 想定以上 / 上方修正 / 下方修正 / 想定以下 / 未達 / 大幅 / 計画を上 / 計画を下 / 計画以 / 需要回復 / 需要の回復 / 需要が増 / 需要が低 / 悪化 / グローバルニッチトップ / トップシェア / シェア拡大 / レアアース
20260807,9304,9304_1400_渋沢倉_2027年3月期 第1四半期決算短信〔日本基準〕(連結).pdf,,,,,,,,,,,5,,,,,,,,,,,,,価格交渉 / 増産 / 価格改定 / 価格転嫁 / 値上 / 想定以上 / 上方修正 / 下方修正 / 想定以下 / 未達 / 大幅 / 計画を上 / 計画を下 / 計画以 / 需要回復 / 需要の回復 / 需要が増 / 需要が低 / 悪化 / グローバルニッチトップ / トップシェア / シェア拡大 / レアアース
20260807,9330,9330_1530_G-揚羽_通期業績予想の修正に関するお知らせ.pdf,,,,,,,,,,2,,,,,,,,,,,,,,価格交渉 / 増産 / 価格改定 / 価格転嫁 / 値上 / 想定以上 / 上方修正 / 下方修正 / 想定以下 / 未達 / 大幅 / 計画を上 / 計画を下 / 計画以 / 需要回復 / 需要の回復 / 需要が増 / 需要が低 / 悪化 / グローバルニッチトップ / トップシェア / シェア拡大 / レアアース
20260807,9340,9340_1430_アソインター_2026年6月期決算説明資料.pdf,,,,,5,,,,,,,,,,,,,,,,,,,価格交渉 / 増産 / 価格改定 / 価格転嫁 / 値上 / 想定以上 / 上方修正 / 下方修正 / 想定以下 / 未達 / 大幅 / 計画を上 / 計画を下 / 計画以 / 需要回復 / 需要の回復 / 需要が増 / 需要が低 / 悪化 / グローバルニッチトップ / トップシェア / シェア拡大 / レアアース
20260807,9340,9340_1430_アソインター_資本コストや株価を意識した経営の実現に向けた対応について(アップデート).pdf,,,,,,,9,,,,,,,,,,,,,,,,,価格交渉 / 増産 / 価格改定 / 価格転嫁 / 値上 / 想定以上 / 上方修正 / 下方修正 / 想定以下 / 未達 / 大幅 / 計画を上 / 計画を下 / 計画以 / 需要回復 / 需要の回復 / 需要が増 / 需要が低 / 悪化 / グローバルニッチトップ / トップシェア / シェア拡大 / レアアース
20260807,9342,9342_1500_G-スマサポ_2026年9月期第3四半期決算説明資料.pdf,,,,,,,,,,,19 24,,,,,,,,,,,,,価格交渉 / 増産 / 価格改定 / 価格転嫁 / 値上 / 想定以上 / 上方修正 / 下方修正 / 想定以下 / 未達 / 大幅 / 計画を上 / 計画を下 / 計画以 / 需要回復 / 需要の回復 / 需要が増 / 需要が低 / 悪化 / グローバルニッチトップ / トップシェア / シェア拡大 / レアアース
20260807,9438,9438_1400_エムティーアイ_2026年9月期 3Q決算説明会資料.pdf,,,,,,,,4 7,,,,,,,,,,,,,,,,価格交渉 / 増産 / 価格改定 / 価格転嫁 / 値上 / 想定以上 / 上方修正 / 下方修正 / 想定以下 / 未達 / 大幅 / 計画を上 / 計画を下 / 計画以 / 需要回復 / 需要の回復 / 需要が増 / 需要が低 / 悪化 / グローバルニッチトップ / トップシェア / シェア拡大 / レアアース
20260807,9470,9470_1530_学研HD_2026年9月期 第3四半期決算短信〔日本基準〕(連結).pdf,,,7,,,,,,,,,,,,,,,,,,,,,価格交渉 / 増産 / 価格改定 / 価格転嫁 / 値上 / 想定以上 / 上方修正 / 下方修正 / 想定以下 / 未達 / 大幅 / 計画を上 / 計画を下 / 計画以 / 需要回復 / 需要の回復 / 需要が増 / 需要が低 / 悪化 / グローバルニッチトップ / トップシェア / シェア拡大 / レアアース
20260807,9509,9509_1530_北海電力_2027年3月期 第1四半期決算短信〔日本基準〕(連結)(公認会計士等による期中レビューの完了).pdf,,,,,,,,,,,,,,,,,,,6,,,,,価格交渉 / 増産 / 価格改定 / 価格転嫁 / 値上 / 想定以上 / 上方修正 / 下方修正 / 想定以下 / 未達 / 大幅 / 計画を上 / 計画を下 / 計画以 / 需要回復 / 需要の回復 / 需要が増 / 需要が低 / 悪化 / グローバルニッチトップ / トップシェア / シェア拡大 / レアアース
20260807,9561,9561_1530_G-グラッドキューブ_連結業績予想の修正に関するお知らせ.pdf,,,,,,,1,,,,,,,,,,,,,,,,,価格交渉 / 増産 / 価格改定 / 価格転嫁 / 値上 / 想定以上 / 上方修正 / 下方修正 / 想定以下 / 未達 / 大幅 / 計画を上 / 計画を下 / 計画以 / 需要回復 / 需要の回復 / 需要が増 / 需要が低 / 悪化 / グローバルニッチトップ / トップシェア / シェア拡大 / レアアース
20260807,9562,9562_1530_G-ビジネスコーチ_2026年9月期第3四半期決算説明資料.pdf,,,,,,,,,,,,4 26,,,,,,,,,,,,価格交渉 / 増産 / 価格改定 / 価格転嫁 / 値上 / 想定以上 / 上方修正 / 下方修正 / 想定以下 / 未達 / 大幅 / 計画を上 / 計画を下 / 計画以 / 需要回復 / 需要の回復 / 需要が増 / 需要が低 / 悪化 / グローバルニッチトップ / トップシェア / シェア拡大 / レアアース
20260807,9616,9616_1530_共立メンテ_2027年3月期第1四半期 決算説明資料.pdf,,,,,,,,,,,2 14,,,,,,,,,,,,,価格交渉 / 増産 / 価格改定 / 価格転嫁 / 値上 / 想定以上 / 上方修正 / 下方修正 / 想定以下 / 未達 / 大幅 / 計画を上 / 計画を下 / 計画以 / 需要回復 / 需要の回復 / 需要が増 / 需要が低 / 悪化 / グローバルニッチトップ / トップシェア / シェア拡大 / レアアース
20260807,9729,9729_1500_トーカイ_2027年3月期第1四半期決算短信〔日本基準〕(連結).pdf,,,,,,4,,,,,,,,,,,,,,,,,,価格交渉 / 増産 / 価格改定 / 価格転嫁 / 値上 / 想定以上 / 上方修正 / 下方修正 / 想定以下 / 未達 / 大幅 / 計画を上 / 計画を下 / 計画以 / 需要回復 / 需要の回復 / 需要が増 / 需要が低 / 悪化 / グローバルニッチトップ / トップシェア / シェア拡大 / レアアース
20260807,9790,9790_1300_福井コンピ_2027年3月期 第1四半期決算短信〔日本基準〕(連結).pdf,,,,,,,,,,,,,,,,,4,,,,,,,価格交渉 / 増産 / 価格改定 / 価格転嫁 / 値上 / 想定以上 / 上方修正 / 下方修正 / 想定以下 / 未達 / 大幅 / 計画を上 / 計画を下 / 計画以 / 需要回復 / 需要の回復 / 需要が増 / 需要が低 / 悪化 / グローバルニッチトップ / トップシェア / シェア拡大 / レアアース
20260807,9823,9823_1530_マミーマートHD_2026年9月期 第3四半期決算短信〔日本基準〕(連結).pdf,,,,,,,,,,,4,,,,,,,,,,,,,価格交渉 / 増産 / 価格改定 / 価格転嫁 / 値上 / 想定以上 / 上方修正 / 下方修正 / 想定以下 / 未達 / 大幅 / 計画を上 / 計画を下 / 計画以 / 需要回復 / 需要の回復 / 需要が増 / 需要が低 / 悪化 / グローバルニッチトップ / トップシェア / シェア拡大 / レアアース
20260807,9830,9830_1300_トラスコ中山_2026年12月期 第2四半期(中間期)決算短信〔日本基準〕(連結).pdf,,,,,,,,,,,,,,,,,,,5,,,,,価格交渉 / 増産 / 価格改定 / 価格転嫁 / 値上 / 想定以上 / 上方修正 / 下方修正 / 想定以下 / 未達 / 大幅 / 計画を上 / 計画を下 / 計画以 / 需要回復 / 需要の回復 / 需要が増 / 需要が低 / 悪化 / グローバルニッチトップ / トップシェア / シェア拡大 / レアアース
20260807,9857,9857_1500_英和_2027年3月期 第1四半期 決算短信〔日本基準〕(連結).pdf,,,,,,,,,,,10,,,,,,,,,,,,,価格交渉 / 増産 / 価格改定 / 価格転嫁 / 値上 / 想定以上 / 上方修正 / 下方修正 / 想定以下 / 未達 / 大幅 / 計画を上 / 計画を下 / 計画以 / 需要回復 / 需要の回復 / 需要が増 / 需要が低 / 悪化 / グローバルニッチトップ / トップシェア / シェア拡大 / レアアース
20260807,9869,9869_1530_加藤産業_2026年9月期 第3四半期決算短信〔日本基準〕(連結).pdf,,,,,4 5,,,,,,,,,,,,,,,,,,,価格交渉 / 増産 / 価格改定 / 価格転嫁 / 値上 / 想定以上 / 上方修正 / 下方修正 / 想定以下 / 未達 / 大幅 / 計画を上 / 計画を下 / 計画以 / 需要回復 / 需要の回復 / 需要が増 / 需要が低 / 悪化 / グローバルニッチトップ / トップシェア / シェア拡大 / レアアース
