日付,コード,PDFファイル名,価格交渉,増産,価格改定,価格転嫁,値上,想定以上,上方修正,下方修正,想定以下,未達,大幅,計画を上,計画を下,計画以,需要回復,需要の回復,需要が増,需要が低,悪化,グローバルニッチトップ,トップシェア,シェア拡大,レアアース,検索キーワード一覧
20260514,2780,2780_1540_コメ兵HD_2026年3月期 決算説明資料.pdf,,,45,,,4,,,,4 12,3 4 12 14 16 23 25 27 28 39 40 45,26 39,,4 22,,10,,,,,,26 34 35 36 41 49 50 51,,価格交渉 / 増産 / 価格改定 / 価格転嫁 / 値上 / 想定以上 / 上方修正 / 下方修正 / 想定以下 / 未達 / 大幅 / 計画を上 / 計画を下 / 計画以 / 需要回復 / 需要の回復 / 需要が増 / 需要が低 / 悪化 / グローバルニッチトップ / トップシェア / シェア拡大 / レアアース
20260514,3002,3002_1430_グンゼ_2026年3月期(130期)決算説明資料.pdf,,15,20 21 29,,17,,,,,,6 7 23,,,,18,,,,7 19,,18,18,,価格交渉 / 増産 / 価格改定 / 価格転嫁 / 値上 / 想定以上 / 上方修正 / 下方修正 / 想定以下 / 未達 / 大幅 / 計画を上 / 計画を下 / 計画以 / 需要回復 / 需要の回復 / 需要が増 / 需要が低 / 悪化 / グローバルニッチトップ / トップシェア / シェア拡大 / レアアース
20260514,2938,2938_1400_オカムラ食品工業_2026年6月期 第3四半期決算補足説明資料.pdf,,27,,15 27,15,,,,,,11 14,5,5 6,,,,,,12 13,,,,,価格交渉 / 増産 / 価格改定 / 価格転嫁 / 値上 / 想定以上 / 上方修正 / 下方修正 / 想定以下 / 未達 / 大幅 / 計画を上 / 計画を下 / 計画以 / 需要回復 / 需要の回復 / 需要が増 / 需要が低 / 悪化 / グローバルニッチトップ / トップシェア / シェア拡大 / レアアース
20260514,3923,3923_1530_ラクス_2026年3月期通期決算説明資料.pdf,,,20 22 23 34 35,,,,,,,,4 6 8 13 24 26 47 63,,11,8 26,,,,,40,,64,38 62,,価格交渉 / 増産 / 価格改定 / 価格転嫁 / 値上 / 想定以上 / 上方修正 / 下方修正 / 想定以下 / 未達 / 大幅 / 計画を上 / 計画を下 / 計画以 / 需要回復 / 需要の回復 / 需要が増 / 需要が低 / 悪化 / グローバルニッチトップ / トップシェア / シェア拡大 / レアアース
20260514,4041,4041_1530_日曹達_中期経営計画 「かがくで、かがやく。 Stage 3」 (2026年度~2029年度).pdf,,4 5 6 8 11 13 14 15 17 18 19,,,,5,,,,4 5,5 16 25,,,,,,17 18,,27,,22,,,価格交渉 / 増産 / 価格改定 / 価格転嫁 / 値上 / 想定以上 / 上方修正 / 下方修正 / 想定以下 / 未達 / 大幅 / 計画を上 / 計画を下 / 計画以 / 需要回復 / 需要の回復 / 需要が増 / 需要が低 / 悪化 / グローバルニッチトップ / トップシェア / シェア拡大 / レアアース
20260514,3538,3538_1630_ウイルプラスHD_2026年6月期第3四半期 決算補足説明資料.pdf,,,,7 23,,4,,4,,7,6 18 19 27,,,,,,,,4 5 6 7 13 18 21 25 27 63 64,,,,,価格交渉 / 増産 / 価格改定 / 価格転嫁 / 値上 / 想定以上 / 上方修正 / 下方修正 / 想定以下 / 未達 / 大幅 / 計画を上 / 計画を下 / 計画以 / 需要回復 / 需要の回復 / 需要が増 / 需要が低 / 悪化 / グローバルニッチトップ / トップシェア / シェア拡大 / レアアース
20260514,5741,5741_1400_UACJ_2025年度決算説明会資料.pdf,,22,3 4 6 9 20 37,20,,,3 26,,,,,,,,,22,,,,,,22,,価格交渉 / 増産 / 価格改定 / 価格転嫁 / 値上 / 想定以上 / 上方修正 / 下方修正 / 想定以下 / 未達 / 大幅 / 計画を上 / 計画を下 / 計画以 / 需要回復 / 需要の回復 / 需要が増 / 需要が低 / 悪化 / グローバルニッチトップ / トップシェア / シェア拡大 / レアアース
20260514,6849,6849_1630_日本光電_2026年3月期 決算短信〔日本基準〕(連結).pdf,,,,,,,,,,11,4 5 11,,11,,11,,,,8 11,,,10,,価格交渉 / 増産 / 価格改定 / 価格転嫁 / 値上 / 想定以上 / 上方修正 / 下方修正 / 想定以下 / 未達 / 大幅 / 計画を上 / 計画を下 / 計画以 / 需要回復 / 需要の回復 / 需要が増 / 需要が低 / 悪化 / グローバルニッチトップ / トップシェア / シェア拡大 / レアアース
20260514,7048,7048_1531_G-ベルトラ_2026年12月期 第1四半期 決算説明資料.pdf,,,,,,3,,,,5,3 4,6,3,,,,,,,,,11,,価格交渉 / 増産 / 価格改定 / 価格転嫁 / 値上 / 想定以上 / 上方修正 / 下方修正 / 想定以下 / 未達 / 大幅 / 計画を上 / 計画を下 / 計画以 / 需要回復 / 需要の回復 / 需要が増 / 需要が低 / 悪化 / グローバルニッチトップ / トップシェア / シェア拡大 / レアアース
20260514,9344,9344_1600_G-アクシスC_2026年6月期 第3四半期決算説明資料.pdf,,,,,,,8,,,,7,6,,,26,,,,26,,42 48,,,価格交渉 / 増産 / 価格改定 / 価格転嫁 / 値上 / 想定以上 / 上方修正 / 下方修正 / 想定以下 / 未達 / 大幅 / 計画を上 / 計画を下 / 計画以 / 需要回復 / 需要の回復 / 需要が増 / 需要が低 / 悪化 / グローバルニッチトップ / トップシェア / シェア拡大 / レアアース
20260514,3774,3774_1200_IIJ_2026年3月期(FY25)連結業績説明資料.pdf,,,3 8 21,41,36,,,,,,3 4 9 14 36,,,,,,,,,,35 46,,,価格交渉 / 増産 / 価格改定 / 価格転嫁 / 値上 / 想定以上 / 上方修正 / 下方修正 / 想定以下 / 未達 / 大幅 / 計画を上 / 計画を下 / 計画以 / 需要回復 / 需要の回復 / 需要が増 / 需要が低 / 悪化 / グローバルニッチトップ / トップシェア / シェア拡大 / レアアース
20260514,3963,3963_1530_シンクロ・フード_2026年3月期通期決算説明資料.pdf,,,,,,,,37 38,,,3 5 6 12 23 25 33 34 38,6,,,,,,,48,,,40,,価格交渉 / 増産 / 価格改定 / 価格転嫁 / 値上 / 想定以上 / 上方修正 / 下方修正 / 想定以下 / 未達 / 大幅 / 計画を上 / 計画を下 / 計画以 / 需要回復 / 需要の回復 / 需要が増 / 需要が低 / 悪化 / グローバルニッチトップ / トップシェア / シェア拡大 / レアアース
20260514,4114,4114_0800_日触媒_2026年3月期 決算説明資料.pdf,,,,11 15,11,,,,,,,,,,12,,,,7 8,,,13,,価格交渉 / 増産 / 価格改定 / 価格転嫁 / 値上 / 想定以上 / 上方修正 / 下方修正 / 想定以下 / 未達 / 大幅 / 計画を上 / 計画を下 / 計画以 / 需要回復 / 需要の回復 / 需要が増 / 需要が低 / 悪化 / グローバルニッチトップ / トップシェア / シェア拡大 / レアアース
20260514,4179,4179_1530_G-ジーネクスト_2026年3月期通期決算説明資料.pdf,,,32,,22 29,63,,,,10 14 34,4 10 11,,,,,,,,,,,,,価格交渉 / 増産 / 価格改定 / 価格転嫁 / 値上 / 想定以上 / 上方修正 / 下方修正 / 想定以下 / 未達 / 大幅 / 計画を上 / 計画を下 / 計画以 / 需要回復 / 需要の回復 / 需要が増 / 需要が低 / 悪化 / グローバルニッチトップ / トップシェア / シェア拡大 / レアアース
20260514,5587,5587_1530_G-インバウンドPF_2026年9月期第2四半期決算説明資料.pdf,,,,,20,,,,,,7 19 21 23,,,,34,,,,4 28,,,36,,価格交渉 / 増産 / 価格改定 / 価格転嫁 / 値上 / 想定以上 / 上方修正 / 下方修正 / 想定以下 / 未達 / 大幅 / 計画を上 / 計画を下 / 計画以 / 需要回復 / 需要の回復 / 需要が増 / 需要が低 / 悪化 / グローバルニッチトップ / トップシェア / シェア拡大 / レアアース
20260514,5707,5707_1530_東邦鉛_2026年3月期(FY2025)決算説明資料.pdf,,36,,,7,,6,,,,7,,,,,,,,11 13 32 36,,,,,価格交渉 / 増産 / 価格改定 / 価格転嫁 / 値上 / 想定以上 / 上方修正 / 下方修正 / 想定以下 / 未達 / 大幅 / 計画を上 / 計画を下 / 計画以 / 需要回復 / 需要の回復 / 需要が増 / 需要が低 / 悪化 / グローバルニッチトップ / トップシェア / シェア拡大 / レアアース
20260514,5805,5805_1400_SWCC_2026年3月期決算短信〔日本基準〕(連結).pdf,,4 5,4,14,,,,,,,4 8 10 13 14,,,,,,,,14,,,,,価格交渉 / 増産 / 価格改定 / 価格転嫁 / 値上 / 想定以上 / 上方修正 / 下方修正 / 想定以下 / 未達 / 大幅 / 計画を上 / 計画を下 / 計画以 / 需要回復 / 需要の回復 / 需要が増 / 需要が低 / 悪化 / グローバルニッチトップ / トップシェア / シェア拡大 / レアアース
20260514,5805,5805_1400_SWCC_2026年3月期決算補足説明資料.pdf,,8 18,,6 16 20,,,,,,9,4,,,,,,,,,,,18,,価格交渉 / 増産 / 価格改定 / 価格転嫁 / 値上 / 想定以上 / 上方修正 / 下方修正 / 想定以下 / 未達 / 大幅 / 計画を上 / 計画を下 / 計画以 / 需要回復 / 需要の回復 / 需要が増 / 需要が低 / 悪化 / グローバルニッチトップ / トップシェア / シェア拡大 / レアアース
20260514,5845,5845_1530_全保連_2026年3月期 決算説明資料.pdf,,,,,,,2 10,,,12,4 5 19 28,12,,,,,,,,,,13,,価格交渉 / 増産 / 価格改定 / 価格転嫁 / 値上 / 想定以上 / 上方修正 / 下方修正 / 想定以下 / 未達 / 大幅 / 計画を上 / 計画を下 / 計画以 / 需要回復 / 需要の回復 / 需要が増 / 需要が低 / 悪化 / グローバルニッチトップ / トップシェア / シェア拡大 / レアアース
20260514,6016,6016_1530_ジャパンエンジン_第2次 中期事業計画(2025年度~2027年度)_進捗状況のご報告_2026年5月_.pdf,,30 34,,13,,,4 7 12,,,22,4 12,,,,,,,,,,,,,価格交渉 / 増産 / 価格改定 / 価格転嫁 / 値上 / 想定以上 / 上方修正 / 下方修正 / 想定以下 / 未達 / 大幅 / 計画を上 / 計画を下 / 計画以 / 需要回復 / 需要の回復 / 需要が増 / 需要が低 / 悪化 / グローバルニッチトップ / トップシェア / シェア拡大 / レアアース
20260514,6330,6330_1145_洋エンジ_2026年3月期本決算 (FY2025) 経営概況.pdf,,38,,,,,,,,18,7 37 39,,,,,,,,4 35,,,,21,価格交渉 / 増産 / 価格改定 / 価格転嫁 / 値上 / 想定以上 / 上方修正 / 下方修正 / 想定以下 / 未達 / 大幅 / 計画を上 / 計画を下 / 計画以 / 需要回復 / 需要の回復 / 需要が増 / 需要が低 / 悪化 / グローバルニッチトップ / トップシェア / シェア拡大 / レアアース
20260514,6370,6370_1530_栗田工_2026年3月期 決算短信〔IFRS〕(連結).pdf,,,,10,,,,31,,,7,,31,,,,,,5 10,,,,,価格交渉 / 増産 / 価格改定 / 価格転嫁 / 値上 / 想定以上 / 上方修正 / 下方修正 / 想定以下 / 未達 / 大幅 / 計画を上 / 計画を下 / 計画以 / 需要回復 / 需要の回復 / 需要が増 / 需要が低 / 悪化 / グローバルニッチトップ / トップシェア / シェア拡大 / レアアース
20260514,7046,7046_1530_G-TDSE_事業計画及び成長可能性に関する事項.pdf,,,,,,,,27,,43,29 31 45 54 55 56 67 68,27,,34 43,,,,,,,,,,価格交渉 / 増産 / 価格改定 / 価格転嫁 / 値上 / 想定以上 / 上方修正 / 下方修正 / 想定以下 / 未達 / 大幅 / 計画を上 / 計画を下 / 計画以 / 需要回復 / 需要の回復 / 需要が増 / 需要が低 / 悪化 / グローバルニッチトップ / トップシェア / シェア拡大 / レアアース
20260514,7271,7271_1700_安永_第8次中期経営計画(2026年度~2028年度)について.pdf,,26,,,,,,,,18,5 16,,,,,,,,,,37 40,1 22 25 26,,価格交渉 / 増産 / 価格改定 / 価格転嫁 / 値上 / 想定以上 / 上方修正 / 下方修正 / 想定以下 / 未達 / 大幅 / 計画を上 / 計画を下 / 計画以 / 需要回復 / 需要の回復 / 需要が増 / 需要が低 / 悪化 / グローバルニッチトップ / トップシェア / シェア拡大 / レアアース
20260514,7409,7409_1130_G-AeroEdge_2026年6月期 第3四半期 決算補足資料.pdf,,3 5 8 17 27,,,,31,25 26 28 29,,,,14 25,,,,,,,,,,,3 5 19 20 22,,価格交渉 / 増産 / 価格改定 / 価格転嫁 / 値上 / 想定以上 / 上方修正 / 下方修正 / 想定以下 / 未達 / 大幅 / 計画を上 / 計画を下 / 計画以 / 需要回復 / 需要の回復 / 需要が増 / 需要が低 / 悪化 / グローバルニッチトップ / トップシェア / シェア拡大 / レアアース
20260514,9024,9024_1400_西武ホールディングス_「西武グループ中期経営計画(2024~2026年度)」および資本コストや株価を意識した経営の進捗について.pdf,,,,,6 7,,11 48,,,,8,,,24 35,,,,,18,,,,,価格交渉 / 増産 / 価格改定 / 価格転嫁 / 値上 / 想定以上 / 上方修正 / 下方修正 / 想定以下 / 未達 / 大幅 / 計画を上 / 計画を下 / 計画以 / 需要回復 / 需要の回復 / 需要が増 / 需要が低 / 悪化 / グローバルニッチトップ / トップシェア / シェア拡大 / レアアース
20260514,141A,141A_1530_G-トライアル_2026年6月期 第3四半期決算説明資料.pdf,,,,,,,4 33 34 35,,,,4 5 7 9 12 14 20 21 28 29 35,4 16 35,8 13,,,,,,,,,,,価格交渉 / 増産 / 価格改定 / 価格転嫁 / 値上 / 想定以上 / 上方修正 / 下方修正 / 想定以下 / 未達 / 大幅 / 計画を上 / 計画を下 / 計画以 / 需要回復 / 需要の回復 / 需要が増 / 需要が低 / 悪化 / グローバルニッチトップ / トップシェア / シェア拡大 / レアアース
20260514,1815,1815_1400_鉄建建設_中期経営計画2028のアップデート(数値目標の上方修正および配当方針の変更)に関するお知らせ.pdf,,,,,,,1,,,,38,10,,,,,,,,,,21,,価格交渉 / 増産 / 価格改定 / 価格転嫁 / 値上 / 想定以上 / 上方修正 / 下方修正 / 想定以下 / 未達 / 大幅 / 計画を上 / 計画を下 / 計画以 / 需要回復 / 需要の回復 / 需要が増 / 需要が低 / 悪化 / グローバルニッチトップ / トップシェア / シェア拡大 / レアアース
20260514,2181,2181_1530_パーソルHD_「中期経営計画FY2028」の策定に関するお知らせ.pdf,,,,,,,,,,5 6 36,11 32,,,,,,32 33,,,,,15 17 31,,価格交渉 / 増産 / 価格改定 / 価格転嫁 / 値上 / 想定以上 / 上方修正 / 下方修正 / 想定以下 / 未達 / 大幅 / 計画を上 / 計画を下 / 計画以 / 需要回復 / 需要の回復 / 需要が増 / 需要が低 / 悪化 / グローバルニッチトップ / トップシェア / シェア拡大 / レアアース
20260514,2291,2291_1600_福留ハム_2026年3月期決算短信〔日本基準〕(連結).pdf,,6,6,,,4,,,,,,,,6,,,,,,,,,,価格交渉 / 増産 / 価格改定 / 価格転嫁 / 値上 / 想定以上 / 上方修正 / 下方修正 / 想定以下 / 未達 / 大幅 / 計画を上 / 計画を下 / 計画以 / 需要回復 / 需要の回復 / 需要が増 / 需要が低 / 悪化 / グローバルニッチトップ / トップシェア / シェア拡大 / レアアース
20260514,2311,2311_1530_エプコ_2026年12月期第1四半期決算説明資料.pdf,,,2 5 33,,,,,,,,2 4 5 6 7,10,10,,,,,,,,,,,価格交渉 / 増産 / 価格改定 / 価格転嫁 / 値上 / 想定以上 / 上方修正 / 下方修正 / 想定以下 / 未達 / 大幅 / 計画を上 / 計画を下 / 計画以 / 需要回復 / 需要の回復 / 需要が増 / 需要が低 / 悪化 / グローバルニッチトップ / トップシェア / シェア拡大 / レアアース
20260514,259A,259A_1530_ケイ・ウノ_2026年9月期第2四半期 決算説明資料(スクリプト付き).pdf,,,7 18 19 21,,,,18,,,,11,,,,,,,,19,,,,,価格交渉 / 増産 / 価格改定 / 価格転嫁 / 値上 / 想定以上 / 上方修正 / 下方修正 / 想定以下 / 未達 / 大幅 / 計画を上 / 計画を下 / 計画以 / 需要回復 / 需要の回復 / 需要が増 / 需要が低 / 悪化 / グローバルニッチトップ / トップシェア / シェア拡大 / レアアース
20260514,259A,259A_1530_ケイ・ウノ_2026年9月期第2四半期 決算説明資料.pdf,,,7 18 19 21,,,,18,,,,11,,,,,,,,19,,,,,価格交渉 / 増産 / 価格改定 / 価格転嫁 / 値上 / 想定以上 / 上方修正 / 下方修正 / 想定以下 / 未達 / 大幅 / 計画を上 / 計画を下 / 計画以 / 需要回復 / 需要の回復 / 需要が増 / 需要が低 / 悪化 / グローバルニッチトップ / トップシェア / シェア拡大 / レアアース
20260514,2982,2982_1500_ADワークスグループ_2026年12月期 第1四半期 決算説明資料.pdf,,,,,,,,,,,36 38 39 52,31,,,,34 40,,,,,,35 48,,価格交渉 / 増産 / 価格改定 / 価格転嫁 / 値上 / 想定以上 / 上方修正 / 下方修正 / 想定以下 / 未達 / 大幅 / 計画を上 / 計画を下 / 計画以 / 需要回復 / 需要の回復 / 需要が増 / 需要が低 / 悪化 / グローバルニッチトップ / トップシェア / シェア拡大 / レアアース
20260514,3004,3004_1200_神栄_2026年3月期 決算短信〔日本基準〕(連結).pdf,,,,4,,,,,,,5,,,,,6,,,4,,,,,価格交渉 / 増産 / 価格改定 / 価格転嫁 / 値上 / 想定以上 / 上方修正 / 下方修正 / 想定以下 / 未達 / 大幅 / 計画を上 / 計画を下 / 計画以 / 需要回復 / 需要の回復 / 需要が増 / 需要が低 / 悪化 / グローバルニッチトップ / トップシェア / シェア拡大 / レアアース
20260514,3004,3004_1200_神栄_2026年3月期決算説明資料.pdf,,,,,,,,,,,8 28,,,,,,,,6,40,38 40,,,価格交渉 / 増産 / 価格改定 / 価格転嫁 / 値上 / 想定以上 / 上方修正 / 下方修正 / 想定以下 / 未達 / 大幅 / 計画を上 / 計画を下 / 計画以 / 需要回復 / 需要の回復 / 需要が増 / 需要が低 / 悪化 / グローバルニッチトップ / トップシェア / シェア拡大 / レアアース
20260514,3224,3224_1530_G-Gオイスター_2026年3月期決算短信〔日本基準〕(連結).pdf,15,,,,4,,,,,,4 5,,,,,,,,4,,,,,価格交渉 / 増産 / 価格改定 / 価格転嫁 / 値上 / 想定以上 / 上方修正 / 下方修正 / 想定以下 / 未達 / 大幅 / 計画を上 / 計画を下 / 計画以 / 需要回復 / 需要の回復 / 需要が増 / 需要が低 / 悪化 / グローバルニッチトップ / トップシェア / シェア拡大 / レアアース
20260514,3306,3306_1600_日製麻_2026年3月期 決算短信 〔日本基準〕 (非連結).pdf,,,,4,4,,,,,,,,,,,4,,,,,,,4,価格交渉 / 増産 / 価格改定 / 価格転嫁 / 値上 / 想定以上 / 上方修正 / 下方修正 / 想定以下 / 未達 / 大幅 / 計画を上 / 計画を下 / 計画以 / 需要回復 / 需要の回復 / 需要が増 / 需要が低 / 悪化 / グローバルニッチトップ / トップシェア / シェア拡大 / レアアース
20260514,3465,3465_1530_ケイアイスター不動産_2026年3月期 決算説明資料.pdf,,,,,,,7 8 35,,,,9,,,,,,,,11,,,10 21 22,,価格交渉 / 増産 / 価格改定 / 価格転嫁 / 値上 / 想定以上 / 上方修正 / 下方修正 / 想定以下 / 未達 / 大幅 / 計画を上 / 計画を下 / 計画以 / 需要回復 / 需要の回復 / 需要が増 / 需要が低 / 悪化 / グローバルニッチトップ / トップシェア / シェア拡大 / レアアース
20260514,3937,3937_1600_Ubicom_2026年3月期 決算説明資料.pdf,,,31,,,,,,,24,4 12 13 14 17 18 34,,,,,,,,30,,,,,価格交渉 / 増産 / 価格改定 / 価格転嫁 / 値上 / 想定以上 / 上方修正 / 下方修正 / 想定以下 / 未達 / 大幅 / 計画を上 / 計画を下 / 計画以 / 需要回復 / 需要の回復 / 需要が増 / 需要が低 / 悪化 / グローバルニッチトップ / トップシェア / シェア拡大 / レアアース
20260514,3940,3940_1430_ノムラシステム_2026年12月期 第1四半期決算説明資料.pdf,,,,,,,,,,24,31,,,,,,,,22 32,,7,,,価格交渉 / 増産 / 価格改定 / 価格転嫁 / 値上 / 想定以上 / 上方修正 / 下方修正 / 想定以下 / 未達 / 大幅 / 計画を上 / 計画を下 / 計画以 / 需要回復 / 需要の回復 / 需要が増 / 需要が低 / 悪化 / グローバルニッチトップ / トップシェア / シェア拡大 / レアアース
20260514,3941,3941_1300_レンゴー_2026年3月期決算短信〔日本基準〕(連結).pdf,,,4 6 8,,,,,,,,18,,18,,,,,,5 18,,,,,価格交渉 / 増産 / 価格改定 / 価格転嫁 / 値上 / 想定以上 / 上方修正 / 下方修正 / 想定以下 / 未達 / 大幅 / 計画を上 / 計画を下 / 計画以 / 需要回復 / 需要の回復 / 需要が増 / 需要が低 / 悪化 / グローバルニッチトップ / トップシェア / シェア拡大 / レアアース
20260514,4082,4082_1530_稀元素_2026年3月期 決算短信〔日本基準〕(連結).pdf,,,,,,,,,,,,,,,,5,,6,,,,6,4,価格交渉 / 増産 / 価格改定 / 価格転嫁 / 値上 / 想定以上 / 上方修正 / 下方修正 / 想定以下 / 未達 / 大幅 / 計画を上 / 計画を下 / 計画以 / 需要回復 / 需要の回復 / 需要が増 / 需要が低 / 悪化 / グローバルニッチトップ / トップシェア / シェア拡大 / レアアース
20260514,4118,4118_1600_カネカ_2026年度3月期 決算短信〔日本基準〕(連結).pdf,,,5 6,,,6,,,,,7,,,,,,,5,,,,,,価格交渉 / 増産 / 価格改定 / 価格転嫁 / 値上 / 想定以上 / 上方修正 / 下方修正 / 想定以下 / 未達 / 大幅 / 計画を上 / 計画を下 / 計画以 / 需要回復 / 需要の回復 / 需要が増 / 需要が低 / 悪化 / グローバルニッチトップ / トップシェア / シェア拡大 / レアアース
20260514,4381,4381_1600_G-ビープラッツ_事業計画及び成長可能性に関する事項.pdf,,,15,,42 54,,,,,,14 17 33 35 37 42 43 44 46 54,,,,,,,,15,,,,,価格交渉 / 増産 / 価格改定 / 価格転嫁 / 値上 / 想定以上 / 上方修正 / 下方修正 / 想定以下 / 未達 / 大幅 / 計画を上 / 計画を下 / 計画以 / 需要回復 / 需要の回復 / 需要が増 / 需要が低 / 悪化 / グローバルニッチトップ / トップシェア / シェア拡大 / レアアース
20260514,4406,4406_1540_新日本理化_2026年3月期 決算短信〔日本基準〕(連結).pdf,,,4,,,,,,,,,,,,,,,4,4,5,,,,価格交渉 / 増産 / 価格改定 / 価格転嫁 / 値上 / 想定以上 / 上方修正 / 下方修正 / 想定以下 / 未達 / 大幅 / 計画を上 / 計画を下 / 計画以 / 需要回復 / 需要の回復 / 需要が増 / 需要が低 / 悪化 / グローバルニッチトップ / トップシェア / シェア拡大 / レアアース
20260514,4425,4425_1530_G-Kudan_2026年3月期 通期決算説明動画及び決算説明スクリプトのオンライン配信のご案内.pdf,,,,,,,4 5,,,,5,,,12,,,,,12,,,,,価格交渉 / 増産 / 価格改定 / 価格転嫁 / 値上 / 想定以上 / 上方修正 / 下方修正 / 想定以下 / 未達 / 大幅 / 計画を上 / 計画を下 / 計画以 / 需要回復 / 需要の回復 / 需要が増 / 需要が低 / 悪化 / グローバルニッチトップ / トップシェア / シェア拡大 / レアアース
20260514,4464,4464_1530_ソフト99_2026年3月期 決算短信〔日本基準〕(連結).pdf,,,4,,4 5,10,,,,,,,,,,,,,5 9,,,,,価格交渉 / 増産 / 価格改定 / 価格転嫁 / 値上 / 想定以上 / 上方修正 / 下方修正 / 想定以下 / 未達 / 大幅 / 計画を上 / 計画を下 / 計画以 / 需要回復 / 需要の回復 / 需要が増 / 需要が低 / 悪化 / グローバルニッチトップ / トップシェア / シェア拡大 / レアアース
20260514,4496,4496_1600_G-コマースワン_2026年3月期 第4四半期決算説明資料.pdf,53,,4,,,,,,,34 35 36 37,21,,,,,,,,,,,,,価格交渉 / 増産 / 価格改定 / 価格転嫁 / 値上 / 想定以上 / 上方修正 / 下方修正 / 想定以下 / 未達 / 大幅 / 計画を上 / 計画を下 / 計画以 / 需要回復 / 需要の回復 / 需要が増 / 需要が低 / 悪化 / グローバルニッチトップ / トップシェア / シェア拡大 / レアアース
20260514,4553,4553_1530_東和薬品_2026年3月期 決算補足説明資料.pdf,,16 24 25,,,,,,,,7 8 9 10,9 14,,,,,,,,7 9 10 23 25,,,,,価格交渉 / 増産 / 価格改定 / 価格転嫁 / 値上 / 想定以上 / 上方修正 / 下方修正 / 想定以下 / 未達 / 大幅 / 計画を上 / 計画を下 / 計画以 / 需要回復 / 需要の回復 / 需要が増 / 需要が低 / 悪化 / グローバルニッチトップ / トップシェア / シェア拡大 / レアアース
20260514,4811,4811_1530_G-ドリーム・アーツ_2026年12月期 第1四半期決算説明資料.pdf,,,,,,,,,,,12 22 30 39 40 78 83 89,5,,,,,,,,,19,26,,価格交渉 / 増産 / 価格改定 / 価格転嫁 / 値上 / 想定以上 / 上方修正 / 下方修正 / 想定以下 / 未達 / 大幅 / 計画を上 / 計画を下 / 計画以 / 需要回復 / 需要の回復 / 需要が増 / 需要が低 / 悪化 / グローバルニッチトップ / トップシェア / シェア拡大 / レアアース
20260514,4820,4820_1600_EMシステムズ_2026年12月期 第1四半期決算説明資料.pdf,,,,,,,,4,,,7,,,4,,,,,,,,29 37,,価格交渉 / 増産 / 価格改定 / 価格転嫁 / 値上 / 想定以上 / 上方修正 / 下方修正 / 想定以下 / 未達 / 大幅 / 計画を上 / 計画を下 / 計画以 / 需要回復 / 需要の回復 / 需要が増 / 需要が低 / 悪化 / グローバルニッチトップ / トップシェア / シェア拡大 / レアアース
20260514,4902,4902_1530_コニカミノルタ_2026年3月期 決算短信〔IFRS〕(連結).pdf,,,,,,,,,,10,5,,,,,,,,5 10,,10,,,価格交渉 / 増産 / 価格改定 / 価格転嫁 / 値上 / 想定以上 / 上方修正 / 下方修正 / 想定以下 / 未達 / 大幅 / 計画を上 / 計画を下 / 計画以 / 需要回復 / 需要の回復 / 需要が増 / 需要が低 / 悪化 / グローバルニッチトップ / トップシェア / シェア拡大 / レアアース
20260514,5161,5161_1630_西川ゴム_2026年3月期 決算説明補足資料.pdf,,5 7 10,9,18,,,,,,,4 8 10,,,,,,,,,,,,,価格交渉 / 増産 / 価格改定 / 価格転嫁 / 値上 / 想定以上 / 上方修正 / 下方修正 / 想定以下 / 未達 / 大幅 / 計画を上 / 計画を下 / 計画以 / 需要回復 / 需要の回復 / 需要が増 / 需要が低 / 悪化 / グローバルニッチトップ / トップシェア / シェア拡大 / レアアース
20260514,5290,5290_1530_ベルテクス_2026年3月期 通期決算補足説明資料.pdf,,,4 6,,,,13,,,,4,13,,,,,,,,,,,,価格交渉 / 増産 / 価格改定 / 価格転嫁 / 値上 / 想定以上 / 上方修正 / 下方修正 / 想定以下 / 未達 / 大幅 / 計画を上 / 計画を下 / 計画以 / 需要回復 / 需要の回復 / 需要が増 / 需要が低 / 悪化 / グローバルニッチトップ / トップシェア / シェア拡大 / レアアース
20260514,5491,5491_1300_日本金属_2026年3月期 決算短信〔日本基準〕(連結).pdf,,,4,4,,,,,,,,,,,,,4,4,,,,,,価格交渉 / 増産 / 価格改定 / 価格転嫁 / 値上 / 想定以上 / 上方修正 / 下方修正 / 想定以下 / 未達 / 大幅 / 計画を上 / 計画を下 / 計画以 / 需要回復 / 需要の回復 / 需要が増 / 需要が低 / 悪化 / グローバルニッチトップ / トップシェア / シェア拡大 / レアアース
20260514,5590,5590_1530_G-ネットスターズ_2026年12月期 第1四半期決算説明資料.pdf,,,,,,,,,,18,18 22 29 51,2 17,19,,,,,,,,,,,価格交渉 / 増産 / 価格改定 / 価格転嫁 / 値上 / 想定以上 / 上方修正 / 下方修正 / 想定以下 / 未達 / 大幅 / 計画を上 / 計画を下 / 計画以 / 需要回復 / 需要の回復 / 需要が増 / 需要が低 / 悪化 / グローバルニッチトップ / トップシェア / シェア拡大 / レアアース
20260514,5714,5714_1530_DOWA_2025年度 決算補足資料.pdf,,3 13,14,,14,,,,,,,,,,,,,,3 5 7 13,,,,,価格交渉 / 増産 / 価格改定 / 価格転嫁 / 値上 / 想定以上 / 上方修正 / 下方修正 / 想定以下 / 未達 / 大幅 / 計画を上 / 計画を下 / 計画以 / 需要回復 / 需要の回復 / 需要が増 / 需要が低 / 悪化 / グローバルニッチトップ / トップシェア / シェア拡大 / レアアース
20260514,5726,5726_1600_大阪チタ_中期経営計画「OTC 2030」策定に関するお知らせ.pdf,,9 11 17 19 21,,10,,,,,,,,,,,,6,,,,,,10 21,,価格交渉 / 増産 / 価格改定 / 価格転嫁 / 値上 / 想定以上 / 上方修正 / 下方修正 / 想定以下 / 未達 / 大幅 / 計画を上 / 計画を下 / 計画以 / 需要回復 / 需要の回復 / 需要が増 / 需要が低 / 悪化 / グローバルニッチトップ / トップシェア / シェア拡大 / レアアース
20260514,5929,5929_1130_三和HD_2026年3月期決算説明資料.pdf,,,,,,10,,,,2,5,,,,,,,,10,,,,,価格交渉 / 増産 / 価格改定 / 価格転嫁 / 値上 / 想定以上 / 上方修正 / 下方修正 / 想定以下 / 未達 / 大幅 / 計画を上 / 計画を下 / 計画以 / 需要回復 / 需要の回復 / 需要が増 / 需要が低 / 悪化 / グローバルニッチトップ / トップシェア / シェア拡大 / レアアース
20260514,5940,5940_1400_不二サッシ_2025年度 不二サッシグループ 決算説明資料.pdf,,,12,5,,,,,,,,17,,,,,,,9,,,,,価格交渉 / 増産 / 価格改定 / 価格転嫁 / 値上 / 想定以上 / 上方修正 / 下方修正 / 想定以下 / 未達 / 大幅 / 計画を上 / 計画を下 / 計画以 / 需要回復 / 需要の回復 / 需要が増 / 需要が低 / 悪化 / グローバルニッチトップ / トップシェア / シェア拡大 / レアアース
20260514,6078,6078_1630_バリューHR_2026年12月期第1四半期決算説明資料.pdf,,,22 24,,,,,,,,19 48,,,,,,25,,,,,27,,価格交渉 / 増産 / 価格改定 / 価格転嫁 / 値上 / 想定以上 / 上方修正 / 下方修正 / 想定以下 / 未達 / 大幅 / 計画を上 / 計画を下 / 計画以 / 需要回復 / 需要の回復 / 需要が増 / 需要が低 / 悪化 / グローバルニッチトップ / トップシェア / シェア拡大 / レアアース
20260514,6157,6157_1600_日進工具_2026年3月期 決算短信〔日本基準〕(連結).pdf,,4,,,,,,,,7,5,,,,,,,,23,,,,,価格交渉 / 増産 / 価格改定 / 価格転嫁 / 値上 / 想定以上 / 上方修正 / 下方修正 / 想定以下 / 未達 / 大幅 / 計画を上 / 計画を下 / 計画以 / 需要回復 / 需要の回復 / 需要が増 / 需要が低 / 悪化 / グローバルニッチトップ / トップシェア / シェア拡大 / レアアース
20260514,6560,6560_1530_LTS_2026年12月期 第1四半期決算説明資料.pdf,,,,,26,,,,,14 60,26 55,,,,,,,,,,,30,,価格交渉 / 増産 / 価格改定 / 価格転嫁 / 値上 / 想定以上 / 上方修正 / 下方修正 / 想定以下 / 未達 / 大幅 / 計画を上 / 計画を下 / 計画以 / 需要回復 / 需要の回復 / 需要が増 / 需要が低 / 悪化 / グローバルニッチトップ / トップシェア / シェア拡大 / レアアース
20260514,6952,6952_1530_カシオ計_2026年3月期 決算概要 及び 新中期経営計画.pdf,,7,,15,,7,,,,,,,,,,,,,,,,17 26 27,,価格交渉 / 増産 / 価格改定 / 価格転嫁 / 値上 / 想定以上 / 上方修正 / 下方修正 / 想定以下 / 未達 / 大幅 / 計画を上 / 計画を下 / 計画以 / 需要回復 / 需要の回復 / 需要が増 / 需要が低 / 悪化 / グローバルニッチトップ / トップシェア / シェア拡大 / レアアース
20260514,7129,7129_1700_ミアヘルサHD_2026年3月期決算補足説明資料.pdf,,,8,,,,13 14,,,,16,,,,,,,,4,,,,,価格交渉 / 増産 / 価格改定 / 価格転嫁 / 値上 / 想定以上 / 上方修正 / 下方修正 / 想定以下 / 未達 / 大幅 / 計画を上 / 計画を下 / 計画以 / 需要回復 / 需要の回復 / 需要が増 / 需要が低 / 悪化 / グローバルニッチトップ / トップシェア / シェア拡大 / レアアース
20260514,7235,7235_1600_東ラヂエタ_中期経営計画(2026年度-2030年度)の策定に関するお知らせ.pdf,,,,,,7,,,,7 22,,,,,,,,,,,15,16,,価格交渉 / 増産 / 価格改定 / 価格転嫁 / 値上 / 想定以上 / 上方修正 / 下方修正 / 想定以下 / 未達 / 大幅 / 計画を上 / 計画を下 / 計画以 / 需要回復 / 需要の回復 / 需要が増 / 需要が低 / 悪化 / グローバルニッチトップ / トップシェア / シェア拡大 / レアアース
20260514,7685,7685_1530_G-BUYSELL_2026年12月期 第1四半期決算説明資料.pdf,,,,,71,,5 13 20 21,,,,4 12 13 15 20,,,,,,,,,,,47,,価格交渉 / 増産 / 価格改定 / 価格転嫁 / 値上 / 想定以上 / 上方修正 / 下方修正 / 想定以下 / 未達 / 大幅 / 計画を上 / 計画を下 / 計画以 / 需要回復 / 需要の回復 / 需要が増 / 需要が低 / 悪化 / グローバルニッチトップ / トップシェア / シェア拡大 / レアアース
20260514,7871,7871_1600_フクビ化学工業_2026年3月期 決算短信〔日本基準〕(連結).pdf,,6 8,,8,,,,,,,6,,,,,,,,8 9,,,,,価格交渉 / 増産 / 価格改定 / 価格転嫁 / 値上 / 想定以上 / 上方修正 / 下方修正 / 想定以下 / 未達 / 大幅 / 計画を上 / 計画を下 / 計画以 / 需要回復 / 需要の回復 / 需要が増 / 需要が低 / 悪化 / グローバルニッチトップ / トップシェア / シェア拡大 / レアアース
20260514,7875,7875_1340_竹田iP_2026年3月期 決算短信〔日本基準〕(連結).pdf,,,,,4,,4,,,,,,,,,4,,,,,,5,,価格交渉 / 増産 / 価格改定 / 価格転嫁 / 値上 / 想定以上 / 上方修正 / 下方修正 / 想定以下 / 未達 / 大幅 / 計画を上 / 計画を下 / 計画以 / 需要回復 / 需要の回復 / 需要が増 / 需要が低 / 悪化 / グローバルニッチトップ / トップシェア / シェア拡大 / レアアース
20260514,7988,7988_1300_ニフコ_2026年3月期 決算短信〔日本基準〕(連結).pdf,,,,4,,,,,,,4 5,4,,,,,,,,,,,4,価格交渉 / 増産 / 価格改定 / 価格転嫁 / 値上 / 想定以上 / 上方修正 / 下方修正 / 想定以下 / 未達 / 大幅 / 計画を上 / 計画を下 / 計画以 / 需要回復 / 需要の回復 / 需要が増 / 需要が低 / 悪化 / グローバルニッチトップ / トップシェア / シェア拡大 / レアアース
20260514,8093,8093_1530_極東貿易_2026年3月期決算短信〔日本基準〕(連結).pdf,,,5,,,21,,,,,4 5,,,,,,,5,,,,,,価格交渉 / 増産 / 価格改定 / 価格転嫁 / 値上 / 想定以上 / 上方修正 / 下方修正 / 想定以下 / 未達 / 大幅 / 計画を上 / 計画を下 / 計画以 / 需要回復 / 需要の回復 / 需要が増 / 需要が低 / 悪化 / グローバルニッチトップ / トップシェア / シェア拡大 / レアアース
20260514,8869,8869_1530_明和地所_2026年3月期 決算説明資料.pdf,,,,,,,3 7,,,,51 57,28 31,,,,,,,4,,,,,価格交渉 / 増産 / 価格改定 / 価格転嫁 / 値上 / 想定以上 / 上方修正 / 下方修正 / 想定以下 / 未達 / 大幅 / 計画を上 / 計画を下 / 計画以 / 需要回復 / 需要の回復 / 需要が増 / 需要が低 / 悪化 / グローバルニッチトップ / トップシェア / シェア拡大 / レアアース
20260514,9366,9366_1600_サンリツ_中期経営計画の策定について.pdf,,,,15,5,,,,,5 6,7,,,,,,,,,,,,,価格交渉 / 増産 / 価格改定 / 価格転嫁 / 値上 / 想定以上 / 上方修正 / 下方修正 / 想定以下 / 未達 / 大幅 / 計画を上 / 計画を下 / 計画以 / 需要回復 / 需要の回復 / 需要が増 / 需要が低 / 悪化 / グローバルニッチトップ / トップシェア / シェア拡大 / レアアース
20260514,9658,9658_1600_ビジ太田昭和_2026年3月期決算説明資料.pdf,,,,,,,,,,5 7,10 11 14 27,7,,,,,,,41 56,,,,,価格交渉 / 増産 / 価格改定 / 価格転嫁 / 値上 / 想定以上 / 上方修正 / 下方修正 / 想定以下 / 未達 / 大幅 / 計画を上 / 計画を下 / 計画以 / 需要回復 / 需要の回復 / 需要が増 / 需要が低 / 悪化 / グローバルニッチトップ / トップシェア / シェア拡大 / レアアース
20260514,9885,9885_1530_シャルレ_2026年3月期 決算短信[日本基準](連結).pdf,,,2 4,,,,,,,,4,,2 5,,,,,,,,,5,,価格交渉 / 増産 / 価格改定 / 価格転嫁 / 値上 / 想定以上 / 上方修正 / 下方修正 / 想定以下 / 未達 / 大幅 / 計画を上 / 計画を下 / 計画以 / 需要回復 / 需要の回復 / 需要が増 / 需要が低 / 悪化 / グローバルニッチトップ / トップシェア / シェア拡大 / レアアース
20260514,1446,1446_1530_キャンディル_2026年9月期 第2四半期 決算補足説明資料.pdf,,,,,4 8 10 17 18 24,,,,,,4,,,,,,11,,,,,,,価格交渉 / 増産 / 価格改定 / 価格転嫁 / 値上 / 想定以上 / 上方修正 / 下方修正 / 想定以下 / 未達 / 大幅 / 計画を上 / 計画を下 / 計画以 / 需要回復 / 需要の回復 / 需要が増 / 需要が低 / 悪化 / グローバルニッチトップ / トップシェア / シェア拡大 / レアアース
20260514,148A,148A_1530_G-ハッチ・ワーク_2026年12月期 第1四半期決算説明資料.pdf,,,28,,25,,,,,,,,,,,,,34,,,,,,価格交渉 / 増産 / 価格改定 / 価格転嫁 / 値上 / 想定以上 / 上方修正 / 下方修正 / 想定以下 / 未達 / 大幅 / 計画を上 / 計画を下 / 計画以 / 需要回復 / 需要の回復 / 需要が増 / 需要が低 / 悪化 / グローバルニッチトップ / トップシェア / シェア拡大 / レアアース
20260514,1961,1961_1400_三機工_2025年度 決算説明資料.pdf,,25,,,,,,,,,7 9 28,,,,,,,,10 21,,,,,価格交渉 / 増産 / 価格改定 / 価格転嫁 / 値上 / 想定以上 / 上方修正 / 下方修正 / 想定以下 / 未達 / 大幅 / 計画を上 / 計画を下 / 計画以 / 需要回復 / 需要の回復 / 需要が増 / 需要が低 / 悪化 / グローバルニッチトップ / トップシェア / シェア拡大 / レアアース
20260514,1963,1963_1530_日揮HD_2026年3月期決算短信〔日本基準〕(連結).pdf,,6,,,,,,,,,,,,,,,,,4,,,8,,価格交渉 / 増産 / 価格改定 / 価格転嫁 / 値上 / 想定以上 / 上方修正 / 下方修正 / 想定以下 / 未達 / 大幅 / 計画を上 / 計画を下 / 計画以 / 需要回復 / 需要の回復 / 需要が増 / 需要が低 / 悪化 / グローバルニッチトップ / トップシェア / シェア拡大 / レアアース
20260514,196A,196A_1530_G-MFS_2026年6月期 第3四半期決算説明資料.pdf,,,,,,,45,45,,,9 10 11 14 29,,,,,,,,,,,,,価格交渉 / 増産 / 価格改定 / 価格転嫁 / 値上 / 想定以上 / 上方修正 / 下方修正 / 想定以下 / 未達 / 大幅 / 計画を上 / 計画を下 / 計画以 / 需要回復 / 需要の回復 / 需要が増 / 需要が低 / 悪化 / グローバルニッチトップ / トップシェア / シェア拡大 / レアアース
20260514,197A,197A_1530_タウンズ_2026年6月期 第3四半期決算説明資料.pdf,,,,,,,,,,,16 23,,,,,,,,,,24,12 24,,価格交渉 / 増産 / 価格改定 / 価格転嫁 / 値上 / 想定以上 / 上方修正 / 下方修正 / 想定以下 / 未達 / 大幅 / 計画を上 / 計画を下 / 計画以 / 需要回復 / 需要の回復 / 需要が増 / 需要が低 / 悪化 / グローバルニッチトップ / トップシェア / シェア拡大 / レアアース
20260514,242A,242A_1530_Q-リプライオリティ_2026年9月期 第2四半期決算 決算説明資料.pdf,,,,,21,,,,,,9 15 19 20,9 20,,,,,,,,,,,,価格交渉 / 増産 / 価格改定 / 価格転嫁 / 値上 / 想定以上 / 上方修正 / 下方修正 / 想定以下 / 未達 / 大幅 / 計画を上 / 計画を下 / 計画以 / 需要回復 / 需要の回復 / 需要が増 / 需要が低 / 悪化 / グローバルニッチトップ / トップシェア / シェア拡大 / レアアース
20260514,2469,2469_1530_ヒビノ_中期経営計画「Beyond 1000」策定に関するお知らせ.pdf,,,,,,,,,,9,,10,,,,,,,13,,,,,価格交渉 / 増産 / 価格改定 / 価格転嫁 / 値上 / 想定以上 / 上方修正 / 下方修正 / 想定以下 / 未達 / 大幅 / 計画を上 / 計画を下 / 計画以 / 需要回復 / 需要の回復 / 需要が増 / 需要が低 / 悪化 / グローバルニッチトップ / トップシェア / シェア拡大 / レアアース
20260514,2479,2479_1530_ジェイテック_2026年3月期 決算短信〔日本基準〕(連結).pdf,,,,,,4,,4,,,4,,,,,,,,,,,,,価格交渉 / 増産 / 価格改定 / 価格転嫁 / 値上 / 想定以上 / 上方修正 / 下方修正 / 想定以下 / 未達 / 大幅 / 計画を上 / 計画を下 / 計画以 / 需要回復 / 需要の回復 / 需要が増 / 需要が低 / 悪化 / グローバルニッチトップ / トップシェア / シェア拡大 / レアアース
20260514,263A,263A_1530_P-デジタルキューブ_2026年3月期 決算短信〔日本基準〕(連結).pdf,,,4 5,4,,,,,,,4,,,,,,,,,,,,,価格交渉 / 増産 / 価格改定 / 価格転嫁 / 値上 / 想定以上 / 上方修正 / 下方修正 / 想定以下 / 未達 / 大幅 / 計画を上 / 計画を下 / 計画以 / 需要回復 / 需要の回復 / 需要が増 / 需要が低 / 悪化 / グローバルニッチトップ / トップシェア / シェア拡大 / レアアース
20260514,2733,2733_1530_あらた_2026年3月期 決算短信〔日本基準〕(連結).pdf,,,,,,,,,,4,,,,,,,,,,,16,5,,価格交渉 / 増産 / 価格改定 / 価格転嫁 / 値上 / 想定以上 / 上方修正 / 下方修正 / 想定以下 / 未達 / 大幅 / 計画を上 / 計画を下 / 計画以 / 需要回復 / 需要の回復 / 需要が増 / 需要が低 / 悪化 / グローバルニッチトップ / トップシェア / シェア拡大 / レアアース
20260514,2764,2764_1200_ひらまつ_2026年3月期 決算短信〔日本基準〕(連結).pdf,,,4,,,,4 6 9,,,,5,,,,,,,,,,,,,価格交渉 / 増産 / 価格改定 / 価格転嫁 / 値上 / 想定以上 / 上方修正 / 下方修正 / 想定以下 / 未達 / 大幅 / 計画を上 / 計画を下 / 計画以 / 需要回復 / 需要の回復 / 需要が増 / 需要が低 / 悪化 / グローバルニッチトップ / トップシェア / シェア拡大 / レアアース
20260514,288A,288A_1530_G-ラクサス_2026年3月期 決算説明資料.pdf,,,6 19,,,,,30,,,4 16 27 31,,,,,,,,,,,,,価格交渉 / 増産 / 価格改定 / 価格転嫁 / 値上 / 想定以上 / 上方修正 / 下方修正 / 想定以下 / 未達 / 大幅 / 計画を上 / 計画を下 / 計画以 / 需要回復 / 需要の回復 / 需要が増 / 需要が低 / 悪化 / グローバルニッチトップ / トップシェア / シェア拡大 / レアアース
20260514,2894,2894_1600_石井食_2026年3月期 通期決算説明資料.pdf,,,4 7 11,,,,,8,,,4 5 6 7 8,,,,,,,,,,,,,価格交渉 / 増産 / 価格改定 / 価格転嫁 / 値上 / 想定以上 / 上方修正 / 下方修正 / 想定以下 / 未達 / 大幅 / 計画を上 / 計画を下 / 計画以 / 需要回復 / 需要の回復 / 需要が増 / 需要が低 / 悪化 / グローバルニッチトップ / トップシェア / シェア拡大 / レアアース
20260514,2928,2928_1600_A-RIZAP G_2026年3月期 決算短信〔IFRS〕(連結).pdf,,,5,,,,,,,,4 5 7,,,5,,,,,,,,,,価格交渉 / 増産 / 価格改定 / 価格転嫁 / 値上 / 想定以上 / 上方修正 / 下方修正 / 想定以下 / 未達 / 大幅 / 計画を上 / 計画を下 / 計画以 / 需要回復 / 需要の回復 / 需要が増 / 需要が低 / 悪化 / グローバルニッチトップ / トップシェア / シェア拡大 / レアアース
20260514,2931,2931_1530_ユーグレナ_2026年12月期 第1四半期決算短信〔日本基準〕(連結).pdf,,,4,,,,,,,,4 5,6,,,,,,,,,,,,価格交渉 / 増産 / 価格改定 / 価格転嫁 / 値上 / 想定以上 / 上方修正 / 下方修正 / 想定以下 / 未達 / 大幅 / 計画を上 / 計画を下 / 計画以 / 需要回復 / 需要の回復 / 需要が増 / 需要が低 / 悪化 / グローバルニッチトップ / トップシェア / シェア拡大 / レアアース
20260514,2982,2982_1500_ADワークスグループ_2026年12月期 第1四半期決算短信〔日本基準〕(連結).pdf,,,,,,,,,,,4,,,,,7,,,4,,,,,価格交渉 / 増産 / 価格改定 / 価格転嫁 / 値上 / 想定以上 / 上方修正 / 下方修正 / 想定以下 / 未達 / 大幅 / 計画を上 / 計画を下 / 計画以 / 需要回復 / 需要の回復 / 需要が増 / 需要が低 / 悪化 / グローバルニッチトップ / トップシェア / シェア拡大 / レアアース
20260514,3002,3002_1430_グンゼ_2026年3月期決算短信〔日本基準〕(連結).pdf,,,,,,,,,,,5,,,,,,,,4 5,,,7,,価格交渉 / 増産 / 価格改定 / 価格転嫁 / 値上 / 想定以上 / 上方修正 / 下方修正 / 想定以下 / 未達 / 大幅 / 計画を上 / 計画を下 / 計画以 / 需要回復 / 需要の回復 / 需要が増 / 需要が低 / 悪化 / グローバルニッチトップ / トップシェア / シェア拡大 / レアアース
20260514,3096,3096_1530_オーシャン_令和8年3月期 決算短信〔日本基準〕(連結).pdf,,,5,,4,,,,,,4,,,,,,,,,,,,,価格交渉 / 増産 / 価格改定 / 価格転嫁 / 値上 / 想定以上 / 上方修正 / 下方修正 / 想定以下 / 未達 / 大幅 / 計画を上 / 計画を下 / 計画以 / 需要回復 / 需要の回復 / 需要が増 / 需要が低 / 悪化 / グローバルニッチトップ / トップシェア / シェア拡大 / レアアース
20260514,3109,3109_1130_シキボウ_2026年3月期 決算短信[日本基準](連結).pdf,,,5,,,,,,,,4,,,,,,,,4,,,,,価格交渉 / 増産 / 価格改定 / 価格転嫁 / 値上 / 想定以上 / 上方修正 / 下方修正 / 想定以下 / 未達 / 大幅 / 計画を上 / 計画を下 / 計画以 / 需要回復 / 需要の回復 / 需要が増 / 需要が低 / 悪化 / グローバルニッチトップ / トップシェア / シェア拡大 / レアアース
20260514,3182,3182_1530_オイシックスラ大地_2026年3月期 通期 決算FAQ.pdf,,,,,25 26 28,,,,,,3 4 5,,,,,,,,12 24,,,,,価格交渉 / 増産 / 価格改定 / 価格転嫁 / 値上 / 想定以上 / 上方修正 / 下方修正 / 想定以下 / 未達 / 大幅 / 計画を上 / 計画を下 / 計画以 / 需要回復 / 需要の回復 / 需要が増 / 需要が低 / 悪化 / グローバルニッチトップ / トップシェア / シェア拡大 / レアアース
20260514,3185,3185_1530_G-夢展望_2026年3月期 決算短信〔IFRS〕(連結).pdf,,,,,,,,,,,4 5,,4,,,,,,4,,,,,価格交渉 / 増産 / 価格改定 / 価格転嫁 / 値上 / 想定以上 / 上方修正 / 下方修正 / 想定以下 / 未達 / 大幅 / 計画を上 / 計画を下 / 計画以 / 需要回復 / 需要の回復 / 需要が増 / 需要が低 / 悪化 / グローバルニッチトップ / トップシェア / シェア拡大 / レアアース
20260514,3409,3409_1530_北紡_2026年3月期 決算短信[日本基準](連結).pdf,,4,,,,,,,,5,,,,,,,,,4,,,,,価格交渉 / 増産 / 価格改定 / 価格転嫁 / 値上 / 想定以上 / 上方修正 / 下方修正 / 想定以下 / 未達 / 大幅 / 計画を上 / 計画を下 / 計画以 / 需要回復 / 需要の回復 / 需要が増 / 需要が低 / 悪化 / グローバルニッチトップ / トップシェア / シェア拡大 / レアアース
20260514,343A,343A_1200_IACEトラベル_2026年3月期 決算補足説明資料.pdf,,,,,,,6,,,,5,,,,,,,,,,,44,,価格交渉 / 増産 / 価格改定 / 価格転嫁 / 値上 / 想定以上 / 上方修正 / 下方修正 / 想定以下 / 未達 / 大幅 / 計画を上 / 計画を下 / 計画以 / 需要回復 / 需要の回復 / 需要が増 / 需要が低 / 悪化 / グローバルニッチトップ / トップシェア / シェア拡大 / レアアース
20260514,3445,3445_1600_RSTECH_2026年12月期第1四半期 決算説明資料.pdf,,5 35 49 50,,,,,,,,,25,,,,,,,,,,,13 26,,価格交渉 / 増産 / 価格改定 / 価格転嫁 / 値上 / 想定以上 / 上方修正 / 下方修正 / 想定以下 / 未達 / 大幅 / 計画を上 / 計画を下 / 計画以 / 需要回復 / 需要の回復 / 需要が増 / 需要が低 / 悪化 / グローバルニッチトップ / トップシェア / シェア拡大 / レアアース
20260514,3486,3486_1530_グローバルリンクM_2026年12月期第1四半期決算説明資料.pdf,,,,20,,,7 22,,,,,6 7,,,,,,,,,,,,価格交渉 / 増産 / 価格改定 / 価格転嫁 / 値上 / 想定以上 / 上方修正 / 下方修正 / 想定以下 / 未達 / 大幅 / 計画を上 / 計画を下 / 計画以 / 需要回復 / 需要の回復 / 需要が増 / 需要が低 / 悪化 / グローバルニッチトップ / トップシェア / シェア拡大 / レアアース
20260514,3561,3561_1130_力の源HD_2026年3月期 決算短信〔日本基準〕(連結).pdf,,,5,,4,,,,,,,,,,,,,,4 5,,,,,価格交渉 / 増産 / 価格改定 / 価格転嫁 / 値上 / 想定以上 / 上方修正 / 下方修正 / 想定以下 / 未達 / 大幅 / 計画を上 / 計画を下 / 計画以 / 需要回復 / 需要の回復 / 需要が増 / 需要が低 / 悪化 / グローバルニッチトップ / トップシェア / シェア拡大 / レアアース
20260514,3561,3561_1130_力の源HD_2026年3月期決算補足説明資料.pdf,,,,11,7,,,,,,42,,,,,,,,,,,,,価格交渉 / 増産 / 価格改定 / 価格転嫁 / 値上 / 想定以上 / 上方修正 / 下方修正 / 想定以下 / 未達 / 大幅 / 計画を上 / 計画を下 / 計画以 / 需要回復 / 需要の回復 / 需要が増 / 需要が低 / 悪化 / グローバルニッチトップ / トップシェア / シェア拡大 / レアアース
20260514,3566,3566_0830_G-ユニネク_2026年12月期 第1四半期決算短信[日本基準](非連結).pdf,,,,,4,,,,,,4,,,,,,,,,,,4,,価格交渉 / 増産 / 価格改定 / 価格転嫁 / 値上 / 想定以上 / 上方修正 / 下方修正 / 想定以下 / 未達 / 大幅 / 計画を上 / 計画を下 / 計画以 / 需要回復 / 需要の回復 / 需要が増 / 需要が低 / 悪化 / グローバルニッチトップ / トップシェア / シェア拡大 / レアアース
20260514,3611,3611_1530_マツオカ_2026年3月期決算補足説明資料.pdf,,,,,,,,,,2,5 7 9 11 17,15,,,,,,,,,,,,価格交渉 / 増産 / 価格改定 / 価格転嫁 / 値上 / 想定以上 / 上方修正 / 下方修正 / 想定以下 / 未達 / 大幅 / 計画を上 / 計画を下 / 計画以 / 需要回復 / 需要の回復 / 需要が増 / 需要が低 / 悪化 / グローバルニッチトップ / トップシェア / シェア拡大 / レアアース
20260514,3708,3708_1400_特種東海_第7次中期経営計画の策定に関するお知らせ.pdf,,4 7 8 21 22 24 28,9 10,,,,,,,7 9 24,,,,,,,,,,,,,,価格交渉 / 増産 / 価格改定 / 価格転嫁 / 値上 / 想定以上 / 上方修正 / 下方修正 / 想定以下 / 未達 / 大幅 / 計画を上 / 計画を下 / 計画以 / 需要回復 / 需要の回復 / 需要が増 / 需要が低 / 悪化 / グローバルニッチトップ / トップシェア / シェア拡大 / レアアース
20260514,3774,3774_1200_IIJ_2026年3月期 決算短信〔IFRS〕(連結).pdf,,,,8,8,,,,,,8,,,,,,,,,,,,,価格交渉 / 増産 / 価格改定 / 価格転嫁 / 値上 / 想定以上 / 上方修正 / 下方修正 / 想定以下 / 未達 / 大幅 / 計画を上 / 計画を下 / 計画以 / 需要回復 / 需要の回復 / 需要が増 / 需要が低 / 悪化 / グローバルニッチトップ / トップシェア / シェア拡大 / レアアース
20260514,3920,3920_1530_アイビーシー_2026年9月期第2四半期決算説明資料.pdf,,,,,,,12,,,12,14 15 18,,,,,,,,,,,,,価格交渉 / 増産 / 価格改定 / 価格転嫁 / 値上 / 想定以上 / 上方修正 / 下方修正 / 想定以下 / 未達 / 大幅 / 計画を上 / 計画を下 / 計画以 / 需要回復 / 需要の回復 / 需要が増 / 需要が低 / 悪化 / グローバルニッチトップ / トップシェア / シェア拡大 / レアアース
20260514,4044,4044_1300_セ硝子_2026年3月期 決算短信〔日本基準〕(連結).pdf,,4 7,,,,,,,,,,,,,,,,5,4,,,,,価格交渉 / 増産 / 価格改定 / 価格転嫁 / 値上 / 想定以上 / 上方修正 / 下方修正 / 想定以下 / 未達 / 大幅 / 計画を上 / 計画を下 / 計画以 / 需要回復 / 需要の回復 / 需要が増 / 需要が低 / 悪化 / グローバルニッチトップ / トップシェア / シェア拡大 / レアアース
20260514,4068,4068_1700_G-ベイシス_2026年6月期 第3四半期決算説明資料.pdf,,,,,,,,,,,24 28 30,2,,,,,,,,,,26,,価格交渉 / 増産 / 価格改定 / 価格転嫁 / 値上 / 想定以上 / 上方修正 / 下方修正 / 想定以下 / 未達 / 大幅 / 計画を上 / 計画を下 / 計画以 / 需要回復 / 需要の回復 / 需要が増 / 需要が低 / 悪化 / グローバルニッチトップ / トップシェア / シェア拡大 / レアアース
20260514,409A,409A_1530_オリオンビール_2026年3月期決算短信〔日本基準〕(連結).pdf,,,,5,,,,,,,,7,,,,,5,,,,,,,価格交渉 / 増産 / 価格改定 / 価格転嫁 / 値上 / 想定以上 / 上方修正 / 下方修正 / 想定以下 / 未達 / 大幅 / 計画を上 / 計画を下 / 計画以 / 需要回復 / 需要の回復 / 需要が増 / 需要が低 / 悪化 / グローバルニッチトップ / トップシェア / シェア拡大 / レアアース
20260514,4118,4118_1600_カネカ_2026年3月期 決算説明資料.pdf,,,7 9,,,8,,,,,,,,,10,,,,,,,,,価格交渉 / 増産 / 価格改定 / 価格転嫁 / 値上 / 想定以上 / 上方修正 / 下方修正 / 想定以下 / 未達 / 大幅 / 計画を上 / 計画を下 / 計画以 / 需要回復 / 需要の回復 / 需要が増 / 需要が低 / 悪化 / グローバルニッチトップ / トップシェア / シェア拡大 / レアアース
20260514,4119,4119_1300_日本ピグメントHD_2026年3月期 決算短信〔日本基準〕(連結).pdf,,,4,4,4,,,,,,,,,,,,,,,,,,,価格交渉 / 増産 / 価格改定 / 価格転嫁 / 値上 / 想定以上 / 上方修正 / 下方修正 / 想定以下 / 未達 / 大幅 / 計画を上 / 計画を下 / 計画以 / 需要回復 / 需要の回復 / 需要が増 / 需要が低 / 悪化 / グローバルニッチトップ / トップシェア / シェア拡大 / レアアース
20260514,4193,4193_1400_ファブリカHD_2026年3月期決算短信〔日本基準〕(連結).pdf,,,,,7,,,,,,2 7,,,,,,,,,,,7,,価格交渉 / 増産 / 価格改定 / 価格転嫁 / 値上 / 想定以上 / 上方修正 / 下方修正 / 想定以下 / 未達 / 大幅 / 計画を上 / 計画を下 / 計画以 / 需要回復 / 需要の回復 / 需要が増 / 需要が低 / 悪化 / グローバルニッチトップ / トップシェア / シェア拡大 / レアアース
20260514,4222,4222_1800_児玉化_2026年3月期決算短信〔日本基準〕(連結).pdf,,,,,,,,,,,4,,4,,,,,,,,,6,,価格交渉 / 増産 / 価格改定 / 価格転嫁 / 値上 / 想定以上 / 上方修正 / 下方修正 / 想定以下 / 未達 / 大幅 / 計画を上 / 計画を下 / 計画以 / 需要回復 / 需要の回復 / 需要が増 / 需要が低 / 悪化 / グローバルニッチトップ / トップシェア / シェア拡大 / レアアース
20260514,4245,4245_1230_ダイキアクシス_2026年12月期 第1四半期決算短信〔日本基準〕(連結).pdf,5,,,5,,,,,,,,,,,,,,,7,,,,,価格交渉 / 増産 / 価格改定 / 価格転嫁 / 値上 / 想定以上 / 上方修正 / 下方修正 / 想定以下 / 未達 / 大幅 / 計画を上 / 計画を下 / 計画以 / 需要回復 / 需要の回復 / 需要が増 / 需要が低 / 悪化 / グローバルニッチトップ / トップシェア / シェア拡大 / レアアース
20260514,4323,4323_1600_日本システム技術_中期経営計画の策定に関するお知らせ.pdf,,,,,,,,,,,5 7 9,,,,,,,,,,8 13,8 11 16 22 23 27,,価格交渉 / 増産 / 価格改定 / 価格転嫁 / 値上 / 想定以上 / 上方修正 / 下方修正 / 想定以下 / 未達 / 大幅 / 計画を上 / 計画を下 / 計画以 / 需要回復 / 需要の回復 / 需要が増 / 需要が低 / 悪化 / グローバルニッチトップ / トップシェア / シェア拡大 / レアアース
20260514,4381,4381_1600_G-ビープラッツ_2026年3月期 決算説明資料.pdf,,,6,,,,,,,,4 5 9,,,,,,,,6,,,,,価格交渉 / 増産 / 価格改定 / 価格転嫁 / 値上 / 想定以上 / 上方修正 / 下方修正 / 想定以下 / 未達 / 大幅 / 計画を上 / 計画を下 / 計画以 / 需要回復 / 需要の回復 / 需要が増 / 需要が低 / 悪化 / グローバルニッチトップ / トップシェア / シェア拡大 / レアアース
20260514,4418,4418_1530_G-JDSC_2026年6月期 第3四半期決算説明資料.pdf,,,,,,70,,,,,11 43 60 68,,,,,,,,42,,,,,価格交渉 / 増産 / 価格改定 / 価格転嫁 / 値上 / 想定以上 / 上方修正 / 下方修正 / 想定以下 / 未達 / 大幅 / 計画を上 / 計画を下 / 計画以 / 需要回復 / 需要の回復 / 需要が増 / 需要が低 / 悪化 / グローバルニッチトップ / トップシェア / シェア拡大 / レアアース
20260514,4464,4464_1530_ソフト99_新中期経営計画策定に関するお知らせ.pdf,,,,11,,,,,,,,,8,,,,,,31,,,,,価格交渉 / 増産 / 価格改定 / 価格転嫁 / 値上 / 想定以上 / 上方修正 / 下方修正 / 想定以下 / 未達 / 大幅 / 計画を上 / 計画を下 / 計画以 / 需要回復 / 需要の回復 / 需要が増 / 需要が低 / 悪化 / グローバルニッチトップ / トップシェア / シェア拡大 / レアアース
20260514,4819,4819_1530_デジタルガレージ_2026年3月期 決算説明資料.pdf,,,,,,,,,,24,12 23 32 57,,,,,,,,23,,,,,価格交渉 / 増産 / 価格改定 / 価格転嫁 / 値上 / 想定以上 / 上方修正 / 下方修正 / 想定以下 / 未達 / 大幅 / 計画を上 / 計画を下 / 計画以 / 需要回復 / 需要の回復 / 需要が増 / 需要が低 / 悪化 / グローバルニッチトップ / トップシェア / シェア拡大 / レアアース
20260514,4820,4820_1600_EMシステムズ_2026年12月期 第2四半期(中間期)連結業績予想及び配当予想の修正に関するお知らせ.pdf,,,,,,,,1,,,,,1,1,,,,,,,,,,価格交渉 / 増産 / 価格改定 / 価格転嫁 / 値上 / 想定以上 / 上方修正 / 下方修正 / 想定以下 / 未達 / 大幅 / 計画を上 / 計画を下 / 計画以 / 需要回復 / 需要の回復 / 需要が増 / 需要が低 / 悪化 / グローバルニッチトップ / トップシェア / シェア拡大 / レアアース
20260514,4840,4840_1530_トライアイズ_2026年12月期 第1四半期決算補足説明資料.pdf,,,,,,,,,,12,11 12 13 15,,,,,,,,12,,,,,価格交渉 / 増産 / 価格改定 / 価格転嫁 / 値上 / 想定以上 / 上方修正 / 下方修正 / 想定以下 / 未達 / 大幅 / 計画を上 / 計画を下 / 計画以 / 需要回復 / 需要の回復 / 需要が増 / 需要が低 / 悪化 / グローバルニッチトップ / トップシェア / シェア拡大 / レアアース
20260514,4977,4977_1530_ニッタゼラチン_2026年3月期 決算説明及び中期経営計画進捗について.pdf,,8 9 12 17,,,,,15,,,17,,,,,,,,,,,,,,価格交渉 / 増産 / 価格改定 / 価格転嫁 / 値上 / 想定以上 / 上方修正 / 下方修正 / 想定以下 / 未達 / 大幅 / 計画を上 / 計画を下 / 計画以 / 需要回復 / 需要の回復 / 需要が増 / 需要が低 / 悪化 / グローバルニッチトップ / トップシェア / シェア拡大 / レアアース
20260514,5033,5033_1800_G-ヌーラボ_2026年3月期 通期決算説明資料.pdf,,,,,,,,,,8 38,4 8 17 18 20 38 41,4,,,,,,,,,,,,価格交渉 / 増産 / 価格改定 / 価格転嫁 / 値上 / 想定以上 / 上方修正 / 下方修正 / 想定以下 / 未達 / 大幅 / 計画を上 / 計画を下 / 計画以 / 需要回復 / 需要の回復 / 需要が増 / 需要が低 / 悪化 / グローバルニッチトップ / トップシェア / シェア拡大 / レアアース
20260514,5644,5644_1930_メタルアート_Gerbera holdings株式会社による当社株式に対する公開買い付けに関する賛同の意見表明及び応募推奨のお知らせ.pdf,,,,,,,,,,,25 56,,,,,10 45,,,12 48,,,,,価格交渉 / 増産 / 価格改定 / 価格転嫁 / 値上 / 想定以上 / 上方修正 / 下方修正 / 想定以下 / 未達 / 大幅 / 計画を上 / 計画を下 / 計画以 / 需要回復 / 需要の回復 / 需要が増 / 需要が低 / 悪化 / グローバルニッチトップ / トップシェア / シェア拡大 / レアアース
20260514,5901,5901_1600_洋缶HD_2026年3月期 決算短信〔日本基準〕(連結).pdf,,,4 5,,,,,,,,5,,,,,,,,5,,,,,価格交渉 / 増産 / 価格改定 / 価格転嫁 / 値上 / 想定以上 / 上方修正 / 下方修正 / 想定以下 / 未達 / 大幅 / 計画を上 / 計画を下 / 計画以 / 需要回復 / 需要の回復 / 需要が増 / 需要が低 / 悪化 / グローバルニッチトップ / トップシェア / シェア拡大 / レアアース
20260514,5901,5901_1600_洋缶HD_「中期経営計画2030」策定に関するお知らせ.pdf,,,3 10 11 13,,,,,,,,11,,,,,,,,10,,,,,価格交渉 / 増産 / 価格改定 / 価格転嫁 / 値上 / 想定以上 / 上方修正 / 下方修正 / 想定以下 / 未達 / 大幅 / 計画を上 / 計画を下 / 計画以 / 需要回復 / 需要の回復 / 需要が増 / 需要が低 / 悪化 / グローバルニッチトップ / トップシェア / シェア拡大 / レアアース
20260514,5921,5921_1530_川岸工_2026年9月期 第2四半期(中間期)決算短信〔日本基準〕(非連結).pdf,,,,4,,,,,,,,,,,,,,,4,,,,4,価格交渉 / 増産 / 価格改定 / 価格転嫁 / 値上 / 想定以上 / 上方修正 / 下方修正 / 想定以下 / 未達 / 大幅 / 計画を上 / 計画を下 / 計画以 / 需要回復 / 需要の回復 / 需要が増 / 需要が低 / 悪化 / グローバルニッチトップ / トップシェア / シェア拡大 / レアアース
20260514,5981,5981_1530_東製綱_2026年3月期決算短信〔日本基準〕(連結).pdf,,,4,,,,,,,5,,,,,,,,,5,,,,,価格交渉 / 増産 / 価格改定 / 価格転嫁 / 値上 / 想定以上 / 上方修正 / 下方修正 / 想定以下 / 未達 / 大幅 / 計画を上 / 計画を下 / 計画以 / 需要回復 / 需要の回復 / 需要が増 / 需要が低 / 悪化 / グローバルニッチトップ / トップシェア / シェア拡大 / レアアース
20260514,5994,5994_1620_ファインシンター_新中期経営計画策定に関するお知らせ.pdf,,,,,,,,,,13,7,7,,,,,,,,,,,,価格交渉 / 増産 / 価格改定 / 価格転嫁 / 値上 / 想定以上 / 上方修正 / 下方修正 / 想定以下 / 未達 / 大幅 / 計画を上 / 計画を下 / 計画以 / 需要回復 / 需要の回復 / 需要が増 / 需要が低 / 悪化 / グローバルニッチトップ / トップシェア / シェア拡大 / レアアース
20260514,6273,6273_1500_SMC_2026年3月期 決算説明会資料.pdf,,,,,,,,2,,3,,,,,,,,,,,,7 10,,価格交渉 / 増産 / 価格改定 / 価格転嫁 / 値上 / 想定以上 / 上方修正 / 下方修正 / 想定以下 / 未達 / 大幅 / 計画を上 / 計画を下 / 計画以 / 需要回復 / 需要の回復 / 需要が増 / 需要が低 / 悪化 / グローバルニッチトップ / トップシェア / シェア拡大 / レアアース
20260514,6458,6458_1600_新晃工業_2026年3月期 決算短信〔日本基準〕(連結).pdf,,,,5,,,,,,,,5,,,,,,,4 6,,,,,価格交渉 / 増産 / 価格改定 / 価格転嫁 / 値上 / 想定以上 / 上方修正 / 下方修正 / 想定以下 / 未達 / 大幅 / 計画を上 / 計画を下 / 計画以 / 需要回復 / 需要の回復 / 需要が増 / 需要が低 / 悪化 / グローバルニッチトップ / トップシェア / シェア拡大 / レアアース
20260514,6458,6458_1600_新晃工業_2026年3月期 決算補足説明資料.pdf,,,4 5,7 13 14,,,,,,,,,,,,,,,12,,,,,価格交渉 / 増産 / 価格改定 / 価格転嫁 / 値上 / 想定以上 / 上方修正 / 下方修正 / 想定以下 / 未達 / 大幅 / 計画を上 / 計画を下 / 計画以 / 需要回復 / 需要の回復 / 需要が増 / 需要が低 / 悪化 / グローバルニッチトップ / トップシェア / シェア拡大 / レアアース
20260514,6544,6544_1530_JESHD_2026年3月期 決算補足資料.pdf,,,,,,,6,,,,3 4 8,,,,,,,,,,,13 14 16,,価格交渉 / 増産 / 価格改定 / 価格転嫁 / 値上 / 想定以上 / 上方修正 / 下方修正 / 想定以下 / 未達 / 大幅 / 計画を上 / 計画を下 / 計画以 / 需要回復 / 需要の回復 / 需要が増 / 需要が低 / 悪化 / グローバルニッチトップ / トップシェア / シェア拡大 / レアアース
20260514,6568,6568_1530_G-神戸天然物化学_事業計画及び成長可能性に関する事項.pdf,,,,,,,,,,27,,,27,,,,,,24,,,,,価格交渉 / 増産 / 価格改定 / 価格転嫁 / 値上 / 想定以上 / 上方修正 / 下方修正 / 想定以下 / 未達 / 大幅 / 計画を上 / 計画を下 / 計画以 / 需要回復 / 需要の回復 / 需要が増 / 需要が低 / 悪化 / グローバルニッチトップ / トップシェア / シェア拡大 / レアアース
20260514,6571,6571_1700_キュービーネットHD_2026年6月期 第3四半期決算説明資料.pdf,,,4 6 11 12 13 14 23,,23,,,,,,7 9,,,,,,,,,,,,,価格交渉 / 増産 / 価格改定 / 価格転嫁 / 値上 / 想定以上 / 上方修正 / 下方修正 / 想定以下 / 未達 / 大幅 / 計画を上 / 計画を下 / 計画以 / 需要回復 / 需要の回復 / 需要が増 / 需要が低 / 悪化 / グローバルニッチトップ / トップシェア / シェア拡大 / レアアース
20260514,6613,6613_1630_G-QDレーザ_2026年3月期 決算説明資料.pdf,,,,,,,,,,,19,2,,,,,18,,,,,,,価格交渉 / 増産 / 価格改定 / 価格転嫁 / 値上 / 想定以上 / 上方修正 / 下方修正 / 想定以下 / 未達 / 大幅 / 計画を上 / 計画を下 / 計画以 / 需要回復 / 需要の回復 / 需要が増 / 需要が低 / 悪化 / グローバルニッチトップ / トップシェア / シェア拡大 / レアアース
20260514,6849,6849_1630_日本光電_2026年3月期 決算説明会資料.pdf,36,,,,,,,,,3 30 31 35,,,,,,,,,19,,,,,価格交渉 / 増産 / 価格改定 / 価格転嫁 / 値上 / 想定以上 / 上方修正 / 下方修正 / 想定以下 / 未達 / 大幅 / 計画を上 / 計画を下 / 計画以 / 需要回復 / 需要の回復 / 需要が増 / 需要が低 / 悪化 / グローバルニッチトップ / トップシェア / シェア拡大 / レアアース
20260514,6863,6863_1600_ニレコ_2026年3月期 決算短信〔日本基準〕(連結).pdf,,4 7,,,,,,,,,7,,,,,,,,,,7,,,価格交渉 / 増産 / 価格改定 / 価格転嫁 / 値上 / 想定以上 / 上方修正 / 下方修正 / 想定以下 / 未達 / 大幅 / 計画を上 / 計画を下 / 計画以 / 需要回復 / 需要の回復 / 需要が増 / 需要が低 / 悪化 / グローバルニッチトップ / トップシェア / シェア拡大 / レアアース
20260514,6867,6867_1750_リーダ電子_2026年3月期 決算補足説明資料.pdf,,,,,,,,,,,20,,,,,,,,,,20,16 20,,価格交渉 / 増産 / 価格改定 / 価格転嫁 / 値上 / 想定以上 / 上方修正 / 下方修正 / 想定以下 / 未達 / 大幅 / 計画を上 / 計画を下 / 計画以 / 需要回復 / 需要の回復 / 需要が増 / 需要が低 / 悪化 / グローバルニッチトップ / トップシェア / シェア拡大 / レアアース
20260514,6926,6926_1535_OKAYA_中期経営計画策定に関するお知らせ.pdf,,,4 9,,,,,,,,,,,,,,,,9,,,8,,価格交渉 / 増産 / 価格改定 / 価格転嫁 / 値上 / 想定以上 / 上方修正 / 下方修正 / 想定以下 / 未達 / 大幅 / 計画を上 / 計画を下 / 計画以 / 需要回復 / 需要の回復 / 需要が増 / 需要が低 / 悪化 / グローバルニッチトップ / トップシェア / シェア拡大 / レアアース
20260514,7066,7066_1530_G-ピアズ_2026年9月期 第2四半期 決算補足説明資料.pdf,,,,,,4,5 6,,,,5,,,,,,,,,,,,,価格交渉 / 増産 / 価格改定 / 価格転嫁 / 値上 / 想定以上 / 上方修正 / 下方修正 / 想定以下 / 未達 / 大幅 / 計画を上 / 計画を下 / 計画以 / 需要回復 / 需要の回復 / 需要が増 / 需要が低 / 悪化 / グローバルニッチトップ / トップシェア / シェア拡大 / レアアース
20260514,7078,7078_1730_G-INC HD_2026年3月期 決算短信〔日本基準〕(連結).pdf,,,,,,,,,,,4 5,,,,,,,,5,,,5,,価格交渉 / 増産 / 価格改定 / 価格転嫁 / 値上 / 想定以上 / 上方修正 / 下方修正 / 想定以下 / 未達 / 大幅 / 計画を上 / 計画を下 / 計画以 / 需要回復 / 需要の回復 / 需要が増 / 需要が低 / 悪化 / グローバルニッチトップ / トップシェア / シェア拡大 / レアアース
20260514,7133,7133_1530_G-ヒュウガプライマ_2026年3月期決算説明資料.pdf,,,,,,,,,,4 8 28 32,13 15,,,,,,,,5,,,,,価格交渉 / 増産 / 価格改定 / 価格転嫁 / 値上 / 想定以上 / 上方修正 / 下方修正 / 想定以下 / 未達 / 大幅 / 計画を上 / 計画を下 / 計画以 / 需要回復 / 需要の回復 / 需要が増 / 需要が低 / 悪化 / グローバルニッチトップ / トップシェア / シェア拡大 / レアアース
20260514,7277,7277_1530_TBK_2026年3月期 決算短信〔日本基準〕(連結).pdf,,,4,,,,,,,,,,,,6,4 6,,,,,,,,価格交渉 / 増産 / 価格改定 / 価格転嫁 / 値上 / 想定以上 / 上方修正 / 下方修正 / 想定以下 / 未達 / 大幅 / 計画を上 / 計画を下 / 計画以 / 需要回復 / 需要の回復 / 需要が増 / 需要が低 / 悪化 / グローバルニッチトップ / トップシェア / シェア拡大 / レアアース
20260514,7567,7567_1430_栄電子_2026年3月期 決算補足説明資料.pdf,,,,,,,,,,10,2 4 15,,,,,,8,,,,,,,価格交渉 / 増産 / 価格改定 / 価格転嫁 / 値上 / 想定以上 / 上方修正 / 下方修正 / 想定以下 / 未達 / 大幅 / 計画を上 / 計画を下 / 計画以 / 需要回復 / 需要の回復 / 需要が増 / 需要が低 / 悪化 / グローバルニッチトップ / トップシェア / シェア拡大 / レアアース
20260514,7695,7695_1600_G-交換できるくん_2026年3月期 決算説明資料.pdf,,,,,,,,,,5 18,12,18,,,,,,,,,,,,価格交渉 / 増産 / 価格改定 / 価格転嫁 / 値上 / 想定以上 / 上方修正 / 下方修正 / 想定以下 / 未達 / 大幅 / 計画を上 / 計画を下 / 計画以 / 需要回復 / 需要の回復 / 需要が増 / 需要が低 / 悪化 / グローバルニッチトップ / トップシェア / シェア拡大 / レアアース
20260514,7695,7695_1600_G-交換できるくん_2027年3月期 中期経営計画(進捗)説明資料(事業計画及び成長可能性に関する事項).pdf,,,,,,10,,,,5,,5,,,,,,,,,,,,価格交渉 / 増産 / 価格改定 / 価格転嫁 / 値上 / 想定以上 / 上方修正 / 下方修正 / 想定以下 / 未達 / 大幅 / 計画を上 / 計画を下 / 計画以 / 需要回復 / 需要の回復 / 需要が増 / 需要が低 / 悪化 / グローバルニッチトップ / トップシェア / シェア拡大 / レアアース
20260514,7716,7716_1400_ナカニシ_2026年12月期 第1四半期決算短信〔日本基準〕(連結).pdf,,4,,,4,,,,,,4,,,,,,,,,,,,,価格交渉 / 増産 / 価格改定 / 価格転嫁 / 値上 / 想定以上 / 上方修正 / 下方修正 / 想定以下 / 未達 / 大幅 / 計画を上 / 計画を下 / 計画以 / 需要回復 / 需要の回復 / 需要が増 / 需要が低 / 悪化 / グローバルニッチトップ / トップシェア / シェア拡大 / レアアース
20260514,7726,7726_1300_黒田精工_2026年3月期 決算補足説明資料.pdf,,10,,,,,,,,,,,,,,,,,3,,,,3 4 10,価格交渉 / 増産 / 価格改定 / 価格転嫁 / 値上 / 想定以上 / 上方修正 / 下方修正 / 想定以下 / 未達 / 大幅 / 計画を上 / 計画を下 / 計画以 / 需要回復 / 需要の回復 / 需要が増 / 需要が低 / 悪化 / グローバルニッチトップ / トップシェア / シェア拡大 / レアアース
20260514,7821,7821_1430_前田工繊_2026年6月期 第3四半期決算説明資料.pdf,,,,,,,,,,14,,4,,,,,,,,,,16,,価格交渉 / 増産 / 価格改定 / 価格転嫁 / 値上 / 想定以上 / 上方修正 / 下方修正 / 想定以下 / 未達 / 大幅 / 計画を上 / 計画を下 / 計画以 / 需要回復 / 需要の回復 / 需要が増 / 需要が低 / 悪化 / グローバルニッチトップ / トップシェア / シェア拡大 / レアアース
20260514,7897,7897_1630_ホクシン_2026年3月期決算短信〔日本基準〕(非連結).pdf,,,4 5,4,,,,,,,4,,,,,,,,,,,,,価格交渉 / 増産 / 価格改定 / 価格転嫁 / 値上 / 想定以上 / 上方修正 / 下方修正 / 想定以下 / 未達 / 大幅 / 計画を上 / 計画を下 / 計画以 / 需要回復 / 需要の回復 / 需要が増 / 需要が低 / 悪化 / グローバルニッチトップ / トップシェア / シェア拡大 / レアアース
20260514,7952,7952_1530_河合楽器_2026年3月期 決算短信〔日本基準〕(連結).pdf,,,,,,,,,,,,,,,,,4,,4,,,4,,価格交渉 / 増産 / 価格改定 / 価格転嫁 / 値上 / 想定以上 / 上方修正 / 下方修正 / 想定以下 / 未達 / 大幅 / 計画を上 / 計画を下 / 計画以 / 需要回復 / 需要の回復 / 需要が増 / 需要が低 / 悪化 / グローバルニッチトップ / トップシェア / シェア拡大 / レアアース
20260514,8037,8037_1530_カメイ_2026年3月期 決算補足説明資料.pdf,,,6,13,,,,,,,,,,,,,,,3 5 6 11 14,,,,,価格交渉 / 増産 / 価格改定 / 価格転嫁 / 値上 / 想定以上 / 上方修正 / 下方修正 / 想定以下 / 未達 / 大幅 / 計画を上 / 計画を下 / 計画以 / 需要回復 / 需要の回復 / 需要が増 / 需要が低 / 悪化 / グローバルニッチトップ / トップシェア / シェア拡大 / レアアース
20260514,8043,8043_1400_スターゼン_2026年3月期 決算短信〔日本基準〕(連結).pdf,,,5,5,,,,,,,,,,,,,,,6,,,,,価格交渉 / 増産 / 価格改定 / 価格転嫁 / 値上 / 想定以上 / 上方修正 / 下方修正 / 想定以下 / 未達 / 大幅 / 計画を上 / 計画を下 / 計画以 / 需要回復 / 需要の回復 / 需要が増 / 需要が低 / 悪化 / グローバルニッチトップ / トップシェア / シェア拡大 / レアアース
20260514,8139,8139_1530_ナガホリ_令和8年3月期 決算短信〔日本基準〕(連結).pdf,,,,,,,6,,,,4,,,,,,,,4 6,,,,,価格交渉 / 増産 / 価格改定 / 価格転嫁 / 値上 / 想定以上 / 上方修正 / 下方修正 / 想定以下 / 未達 / 大幅 / 計画を上 / 計画を下 / 計画以 / 需要回復 / 需要の回復 / 需要が増 / 需要が低 / 悪化 / グローバルニッチトップ / トップシェア / シェア拡大 / レアアース
20260514,8559,8559_1500_豊和銀_2026年3月期決算短信〔日本基準〕(非連結).pdf,,,,5,,,,,,,33 37,,,,,,,,5 33 37,,,,,価格交渉 / 増産 / 価格改定 / 価格転嫁 / 値上 / 想定以上 / 上方修正 / 下方修正 / 想定以下 / 未達 / 大幅 / 計画を上 / 計画を下 / 計画以 / 需要回復 / 需要の回復 / 需要が増 / 需要が低 / 悪化 / グローバルニッチトップ / トップシェア / シェア拡大 / レアアース
20260514,8891,8891_1601_AMGHD_2026年3月期 通期決算説明資料.pdf,,,,6 12,,,,,,,7 10,,,,,,,,21,,,,,価格交渉 / 増産 / 価格改定 / 価格転嫁 / 値上 / 想定以上 / 上方修正 / 下方修正 / 想定以下 / 未達 / 大幅 / 計画を上 / 計画を下 / 計画以 / 需要回復 / 需要の回復 / 需要が増 / 需要が低 / 悪化 / グローバルニッチトップ / トップシェア / シェア拡大 / レアアース
20260514,9065,9065_1530_山九_2026年3月期 決算短信〔日本基準〕(連結).pdf,,,,7,,,,,,,8,,,,,,,,5 8,,,,,価格交渉 / 増産 / 価格改定 / 価格転嫁 / 値上 / 想定以上 / 上方修正 / 下方修正 / 想定以下 / 未達 / 大幅 / 計画を上 / 計画を下 / 計画以 / 需要回復 / 需要の回復 / 需要が増 / 需要が低 / 悪化 / グローバルニッチトップ / トップシェア / シェア拡大 / レアアース
20260514,9075,9075_1530_福山運_2026年3月期 決算補足説明資料.pdf,,,,20,11,,,,,,,,,,,,,,,,,8 9 16,,価格交渉 / 増産 / 価格改定 / 価格転嫁 / 値上 / 想定以上 / 上方修正 / 下方修正 / 想定以下 / 未達 / 大幅 / 計画を上 / 計画を下 / 計画以 / 需要回復 / 需要の回復 / 需要が増 / 需要が低 / 悪化 / グローバルニッチトップ / トップシェア / シェア拡大 / レアアース
20260514,9076,9076_1530_セイノーHD_2026年3月期決算説明会資料.pdf,,,,,,,,,,16,17 40,,,,,,,,,,,29,,価格交渉 / 増産 / 価格改定 / 価格転嫁 / 値上 / 想定以上 / 上方修正 / 下方修正 / 想定以下 / 未達 / 大幅 / 計画を上 / 計画を下 / 計画以 / 需要回復 / 需要の回復 / 需要が増 / 需要が低 / 悪化 / グローバルニッチトップ / トップシェア / シェア拡大 / レアアース
20260514,9271,9271_1530_G-和心_2026年12月期 第1四半期決算説明資料.pdf,,,,,,6,7 19,,,,,,,,,,,,8,,,,,価格交渉 / 増産 / 価格改定 / 価格転嫁 / 値上 / 想定以上 / 上方修正 / 下方修正 / 想定以下 / 未達 / 大幅 / 計画を上 / 計画を下 / 計画以 / 需要回復 / 需要の回復 / 需要が増 / 需要が低 / 悪化 / グローバルニッチトップ / トップシェア / シェア拡大 / レアアース
20260514,9310,9310_1340_トランスシティ_中期経営計画の策定について.pdf,,,,,,,5,,,5,6 7,,,,,,,,,,,,,価格交渉 / 増産 / 価格改定 / 価格転嫁 / 値上 / 想定以上 / 上方修正 / 下方修正 / 想定以下 / 未達 / 大幅 / 計画を上 / 計画を下 / 計画以 / 需要回復 / 需要の回復 / 需要が増 / 需要が低 / 悪化 / グローバルニッチトップ / トップシェア / シェア拡大 / レアアース
20260514,9336,9336_1130_大栄環境_2026年3月期 決算説明資料.pdf,,,,55,,,,,,,23,,,,,,,,,,,74,,価格交渉 / 増産 / 価格改定 / 価格転嫁 / 値上 / 想定以上 / 上方修正 / 下方修正 / 想定以下 / 未達 / 大幅 / 計画を上 / 計画を下 / 計画以 / 需要回復 / 需要の回復 / 需要が増 / 需要が低 / 悪化 / グローバルニッチトップ / トップシェア / シェア拡大 / レアアース
20260514,9345,9345_1530_G-ビズメイツ_2026年12月期 第1四半期 決算説明資料.pdf,,,,,,,,,,,8 14,8 13,12,,,,,,,,,,,価格交渉 / 増産 / 価格改定 / 価格転嫁 / 値上 / 想定以上 / 上方修正 / 下方修正 / 想定以下 / 未達 / 大幅 / 計画を上 / 計画を下 / 計画以 / 需要回復 / 需要の回復 / 需要が増 / 需要が低 / 悪化 / グローバルニッチトップ / トップシェア / シェア拡大 / レアアース
20260514,9401,9401_1630_TBSHD_2025年度決算資料.pdf,,,,,,,,2 25,,,16 17 41 64,,25,,,,,,,,,,,価格交渉 / 増産 / 価格改定 / 価格転嫁 / 値上 / 想定以上 / 上方修正 / 下方修正 / 想定以下 / 未達 / 大幅 / 計画を上 / 計画を下 / 計画以 / 需要回復 / 需要の回復 / 需要が増 / 需要が低 / 悪化 / グローバルニッチトップ / トップシェア / シェア拡大 / レアアース
20260514,9416,9416_1530_ビジョン_2026年12月期第1四半期決算説明資料.pdf,,,,,,,,,,,16,,,,,40,,,,,,10,,価格交渉 / 増産 / 価格改定 / 価格転嫁 / 値上 / 想定以上 / 上方修正 / 下方修正 / 想定以下 / 未達 / 大幅 / 計画を上 / 計画を下 / 計画以 / 需要回復 / 需要の回復 / 需要が増 / 需要が低 / 悪化 / グローバルニッチトップ / トップシェア / シェア拡大 / レアアース
20260514,9468,9468_1530_KADOKAWA_中期経営計画 2027年3月期 - 2032年3月期.pdf,,,,,,,,,,,25 39,,,6,,,,,13 15 19,,,,,価格交渉 / 増産 / 価格改定 / 価格転嫁 / 値上 / 想定以上 / 上方修正 / 下方修正 / 想定以下 / 未達 / 大幅 / 計画を上 / 計画を下 / 計画以 / 需要回復 / 需要の回復 / 需要が増 / 需要が低 / 悪化 / グローバルニッチトップ / トップシェア / シェア拡大 / レアアース
20260514,9561,9561_1530_G-グラッドキューブ_2026年12月期第1四半期 決算補足説明動画書き起こしレポート.pdf,,,,,,,15,,,,5,,,,,,,,,,,8,,価格交渉 / 増産 / 価格改定 / 価格転嫁 / 値上 / 想定以上 / 上方修正 / 下方修正 / 想定以下 / 未達 / 大幅 / 計画を上 / 計画を下 / 計画以 / 需要回復 / 需要の回復 / 需要が増 / 需要が低 / 悪化 / グローバルニッチトップ / トップシェア / シェア拡大 / レアアース
20260514,9960,9960_1600_東テク_中期経営計画策定に関するお知らせ.pdf,27,,,,,1 9,18,,,,,,,,,,,,,,,,,価格交渉 / 増産 / 価格改定 / 価格転嫁 / 値上 / 想定以上 / 上方修正 / 下方修正 / 想定以下 / 未達 / 大幅 / 計画を上 / 計画を下 / 計画以 / 需要回復 / 需要の回復 / 需要が増 / 需要が低 / 悪化 / グローバルニッチトップ / トップシェア / シェア拡大 / レアアース
20260514,9987,9987_1500_スズケン_2026年3月期決算短信〔日本基準〕(連結).pdf,,,,4,,,,,,,7,,,,,,5,,,,,,,価格交渉 / 増産 / 価格改定 / 価格転嫁 / 値上 / 想定以上 / 上方修正 / 下方修正 / 想定以下 / 未達 / 大幅 / 計画を上 / 計画を下 / 計画以 / 需要回復 / 需要の回復 / 需要が増 / 需要が低 / 悪化 / グローバルニッチトップ / トップシェア / シェア拡大 / レアアース
20260514,1332,1332_1200_ニッスイ_2026年3月期 決算短信 〔日本基準〕(連結).pdf,,5 7,5,,,,,,,,,,,,,,,,,,,,,価格交渉 / 増産 / 価格改定 / 価格転嫁 / 値上 / 想定以上 / 上方修正 / 下方修正 / 想定以下 / 未達 / 大幅 / 計画を上 / 計画を下 / 計画以 / 需要回復 / 需要の回復 / 需要が増 / 需要が低 / 悪化 / グローバルニッチトップ / トップシェア / シェア拡大 / レアアース
20260514,1332,1332_1200_ニッスイ_2026年3月期 決算短信補足資料.pdf,,7 31,7 24 34 36,,,,,,,,,,,,,,,,,,,,,価格交渉 / 増産 / 価格改定 / 価格転嫁 / 値上 / 想定以上 / 上方修正 / 下方修正 / 想定以下 / 未達 / 大幅 / 計画を上 / 計画を下 / 計画以 / 需要回復 / 需要の回復 / 需要が増 / 需要が低 / 悪化 / グローバルニッチトップ / トップシェア / シェア拡大 / レアアース
20260514,148A,148A_1530_G-ハッチ・ワーク_2026年12月期 第1四半期決算短信〔日本基準〕(非連結).pdf,,,,,,,,,,,4,,,,,4,,,,,,,,価格交渉 / 増産 / 価格改定 / 価格転嫁 / 値上 / 想定以上 / 上方修正 / 下方修正 / 想定以下 / 未達 / 大幅 / 計画を上 / 計画を下 / 計画以 / 需要回復 / 需要の回復 / 需要が増 / 需要が低 / 悪化 / グローバルニッチトップ / トップシェア / シェア拡大 / レアアース
20260514,149A,149A_1530_G-シンカ_2026年12月期第1四半期決算説明資料.pdf,,,,,,,,,,,10 18,,,,,,,,,,,11,,価格交渉 / 増産 / 価格改定 / 価格転嫁 / 値上 / 想定以上 / 上方修正 / 下方修正 / 想定以下 / 未達 / 大幅 / 計画を上 / 計画を下 / 計画以 / 需要回復 / 需要の回復 / 需要が増 / 需要が低 / 悪化 / グローバルニッチトップ / トップシェア / シェア拡大 / レアアース
20260514,155A,155A_1530_G-情報戦略_2026年12月期 第1四半期決算説明資料.pdf,,,,,,,,,,,8 9 18,,,11,,,,,,,,,,価格交渉 / 増産 / 価格改定 / 価格転嫁 / 値上 / 想定以上 / 上方修正 / 下方修正 / 想定以下 / 未達 / 大幅 / 計画を上 / 計画を下 / 計画以 / 需要回復 / 需要の回復 / 需要が増 / 需要が低 / 悪化 / グローバルニッチトップ / トップシェア / シェア拡大 / レアアース
20260514,1736,1736_1715_オーテック_2026年3月期 決算短信〔日本基準〕(連結).pdf,,,,5,,,,,,,,,,,,,,,6,,,,,価格交渉 / 増産 / 価格改定 / 価格転嫁 / 値上 / 想定以上 / 上方修正 / 下方修正 / 想定以下 / 未達 / 大幅 / 計画を上 / 計画を下 / 計画以 / 需要回復 / 需要の回復 / 需要が増 / 需要が低 / 悪化 / グローバルニッチトップ / トップシェア / シェア拡大 / レアアース
20260514,1801,1801_1300_大成建_2026年3月期決算短信〔日本基準〕(連結).pdf,,,,,,,8,,,,,,,,,,,,6,,,,,価格交渉 / 増産 / 価格改定 / 価格転嫁 / 値上 / 想定以上 / 上方修正 / 下方修正 / 想定以下 / 未達 / 大幅 / 計画を上 / 計画を下 / 計画以 / 需要回復 / 需要の回復 / 需要が増 / 需要が低 / 悪化 / グローバルニッチトップ / トップシェア / シェア拡大 / レアアース
20260514,1811,1811_1400_銭高組_2026年3月期 決算短信〔日本基準〕(連結).pdf,,,,,,,,,,,5,,,,,,,,5,,,,,価格交渉 / 増産 / 価格改定 / 価格転嫁 / 値上 / 想定以上 / 上方修正 / 下方修正 / 想定以下 / 未達 / 大幅 / 計画を上 / 計画を下 / 計画以 / 需要回復 / 需要の回復 / 需要が増 / 需要が低 / 悪化 / グローバルニッチトップ / トップシェア / シェア拡大 / レアアース
20260514,1914,1914_1430_日基礎_令和8年3月期決算短信〔日本基準〕(連結).pdf,,,,,,,,,,4,,4,,,,,,,,,,,,価格交渉 / 増産 / 価格改定 / 価格転嫁 / 値上 / 想定以上 / 上方修正 / 下方修正 / 想定以下 / 未達 / 大幅 / 計画を上 / 計画を下 / 計画以 / 需要回復 / 需要の回復 / 需要が増 / 需要が低 / 悪化 / グローバルニッチトップ / トップシェア / シェア拡大 / レアアース
20260514,195A,195A_1530_G-MUSCAT G_2026年3月期 決算短信〔日本基準〕(連結).pdf,,,,,,,,,,,,,5 17,,,,,,5,,,,,価格交渉 / 増産 / 価格改定 / 価格転嫁 / 値上 / 想定以上 / 上方修正 / 下方修正 / 想定以下 / 未達 / 大幅 / 計画を上 / 計画を下 / 計画以 / 需要回復 / 需要の回復 / 需要が増 / 需要が低 / 悪化 / グローバルニッチトップ / トップシェア / シェア拡大 / レアアース
20260514,1963,1963_1530_日揮HD_中期経営計画 (BSP2030).pdf,,,,,,,,,,,,,,,,,,,15,,,22,,価格交渉 / 増産 / 価格改定 / 価格転嫁 / 値上 / 想定以上 / 上方修正 / 下方修正 / 想定以下 / 未達 / 大幅 / 計画を上 / 計画を下 / 計画以 / 需要回復 / 需要の回復 / 需要が増 / 需要が低 / 悪化 / グローバルニッチトップ / トップシェア / シェア拡大 / レアアース
20260514,2002,2002_1530_日清粉G_2026年3月期 決算短信〔日本基準〕(連結).pdf,,,4 5 6,18,,,,,,,,,,,,,,,,,,,,価格交渉 / 増産 / 価格改定 / 価格転嫁 / 値上 / 想定以上 / 上方修正 / 下方修正 / 想定以下 / 未達 / 大幅 / 計画を上 / 計画を下 / 計画以 / 需要回復 / 需要の回復 / 需要が増 / 需要が低 / 悪化 / グローバルニッチトップ / トップシェア / シェア拡大 / レアアース
20260514,2117,2117_1300_ウェルネオシュガー_2026年3月期決算短信〔IFRS〕(連結).pdf,,4 5,,,,,,,,,,,,,,,,,4,,,,,価格交渉 / 増産 / 価格改定 / 価格転嫁 / 値上 / 想定以上 / 上方修正 / 下方修正 / 想定以下 / 未達 / 大幅 / 計画を上 / 計画を下 / 計画以 / 需要回復 / 需要の回復 / 需要が増 / 需要が低 / 悪化 / グローバルニッチトップ / トップシェア / シェア拡大 / レアアース
20260514,2130,2130_1530_メンバーズ_2026年3月期 決算短信〔IFRS〕(連結).pdf,,,,,,14,,,,,5 14,,,,,,,,,,,,,価格交渉 / 増産 / 価格改定 / 価格転嫁 / 値上 / 想定以上 / 上方修正 / 下方修正 / 想定以下 / 未達 / 大幅 / 計画を上 / 計画を下 / 計画以 / 需要回復 / 需要の回復 / 需要が増 / 需要が低 / 悪化 / グローバルニッチトップ / トップシェア / シェア拡大 / レアアース
20260514,2130,2130_1530_メンバーズ_2026年3月期 決算説明資料.pdf,,,,,,,,,,,4 9 10 11 13 16 19 20 26 31,4,,,,,,,,,,,,価格交渉 / 増産 / 価格改定 / 価格転嫁 / 値上 / 想定以上 / 上方修正 / 下方修正 / 想定以下 / 未達 / 大幅 / 計画を上 / 計画を下 / 計画以 / 需要回復 / 需要の回復 / 需要が増 / 需要が低 / 悪化 / グローバルニッチトップ / トップシェア / シェア拡大 / レアアース
20260514,2130,2130_1530_メンバーズ_新・長期ビジョン『FUTURE VISON』の策定.pdf,,,,,,,,,,,8 10,,,,,,,,2 6 8 9,,,,,価格交渉 / 増産 / 価格改定 / 価格転嫁 / 値上 / 想定以上 / 上方修正 / 下方修正 / 想定以下 / 未達 / 大幅 / 計画を上 / 計画を下 / 計画以 / 需要回復 / 需要の回復 / 需要が増 / 需要が低 / 悪化 / グローバルニッチトップ / トップシェア / シェア拡大 / レアアース
20260514,2146,2146_1600_UTグループ_2026年3月期 決算説明資料.pdf,,,,,,,,,,43,7 10 23 28 42,,,,,,,,,,,,,価格交渉 / 増産 / 価格改定 / 価格転嫁 / 値上 / 想定以上 / 上方修正 / 下方修正 / 想定以下 / 未達 / 大幅 / 計画を上 / 計画を下 / 計画以 / 需要回復 / 需要の回復 / 需要が増 / 需要が低 / 悪化 / グローバルニッチトップ / トップシェア / シェア拡大 / レアアース
20260514,2170,2170_1200_LINK&M_2026年12月期 第1四半期決算短信〔IFRS〕(連結).pdf,,,,,,,,,,,4 5 6 7 8 10,,,,,,,,,,,10,,価格交渉 / 増産 / 価格改定 / 価格転嫁 / 値上 / 想定以上 / 上方修正 / 下方修正 / 想定以下 / 未達 / 大幅 / 計画を上 / 計画を下 / 計画以 / 需要回復 / 需要の回復 / 需要が増 / 需要が低 / 悪化 / グローバルニッチトップ / トップシェア / シェア拡大 / レアアース
20260514,2170,2170_1200_LINK&M_2026年12月期第1四半期決算説明資料.pdf,,,,,,,,,,,2 8 9 10 11 12 13 21,,,,,,,,,,,36,,価格交渉 / 増産 / 価格改定 / 価格転嫁 / 値上 / 想定以上 / 上方修正 / 下方修正 / 想定以下 / 未達 / 大幅 / 計画を上 / 計画を下 / 計画以 / 需要回復 / 需要の回復 / 需要が増 / 需要が低 / 悪化 / グローバルニッチトップ / トップシェア / シェア拡大 / レアアース
20260514,2181,2181_1530_パーソルHD_2026年3月期 決算短信〔IFRS〕(連結).pdf,,,,,,,,,,9,,,,,,,,,,,,10,,価格交渉 / 増産 / 価格改定 / 価格転嫁 / 値上 / 想定以上 / 上方修正 / 下方修正 / 想定以下 / 未達 / 大幅 / 計画を上 / 計画を下 / 計画以 / 需要回復 / 需要の回復 / 需要が増 / 需要が低 / 悪化 / グローバルニッチトップ / トップシェア / シェア拡大 / レアアース
20260514,2181,2181_1530_パーソルHD_2026年3月期 決算説明資料.pdf,,,,,,,,,,,16 18,2,,,,,,,,,,,,価格交渉 / 増産 / 価格改定 / 価格転嫁 / 値上 / 想定以上 / 上方修正 / 下方修正 / 想定以下 / 未達 / 大幅 / 計画を上 / 計画を下 / 計画以 / 需要回復 / 需要の回復 / 需要が増 / 需要が低 / 悪化 / グローバルニッチトップ / トップシェア / シェア拡大 / レアアース
20260514,2207,2207_1640_meito_2026年3月期 決算短信[日本基準](連結).pdf,,,4 5,,4,,,,,,,,,,,,,,,,,,,価格交渉 / 増産 / 価格改定 / 価格転嫁 / 値上 / 想定以上 / 上方修正 / 下方修正 / 想定以下 / 未達 / 大幅 / 計画を上 / 計画を下 / 計画以 / 需要回復 / 需要の回復 / 需要が増 / 需要が低 / 悪化 / グローバルニッチトップ / トップシェア / シェア拡大 / レアアース
20260514,2269,2269_1530_明治HD_2026年3月期 決算短信〔日本基準〕(連結).pdf,,,4 7 12 40,,,,,,,,6 7 8 9,,,,,,,,,,,,,価格交渉 / 増産 / 価格改定 / 価格転嫁 / 値上 / 想定以上 / 上方修正 / 下方修正 / 想定以下 / 未達 / 大幅 / 計画を上 / 計画を下 / 計画以 / 需要回復 / 需要の回復 / 需要が増 / 需要が低 / 悪化 / グローバルニッチトップ / トップシェア / シェア拡大 / レアアース
20260514,2270,2270_1100_雪印メグ_2026年3月期決算短信〔日本基準〕(連結).pdf,,,4 5 7,,,4,,,,,,,,,,,,,,,,,,価格交渉 / 増産 / 価格改定 / 価格転嫁 / 値上 / 想定以上 / 上方修正 / 下方修正 / 想定以下 / 未達 / 大幅 / 計画を上 / 計画を下 / 計画以 / 需要回復 / 需要の回復 / 需要が増 / 需要が低 / 悪化 / グローバルニッチトップ / トップシェア / シェア拡大 / レアアース
20260514,241A,241A_1530_G-ROXX_2026年9月期 第2四半期決算説明資料.pdf,,,,,,,,,,,6 10 20 34,,,,,,,,,,,46,,価格交渉 / 増産 / 価格改定 / 価格転嫁 / 値上 / 想定以上 / 上方修正 / 下方修正 / 想定以下 / 未達 / 大幅 / 計画を上 / 計画を下 / 計画以 / 需要回復 / 需要の回復 / 需要が増 / 需要が低 / 悪化 / グローバルニッチトップ / トップシェア / シェア拡大 / レアアース
20260514,246A,246A_1600_G-アスア_2026年6月期 第3四半期決算説明資料.pdf,,,,,,,,,,,12,,,,,,,,,,,5,,価格交渉 / 増産 / 価格改定 / 価格転嫁 / 値上 / 想定以上 / 上方修正 / 下方修正 / 想定以下 / 未達 / 大幅 / 計画を上 / 計画を下 / 計画以 / 需要回復 / 需要の回復 / 需要が増 / 需要が低 / 悪化 / グローバルニッチトップ / トップシェア / シェア拡大 / レアアース
20260514,2501,2501_1500_サッポロHD_2026年12月期 第1四半期決算短信〔IFRS〕(連結).pdf,,,4 5 25 29,,,,,,,,,,,,,,,,5,,,,,価格交渉 / 増産 / 価格改定 / 価格転嫁 / 値上 / 想定以上 / 上方修正 / 下方修正 / 想定以下 / 未達 / 大幅 / 計画を上 / 計画を下 / 計画以 / 需要回復 / 需要の回復 / 需要が増 / 需要が低 / 悪化 / グローバルニッチトップ / トップシェア / シェア拡大 / レアアース
20260514,259A,259A_1530_ケイ・ウノ_2026年9月期 第2四半期(中間期)決算短信〔日本基準〕(連結).pdf,,,4,,,,,,,,,,,,,,,,4,,,,,価格交渉 / 増産 / 価格改定 / 価格転嫁 / 値上 / 想定以上 / 上方修正 / 下方修正 / 想定以下 / 未達 / 大幅 / 計画を上 / 計画を下 / 計画以 / 需要回復 / 需要の回復 / 需要が増 / 需要が低 / 悪化 / グローバルニッチトップ / トップシェア / シェア拡大 / レアアース
20260514,2613,2613_1030_Jオイル_2026年3月期 通期決算概況.pdf,,,2 13,,,,,,,2 16,,,,,,,,,,,,,,価格交渉 / 増産 / 価格改定 / 価格転嫁 / 値上 / 想定以上 / 上方修正 / 下方修正 / 想定以下 / 未達 / 大幅 / 計画を上 / 計画を下 / 計画以 / 需要回復 / 需要の回復 / 需要が増 / 需要が低 / 悪化 / グローバルニッチトップ / トップシェア / シェア拡大 / レアアース
20260514,271A,271A_1530_P-アクセリア_通期業績予想の修正に関するお知らせ.pdf,,,,,,2,,,,2,,,,,,,,,,,,,,価格交渉 / 増産 / 価格改定 / 価格転嫁 / 値上 / 想定以上 / 上方修正 / 下方修正 / 想定以下 / 未達 / 大幅 / 計画を上 / 計画を下 / 計画以 / 需要回復 / 需要の回復 / 需要が増 / 需要が低 / 悪化 / グローバルニッチトップ / トップシェア / シェア拡大 / レアアース
20260514,2733,2733_1530_あらた_「中期経営計画2030」の策定に関するお知らせ.pdf,,,,,,,,7,,1 7 8,,,,,,,,,,,,,,価格交渉 / 増産 / 価格改定 / 価格転嫁 / 値上 / 想定以上 / 上方修正 / 下方修正 / 想定以下 / 未達 / 大幅 / 計画を上 / 計画を下 / 計画以 / 需要回復 / 需要の回復 / 需要が増 / 需要が低 / 悪化 / グローバルニッチトップ / トップシェア / シェア拡大 / レアアース
20260514,2750,2750_1200_石光商事_2026年3月期 決算短信〔日本基準〕(連結).pdf,,,4,,,,,,,,,,,,,4,,,,,,,,価格交渉 / 増産 / 価格改定 / 価格転嫁 / 値上 / 想定以上 / 上方修正 / 下方修正 / 想定以下 / 未達 / 大幅 / 計画を上 / 計画を下 / 計画以 / 需要回復 / 需要の回復 / 需要が増 / 需要が低 / 悪化 / グローバルニッチトップ / トップシェア / シェア拡大 / レアアース
20260514,281A,281A_1600_G-インフォメティス_2026年12月期第1四半期決算短信〔日本基準〕(連結).pdf,,,,,,,,,,,6,,,,,,,,6,,,,,価格交渉 / 増産 / 価格改定 / 価格転嫁 / 値上 / 想定以上 / 上方修正 / 下方修正 / 想定以下 / 未達 / 大幅 / 計画を上 / 計画を下 / 計画以 / 需要回復 / 需要の回復 / 需要が増 / 需要が低 / 悪化 / グローバルニッチトップ / トップシェア / シェア拡大 / レアアース
20260514,2894,2894_1600_石井食_通期連結業績予想値と実績値の差異のお知らせ.pdf,,,1,,,,1,,,,,,,,,,,,,,,,,価格交渉 / 増産 / 価格改定 / 価格転嫁 / 値上 / 想定以上 / 上方修正 / 下方修正 / 想定以下 / 未達 / 大幅 / 計画を上 / 計画を下 / 計画以 / 需要回復 / 需要の回復 / 需要が増 / 需要が低 / 悪化 / グローバルニッチトップ / トップシェア / シェア拡大 / レアアース
20260514,2938,2938_1400_オカムラ食品工業_2026年6月期 第3四半期決算短信〔日本基準〕(連結).pdf,,,,5,5,,,,,,,,,,,,,,,,,,,価格交渉 / 増産 / 価格改定 / 価格転嫁 / 値上 / 想定以上 / 上方修正 / 下方修正 / 想定以下 / 未達 / 大幅 / 計画を上 / 計画を下 / 計画以 / 需要回復 / 需要の回復 / 需要が増 / 需要が低 / 悪化 / グローバルニッチトップ / トップシェア / シェア拡大 / レアアース
20260514,300A,300A_1600_MIC_2026年3月期通期決算説明資料.pdf,,,,,,,3,,,,3 4,,,,,,,,,,,,,価格交渉 / 増産 / 価格改定 / 価格転嫁 / 値上 / 想定以上 / 上方修正 / 下方修正 / 想定以下 / 未達 / 大幅 / 計画を上 / 計画を下 / 計画以 / 需要回復 / 需要の回復 / 需要が増 / 需要が低 / 悪化 / グローバルニッチトップ / トップシェア / シェア拡大 / レアアース
20260514,3011,3011_1530_バナーズ_2026年3月期 決算短信〔日本基準〕(連結).pdf,,,,,4,,,,,,4,,,,,,,,,,,,,価格交渉 / 増産 / 価格改定 / 価格転嫁 / 値上 / 想定以上 / 上方修正 / 下方修正 / 想定以下 / 未達 / 大幅 / 計画を上 / 計画を下 / 計画以 / 需要回復 / 需要の回復 / 需要が増 / 需要が低 / 悪化 / グローバルニッチトップ / トップシェア / シェア拡大 / レアアース
20260514,3034,3034_1845_クオールHD_2026年3月期 決算説明会資料及び中期経営計画.pdf,,,,,,,27,,,,,,,,,,,,,,,21 39 47,,価格交渉 / 増産 / 価格改定 / 価格転嫁 / 値上 / 想定以上 / 上方修正 / 下方修正 / 想定以下 / 未達 / 大幅 / 計画を上 / 計画を下 / 計画以 / 需要回復 / 需要の回復 / 需要が増 / 需要が低 / 悪化 / グローバルニッチトップ / トップシェア / シェア拡大 / レアアース
20260514,3103,3103_1100_ユニチカ_2026年3月期 決算短信〔日本基準〕(連結).pdf,,,5,,,,,,,,5,,,,,,,,,,,,,価格交渉 / 増産 / 価格改定 / 価格転嫁 / 値上 / 想定以上 / 上方修正 / 下方修正 / 想定以下 / 未達 / 大幅 / 計画を上 / 計画を下 / 計画以 / 需要回復 / 需要の回復 / 需要が増 / 需要が低 / 悪化 / グローバルニッチトップ / トップシェア / シェア拡大 / レアアース
20260514,3106,3106_1330_クラボウ_2026年3月期 決算短信〔日本基準〕(連結).pdf,,,,,,,,,,,,,,,,,,,17,,,,6,価格交渉 / 増産 / 価格改定 / 価格転嫁 / 値上 / 想定以上 / 上方修正 / 下方修正 / 想定以下 / 未達 / 大幅 / 計画を上 / 計画を下 / 計画以 / 需要回復 / 需要の回復 / 需要が増 / 需要が低 / 悪化 / グローバルニッチトップ / トップシェア / シェア拡大 / レアアース
20260514,3123,3123_1530_サイボー_2026年3月期 決算短信〔日本基準〕(連結).pdf,,,,4,,,,,,,5,,,,,,,,,,,,,価格交渉 / 増産 / 価格改定 / 価格転嫁 / 値上 / 想定以上 / 上方修正 / 下方修正 / 想定以下 / 未達 / 大幅 / 計画を上 / 計画を下 / 計画以 / 需要回復 / 需要の回復 / 需要が増 / 需要が低 / 悪化 / グローバルニッチトップ / トップシェア / シェア拡大 / レアアース
20260514,3135,3135_1540_マーケットエンター_2026年6月期第3四半期決算説明資料.pdf,,,,,,,,,,,29,,,,,,,,4 7 8 29,,,,,価格交渉 / 増産 / 価格改定 / 価格転嫁 / 値上 / 想定以上 / 上方修正 / 下方修正 / 想定以下 / 未達 / 大幅 / 計画を上 / 計画を下 / 計画以 / 需要回復 / 需要の回復 / 需要が増 / 需要が低 / 悪化 / グローバルニッチトップ / トップシェア / シェア拡大 / レアアース
20260514,3138,3138_1530_富士山マガジン_2026年12月期第1四半期決算短信〔日本基準〕(連結).pdf,,,,,,,,,,,5,,,,,,,,4,,,,,価格交渉 / 増産 / 価格改定 / 価格転嫁 / 値上 / 想定以上 / 上方修正 / 下方修正 / 想定以下 / 未達 / 大幅 / 計画を上 / 計画を下 / 計画以 / 需要回復 / 需要の回復 / 需要が増 / 需要が低 / 悪化 / グローバルニッチトップ / トップシェア / シェア拡大 / レアアース
20260514,3185,3185_1530_G-夢展望_2026年3月期 決算補足説明資料.pdf,,,,,,,,,,,4 5 9,,,,,,,,4 5,,,,,価格交渉 / 増産 / 価格改定 / 価格転嫁 / 値上 / 想定以上 / 上方修正 / 下方修正 / 想定以下 / 未達 / 大幅 / 計画を上 / 計画を下 / 計画以 / 需要回復 / 需要の回復 / 需要が増 / 需要が低 / 悪化 / グローバルニッチトップ / トップシェア / シェア拡大 / レアアース
20260514,330A,330A_1645_G-TalentX_2026年3月期 通期決算説明資料.pdf,,,,,,,,,,,59,,,,,,,,,,,43,,価格交渉 / 増産 / 価格改定 / 価格転嫁 / 値上 / 想定以上 / 上方修正 / 下方修正 / 想定以下 / 未達 / 大幅 / 計画を上 / 計画を下 / 計画以 / 需要回復 / 需要の回復 / 需要が増 / 需要が低 / 悪化 / グローバルニッチトップ / トップシェア / シェア拡大 / レアアース
20260514,338A,338A_1530_G-Zenmu_2026年12月期 第1四半期 決算説明資料.pdf,,,,,,,,,,,25 65,,,,,,,,,,,20,,価格交渉 / 増産 / 価格改定 / 価格転嫁 / 値上 / 想定以上 / 上方修正 / 下方修正 / 想定以下 / 未達 / 大幅 / 計画を上 / 計画を下 / 計画以 / 需要回復 / 需要の回復 / 需要が増 / 需要が低 / 悪化 / グローバルニッチトップ / トップシェア / シェア拡大 / レアアース
20260514,342A,342A_1500_F-光貴_2026年3月期 決算短信〔日本基準〕(非連結).pdf,,,,,,,,,,,,5,,,,,,,4,,,,,価格交渉 / 増産 / 価格改定 / 価格転嫁 / 値上 / 想定以上 / 上方修正 / 下方修正 / 想定以下 / 未達 / 大幅 / 計画を上 / 計画を下 / 計画以 / 需要回復 / 需要の回復 / 需要が増 / 需要が低 / 悪化 / グローバルニッチトップ / トップシェア / シェア拡大 / レアアース
20260514,3445,3445_1600_RSTECH_2026年12月期第1四半期 決算説明 質疑応答集.pdf,,3,,,,,,,,,,3,,,,,,,,,,,,価格交渉 / 増産 / 価格改定 / 価格転嫁 / 値上 / 想定以上 / 上方修正 / 下方修正 / 想定以下 / 未達 / 大幅 / 計画を上 / 計画を下 / 計画以 / 需要回復 / 需要の回復 / 需要が増 / 需要が低 / 悪化 / グローバルニッチトップ / トップシェア / シェア拡大 / レアアース
20260514,3446,3446_1430_JTECCORP_2026年6月期 第3四半期決算短信〔日本基準〕(連結).pdf,,,,,,,,,,,4,,,,,,,,4,,,,,価格交渉 / 増産 / 価格改定 / 価格転嫁 / 値上 / 想定以上 / 上方修正 / 下方修正 / 想定以下 / 未達 / 大幅 / 計画を上 / 計画を下 / 計画以 / 需要回復 / 需要の回復 / 需要が増 / 需要が低 / 悪化 / グローバルニッチトップ / トップシェア / シェア拡大 / レアアース
20260514,3537,3537_1530_昭栄薬品_2026年3月期 決算短信〔日本基準〕(連結).pdf,,,,4,4,,,,,,,,,,,,,,,,,,,価格交渉 / 増産 / 価格改定 / 価格転嫁 / 値上 / 想定以上 / 上方修正 / 下方修正 / 想定以下 / 未達 / 大幅 / 計画を上 / 計画を下 / 計画以 / 需要回復 / 需要の回復 / 需要が増 / 需要が低 / 悪化 / グローバルニッチトップ / トップシェア / シェア拡大 / レアアース
20260514,3591,3591_1600_ワコールHD_2026年 3月期(累計)連結業績予想と実績との差異に関するお知らせ(IFRS).pdf,,,,,,,,,,,,,1,,,,,,1,,,,,価格交渉 / 増産 / 価格改定 / 価格転嫁 / 値上 / 想定以上 / 上方修正 / 下方修正 / 想定以下 / 未達 / 大幅 / 計画を上 / 計画を下 / 計画以 / 需要回復 / 需要の回復 / 需要が増 / 需要が低 / 悪化 / グローバルニッチトップ / トップシェア / シェア拡大 / レアアース
20260514,3623,3623_1530_G-BS_2026年12月期 第1四半期決算説明資料.pdf,,,,,,,,,,,2 5 25,,,,,,,,,,,24,,価格交渉 / 増産 / 価格改定 / 価格転嫁 / 値上 / 想定以上 / 上方修正 / 下方修正 / 想定以下 / 未達 / 大幅 / 計画を上 / 計画を下 / 計画以 / 需要回復 / 需要の回復 / 需要が増 / 需要が低 / 悪化 / グローバルニッチトップ / トップシェア / シェア拡大 / レアアース
20260514,3687,3687_1630_フィックスターズ_2026年9月期 第2四半期決算 補足説明資料.pdf,,,,,,,15 16,,,,5 6 10 13 21 29,,,,,,,,,,,,,価格交渉 / 増産 / 価格改定 / 価格転嫁 / 値上 / 想定以上 / 上方修正 / 下方修正 / 想定以下 / 未達 / 大幅 / 計画を上 / 計画を下 / 計画以 / 需要回復 / 需要の回復 / 需要が増 / 需要が低 / 悪化 / グローバルニッチトップ / トップシェア / シェア拡大 / レアアース
20260514,3698,3698_1530_CRI・MW_2026年9月期上期決算補足説明資料.pdf,,,,,,,,,,,3 31 33 37,,,,,,,,,,,19 45,,価格交渉 / 増産 / 価格改定 / 価格転嫁 / 値上 / 想定以上 / 上方修正 / 下方修正 / 想定以下 / 未達 / 大幅 / 計画を上 / 計画を下 / 計画以 / 需要回復 / 需要の回復 / 需要が増 / 需要が低 / 悪化 / グローバルニッチトップ / トップシェア / シェア拡大 / レアアース
20260514,3708,3708_1400_特種東海_2026年3月期決算短信〔日本基準〕(連結).pdf,,,4,6,,,,,,,,,,,,,,,,,,,,価格交渉 / 増産 / 価格改定 / 価格転嫁 / 値上 / 想定以上 / 上方修正 / 下方修正 / 想定以下 / 未達 / 大幅 / 計画を上 / 計画を下 / 計画以 / 需要回復 / 需要の回復 / 需要が増 / 需要が低 / 悪化 / グローバルニッチトップ / トップシェア / シェア拡大 / レアアース
20260514,3787,3787_1130_テクノマセマ_2026年3月期 決算短信〔日本基準〕(非連結).pdf,,,,,,,,,,,4,,,,,,,,4 6,,,,,価格交渉 / 増産 / 価格改定 / 価格転嫁 / 値上 / 想定以上 / 上方修正 / 下方修正 / 想定以下 / 未達 / 大幅 / 計画を上 / 計画を下 / 計画以 / 需要回復 / 需要の回復 / 需要が増 / 需要が低 / 悪化 / グローバルニッチトップ / トップシェア / シェア拡大 / レアアース
20260514,3803,3803_1645_G-イメージ情_2026年3月期 決算短信[日本基準](連結).pdf,,,,,,,,,,,,,14,,,,,,4 6,,,,,価格交渉 / 増産 / 価格改定 / 価格転嫁 / 値上 / 想定以上 / 上方修正 / 下方修正 / 想定以下 / 未達 / 大幅 / 計画を上 / 計画を下 / 計画以 / 需要回復 / 需要の回復 / 需要が増 / 需要が低 / 悪化 / グローバルニッチトップ / トップシェア / シェア拡大 / レアアース
20260514,3803,3803_1645_G-イメージ情_特別利益(関係会社株式売却益)および特別損失(構造改革引当金繰入額)の計上ならびに2026年3月期通期連結業績予想と実績値との差異に関するお知らせ.pdf,,,,,,,,1,,,,,,,,,,,1,,,,,価格交渉 / 増産 / 価格改定 / 価格転嫁 / 値上 / 想定以上 / 上方修正 / 下方修正 / 想定以下 / 未達 / 大幅 / 計画を上 / 計画を下 / 計画以 / 需要回復 / 需要の回復 / 需要が増 / 需要が低 / 悪化 / グローバルニッチトップ / トップシェア / シェア拡大 / レアアース
20260514,3842,3842_1600_ネクストジェン_2026年3月期 決算短信〔日本基準〕(連結).pdf,,,,,,,,,,,4 5 6 8,,,,,,8,,,,,,,価格交渉 / 増産 / 価格改定 / 価格転嫁 / 値上 / 想定以上 / 上方修正 / 下方修正 / 想定以下 / 未達 / 大幅 / 計画を上 / 計画を下 / 計画以 / 需要回復 / 需要の回復 / 需要が増 / 需要が低 / 悪化 / グローバルニッチトップ / トップシェア / シェア拡大 / レアアース
20260514,3895,3895_1540_ハビックス_2026年3月期 決算短信〔日本基準〕(非連結).pdf,,,4,,,,,,,,,,,,,,,,4,,,,,価格交渉 / 増産 / 価格改定 / 価格転嫁 / 値上 / 想定以上 / 上方修正 / 下方修正 / 想定以下 / 未達 / 大幅 / 計画を上 / 計画を下 / 計画以 / 需要回復 / 需要の回復 / 需要が増 / 需要が低 / 悪化 / グローバルニッチトップ / トップシェア / シェア拡大 / レアアース
20260514,3913,3913_1300_GreenBee_2026年12月期 第1四半期決算説明資料.pdf,,,,,,13,,,,,8,,,,,,,,,,,,,価格交渉 / 増産 / 価格改定 / 価格転嫁 / 値上 / 想定以上 / 上方修正 / 下方修正 / 想定以下 / 未達 / 大幅 / 計画を上 / 計画を下 / 計画以 / 需要回復 / 需要の回復 / 需要が増 / 需要が低 / 悪化 / グローバルニッチトップ / トップシェア / シェア拡大 / レアアース
20260514,3923,3923_1530_ラクス_2026年3月期 決算短信〔日本基準〕(連結).pdf,,,4,,,,,,,,4,,,,,,,,,,,,,価格交渉 / 増産 / 価格改定 / 価格転嫁 / 値上 / 想定以上 / 上方修正 / 下方修正 / 想定以下 / 未達 / 大幅 / 計画を上 / 計画を下 / 計画以 / 需要回復 / 需要の回復 / 需要が増 / 需要が低 / 悪化 / グローバルニッチトップ / トップシェア / シェア拡大 / レアアース
20260514,3936,3936_1600_G-グローバルウェイ_2026年3月期通期 決算説明資料.pdf,,,,,,,,,,,2 4 7 11 17,,,,,,,,7,,,,,価格交渉 / 増産 / 価格改定 / 価格転嫁 / 値上 / 想定以上 / 上方修正 / 下方修正 / 想定以下 / 未達 / 大幅 / 計画を上 / 計画を下 / 計画以 / 需要回復 / 需要の回復 / 需要が増 / 需要が低 / 悪化 / グローバルニッチトップ / トップシェア / シェア拡大 / レアアース
20260514,3937,3937_1600_Ubicom_2026年3月期 決算短信〔日本基準〕〔連結〕.pdf,,,,,,,,,,,5,,,,,,,,4,,,,,価格交渉 / 増産 / 価格改定 / 価格転嫁 / 値上 / 想定以上 / 上方修正 / 下方修正 / 想定以下 / 未達 / 大幅 / 計画を上 / 計画を下 / 計画以 / 需要回復 / 需要の回復 / 需要が増 / 需要が低 / 悪化 / グローバルニッチトップ / トップシェア / シェア拡大 / レアアース
20260514,3962,3962_1530_チェンジHD_2026年3月期決算説明及び中期経営計画の修正について.pdf,,,,,,,,,,3 5,,,,,,,,,,,,3,,価格交渉 / 増産 / 価格改定 / 価格転嫁 / 値上 / 想定以上 / 上方修正 / 下方修正 / 想定以下 / 未達 / 大幅 / 計画を上 / 計画を下 / 計画以 / 需要回復 / 需要の回復 / 需要が増 / 需要が低 / 悪化 / グローバルニッチトップ / トップシェア / シェア拡大 / レアアース
20260514,3962,3962_1530_チェンジHD_修正中期経営計画 Digitize & Digitalize Japan(Phase3)(2026年3月期-2030年3月期).pdf,,,,,,,,,,2,,,,,,,,,,,,2,,価格交渉 / 増産 / 価格改定 / 価格転嫁 / 値上 / 想定以上 / 上方修正 / 下方修正 / 想定以下 / 未達 / 大幅 / 計画を上 / 計画を下 / 計画以 / 需要回復 / 需要の回復 / 需要が増 / 需要が低 / 悪化 / グローバルニッチトップ / トップシェア / シェア拡大 / レアアース
20260514,4041,4041_1530_日曹達_2026年3月期 決算概要.pdf,,3 5 13,,,12,,,,,,,,,,,,,,,,,,,価格交渉 / 増産 / 価格改定 / 価格転嫁 / 値上 / 想定以上 / 上方修正 / 下方修正 / 想定以下 / 未達 / 大幅 / 計画を上 / 計画を下 / 計画以 / 需要回復 / 需要の回復 / 需要が増 / 需要が低 / 悪化 / グローバルニッチトップ / トップシェア / シェア拡大 / レアアース
20260514,4054,4054_1530_G-日本情報C_2026年6月期 第3四半期決算説明資料.pdf,,,,,,,,,,,18 19 21,,,,,,,,,,,17 23 28 31 32 33 35 36 37,,価格交渉 / 増産 / 価格改定 / 価格転嫁 / 値上 / 想定以上 / 上方修正 / 下方修正 / 想定以下 / 未達 / 大幅 / 計画を上 / 計画を下 / 計画以 / 需要回復 / 需要の回復 / 需要が増 / 需要が低 / 悪化 / グローバルニッチトップ / トップシェア / シェア拡大 / レアアース
20260514,4060,4060_1530_G-rakumo_2026年12月期 第1四半期決算説明資料.pdf,,,3 18 19 24 28 29 30 33 37 38 45,,,,,,,,3 18 19 22 24 30 32 37 45,,,,,,,,,,,,,価格交渉 / 増産 / 価格改定 / 価格転嫁 / 値上 / 想定以上 / 上方修正 / 下方修正 / 想定以下 / 未達 / 大幅 / 計画を上 / 計画を下 / 計画以 / 需要回復 / 需要の回復 / 需要が増 / 需要が低 / 悪化 / グローバルニッチトップ / トップシェア / シェア拡大 / レアアース
20260514,4102,4102_1400_丸尾カルシウム_2026年3月期 決算短信〔日本基準〕(連結).pdf,,,4,,,,,,,,,,,,,,,,4,,,,,価格交渉 / 増産 / 価格改定 / 価格転嫁 / 値上 / 想定以上 / 上方修正 / 下方修正 / 想定以下 / 未達 / 大幅 / 計画を上 / 計画を下 / 計画以 / 需要回復 / 需要の回復 / 需要が増 / 需要が低 / 悪化 / グローバルニッチトップ / トップシェア / シェア拡大 / レアアース
20260514,4124,4124_1600_大阪油化工業_2026年9月期 第2四半期(中間期)決算短信〔日本基準〕(連結).pdf,,,,,,,,,,,4,,,,,,,,5,,,,,価格交渉 / 増産 / 価格改定 / 価格転嫁 / 値上 / 想定以上 / 上方修正 / 下方修正 / 想定以下 / 未達 / 大幅 / 計画を上 / 計画を下 / 計画以 / 需要回復 / 需要の回復 / 需要が増 / 需要が低 / 悪化 / グローバルニッチトップ / トップシェア / シェア拡大 / レアアース
20260514,4177,4177_1600_G-i-plug_2026年3月期 通期決算説明資料(事業計画及び成長可能性に関する事項).pdf,,,,,,,,,,4 31,5 7 14,,,,,,,,,,,,,価格交渉 / 増産 / 価格改定 / 価格転嫁 / 値上 / 想定以上 / 上方修正 / 下方修正 / 想定以下 / 未達 / 大幅 / 計画を上 / 計画を下 / 計画以 / 需要回復 / 需要の回復 / 需要が増 / 需要が低 / 悪化 / グローバルニッチトップ / トップシェア / シェア拡大 / レアアース
20260514,4218,4218_1400_ニチバン_2026年3月期 決算短信〔日本基準〕(連結).pdf,,,4 6 17,,,,,,,,,,,,,,,6,,,,,,価格交渉 / 増産 / 価格改定 / 価格転嫁 / 値上 / 想定以上 / 上方修正 / 下方修正 / 想定以下 / 未達 / 大幅 / 計画を上 / 計画を下 / 計画以 / 需要回復 / 需要の回復 / 需要が増 / 需要が低 / 悪化 / グローバルニッチトップ / トップシェア / シェア拡大 / レアアース
20260514,4224,4224_1400_ロンシール工_2026年3月期決算短信〔日本基準〕(連結).pdf,,,6,,,6,,,,,,,,,,,,,,,,,,価格交渉 / 増産 / 価格改定 / 価格転嫁 / 値上 / 想定以上 / 上方修正 / 下方修正 / 想定以下 / 未達 / 大幅 / 計画を上 / 計画を下 / 計画以 / 需要回復 / 需要の回復 / 需要が増 / 需要が低 / 悪化 / グローバルニッチトップ / トップシェア / シェア拡大 / レアアース
20260514,4251,4251_1530_恵和_2026年12月期 第1四半期決算短信〔日本基準〕(連結).pdf,,,,,,,,,,,4,,,,,,,,4,,,,,価格交渉 / 増産 / 価格改定 / 価格転嫁 / 値上 / 想定以上 / 上方修正 / 下方修正 / 想定以下 / 未達 / 大幅 / 計画を上 / 計画を下 / 計画以 / 需要回復 / 需要の回復 / 需要が増 / 需要が低 / 悪化 / グローバルニッチトップ / トップシェア / シェア拡大 / レアアース
20260514,431A,431A_1530_G-ユーソナー_2026年度第1四半期決算説明資料.pdf,,,,,,,,,,,50 55,,,,,,36,,,,,,,価格交渉 / 増産 / 価格改定 / 価格転嫁 / 値上 / 想定以上 / 上方修正 / 下方修正 / 想定以下 / 未達 / 大幅 / 計画を上 / 計画を下 / 計画以 / 需要回復 / 需要の回復 / 需要が増 / 需要が低 / 悪化 / グローバルニッチトップ / トップシェア / シェア拡大 / レアアース
20260514,4337,4337_1300_ぴあ_2025年度(2026年3月期)決算補足説明資料.pdf,,,,,,,9,,,,9 10 11,,,,,,,,,,,,,価格交渉 / 増産 / 価格改定 / 価格転嫁 / 値上 / 想定以上 / 上方修正 / 下方修正 / 想定以下 / 未達 / 大幅 / 計画を上 / 計画を下 / 計画以 / 需要回復 / 需要の回復 / 需要が増 / 需要が低 / 悪化 / グローバルニッチトップ / トップシェア / シェア拡大 / レアアース
20260514,4381,4381_1600_G-ビープラッツ_2026年3月期 決算短信〔日本基準〕(連結).pdf,,,,,6 15,,,,,,5 7 15,,,,,,,,,,,,,価格交渉 / 増産 / 価格改定 / 価格転嫁 / 値上 / 想定以上 / 上方修正 / 下方修正 / 想定以下 / 未達 / 大幅 / 計画を上 / 計画を下 / 計画以 / 需要回復 / 需要の回復 / 需要が増 / 需要が低 / 悪化 / グローバルニッチトップ / トップシェア / シェア拡大 / レアアース
20260514,4395,4395_1600_G-アクリート_2026年12月期 第1四半期決算短信〔日本基準〕(連結).pdf,,,,,,4 5,,,,,4,,,,,,,,,,,,,価格交渉 / 増産 / 価格改定 / 価格転嫁 / 値上 / 想定以上 / 上方修正 / 下方修正 / 想定以下 / 未達 / 大幅 / 計画を上 / 計画を下 / 計画以 / 需要回復 / 需要の回復 / 需要が増 / 需要が低 / 悪化 / グローバルニッチトップ / トップシェア / シェア拡大 / レアアース
20260514,4395,4395_1600_G-アクリート_2026年12月期第1四半期決算補足説明資料.pdf,,,,,,3,,,,,4 10,,,,,,,,,,,,,価格交渉 / 増産 / 価格改定 / 価格転嫁 / 値上 / 想定以上 / 上方修正 / 下方修正 / 想定以下 / 未達 / 大幅 / 計画を上 / 計画を下 / 計画以 / 需要回復 / 需要の回復 / 需要が増 / 需要が低 / 悪化 / グローバルニッチトップ / トップシェア / シェア拡大 / レアアース
20260514,4418,4418_1530_G-JDSC_2026年6月期 第3四半期FAQ.pdf,,,,,,,,,,,7,1,,,,,,,,,,,,価格交渉 / 増産 / 価格改定 / 価格転嫁 / 値上 / 想定以上 / 上方修正 / 下方修正 / 想定以下 / 未達 / 大幅 / 計画を上 / 計画を下 / 計画以 / 需要回復 / 需要の回復 / 需要が増 / 需要が低 / 悪化 / グローバルニッチトップ / トップシェア / シェア拡大 / レアアース
20260514,4424,4424_1530_G-Amazia_2026年9月期第2四半期 決算説明資料.pdf,,,,,,,,,,,,10,10,,,,,,,,,,,価格交渉 / 増産 / 価格改定 / 価格転嫁 / 値上 / 想定以上 / 上方修正 / 下方修正 / 想定以下 / 未達 / 大幅 / 計画を上 / 計画を下 / 計画以 / 需要回復 / 需要の回復 / 需要が増 / 需要が低 / 悪化 / グローバルニッチトップ / トップシェア / シェア拡大 / レアアース
20260514,4425,4425_1530_G-Kudan_2026年3月期 決算説明資料.pdf,,,,,,,4,,,,5 10,,,,,,,,,,,,,価格交渉 / 増産 / 価格改定 / 価格転嫁 / 値上 / 想定以上 / 上方修正 / 下方修正 / 想定以下 / 未達 / 大幅 / 計画を上 / 計画を下 / 計画以 / 需要回復 / 需要の回復 / 需要が増 / 需要が低 / 悪化 / グローバルニッチトップ / トップシェア / シェア拡大 / レアアース
20260514,4447,4447_1530_G-PBシステムズ_2026年9月期 第2四半期(中間期)決算短信〔日本基準〕(非連結).pdf,,,,,,,,,,,4,,,,,,,,4,,,,,価格交渉 / 増産 / 価格改定 / 価格転嫁 / 値上 / 想定以上 / 上方修正 / 下方修正 / 想定以下 / 未達 / 大幅 / 計画を上 / 計画を下 / 計画以 / 需要回復 / 需要の回復 / 需要が増 / 需要が低 / 悪化 / グローバルニッチトップ / トップシェア / シェア拡大 / レアアース
20260514,4447,4447_1530_G-PBシステムズ_2026年9月期 第2四半期決算補足資料.pdf,,,,,,,,,,4 7,8,,,,,,,,,,,,,価格交渉 / 増産 / 価格改定 / 価格転嫁 / 値上 / 想定以上 / 上方修正 / 下方修正 / 想定以下 / 未達 / 大幅 / 計画を上 / 計画を下 / 計画以 / 需要回復 / 需要の回復 / 需要が増 / 需要が低 / 悪化 / グローバルニッチトップ / トップシェア / シェア拡大 / レアアース
20260514,4583,4583_1600_G-カイオム_決算補足資料 2026年12月期 第1四半期.pdf,,,,,,,,,,,38,,,,,,,,38,,,,,価格交渉 / 増産 / 価格改定 / 価格転嫁 / 値上 / 想定以上 / 上方修正 / 下方修正 / 想定以下 / 未達 / 大幅 / 計画を上 / 計画を下 / 計画以 / 需要回復 / 需要の回復 / 需要が増 / 需要が低 / 悪化 / グローバルニッチトップ / トップシェア / シェア拡大 / レアアース
20260514,4664,4664_1545_アールエスシー_2026年3月期決算短信〔日本基準〕(連結).pdf,,,,4,,,,,,,5,,,,,,,,,,,,,価格交渉 / 増産 / 価格改定 / 価格転嫁 / 値上 / 想定以上 / 上方修正 / 下方修正 / 想定以下 / 未達 / 大幅 / 計画を上 / 計画を下 / 計画以 / 需要回復 / 需要の回復 / 需要が増 / 需要が低 / 悪化 / グローバルニッチトップ / トップシェア / シェア拡大 / レアアース
20260514,4691,4691_1530_ワシントンホテル_2026年3月期決算短信〔日本基準〕(非連結).pdf,,,,,,,,,,,6,,,,,,,,13,,,,,価格交渉 / 増産 / 価格改定 / 価格転嫁 / 値上 / 想定以上 / 上方修正 / 下方修正 / 想定以下 / 未達 / 大幅 / 計画を上 / 計画を下 / 計画以 / 需要回復 / 需要の回復 / 需要が増 / 需要が低 / 悪化 / グローバルニッチトップ / トップシェア / シェア拡大 / レアアース
20260514,4705,4705_1400_クリップ_2026年3月期 決算短信〔日本基準〕(連結).pdf,,,,,4,,,,,,,,,,,,,,4,,,,,価格交渉 / 増産 / 価格改定 / 価格転嫁 / 値上 / 想定以上 / 上方修正 / 下方修正 / 想定以下 / 未達 / 大幅 / 計画を上 / 計画を下 / 計画以 / 需要回復 / 需要の回復 / 需要が増 / 需要が低 / 悪化 / グローバルニッチトップ / トップシェア / シェア拡大 / レアアース
20260514,4819,4819_1530_デジタルガレージ_2026年3月期 決算短信〔IFRS〕(連結).pdf,,,,,,,,,,,4 5,,,,,,,,25,,,,,価格交渉 / 増産 / 価格改定 / 価格転嫁 / 値上 / 想定以上 / 上方修正 / 下方修正 / 想定以下 / 未達 / 大幅 / 計画を上 / 計画を下 / 計画以 / 需要回復 / 需要の回復 / 需要が増 / 需要が低 / 悪化 / グローバルニッチトップ / トップシェア / シェア拡大 / レアアース
20260514,4838,4838_1230_SSSK HD_2026年3月期 通期 決算説明資料.pdf,,,,,,,20,,,22,,,,,,,,,,,,,,価格交渉 / 増産 / 価格改定 / 価格転嫁 / 値上 / 想定以上 / 上方修正 / 下方修正 / 想定以下 / 未達 / 大幅 / 計画を上 / 計画を下 / 計画以 / 需要回復 / 需要の回復 / 需要が増 / 需要が低 / 悪化 / グローバルニッチトップ / トップシェア / シェア拡大 / レアアース
20260514,4884,4884_1630_G-クリングル_2026年9月期 第2四半期決算説明会資料.pdf,,,,,,,,,,,,,,,,,,,26,,16,,,価格交渉 / 増産 / 価格改定 / 価格転嫁 / 値上 / 想定以上 / 上方修正 / 下方修正 / 想定以下 / 未達 / 大幅 / 計画を上 / 計画を下 / 計画以 / 需要回復 / 需要の回復 / 需要が増 / 需要が低 / 悪化 / グローバルニッチトップ / トップシェア / シェア拡大 / レアアース
20260514,4890,4890_1530_G-坪田ラボ_2026年3月期決算説明会資料.pdf,,,,,,,,5,,5 6,,,,,,,,,,,,,,価格交渉 / 増産 / 価格改定 / 価格転嫁 / 値上 / 想定以上 / 上方修正 / 下方修正 / 想定以下 / 未達 / 大幅 / 計画を上 / 計画を下 / 計画以 / 需要回復 / 需要の回復 / 需要が増 / 需要が低 / 悪化 / グローバルニッチトップ / トップシェア / シェア拡大 / レアアース
20260514,4922,4922_1530_コーセーHD_2026年12月期第1四半期決算短信〔日本基準〕(連結).pdf,,,5,,,,,,,,,,,,5,,,,,,,,,価格交渉 / 増産 / 価格改定 / 価格転嫁 / 値上 / 想定以上 / 上方修正 / 下方修正 / 想定以下 / 未達 / 大幅 / 計画を上 / 計画を下 / 計画以 / 需要回復 / 需要の回復 / 需要が増 / 需要が低 / 悪化 / グローバルニッチトップ / トップシェア / シェア拡大 / レアアース
20260514,4937,4937_1720_G-Waqoo_2026年9月期 第2四半期 決算補足説明資料.pdf,,,,,,,3 5,,,,11,,,,,,,,,,,,,価格交渉 / 増産 / 価格改定 / 価格転嫁 / 値上 / 想定以上 / 上方修正 / 下方修正 / 想定以下 / 未達 / 大幅 / 計画を上 / 計画を下 / 計画以 / 需要回復 / 需要の回復 / 需要が増 / 需要が低 / 悪化 / グローバルニッチトップ / トップシェア / シェア拡大 / レアアース
20260514,4978,4978_1530_G-リプロセル_2026年3月期 決算短信[日本基準](連結).pdf,,,,,,,,,,,4 5,,,,,,,,6 8,,,,,価格交渉 / 増産 / 価格改定 / 価格転嫁 / 値上 / 想定以上 / 上方修正 / 下方修正 / 想定以下 / 未達 / 大幅 / 計画を上 / 計画を下 / 計画以 / 需要回復 / 需要の回復 / 需要が増 / 需要が低 / 悪化 / グローバルニッチトップ / トップシェア / シェア拡大 / レアアース
20260514,5020,5020_1300_ENEOS_2025年度決算および2026年度業績見通し.pdf,,,,,,,,,,,11 12,,,,,,,,32 33 39 40,,,,,価格交渉 / 増産 / 価格改定 / 価格転嫁 / 値上 / 想定以上 / 上方修正 / 下方修正 / 想定以下 / 未達 / 大幅 / 計画を上 / 計画を下 / 計画以 / 需要回復 / 需要の回復 / 需要が増 / 需要が低 / 悪化 / グローバルニッチトップ / トップシェア / シェア拡大 / レアアース
20260514,5020,5020_1300_ENEOS_2026年3月期決算短信〔IFRS〕(連結).pdf,,6,,,,,,,,,,,,,,,,,5,,,,,価格交渉 / 増産 / 価格改定 / 価格転嫁 / 値上 / 想定以上 / 上方修正 / 下方修正 / 想定以下 / 未達 / 大幅 / 計画を上 / 計画を下 / 計画以 / 需要回復 / 需要の回復 / 需要が増 / 需要が低 / 悪化 / グローバルニッチトップ / トップシェア / シェア拡大 / レアアース
20260514,5029,5029_1600_G-サークレイス_2026年3月期通期決算説明資料.pdf,,,,,,,,,,,40 42 43 58 59 63 65 66,,70,,,,,,,,,,,価格交渉 / 増産 / 価格改定 / 価格転嫁 / 値上 / 想定以上 / 上方修正 / 下方修正 / 想定以下 / 未達 / 大幅 / 計画を上 / 計画を下 / 計画以 / 需要回復 / 需要の回復 / 需要が増 / 需要が低 / 悪化 / グローバルニッチトップ / トップシェア / シェア拡大 / レアアース
20260514,5029,5029_1600_G-サークレイス_事業計画及び成長可能性に関する事項.pdf,,,,,,,,,,,23 24,,,,,,,,45,,,,,価格交渉 / 増産 / 価格改定 / 価格転嫁 / 値上 / 想定以上 / 上方修正 / 下方修正 / 想定以下 / 未達 / 大幅 / 計画を上 / 計画を下 / 計画以 / 需要回復 / 需要の回復 / 需要が増 / 需要が低 / 悪化 / グローバルニッチトップ / トップシェア / シェア拡大 / レアアース
20260514,5033,5033_1530_G-ヌーラボ_2026年3月期 決算短信〔日本基準〕(連結).pdf,,,,4,,,,,,,5,,,,,,,,,,,,,価格交渉 / 増産 / 価格改定 / 価格転嫁 / 値上 / 想定以上 / 上方修正 / 下方修正 / 想定以下 / 未達 / 大幅 / 計画を上 / 計画を下 / 計画以 / 需要回復 / 需要の回復 / 需要が増 / 需要が低 / 悪化 / グローバルニッチトップ / トップシェア / シェア拡大 / レアアース
20260514,5038,5038_1531_G-eWeLL_2026年12月期 第1四半期決算説明会資料.pdf,,,,,,,,,,,8,,,,,,,,4,,,,,価格交渉 / 増産 / 価格改定 / 価格転嫁 / 値上 / 想定以上 / 上方修正 / 下方修正 / 想定以下 / 未達 / 大幅 / 計画を上 / 計画を下 / 計画以 / 需要回復 / 需要の回復 / 需要が増 / 需要が低 / 悪化 / グローバルニッチトップ / トップシェア / シェア拡大 / レアアース
20260514,5122,5122_1600_オカモト_2026年3月期決算短信〔日本基準〕(連結).pdf,,,4,,,,,,,,,,,,,,,,,,,7,,価格交渉 / 増産 / 価格改定 / 価格転嫁 / 値上 / 想定以上 / 上方修正 / 下方修正 / 想定以下 / 未達 / 大幅 / 計画を上 / 計画を下 / 計画以 / 需要回復 / 需要の回復 / 需要が増 / 需要が低 / 悪化 / グローバルニッチトップ / トップシェア / シェア拡大 / レアアース
20260514,5138,5138_1530_G-Rebase_2026年3月期 通期 決算説明資料.pdf,,,,,,,2,,,,23,,,,,,,,,,,,,価格交渉 / 増産 / 価格改定 / 価格転嫁 / 値上 / 想定以上 / 上方修正 / 下方修正 / 想定以下 / 未達 / 大幅 / 計画を上 / 計画を下 / 計画以 / 需要回復 / 需要の回復 / 需要が増 / 需要が低 / 悪化 / グローバルニッチトップ / トップシェア / シェア拡大 / レアアース
20260514,5161,5161_1630_西川ゴム_2026年3月期 決算短信〔日本基準〕(連結).pdf,,4,,,,,,,,,4,,,,,,,,,,,,,価格交渉 / 増産 / 価格改定 / 価格転嫁 / 値上 / 想定以上 / 上方修正 / 下方修正 / 想定以下 / 未達 / 大幅 / 計画を上 / 計画を下 / 計画以 / 需要回復 / 需要の回復 / 需要が増 / 需要が低 / 悪化 / グローバルニッチトップ / トップシェア / シェア拡大 / レアアース
20260514,5162,5162_1315_朝日ラバー_第15次中期経営計画の策定に関するお知らせ.pdf,,3,,,,,,,,,4,,,,,,,,,,,,,価格交渉 / 増産 / 価格改定 / 価格転嫁 / 値上 / 想定以上 / 上方修正 / 下方修正 / 想定以下 / 未達 / 大幅 / 計画を上 / 計画を下 / 計画以 / 需要回復 / 需要の回復 / 需要が増 / 需要が低 / 悪化 / グローバルニッチトップ / トップシェア / シェア拡大 / レアアース
20260514,519A,519A_1200_G-ベーシック_2026年12月期 第1四半期決算に関する質疑応答(要旨).pdf,,,,,2,2,,,,,,,,,,,,,,,,,,価格交渉 / 増産 / 価格改定 / 価格転嫁 / 値上 / 想定以上 / 上方修正 / 下方修正 / 想定以下 / 未達 / 大幅 / 計画を上 / 計画を下 / 計画以 / 需要回復 / 需要の回復 / 需要が増 / 需要が低 / 悪化 / グローバルニッチトップ / トップシェア / シェア拡大 / レアアース
20260514,5253,5253_1530_G-カバー_2026年3月期 決算説明資料.pdf,,,,,,,,,,,15,5,,,,,,,,,,,,価格交渉 / 増産 / 価格改定 / 価格転嫁 / 値上 / 想定以上 / 上方修正 / 下方修正 / 想定以下 / 未達 / 大幅 / 計画を上 / 計画を下 / 計画以 / 需要回復 / 需要の回復 / 需要が増 / 需要が低 / 悪化 / グローバルニッチトップ / トップシェア / シェア拡大 / レアアース
20260514,5258,5258_1530_G-TMN_2026年3月期 決算説明資料.pdf,,,,,,,,,,,9 48 53,,,,,,,,51,,,,,価格交渉 / 増産 / 価格改定 / 価格転嫁 / 値上 / 想定以上 / 上方修正 / 下方修正 / 想定以下 / 未達 / 大幅 / 計画を上 / 計画を下 / 計画以 / 需要回復 / 需要の回復 / 需要が増 / 需要が低 / 悪化 / グローバルニッチトップ / トップシェア / シェア拡大 / レアアース
20260514,5285,5285_1400_ヤマックス_2026年3月期 決算短信〔日本基準〕(連結).pdf,,,,6,,,,,,,6,,,,,,,,,,,,,価格交渉 / 増産 / 価格改定 / 価格転嫁 / 値上 / 想定以上 / 上方修正 / 下方修正 / 想定以下 / 未達 / 大幅 / 計画を上 / 計画を下 / 計画以 / 需要回復 / 需要の回復 / 需要が増 / 需要が低 / 悪化 / グローバルニッチトップ / トップシェア / シェア拡大 / レアアース
20260514,543A,543A_1530_ARCHION_上場廃止となった子会社(日野自動車株式会社)に関する決算開示について.pdf,,,,,,,,,,,3 5,,,,,5,,,,,,,,価格交渉 / 増産 / 価格改定 / 価格転嫁 / 値上 / 想定以上 / 上方修正 / 下方修正 / 想定以下 / 未達 / 大幅 / 計画を上 / 計画を下 / 計画以 / 需要回復 / 需要の回復 / 需要が増 / 需要が低 / 悪化 / グローバルニッチトップ / トップシェア / シェア拡大 / レアアース
20260514,5579,5579_0930_GSI_通期連結業績予想に関するお知らせ.pdf,,,,,,,,,,,1,,1,,,,,,,,,,,価格交渉 / 増産 / 価格改定 / 価格転嫁 / 値上 / 想定以上 / 上方修正 / 下方修正 / 想定以下 / 未達 / 大幅 / 計画を上 / 計画を下 / 計画以 / 需要回復 / 需要の回復 / 需要が増 / 需要が低 / 悪化 / グローバルニッチトップ / トップシェア / シェア拡大 / レアアース
20260514,5589,5589_1600_オートサーバー_2026年12月期第1四半期決算説明資料.pdf,,,,,,,,,,,42,,,,,,,,29,,,,,価格交渉 / 増産 / 価格改定 / 価格転嫁 / 値上 / 想定以上 / 上方修正 / 下方修正 / 想定以下 / 未達 / 大幅 / 計画を上 / 計画を下 / 計画以 / 需要回復 / 需要の回復 / 需要が増 / 需要が低 / 悪化 / グローバルニッチトップ / トップシェア / シェア拡大 / レアアース
20260514,5644,5644_1930_メタルアート_通期業績予想値と実績値との差異に関するお知らせ.pdf,,1,,1,,,,,,,,,,,,,,,,,,,,価格交渉 / 増産 / 価格改定 / 価格転嫁 / 値上 / 想定以上 / 上方修正 / 下方修正 / 想定以下 / 未達 / 大幅 / 計画を上 / 計画を下 / 計画以 / 需要回復 / 需要の回復 / 需要が増 / 需要が低 / 悪化 / グローバルニッチトップ / トップシェア / シェア拡大 / レアアース
20260514,5658,5658_1400_日亜鋼_2026年3月期 決算短信〔日本基準〕(連結).pdf,,,,,,,,,,,6,,,,,,,,6,,,,,価格交渉 / 増産 / 価格改定 / 価格転嫁 / 値上 / 想定以上 / 上方修正 / 下方修正 / 想定以下 / 未達 / 大幅 / 計画を上 / 計画を下 / 計画以 / 需要回復 / 需要の回復 / 需要が増 / 需要が低 / 悪化 / グローバルニッチトップ / トップシェア / シェア拡大 / レアアース
20260514,5698,5698_1600_エンビプロHD_2026年6月期第3四半期決算短信〔日本基準〕(連結).pdf,,,,,,,,,,,5,,,,,,,,,,,5,,価格交渉 / 増産 / 価格改定 / 価格転嫁 / 値上 / 想定以上 / 上方修正 / 下方修正 / 想定以下 / 未達 / 大幅 / 計画を上 / 計画を下 / 計画以 / 需要回復 / 需要の回復 / 需要が増 / 需要が低 / 悪化 / グローバルニッチトップ / トップシェア / シェア拡大 / レアアース
20260514,5707,5707_1530_東邦鉛_2026年3月期 決算短信[日本基準](連結).pdf,,,,,10,,,,,,,,,,,,,,5 6,,,,,価格交渉 / 増産 / 価格改定 / 価格転嫁 / 値上 / 想定以上 / 上方修正 / 下方修正 / 想定以下 / 未達 / 大幅 / 計画を上 / 計画を下 / 計画以 / 需要回復 / 需要の回復 / 需要が増 / 需要が低 / 悪化 / グローバルニッチトップ / トップシェア / シェア拡大 / レアアース
20260514,5714,5714_1530_DOWA_2026年3月期 決算短信〔日本基準〕(連結).pdf,,7,,,,,,,,,,,,,,,,,4 5 7,,,,,価格交渉 / 増産 / 価格改定 / 価格転嫁 / 値上 / 想定以上 / 上方修正 / 下方修正 / 想定以下 / 未達 / 大幅 / 計画を上 / 計画を下 / 計画以 / 需要回復 / 需要の回復 / 需要が増 / 需要が低 / 悪化 / グローバルニッチトップ / トップシェア / シェア拡大 / レアアース
20260514,5721,5721_1630_エスクリプトエナジー_2026年3月期決算短信〔日本基準〕(非連結).pdf,,,,,,,,,,,4,,,,,,,,6,,,,,価格交渉 / 増産 / 価格改定 / 価格転嫁 / 値上 / 想定以上 / 上方修正 / 下方修正 / 想定以下 / 未達 / 大幅 / 計画を上 / 計画を下 / 計画以 / 需要回復 / 需要の回復 / 需要が増 / 需要が低 / 悪化 / グローバルニッチトップ / トップシェア / シェア拡大 / レアアース
20260514,5858,5858_1400_G-STG_2026年3月期 決算説明資料.pdf,,17 21,,,,,,,,,17 20 23,,,,,,,,,,,,,価格交渉 / 増産 / 価格改定 / 価格転嫁 / 値上 / 想定以上 / 上方修正 / 下方修正 / 想定以下 / 未達 / 大幅 / 計画を上 / 計画を下 / 計画以 / 需要回復 / 需要の回復 / 需要が増 / 需要が低 / 悪化 / グローバルニッチトップ / トップシェア / シェア拡大 / レアアース
20260514,5884,5884_1530_G-クラダシ_2026年6月期 第3四半期 決算説明資料.pdf,,,,,,,,,,,14 19 21 22 23,,,,,,,,16,,,,,価格交渉 / 増産 / 価格改定 / 価格転嫁 / 値上 / 想定以上 / 上方修正 / 下方修正 / 想定以下 / 未達 / 大幅 / 計画を上 / 計画を下 / 計画以 / 需要回復 / 需要の回復 / 需要が増 / 需要が低 / 悪化 / グローバルニッチトップ / トップシェア / シェア拡大 / レアアース
20260514,5986,5986_1400_モリテック_2026年3月期 決算短信〔日本基準〕(連結).pdf,,,6,,,,,,,,,,,,,6,,,,,,,,価格交渉 / 増産 / 価格改定 / 価格転嫁 / 値上 / 想定以上 / 上方修正 / 下方修正 / 想定以下 / 未達 / 大幅 / 計画を上 / 計画を下 / 計画以 / 需要回復 / 需要の回復 / 需要が増 / 需要が低 / 悪化 / グローバルニッチトップ / トップシェア / シェア拡大 / レアアース
20260514,5989,5989_1600_エイチワン_2026年3月期 決算短信〔IFRS〕(連結).pdf,13 14,,,,,,,,,,4,,,,,,,,,,,,,価格交渉 / 増産 / 価格改定 / 価格転嫁 / 値上 / 想定以上 / 上方修正 / 下方修正 / 想定以下 / 未達 / 大幅 / 計画を上 / 計画を下 / 計画以 / 需要回復 / 需要の回復 / 需要が増 / 需要が低 / 悪化 / グローバルニッチトップ / トップシェア / シェア拡大 / レアアース
20260514,5994,5994_1600_ファインシンター_2026年3月期決算短信〔日本基準〕(連結).pdf,,4,,,,,,,,,6,,,,,,,,,,,,,価格交渉 / 増産 / 価格改定 / 価格転嫁 / 値上 / 想定以上 / 上方修正 / 下方修正 / 想定以下 / 未達 / 大幅 / 計画を上 / 計画を下 / 計画以 / 需要回復 / 需要の回復 / 需要が増 / 需要が低 / 悪化 / グローバルニッチトップ / トップシェア / シェア拡大 / レアアース
20260514,6013,6013_1530_タクマ_2026年3月期決算短信〔日本基準〕(連結).pdf,,,,,,,,,,,4,,,,,,,,7,,,,,価格交渉 / 増産 / 価格改定 / 価格転嫁 / 値上 / 想定以上 / 上方修正 / 下方修正 / 想定以下 / 未達 / 大幅 / 計画を上 / 計画を下 / 計画以 / 需要回復 / 需要の回復 / 需要が増 / 需要が低 / 悪化 / グローバルニッチトップ / トップシェア / シェア拡大 / レアアース
20260514,6013,6013_1530_タクマ_2026年3月期決算補足説明資料.pdf,,,,,,,21,,,,2 14,,,,,,,,,,,,,価格交渉 / 増産 / 価格改定 / 価格転嫁 / 値上 / 想定以上 / 上方修正 / 下方修正 / 想定以下 / 未達 / 大幅 / 計画を上 / 計画を下 / 計画以 / 需要回復 / 需要の回復 / 需要が増 / 需要が低 / 悪化 / グローバルニッチトップ / トップシェア / シェア拡大 / レアアース
20260514,6063,6063_1500_EAJ_2026年12月期 第1四半期決算短信〔日本基準〕(連結).pdf,6,,5,,,,,,,,,,,,,,,,,,,,,価格交渉 / 増産 / 価格改定 / 価格転嫁 / 値上 / 想定以上 / 上方修正 / 下方修正 / 想定以下 / 未達 / 大幅 / 計画を上 / 計画を下 / 計画以 / 需要回復 / 需要の回復 / 需要が増 / 需要が低 / 悪化 / グローバルニッチトップ / トップシェア / シェア拡大 / レアアース
20260514,6069,6069_1530_G-Trends_2026年3月期 決算における想定質問と回答.pdf,,,,,,,,1,,,1 3 5,,,,,,,,,,,,,価格交渉 / 増産 / 価格改定 / 価格転嫁 / 値上 / 想定以上 / 上方修正 / 下方修正 / 想定以下 / 未達 / 大幅 / 計画を上 / 計画を下 / 計画以 / 需要回復 / 需要の回復 / 需要が増 / 需要が低 / 悪化 / グローバルニッチトップ / トップシェア / シェア拡大 / レアアース
20260514,6089,6089_1530_ウィルグループ_2026年3月期 決算短信〔IFRS〕(連結).pdf,,,,,,,,,,,4,,,,,,,,7,,,,,価格交渉 / 増産 / 価格改定 / 価格転嫁 / 値上 / 想定以上 / 上方修正 / 下方修正 / 想定以下 / 未達 / 大幅 / 計画を上 / 計画を下 / 計画以 / 需要回復 / 需要の回復 / 需要が増 / 需要が低 / 悪化 / グローバルニッチトップ / トップシェア / シェア拡大 / レアアース
20260514,6089,6089_1530_ウィルグループ_2026年3月期 決算補足資料.pdf,,,,,,,,,,13,4 5 6 12 13 17 20 39,,,,,,,,,,,,,価格交渉 / 増産 / 価格改定 / 価格転嫁 / 値上 / 想定以上 / 上方修正 / 下方修正 / 想定以下 / 未達 / 大幅 / 計画を上 / 計画を下 / 計画以 / 需要回復 / 需要の回復 / 需要が増 / 需要が低 / 悪化 / グローバルニッチトップ / トップシェア / シェア拡大 / レアアース
20260514,6134,6134_1530_FUJI_2026年3月期 決算説明資料.pdf,,,,,,,,,,,,,,,,,,11,,,,20,,価格交渉 / 増産 / 価格改定 / 価格転嫁 / 値上 / 想定以上 / 上方修正 / 下方修正 / 想定以下 / 未達 / 大幅 / 計画を上 / 計画を下 / 計画以 / 需要回復 / 需要の回復 / 需要が増 / 需要が低 / 悪化 / グローバルニッチトップ / トップシェア / シェア拡大 / レアアース
20260514,6166,6166_1530_G-中村超硬_2026年3月期決算短信〔日本基準〕(連結).pdf,,,,,,,,,,,6,,,,,4,,,,,,,,価格交渉 / 増産 / 価格改定 / 価格転嫁 / 値上 / 想定以上 / 上方修正 / 下方修正 / 想定以下 / 未達 / 大幅 / 計画を上 / 計画を下 / 計画以 / 需要回復 / 需要の回復 / 需要が増 / 需要が低 / 悪化 / グローバルニッチトップ / トップシェア / シェア拡大 / レアアース
20260514,6176,6176_1530_ブランジスタ_2026年9月期 第2四半期決算短信〔日本基準〕(連結).pdf,,,,,,,6,,,,,,,,,,,,4,,,,,価格交渉 / 増産 / 価格改定 / 価格転嫁 / 値上 / 想定以上 / 上方修正 / 下方修正 / 想定以下 / 未達 / 大幅 / 計画を上 / 計画を下 / 計画以 / 需要回復 / 需要の回復 / 需要が増 / 需要が低 / 悪化 / グローバルニッチトップ / トップシェア / シェア拡大 / レアアース
20260514,6177,6177_1600_G-AppBank_2026年12月期第1四半期決算説明資料.pdf,,,,,,,,,,,27,,,,,,,,2 13,,,,,価格交渉 / 増産 / 価格改定 / 価格転嫁 / 値上 / 想定以上 / 上方修正 / 下方修正 / 想定以下 / 未達 / 大幅 / 計画を上 / 計画を下 / 計画以 / 需要回復 / 需要の回復 / 需要が増 / 需要が低 / 悪化 / グローバルニッチトップ / トップシェア / シェア拡大 / レアアース
20260514,6232,6232_1530_G-ACSL_2026年12月期 第1四半期決算説明資料.pdf,,,,,,,,,,,7 8 11 33,,,,,,,,2 6 8,,,,,価格交渉 / 増産 / 価格改定 / 価格転嫁 / 値上 / 想定以上 / 上方修正 / 下方修正 / 想定以下 / 未達 / 大幅 / 計画を上 / 計画を下 / 計画以 / 需要回復 / 需要の回復 / 需要が増 / 需要が低 / 悪化 / グローバルニッチトップ / トップシェア / シェア拡大 / レアアース
20260514,6238,6238_1600_フリュー_2026年3月期 決算説明資料.pdf,,,,,,,,,,,10 11 12,27,,,,,,,,,,,,価格交渉 / 増産 / 価格改定 / 価格転嫁 / 値上 / 想定以上 / 上方修正 / 下方修正 / 想定以下 / 未達 / 大幅 / 計画を上 / 計画を下 / 計画以 / 需要回復 / 需要の回復 / 需要が増 / 需要が低 / 悪化 / グローバルニッチトップ / トップシェア / シェア拡大 / レアアース
20260514,6286,6286_1530_靜甲_2026年3月期 決算短信〔日本基準〕(連結).pdf,,4,,,,,,,,,,,,,,4,,,,,,,,価格交渉 / 増産 / 価格改定 / 価格転嫁 / 値上 / 想定以上 / 上方修正 / 下方修正 / 想定以下 / 未達 / 大幅 / 計画を上 / 計画を下 / 計画以 / 需要回復 / 需要の回復 / 需要が増 / 需要が低 / 悪化 / グローバルニッチトップ / トップシェア / シェア拡大 / レアアース
20260514,6294,6294_1530_オカダアイヨン_中期経営計画「Onyx(オニキス)」策定のお知らせ.pdf,,,,,,,,,,,,,,,,,,,,,5,21,,価格交渉 / 増産 / 価格改定 / 価格転嫁 / 値上 / 想定以上 / 上方修正 / 下方修正 / 想定以下 / 未達 / 大幅 / 計画を上 / 計画を下 / 計画以 / 需要回復 / 需要の回復 / 需要が増 / 需要が低 / 悪化 / グローバルニッチトップ / トップシェア / シェア拡大 / レアアース
20260514,6316,6316_1400_丸山製_2026年9月期 第2四半期(中間期)決算説明資料.pdf,,11 20 27,,,21,,,,,,,,,,,,,,,,,,,価格交渉 / 増産 / 価格改定 / 価格転嫁 / 値上 / 想定以上 / 上方修正 / 下方修正 / 想定以下 / 未達 / 大幅 / 計画を上 / 計画を下 / 計画以 / 需要回復 / 需要の回復 / 需要が増 / 需要が低 / 悪化 / グローバルニッチトップ / トップシェア / シェア拡大 / レアアース
20260514,6330,6330_1130_洋エンジ_2026年3月期 (FY2025) 決算概要.pdf,,,,,,,,,,,3,,,,,,,,3,,,,,価格交渉 / 増産 / 価格改定 / 価格転嫁 / 値上 / 想定以上 / 上方修正 / 下方修正 / 想定以下 / 未達 / 大幅 / 計画を上 / 計画を下 / 計画以 / 需要回復 / 需要の回復 / 需要が増 / 需要が低 / 悪化 / グローバルニッチトップ / トップシェア / シェア拡大 / レアアース
20260514,6330,6330_1130_洋エンジ_2026年3月期決算短信〔日本基準〕(連結).pdf,,,,,,,,,,,,,,,,7,,,5 6 7 9,,,,,価格交渉 / 増産 / 価格改定 / 価格転嫁 / 値上 / 想定以上 / 上方修正 / 下方修正 / 想定以下 / 未達 / 大幅 / 計画を上 / 計画を下 / 計画以 / 需要回復 / 需要の回復 / 需要が増 / 需要が低 / 悪化 / グローバルニッチトップ / トップシェア / シェア拡大 / レアアース
20260514,6338,6338_1530_タカトリ_2026年9月期 第2四半期(中間期)決算短信〔日本基準〕(連結).pdf,,,,4,,,,,,,,,4,,,,,,,,,,,価格交渉 / 増産 / 価格改定 / 価格転嫁 / 値上 / 想定以上 / 上方修正 / 下方修正 / 想定以下 / 未達 / 大幅 / 計画を上 / 計画を下 / 計画以 / 需要回復 / 需要の回復 / 需要が増 / 需要が低 / 悪化 / グローバルニッチトップ / トップシェア / シェア拡大 / レアアース
20260514,6370,6370_1530_栗田工_2026年3月期 決算説明会資料.pdf,,,,,,,,,,,,,,,,,,,19 21,,,41,,価格交渉 / 増産 / 価格改定 / 価格転嫁 / 値上 / 想定以上 / 上方修正 / 下方修正 / 想定以下 / 未達 / 大幅 / 計画を上 / 計画を下 / 計画以 / 需要回復 / 需要の回復 / 需要が増 / 需要が低 / 悪化 / グローバルニッチトップ / トップシェア / シェア拡大 / レアアース
20260514,6380,6380_1600_オリチエン工業_2026年3月期 決算短信〔日本基準〕(連結).pdf,,,,4 6,,,,,,,4 6,,,,,,,,,,,,,価格交渉 / 増産 / 価格改定 / 価格転嫁 / 値上 / 想定以上 / 上方修正 / 下方修正 / 想定以下 / 未達 / 大幅 / 計画を上 / 計画を下 / 計画以 / 需要回復 / 需要の回復 / 需要が増 / 需要が低 / 悪化 / グローバルニッチトップ / トップシェア / シェア拡大 / レアアース
20260514,6380,6380_1600_オリチエン工業_特別損失の計上、法人税等調整額(益)及び通期業績予想値と実績値の差異に関するお知らせ.pdf,,,,2,,,,,,,2,,,,,,,,,,,,,価格交渉 / 増産 / 価格改定 / 価格転嫁 / 値上 / 想定以上 / 上方修正 / 下方修正 / 想定以下 / 未達 / 大幅 / 計画を上 / 計画を下 / 計画以 / 需要回復 / 需要の回復 / 需要が増 / 需要が低 / 悪化 / グローバルニッチトップ / トップシェア / シェア拡大 / レアアース
20260514,6390,6390_1530_加藤製_2026年3月期決算説明資料.pdf,,,,,,,,,,,,,,,15,,,,6 14,,,,,価格交渉 / 増産 / 価格改定 / 価格転嫁 / 値上 / 想定以上 / 上方修正 / 下方修正 / 想定以下 / 未達 / 大幅 / 計画を上 / 計画を下 / 計画以 / 需要回復 / 需要の回復 / 需要が増 / 需要が低 / 悪化 / グローバルニッチトップ / トップシェア / シェア拡大 / レアアース
20260514,6425,6425_1630_ユニバーサル_2026年12月期 第1四半期決算短信〔日本基準〕(連結).pdf,,,,,,,,4,,,,,,,,4,,,,,,,,価格交渉 / 増産 / 価格改定 / 価格転嫁 / 値上 / 想定以上 / 上方修正 / 下方修正 / 想定以下 / 未達 / 大幅 / 計画を上 / 計画を下 / 計画以 / 需要回復 / 需要の回復 / 需要が増 / 需要が低 / 悪化 / グローバルニッチトップ / トップシェア / シェア拡大 / レアアース
20260514,6472,6472_1600_NTN_2026年3月期決算短信〔日本基準〕(連結).pdf,,,,,,,,,,,,,,,,5,,,20,,,,,価格交渉 / 増産 / 価格改定 / 価格転嫁 / 値上 / 想定以上 / 上方修正 / 下方修正 / 想定以下 / 未達 / 大幅 / 計画を上 / 計画を下 / 計画以 / 需要回復 / 需要の回復 / 需要が増 / 需要が低 / 悪化 / グローバルニッチトップ / トップシェア / シェア拡大 / レアアース
20260514,6508,6508_1530_明電舎_2026年3月期決算短信〔日本基準〕(連結).pdf,,,,,5,,,,,,,,,,,,,,4 5,,,,,価格交渉 / 増産 / 価格改定 / 価格転嫁 / 値上 / 想定以上 / 上方修正 / 下方修正 / 想定以下 / 未達 / 大幅 / 計画を上 / 計画を下 / 計画以 / 需要回復 / 需要の回復 / 需要が増 / 需要が低 / 悪化 / グローバルニッチトップ / トップシェア / シェア拡大 / レアアース
20260514,6517,6517_1400_デンヨー_2026年3月期 決算短信〔日本基準〕(連結).pdf,,,,,,,,,,,,,,,,,,,,,8,9,,価格交渉 / 増産 / 価格改定 / 価格転嫁 / 値上 / 想定以上 / 上方修正 / 下方修正 / 想定以下 / 未達 / 大幅 / 計画を上 / 計画を下 / 計画以 / 需要回復 / 需要の回復 / 需要が増 / 需要が低 / 悪化 / グローバルニッチトップ / トップシェア / シェア拡大 / レアアース
20260514,6571,6571_1700_キュービーネットHD_2026年6月期 第3四半期決算短信〔IFRS〕(連結).pdf,,,4,,,,,,,,,4,,,,,,,,,,,,価格交渉 / 増産 / 価格改定 / 価格転嫁 / 値上 / 想定以上 / 上方修正 / 下方修正 / 想定以下 / 未達 / 大幅 / 計画を上 / 計画を下 / 計画以 / 需要回復 / 需要の回復 / 需要が増 / 需要が低 / 悪化 / グローバルニッチトップ / トップシェア / シェア拡大 / レアアース
20260514,6584,6584_1600_三桜工_2026年3月期 決算補足説明資料.pdf,,,,,,,,,,,4,,,,,,,,4 6,,,,,価格交渉 / 増産 / 価格改定 / 価格転嫁 / 値上 / 想定以上 / 上方修正 / 下方修正 / 想定以下 / 未達 / 大幅 / 計画を上 / 計画を下 / 計画以 / 需要回復 / 需要の回復 / 需要が増 / 需要が低 / 悪化 / グローバルニッチトップ / トップシェア / シェア拡大 / レアアース
20260514,6599,6599_1530_エブレン_2026年3月期決算短信〔日本基準〕(連結).pdf,,,,4,4,,,,,,,,,,,,,,,,,,,価格交渉 / 増産 / 価格改定 / 価格転嫁 / 値上 / 想定以上 / 上方修正 / 下方修正 / 想定以下 / 未達 / 大幅 / 計画を上 / 計画を下 / 計画以 / 需要回復 / 需要の回復 / 需要が増 / 需要が低 / 悪化 / グローバルニッチトップ / トップシェア / シェア拡大 / レアアース
20260514,6670,6670_1540_MCJ_2026年3月期 決算短信〔日本基準〕(連結).pdf,,,,,,,,,,,4,,,,,,,,4,,,,,価格交渉 / 増産 / 価格改定 / 価格転嫁 / 値上 / 想定以上 / 上方修正 / 下方修正 / 想定以下 / 未達 / 大幅 / 計画を上 / 計画を下 / 計画以 / 需要回復 / 需要の回復 / 需要が増 / 需要が低 / 悪化 / グローバルニッチトップ / トップシェア / シェア拡大 / レアアース
20260514,6740,6740_1532_JDI_2025年度通期 決算説明資料.pdf,,,,,,15,,,,,5,,,,,,,,,,,,,価格交渉 / 増産 / 価格改定 / 価格転嫁 / 値上 / 想定以上 / 上方修正 / 下方修正 / 想定以下 / 未達 / 大幅 / 計画を上 / 計画を下 / 計画以 / 需要回復 / 需要の回復 / 需要が増 / 需要が低 / 悪化 / グローバルニッチトップ / トップシェア / シェア拡大 / レアアース
20260514,6771,6771_1530_池上通_2026年3月期決算短信〔日本基準〕(連結).pdf,,,,,,,,,,,4,,,,,,,,,,,6,,価格交渉 / 増産 / 価格改定 / 価格転嫁 / 値上 / 想定以上 / 上方修正 / 下方修正 / 想定以下 / 未達 / 大幅 / 計画を上 / 計画を下 / 計画以 / 需要回復 / 需要の回復 / 需要が増 / 需要が低 / 悪化 / グローバルニッチトップ / トップシェア / シェア拡大 / レアアース
20260514,6779,6779_1630_日電波_2026年3月期 決算短信〔IFRS〕(連結).pdf,,,,,,,,,,,5,,,,,,,,4,,,,,価格交渉 / 増産 / 価格改定 / 価格転嫁 / 値上 / 想定以上 / 上方修正 / 下方修正 / 想定以下 / 未達 / 大幅 / 計画を上 / 計画を下 / 計画以 / 需要回復 / 需要の回復 / 需要が増 / 需要が低 / 悪化 / グローバルニッチトップ / トップシェア / シェア拡大 / レアアース
20260514,6856,6856_1530_堀場製_2026年12月期 第1四半期決算短信〔日本基準〕(連結).pdf,,,,,,,5 6,,,,,,,,,,4,,,,,,,価格交渉 / 増産 / 価格改定 / 価格転嫁 / 値上 / 想定以上 / 上方修正 / 下方修正 / 想定以下 / 未達 / 大幅 / 計画を上 / 計画を下 / 計画以 / 需要回復 / 需要の回復 / 需要が増 / 需要が低 / 悪化 / グローバルニッチトップ / トップシェア / シェア拡大 / レアアース
20260514,6859,6859_1500_エスペック_2026年3月期 決算短信〔日本基準〕(連結).pdf,,,,,,,,,,,4 5,,,,,,,,4 7,,,,,価格交渉 / 増産 / 価格改定 / 価格転嫁 / 値上 / 想定以上 / 上方修正 / 下方修正 / 想定以下 / 未達 / 大幅 / 計画を上 / 計画を下 / 計画以 / 需要回復 / 需要の回復 / 需要が増 / 需要が低 / 悪化 / グローバルニッチトップ / トップシェア / シェア拡大 / レアアース
20260514,6918,6918_1530_アバール_2026年3月期決算短信〔日本基準〕(非連結).pdf,,,,,,,,,,,4 5,,,,,5,,,,,,,,価格交渉 / 増産 / 価格改定 / 価格転嫁 / 値上 / 想定以上 / 上方修正 / 下方修正 / 想定以下 / 未達 / 大幅 / 計画を上 / 計画を下 / 計画以 / 需要回復 / 需要の回復 / 需要が増 / 需要が低 / 悪化 / グローバルニッチトップ / トップシェア / シェア拡大 / レアアース
20260514,6925,6925_1630_ウシオ電_2026年3月期 決算短信〔日本基準〕(連結).pdf,,,,,,,,,,,,,,,4,,4,,,,,,,価格交渉 / 増産 / 価格改定 / 価格転嫁 / 値上 / 想定以上 / 上方修正 / 下方修正 / 想定以下 / 未達 / 大幅 / 計画を上 / 計画を下 / 計画以 / 需要回復 / 需要の回復 / 需要が増 / 需要が低 / 悪化 / グローバルニッチトップ / トップシェア / シェア拡大 / レアアース
20260514,6926,6926_1535_OKAYA_2026年3月期 決算短信〔日本基準〕(連結).pdf,,,4,,,,,,,,,,,,,,,,4,,,,,価格交渉 / 増産 / 価格改定 / 価格転嫁 / 値上 / 想定以上 / 上方修正 / 下方修正 / 想定以下 / 未達 / 大幅 / 計画を上 / 計画を下 / 計画以 / 需要回復 / 需要の回復 / 需要が増 / 需要が低 / 悪化 / グローバルニッチトップ / トップシェア / シェア拡大 / レアアース
20260514,6947,6947_1130_図研_2026年3月期 決算短信〔日本基準〕(連結).pdf,,,,,,,,,,,4,,,,,,,,21,,,,,価格交渉 / 増産 / 価格改定 / 価格転嫁 / 値上 / 想定以上 / 上方修正 / 下方修正 / 想定以下 / 未達 / 大幅 / 計画を上 / 計画を下 / 計画以 / 需要回復 / 需要の回復 / 需要が増 / 需要が低 / 悪化 / グローバルニッチトップ / トップシェア / シェア拡大 / レアアース
20260514,6969,6969_1500_松尾電機_2026年3月期 決算短信〔日本基準〕(非連結).pdf,,4 5 6 17,,,,,,,,,,,,,,,4,,,,,,,価格交渉 / 増産 / 価格改定 / 価格転嫁 / 値上 / 想定以上 / 上方修正 / 下方修正 / 想定以下 / 未達 / 大幅 / 計画を上 / 計画を下 / 計画以 / 需要回復 / 需要の回復 / 需要が増 / 需要が低 / 悪化 / グローバルニッチトップ / トップシェア / シェア拡大 / レアアース
20260514,6998,6998_1600_日タングス_2026年3月期決算短信〔日本基準〕(連結).pdf,,,,4 5,,,,,,,4,,,,,,,,,,,,,価格交渉 / 増産 / 価格改定 / 価格転嫁 / 値上 / 想定以上 / 上方修正 / 下方修正 / 想定以下 / 未達 / 大幅 / 計画を上 / 計画を下 / 計画以 / 需要回復 / 需要の回復 / 需要が増 / 需要が低 / 悪化 / グローバルニッチトップ / トップシェア / シェア拡大 / レアアース
20260514,7021,7021_1700_ニッチツ_2026年3月期 決算短信〔日本基準〕(連結).pdf,,,,,,,,,,,4 6,,,,6,,,,,,,,,価格交渉 / 増産 / 価格改定 / 価格転嫁 / 値上 / 想定以上 / 上方修正 / 下方修正 / 想定以下 / 未達 / 大幅 / 計画を上 / 計画を下 / 計画以 / 需要回復 / 需要の回復 / 需要が増 / 需要が低 / 悪化 / グローバルニッチトップ / トップシェア / シェア拡大 / レアアース
20260514,7021,7021_1700_ニッチツ_2026年3月期 決算説明資料.pdf,,,,,,,,,,11,,,,,10 11,,,,,,,,,価格交渉 / 増産 / 価格改定 / 価格転嫁 / 値上 / 想定以上 / 上方修正 / 下方修正 / 想定以下 / 未達 / 大幅 / 計画を上 / 計画を下 / 計画以 / 需要回復 / 需要の回復 / 需要が増 / 需要が低 / 悪化 / グローバルニッチトップ / トップシェア / シェア拡大 / レアアース
20260514,7031,7031_1530_G-インバウンド_2026年3月期 決算短信〔日本基準〕(連結).pdf,,,,,,,,,,,,,4 5,,,,,,2,,,,,価格交渉 / 増産 / 価格改定 / 価格転嫁 / 値上 / 想定以上 / 上方修正 / 下方修正 / 想定以下 / 未達 / 大幅 / 計画を上 / 計画を下 / 計画以 / 需要回復 / 需要の回復 / 需要が増 / 需要が低 / 悪化 / グローバルニッチトップ / トップシェア / シェア拡大 / レアアース
20260514,7031,7031_1530_G-インバウンド_2026年3月期 決算説明資料.pdf,,,,,,,,,,,14,,9,,,,,,,,,,,価格交渉 / 増産 / 価格改定 / 価格転嫁 / 値上 / 想定以上 / 上方修正 / 下方修正 / 想定以下 / 未達 / 大幅 / 計画を上 / 計画を下 / 計画以 / 需要回復 / 需要の回復 / 需要が増 / 需要が低 / 悪化 / グローバルニッチトップ / トップシェア / シェア拡大 / レアアース
20260514,7043,7043_1600_G-アルー_2026年12月期第1四半期決算説明資料.pdf,,,30 32,,,36,,,,,,,,,,,,,,,,,,価格交渉 / 増産 / 価格改定 / 価格転嫁 / 値上 / 想定以上 / 上方修正 / 下方修正 / 想定以下 / 未達 / 大幅 / 計画を上 / 計画を下 / 計画以 / 需要回復 / 需要の回復 / 需要が増 / 需要が低 / 悪化 / グローバルニッチトップ / トップシェア / シェア拡大 / レアアース
20260514,7069,7069_1530_G-サイバー・バズ_2026年9月期 第2四半期決算説明資料.pdf,,,,,,,5 9,,,,5 16,,,,,,,,,,,,,価格交渉 / 増産 / 価格改定 / 価格転嫁 / 値上 / 想定以上 / 上方修正 / 下方修正 / 想定以下 / 未達 / 大幅 / 計画を上 / 計画を下 / 計画以 / 需要回復 / 需要の回復 / 需要が増 / 需要が低 / 悪化 / グローバルニッチトップ / トップシェア / シェア拡大 / レアアース
20260514,7069,7069_1530_G-サイバー・バズ_連結業績予想の修正(上方修正)に関するお知らせ.pdf,,,,,,,1,,,,2,,,,,,,,,,,,,価格交渉 / 増産 / 価格改定 / 価格転嫁 / 値上 / 想定以上 / 上方修正 / 下方修正 / 想定以下 / 未達 / 大幅 / 計画を上 / 計画を下 / 計画以 / 需要回復 / 需要の回復 / 需要が増 / 需要が低 / 悪化 / グローバルニッチトップ / トップシェア / シェア拡大 / レアアース
20260514,7078,7078_1730_G-INC HD_2026年3月期 決算補足資料.pdf,,,,,,,,,,,12 14 27,,9,,,,,,,,,,,価格交渉 / 増産 / 価格改定 / 価格転嫁 / 値上 / 想定以上 / 上方修正 / 下方修正 / 想定以下 / 未達 / 大幅 / 計画を上 / 計画を下 / 計画以 / 需要回復 / 需要の回復 / 需要が増 / 需要が低 / 悪化 / グローバルニッチトップ / トップシェア / シェア拡大 / レアアース
20260514,7079,7079_1600_G-WDBココ_2026年3月期決算短信〔日本基準〕(非連結).pdf,,,,,,,,,,,4,,,,,,,,4,,,,,価格交渉 / 増産 / 価格改定 / 価格転嫁 / 値上 / 想定以上 / 上方修正 / 下方修正 / 想定以下 / 未達 / 大幅 / 計画を上 / 計画を下 / 計画以 / 需要回復 / 需要の回復 / 需要が増 / 需要が低 / 悪化 / グローバルニッチトップ / トップシェア / シェア拡大 / レアアース
20260514,7090,7090_1530_G-リグア_2026年3月期 通期決算説明資料.pdf,,22,,,,,,,,3,,,,,,,,,,,,,,価格交渉 / 増産 / 価格改定 / 価格転嫁 / 値上 / 想定以上 / 上方修正 / 下方修正 / 想定以下 / 未達 / 大幅 / 計画を上 / 計画を下 / 計画以 / 需要回復 / 需要の回復 / 需要が増 / 需要が低 / 悪化 / グローバルニッチトップ / トップシェア / シェア拡大 / レアアース
20260514,7093,7093_1600_G-アディッシュ_2026年12月期 第1四半期決算説明資料.pdf,,,,,,,,,,,,,,,,,3,,13,,,,,価格交渉 / 増産 / 価格改定 / 価格転嫁 / 値上 / 想定以上 / 上方修正 / 下方修正 / 想定以下 / 未達 / 大幅 / 計画を上 / 計画を下 / 計画以 / 需要回復 / 需要の回復 / 需要が増 / 需要が低 / 悪化 / グローバルニッチトップ / トップシェア / シェア拡大 / レアアース
20260514,7115,7115_1530_アルファパーチェス_2026年12月期第1四半期 決算説明補足資料.pdf,,,,7,,,,,,,,,,,,,,,10,,,,,価格交渉 / 増産 / 価格改定 / 価格転嫁 / 値上 / 想定以上 / 上方修正 / 下方修正 / 想定以下 / 未達 / 大幅 / 計画を上 / 計画を下 / 計画以 / 需要回復 / 需要の回復 / 需要が増 / 需要が低 / 悪化 / グローバルニッチトップ / トップシェア / シェア拡大 / レアアース
20260514,7129,7129_1700_ミアヘルサHD_2026年3月期決算短信〔日本基準〕(連結).pdf,,,5,5,,,,,,,,,,,,,,,,,,,,価格交渉 / 増産 / 価格改定 / 価格転嫁 / 値上 / 想定以上 / 上方修正 / 下方修正 / 想定以下 / 未達 / 大幅 / 計画を上 / 計画を下 / 計画以 / 需要回復 / 需要の回復 / 需要が増 / 需要が低 / 悪化 / グローバルニッチトップ / トップシェア / シェア拡大 / レアアース
20260514,7138,7138_1530_G-TORICO_2026年3月期 決算短信〔日本基準〕(連結).pdf,,,,,,,,,,,4,,,,,4,,,,,,,,価格交渉 / 増産 / 価格改定 / 価格転嫁 / 値上 / 想定以上 / 上方修正 / 下方修正 / 想定以下 / 未達 / 大幅 / 計画を上 / 計画を下 / 計画以 / 需要回復 / 需要の回復 / 需要が増 / 需要が低 / 悪化 / グローバルニッチトップ / トップシェア / シェア拡大 / レアアース
20260514,7138,7138_1530_G-TORICO_2026年3月期 通期決算説明資料(事業計画及び成長可能性に関する事項).pdf,,,,,,,,,,19,14 15 16 22 24,,,,,,,,,,,,,価格交渉 / 増産 / 価格改定 / 価格転嫁 / 値上 / 想定以上 / 上方修正 / 下方修正 / 想定以下 / 未達 / 大幅 / 計画を上 / 計画を下 / 計画以 / 需要回復 / 需要の回復 / 需要が増 / 需要が低 / 悪化 / グローバルニッチトップ / トップシェア / シェア拡大 / レアアース
20260514,7212,7212_1530_エフテック_2026年3月期 決算短信〔日本基準〕(連結).pdf,,,,,,,,,,,4,,,,,,,,4,,,,,価格交渉 / 増産 / 価格改定 / 価格転嫁 / 値上 / 想定以上 / 上方修正 / 下方修正 / 想定以下 / 未達 / 大幅 / 計画を上 / 計画を下 / 計画以 / 需要回復 / 需要の回復 / 需要が増 / 需要が低 / 悪化 / グローバルニッチトップ / トップシェア / シェア拡大 / レアアース
20260514,7212,7212_1530_エフテック_通期連結業績予想と実績値の差異及び剰余金の配当(増配)に関するお知らせ.pdf,,,,,,1,2,,,,,,,,,,,,,,,,,価格交渉 / 増産 / 価格改定 / 価格転嫁 / 値上 / 想定以上 / 上方修正 / 下方修正 / 想定以下 / 未達 / 大幅 / 計画を上 / 計画を下 / 計画以 / 需要回復 / 需要の回復 / 需要が増 / 需要が低 / 悪化 / グローバルニッチトップ / トップシェア / シェア拡大 / レアアース
20260514,7235,7235_1600_東ラヂエタ_2026年3月期 決算補足説明資料.pdf,,,,,,,,,,,2 3,,,,10,,,,,,,,,価格交渉 / 増産 / 価格改定 / 価格転嫁 / 値上 / 想定以上 / 上方修正 / 下方修正 / 想定以下 / 未達 / 大幅 / 計画を上 / 計画を下 / 計画以 / 需要回復 / 需要の回復 / 需要が増 / 需要が低 / 悪化 / グローバルニッチトップ / トップシェア / シェア拡大 / レアアース
20260514,7343,7343_1600_G-ブロードマインド_2026年3月期決算説明資料.pdf,,,,,,,,,,,6,,,,,,,,21,,,,,価格交渉 / 増産 / 価格改定 / 価格転嫁 / 値上 / 想定以上 / 上方修正 / 下方修正 / 想定以下 / 未達 / 大幅 / 計画を上 / 計画を下 / 計画以 / 需要回復 / 需要の回復 / 需要が増 / 需要が低 / 悪化 / グローバルニッチトップ / トップシェア / シェア拡大 / レアアース
20260514,7353,7353_1530_G-KIYO_2026年12月期決算 第1四半期決算説明資料.pdf,,,,,,,,,,,33,,,,,,,,,,,52,,価格交渉 / 増産 / 価格改定 / 価格転嫁 / 値上 / 想定以上 / 上方修正 / 下方修正 / 想定以下 / 未達 / 大幅 / 計画を上 / 計画を下 / 計画以 / 需要回復 / 需要の回復 / 需要が増 / 需要が低 / 悪化 / グローバルニッチトップ / トップシェア / シェア拡大 / レアアース
20260514,7359,7359_1600_G-東京通信G_2026年12月期 第1四半期決算説明資料.pdf,,,,,,,,,,,,14,,,,,,,,,,43 45,,価格交渉 / 増産 / 価格改定 / 価格転嫁 / 値上 / 想定以上 / 上方修正 / 下方修正 / 想定以下 / 未達 / 大幅 / 計画を上 / 計画を下 / 計画以 / 需要回復 / 需要の回復 / 需要が増 / 需要が低 / 悪化 / グローバルニッチトップ / トップシェア / シェア拡大 / レアアース
20260514,7477,7477_1600_ムラキ_2026年3月期 決算短信〔日本基準〕(連結).pdf,,,,,4,,,,,,,,,,,,,,4 5 6,,,,,価格交渉 / 増産 / 価格改定 / 価格転嫁 / 値上 / 想定以上 / 上方修正 / 下方修正 / 想定以下 / 未達 / 大幅 / 計画を上 / 計画を下 / 計画以 / 需要回復 / 需要の回復 / 需要が増 / 需要が低 / 悪化 / グローバルニッチトップ / トップシェア / シェア拡大 / レアアース
20260514,7502,7502_1600_プラザHD_2026年3月期 決算短信〔日本基準〕(連結).pdf,,,,,4,,,,,,,,,,,,,,4,,,,,価格交渉 / 増産 / 価格改定 / 価格転嫁 / 値上 / 想定以上 / 上方修正 / 下方修正 / 想定以下 / 未達 / 大幅 / 計画を上 / 計画を下 / 計画以 / 需要回復 / 需要の回復 / 需要が増 / 需要が低 / 悪化 / グローバルニッチトップ / トップシェア / シェア拡大 / レアアース
20260514,7506,7506_1600_ハウスローゼ_2026年3月期決算短信[日本基準](非連結).pdf,,,,,,,,,,,,4 5,,,,,,,6,,,,,価格交渉 / 増産 / 価格改定 / 価格転嫁 / 値上 / 想定以上 / 上方修正 / 下方修正 / 想定以下 / 未達 / 大幅 / 計画を上 / 計画を下 / 計画以 / 需要回復 / 需要の回復 / 需要が増 / 需要が低 / 悪化 / グローバルニッチトップ / トップシェア / シェア拡大 / レアアース
20260514,7694,7694_1530_G-いつも_2026年3月期通期決算説明会資料.pdf,,,,,,,,,,,4 8 14,4 7 9 11,,,,,,,,,,,,価格交渉 / 増産 / 価格改定 / 価格転嫁 / 値上 / 想定以上 / 上方修正 / 下方修正 / 想定以下 / 未達 / 大幅 / 計画を上 / 計画を下 / 計画以 / 需要回復 / 需要の回復 / 需要が増 / 需要が低 / 悪化 / グローバルニッチトップ / トップシェア / シェア拡大 / レアアース
20260514,7791,7791_1500_ドリームベッド_ドリームベッド株式会社2026年3月期 期末決算説明資料.pdf,,,,,,,,,,5,2,,,,,,,,,,,,,価格交渉 / 増産 / 価格改定 / 価格転嫁 / 値上 / 想定以上 / 上方修正 / 下方修正 / 想定以下 / 未達 / 大幅 / 計画を上 / 計画を下 / 計画以 / 需要回復 / 需要の回復 / 需要が増 / 需要が低 / 悪化 / グローバルニッチトップ / トップシェア / シェア拡大 / レアアース
20260514,7814,7814_1600_日本創発G_2026年12月期 第1四半期決算短信〔日本基準〕(連結).pdf,,,,4,,,,,,,,,,,,,4,,,,,,,価格交渉 / 増産 / 価格改定 / 価格転嫁 / 値上 / 想定以上 / 上方修正 / 下方修正 / 想定以下 / 未達 / 大幅 / 計画を上 / 計画を下 / 計画以 / 需要回復 / 需要の回復 / 需要が増 / 需要が低 / 悪化 / グローバルニッチトップ / トップシェア / シェア拡大 / レアアース
20260514,7851,7851_1600_カワセコンピュ_令和8年3月期 決算短信〔日本基準〕(非連結).pdf,,,5,,,,,,,,4,,,,,,,,,,,,,価格交渉 / 増産 / 価格改定 / 価格転嫁 / 値上 / 想定以上 / 上方修正 / 下方修正 / 想定以下 / 未達 / 大幅 / 計画を上 / 計画を下 / 計画以 / 需要回復 / 需要の回復 / 需要が増 / 需要が低 / 悪化 / グローバルニッチトップ / トップシェア / シェア拡大 / レアアース
20260514,7860,7860_1530_エイベックス_2026年3月期 決算短信〔日本基準〕(連結).pdf,,,,,,,,,,,4,,,,,,,,8,,,,,価格交渉 / 増産 / 価格改定 / 価格転嫁 / 値上 / 想定以上 / 上方修正 / 下方修正 / 想定以下 / 未達 / 大幅 / 計画を上 / 計画を下 / 計画以 / 需要回復 / 需要の回復 / 需要が増 / 需要が低 / 悪化 / グローバルニッチトップ / トップシェア / シェア拡大 / レアアース
20260514,7938,7938_1530_リーガル_2026年度経営計画および構造改革の推進に関するお知らせ.pdf,,,,,,,,,,1,,,,,,,,,1,,,,,価格交渉 / 増産 / 価格改定 / 価格転嫁 / 値上 / 想定以上 / 上方修正 / 下方修正 / 想定以下 / 未達 / 大幅 / 計画を上 / 計画を下 / 計画以 / 需要回復 / 需要の回復 / 需要が増 / 需要が低 / 悪化 / グローバルニッチトップ / トップシェア / シェア拡大 / レアアース
20260514,8007,8007_1331_高島_新中期経営計画の策定に関するお知らせ.pdf,,,,,,,,,,5 13,,,,27,,,,,,,,,,価格交渉 / 増産 / 価格改定 / 価格転嫁 / 値上 / 想定以上 / 上方修正 / 下方修正 / 想定以下 / 未達 / 大幅 / 計画を上 / 計画を下 / 計画以 / 需要回復 / 需要の回復 / 需要が増 / 需要が低 / 悪化 / グローバルニッチトップ / トップシェア / シェア拡大 / レアアース
20260514,8037,8037_1530_カメイ_2026年3月期 決算短信〔日本基準〕(連結).pdf,,,,4,4,,,,,,,,,,,,,,,,,,,価格交渉 / 増産 / 価格改定 / 価格転嫁 / 値上 / 想定以上 / 上方修正 / 下方修正 / 想定以下 / 未達 / 大幅 / 計画を上 / 計画を下 / 計画以 / 需要回復 / 需要の回復 / 需要が増 / 需要が低 / 悪化 / グローバルニッチトップ / トップシェア / シェア拡大 / レアアース
20260514,8093,8093_1530_極東貿易_「中期経営計画2028」Beyond NEXUS策定に関するお知らせ.pdf,,,,,,,,,,8,,,,,,,,,30,,,,,価格交渉 / 増産 / 価格改定 / 価格転嫁 / 値上 / 想定以上 / 上方修正 / 下方修正 / 想定以下 / 未達 / 大幅 / 計画を上 / 計画を下 / 計画以 / 需要回復 / 需要の回復 / 需要が増 / 需要が低 / 悪化 / グローバルニッチトップ / トップシェア / シェア拡大 / レアアース
20260514,8097,8097_1530_三愛オブリ_2026年3月期決算短信〔日本基準〕(連結).pdf,,,,,,,,,,,,,,,5,,,,4,,,,,価格交渉 / 増産 / 価格改定 / 価格転嫁 / 値上 / 想定以上 / 上方修正 / 下方修正 / 想定以下 / 未達 / 大幅 / 計画を上 / 計画を下 / 計画以 / 需要回復 / 需要の回復 / 需要が増 / 需要が低 / 悪化 / グローバルニッチトップ / トップシェア / シェア拡大 / レアアース
20260514,8117,8117_1420_中央自動車工業_2026年3月期 決算短信〔日本基準〕(連結).pdf,,,,,,,7,,,,5,,,,,,,,,,,,,価格交渉 / 増産 / 価格改定 / 価格転嫁 / 値上 / 想定以上 / 上方修正 / 下方修正 / 想定以下 / 未達 / 大幅 / 計画を上 / 計画を下 / 計画以 / 需要回復 / 需要の回復 / 需要が増 / 需要が低 / 悪化 / グローバルニッチトップ / トップシェア / シェア拡大 / レアアース
20260514,8132,8132_1530_シナネンHD_2026年3月期 決算説明資料.pdf,,,11,,,,,,,,3,,,,,,,,,,,,,価格交渉 / 増産 / 価格改定 / 価格転嫁 / 値上 / 想定以上 / 上方修正 / 下方修正 / 想定以下 / 未達 / 大幅 / 計画を上 / 計画を下 / 計画以 / 需要回復 / 需要の回復 / 需要が増 / 需要が低 / 悪化 / グローバルニッチトップ / トップシェア / シェア拡大 / レアアース
20260514,8150,8150_1530_三信電気_2026年3月期 決算説明資料.pdf,,,,,,,,,,,36,,,,,,,,27,,,,,価格交渉 / 増産 / 価格改定 / 価格転嫁 / 値上 / 想定以上 / 上方修正 / 下方修正 / 想定以下 / 未達 / 大幅 / 計画を上 / 計画を下 / 計画以 / 需要回復 / 需要の回復 / 需要が増 / 需要が低 / 悪化 / グローバルニッチトップ / トップシェア / シェア拡大 / レアアース
20260514,8154,8154_1530_加賀電子_2026年3月期 決算短信〔日本基準〕(連結).pdf,,,,,6,,5,,,,,,,,,,,,,,,,,価格交渉 / 増産 / 価格改定 / 価格転嫁 / 値上 / 想定以上 / 上方修正 / 下方修正 / 想定以下 / 未達 / 大幅 / 計画を上 / 計画を下 / 計画以 / 需要回復 / 需要の回復 / 需要が増 / 需要が低 / 悪化 / グローバルニッチトップ / トップシェア / シェア拡大 / レアアース
20260514,8179,8179_1530_ロイヤルHD_2026年12月期 第1四半期決算説明資料.pdf,,,,,,,,,,,8 13,34,,,,,,,,,,,,価格交渉 / 増産 / 価格改定 / 価格転嫁 / 値上 / 想定以上 / 上方修正 / 下方修正 / 想定以下 / 未達 / 大幅 / 計画を上 / 計画を下 / 計画以 / 需要回復 / 需要の回復 / 需要が増 / 需要が低 / 悪化 / グローバルニッチトップ / トップシェア / シェア拡大 / レアアース
20260514,8228,8228_1640_マルイチ産商_2026年3月期 決算短信〔日本基準〕(連結).pdf,,,5,,4 7,,,,,,,,,,,,,,,,,,,価格交渉 / 増産 / 価格改定 / 価格転嫁 / 値上 / 想定以上 / 上方修正 / 下方修正 / 想定以下 / 未達 / 大幅 / 計画を上 / 計画を下 / 計画以 / 需要回復 / 需要の回復 / 需要が増 / 需要が低 / 悪化 / グローバルニッチトップ / トップシェア / シェア拡大 / レアアース
20260514,8554,8554_1430_南日本銀_2026年3月期 決算ダイジェスト【単体】.pdf,,,,21,,,,,,,,,,,,,,,,,,13,,価格交渉 / 増産 / 価格改定 / 価格転嫁 / 値上 / 想定以上 / 上方修正 / 下方修正 / 想定以下 / 未達 / 大幅 / 計画を上 / 計画を下 / 計画以 / 需要回復 / 需要の回復 / 需要が増 / 需要が低 / 悪化 / グローバルニッチトップ / トップシェア / シェア拡大 / レアアース
20260514,8554,8554_1430_南日本銀_2026年3月期 決算短信〔日本基準〕(連結).pdf,,,,66,,,,,,,,,,,,,,,,,,58,,価格交渉 / 増産 / 価格改定 / 価格転嫁 / 値上 / 想定以上 / 上方修正 / 下方修正 / 想定以下 / 未達 / 大幅 / 計画を上 / 計画を下 / 計画以 / 需要回復 / 需要の回復 / 需要が増 / 需要が低 / 悪化 / グローバルニッチトップ / トップシェア / シェア拡大 / レアアース
20260514,8746,8746_1815_unbanked_2026年3月期業績見通し及び配当予想(無配)に関するお知らせ.pdf,,,,,,,,,,,1,,,,,,,,1,,,,,価格交渉 / 増産 / 価格改定 / 価格転嫁 / 値上 / 想定以上 / 上方修正 / 下方修正 / 想定以下 / 未達 / 大幅 / 計画を上 / 計画を下 / 計画以 / 需要回復 / 需要の回復 / 需要が増 / 需要が低 / 悪化 / グローバルニッチトップ / トップシェア / シェア拡大 / レアアース
20260514,8891,8891_1600_AMGHD_2026年3月期 決算短信〔日本基準〕(連結).pdf,,,,,4,,,,,,,,,,,,,,4 6,,,,,価格交渉 / 増産 / 価格改定 / 価格転嫁 / 値上 / 想定以上 / 上方修正 / 下方修正 / 想定以下 / 未達 / 大幅 / 計画を上 / 計画を下 / 計画以 / 需要回復 / 需要の回復 / 需要が増 / 需要が低 / 悪化 / グローバルニッチトップ / トップシェア / シェア拡大 / レアアース
20260514,8999,8999_1530_グランディ_2026年3月期 決算短信〔日本基準〕(連結).pdf,,,,,,,,,,,4 5,,,,,,,,5 6,,,,,価格交渉 / 増産 / 価格改定 / 価格転嫁 / 値上 / 想定以上 / 上方修正 / 下方修正 / 想定以下 / 未達 / 大幅 / 計画を上 / 計画を下 / 計画以 / 需要回復 / 需要の回復 / 需要が増 / 需要が低 / 悪化 / グローバルニッチトップ / トップシェア / シェア拡大 / レアアース
20260514,9031,9031_1600_西鉄_2025年度 決算補足説明資料.pdf,,,,,,,,,,,,,,,3,5,,,,,,,,価格交渉 / 増産 / 価格改定 / 価格転嫁 / 値上 / 想定以上 / 上方修正 / 下方修正 / 想定以下 / 未達 / 大幅 / 計画を上 / 計画を下 / 計画以 / 需要回復 / 需要の回復 / 需要が増 / 需要が低 / 悪化 / グローバルニッチトップ / トップシェア / シェア拡大 / レアアース
20260514,9033,9033_1330_広電鉄_2026年3月期決算短信〔日本基準〕(連結).pdf,,,,,,,,,,,4,,,,,,,,4,,,,,価格交渉 / 増産 / 価格改定 / 価格転嫁 / 値上 / 想定以上 / 上方修正 / 下方修正 / 想定以下 / 未達 / 大幅 / 計画を上 / 計画を下 / 計画以 / 需要回復 / 需要の回復 / 需要が増 / 需要が低 / 悪化 / グローバルニッチトップ / トップシェア / シェア拡大 / レアアース
20260514,9033,9033_1330_広電鉄_中期経営計画(2026年度~2028年度)の策定に関するお知らせ.pdf,,,,,,,,,,,,,,,9,9 19,,,,,,,,価格交渉 / 増産 / 価格改定 / 価格転嫁 / 値上 / 想定以上 / 上方修正 / 下方修正 / 想定以下 / 未達 / 大幅 / 計画を上 / 計画を下 / 計画以 / 需要回復 / 需要の回復 / 需要が増 / 需要が低 / 悪化 / グローバルニッチトップ / トップシェア / シェア拡大 / レアアース
20260514,9073,9073_1540_京極運輸_2026年3月期 決算短信〔日本基準〕(連結).pdf,,,4,5,,,,,,,,,,,,,,,,,,,,価格交渉 / 増産 / 価格改定 / 価格転嫁 / 値上 / 想定以上 / 上方修正 / 下方修正 / 想定以下 / 未達 / 大幅 / 計画を上 / 計画を下 / 計画以 / 需要回復 / 需要の回復 / 需要が増 / 需要が低 / 悪化 / グローバルニッチトップ / トップシェア / シェア拡大 / レアアース
20260514,9115,9115_1500_明海グループ_2026年3月期 決算短信〔日本基準〕(連結).pdf,,,,,,,,,,,,,,,,4,,,4,,,,,価格交渉 / 増産 / 価格改定 / 価格転嫁 / 値上 / 想定以上 / 上方修正 / 下方修正 / 想定以下 / 未達 / 大幅 / 計画を上 / 計画を下 / 計画以 / 需要回復 / 需要の回復 / 需要が増 / 需要が低 / 悪化 / グローバルニッチトップ / トップシェア / シェア拡大 / レアアース
20260514,9213,9213_1530_セイファート_2026年12月期 第1四半期決算説明資料.pdf,,,,,,,,,,10 14 18,19 21,,,,,,,,,,,,,価格交渉 / 増産 / 価格改定 / 価格転嫁 / 値上 / 想定以上 / 上方修正 / 下方修正 / 想定以下 / 未達 / 大幅 / 計画を上 / 計画を下 / 計画以 / 需要回復 / 需要の回復 / 需要が増 / 需要が低 / 悪化 / グローバルニッチトップ / トップシェア / シェア拡大 / レアアース
20260514,9223,9223_1600_G-ASNOVA_2026年3月期 決算説明資料.pdf,,,,,,,,,,,,4,,,15,,,,,,,,,価格交渉 / 増産 / 価格改定 / 価格転嫁 / 値上 / 想定以上 / 上方修正 / 下方修正 / 想定以下 / 未達 / 大幅 / 計画を上 / 計画を下 / 計画以 / 需要回復 / 需要の回復 / 需要が増 / 需要が低 / 悪化 / グローバルニッチトップ / トップシェア / シェア拡大 / レアアース
20260514,9274,9274_1830_KPPグループHD_2026年3月期 決算短信〔日本基準〕(連結).pdf,,,,,,,,,,,5,,,,,,,,,,,6,,価格交渉 / 増産 / 価格改定 / 価格転嫁 / 値上 / 想定以上 / 上方修正 / 下方修正 / 想定以下 / 未達 / 大幅 / 計画を上 / 計画を下 / 計画以 / 需要回復 / 需要の回復 / 需要が増 / 需要が低 / 悪化 / グローバルニッチトップ / トップシェア / シェア拡大 / レアアース
20260514,9330,9330_1530_G-揚羽_2026年9月期 第2四半期決算説明資料.pdf,,,,,,32,,,,,,9,,,,,,,,,,,,価格交渉 / 増産 / 価格改定 / 価格転嫁 / 値上 / 想定以上 / 上方修正 / 下方修正 / 想定以下 / 未達 / 大幅 / 計画を上 / 計画を下 / 計画以 / 需要回復 / 需要の回復 / 需要が増 / 需要が低 / 悪化 / グローバルニッチトップ / トップシェア / シェア拡大 / レアアース
20260514,9360,9360_1600_鈴与シンワ_2026年3月期決算短信〔日本基準〕(連結).pdf,,,4,,,,,,,,4 6,,,,,,,,,,,,,価格交渉 / 増産 / 価格改定 / 価格転嫁 / 値上 / 想定以上 / 上方修正 / 下方修正 / 想定以下 / 未達 / 大幅 / 計画を上 / 計画を下 / 計画以 / 需要回復 / 需要の回復 / 需要が増 / 需要が低 / 悪化 / グローバルニッチトップ / トップシェア / シェア拡大 / レアアース
20260514,9366,9366_1600_サンリツ_2026年3月期 決算短信〔日本基準〕(連結).pdf,,,,5,5,,,,,,,,,,,,,,,,,,,価格交渉 / 増産 / 価格改定 / 価格転嫁 / 値上 / 想定以上 / 上方修正 / 下方修正 / 想定以下 / 未達 / 大幅 / 計画を上 / 計画を下 / 計画以 / 需要回復 / 需要の回復 / 需要が増 / 需要が低 / 悪化 / グローバルニッチトップ / トップシェア / シェア拡大 / レアアース
20260514,9401,9401_1630_TBSHD_TBSグループ 中期経営計画2026アップデート.pdf,,,,,,,,6,,,,,6,,,,,,,,,,,価格交渉 / 増産 / 価格改定 / 価格転嫁 / 値上 / 想定以上 / 上方修正 / 下方修正 / 想定以下 / 未達 / 大幅 / 計画を上 / 計画を下 / 計画以 / 需要回復 / 需要の回復 / 需要が増 / 需要が低 / 悪化 / グローバルニッチトップ / トップシェア / シェア拡大 / レアアース
20260514,9401,9401_1630_TBSHD_定時株主総会の付議議案及び株主提案に対する当社取締役会意見に関するお知らせ.pdf,,,,,,,,,,,2,2,,,,,,,,,,,,価格交渉 / 増産 / 価格改定 / 価格転嫁 / 値上 / 想定以上 / 上方修正 / 下方修正 / 想定以下 / 未達 / 大幅 / 計画を上 / 計画を下 / 計画以 / 需要回復 / 需要の回復 / 需要が増 / 需要が低 / 悪化 / グローバルニッチトップ / トップシェア / シェア拡大 / レアアース
20260514,9409,9409_1700_テレビ朝日HD_2026年3月期 決算短信〔日本基準〕(連結).pdf,,,,,,,,,,,5,,,,,,,,9,,,,,価格交渉 / 増産 / 価格改定 / 価格転嫁 / 値上 / 想定以上 / 上方修正 / 下方修正 / 想定以下 / 未達 / 大幅 / 計画を上 / 計画を下 / 計画以 / 需要回復 / 需要の回復 / 需要が増 / 需要が低 / 悪化 / グローバルニッチトップ / トップシェア / シェア拡大 / レアアース
20260514,9409,9409_1700_テレビ朝日HD_2026年3月期 決算補足資料.pdf,,,,,,,,,,,2,,,,,,,,26,,,,,価格交渉 / 増産 / 価格改定 / 価格転嫁 / 値上 / 想定以上 / 上方修正 / 下方修正 / 想定以下 / 未達 / 大幅 / 計画を上 / 計画を下 / 計画以 / 需要回復 / 需要の回復 / 需要が増 / 需要が低 / 悪化 / グローバルニッチトップ / トップシェア / シェア拡大 / レアアース
20260514,9439,9439_1530_MHグループ_2026年6月期 通期連結業績予想及び配当予想の修正に関するお知らせ.pdf,,,,,,,,,,,2,,1,,,,,,,,,,,価格交渉 / 増産 / 価格改定 / 価格転嫁 / 値上 / 想定以上 / 上方修正 / 下方修正 / 想定以下 / 未達 / 大幅 / 計画を上 / 計画を下 / 計画以 / 需要回復 / 需要の回復 / 需要が増 / 需要が低 / 悪化 / グローバルニッチトップ / トップシェア / シェア拡大 / レアアース
20260514,9450,9450_1430_ファイバーゲート_2026年6月期 第3四半期決算説明資料.pdf,,,,,,,,,,,7,,,,,,,,17 20,,,,,価格交渉 / 増産 / 価格改定 / 価格転嫁 / 値上 / 想定以上 / 上方修正 / 下方修正 / 想定以下 / 未達 / 大幅 / 計画を上 / 計画を下 / 計画以 / 需要回復 / 需要の回復 / 需要が増 / 需要が低 / 悪化 / グローバルニッチトップ / トップシェア / シェア拡大 / レアアース
20260514,9468,9468_1530_KADOKAWA_法人税等調整額(損)の計上および 2026年3月期通期連結業績予想値と実績値の差異に関するお知らせ.pdf,,,,,,2,,,,,,,,,,,,,2,,,,,価格交渉 / 増産 / 価格改定 / 価格転嫁 / 値上 / 想定以上 / 上方修正 / 下方修正 / 想定以下 / 未達 / 大幅 / 計画を上 / 計画を下 / 計画以 / 需要回復 / 需要の回復 / 需要が増 / 需要が低 / 悪化 / グローバルニッチトップ / トップシェア / シェア拡大 / レアアース
20260514,9691,9691_1900_両毛システム_支配株主である株式会社ミツバ及び中部電力株式会社による当社株式に対する公開買付に関する賛同の意見表明及び応募推奨並びに資本業務提携に関するお知ら.pdf,50,,,,,,,,,,22 23 25 51,,,,,,,,,,,,,価格交渉 / 増産 / 価格改定 / 価格転嫁 / 値上 / 想定以上 / 上方修正 / 下方修正 / 想定以下 / 未達 / 大幅 / 計画を上 / 計画を下 / 計画以 / 需要回復 / 需要の回復 / 需要が増 / 需要が低 / 悪化 / グローバルニッチトップ / トップシェア / シェア拡大 / レアアース
20260514,9704,9704_1600_アゴーラHG_2026年12月期 第1四半期決算短信〔日本基準〕(連結).pdf,,,,,,,,,,,4,,,,,,,,4,,,,,価格交渉 / 増産 / 価格改定 / 価格転嫁 / 値上 / 想定以上 / 上方修正 / 下方修正 / 想定以下 / 未達 / 大幅 / 計画を上 / 計画を下 / 計画以 / 需要回復 / 需要の回復 / 需要が増 / 需要が低 / 悪化 / グローバルニッチトップ / トップシェア / シェア拡大 / レアアース
20260514,9713,9713_1630_ロイヤルホテル_2026年3月期 決算短信〔日本基準〕(連結).pdf,,,,,,,,,,,6,,,,,,,,7,,,,,価格交渉 / 増産 / 価格改定 / 価格転嫁 / 値上 / 想定以上 / 上方修正 / 下方修正 / 想定以下 / 未達 / 大幅 / 計画を上 / 計画を下 / 計画以 / 需要回復 / 需要の回復 / 需要が増 / 需要が低 / 悪化 / グローバルニッチトップ / トップシェア / シェア拡大 / レアアース
20260514,9731,9731_1530_白洋舎_2026年12月期 第1四半期決算説明資料.pdf,,,7,,,,,,,,7,,,,,,,,,,,,,価格交渉 / 増産 / 価格改定 / 価格転嫁 / 値上 / 想定以上 / 上方修正 / 下方修正 / 想定以下 / 未達 / 大幅 / 計画を上 / 計画を下 / 計画以 / 需要回復 / 需要の回復 / 需要が増 / 需要が低 / 悪化 / グローバルニッチトップ / トップシェア / シェア拡大 / レアアース
20260514,9827,9827_1600_リリカラ_2026年12月期 第1四半期決算説明資料.pdf,,,4,,,,,,,,,,,,,,,,4,,,,,価格交渉 / 増産 / 価格改定 / 価格転嫁 / 値上 / 想定以上 / 上方修正 / 下方修正 / 想定以下 / 未達 / 大幅 / 計画を上 / 計画を下 / 計画以 / 需要回復 / 需要の回復 / 需要が増 / 需要が低 / 悪化 / グローバルニッチトップ / トップシェア / シェア拡大 / レアアース
20260514,9880,9880_1530_イノテック_2026年3月期 決算短信〔日本基準〕(連結).pdf,,,,,,,,,,,4,,,,,,,,4,,,,,価格交渉 / 増産 / 価格改定 / 価格転嫁 / 値上 / 想定以上 / 上方修正 / 下方修正 / 想定以下 / 未達 / 大幅 / 計画を上 / 計画を下 / 計画以 / 需要回復 / 需要の回復 / 需要が増 / 需要が低 / 悪化 / グローバルニッチトップ / トップシェア / シェア拡大 / レアアース
20260514,9900,9900_1500_サガミHD_剰余金の配当(増配)に関するお知らせ.pdf,,,,,,,,,,,,1,,,,,,,1,,,,,価格交渉 / 増産 / 価格改定 / 価格転嫁 / 値上 / 想定以上 / 上方修正 / 下方修正 / 想定以下 / 未達 / 大幅 / 計画を上 / 計画を下 / 計画以 / 需要回復 / 需要の回復 / 需要が増 / 需要が低 / 悪化 / グローバルニッチトップ / トップシェア / シェア拡大 / レアアース
20260514,141A,141A_1530_G-トライアル_2026年6月期 第3四半期決算短信〔日本基準〕(連結).pdf,,,,,,,,,,,4,,,,,,,,,,,,,価格交渉 / 増産 / 価格改定 / 価格転嫁 / 値上 / 想定以上 / 上方修正 / 下方修正 / 想定以下 / 未達 / 大幅 / 計画を上 / 計画を下 / 計画以 / 需要回復 / 需要の回復 / 需要が増 / 需要が低 / 悪化 / グローバルニッチトップ / トップシェア / シェア拡大 / レアアース
20260514,1446,1446_1530_キャンディル_2026年9月期 第2四半期(中間期)決算短信〔日本基準〕(連結).pdf,,,,,,,,,,,,,,,,,,4,,,,,,価格交渉 / 増産 / 価格改定 / 価格転嫁 / 値上 / 想定以上 / 上方修正 / 下方修正 / 想定以下 / 未達 / 大幅 / 計画を上 / 計画を下 / 計画以 / 需要回復 / 需要の回復 / 需要が増 / 需要が低 / 悪化 / グローバルニッチトップ / トップシェア / シェア拡大 / レアアース
20260514,1449,1449_1600_FUJIジャパン_2026年12月期 第1四半期決算短信〔日本基準〕(非連結).pdf,,,,,,,,,,,4,,,,,,,,,,,,,価格交渉 / 増産 / 価格改定 / 価格転嫁 / 値上 / 想定以上 / 上方修正 / 下方修正 / 想定以下 / 未達 / 大幅 / 計画を上 / 計画を下 / 計画以 / 需要回復 / 需要の回復 / 需要が増 / 需要が低 / 悪化 / グローバルニッチトップ / トップシェア / シェア拡大 / レアアース
20260514,146A,146A_1600_コロンビア・ワークス_2026年12月期 第1四半期決算説明資料.pdf,,,,,,,,,,,2 3 25,,,,,,,,,,,,,価格交渉 / 増産 / 価格改定 / 価格転嫁 / 値上 / 想定以上 / 上方修正 / 下方修正 / 想定以下 / 未達 / 大幅 / 計画を上 / 計画を下 / 計画以 / 需要回復 / 需要の回復 / 需要が増 / 需要が低 / 悪化 / グローバルニッチトップ / トップシェア / シェア拡大 / レアアース
20260514,166A,166A_1530_G-タスキHD_2026年9月期 第2四半期(中間)決算発表後の質疑応答について.pdf,,,,,,,,,,,2,,,,,,,,,,,,,価格交渉 / 増産 / 価格改定 / 価格転嫁 / 値上 / 想定以上 / 上方修正 / 下方修正 / 想定以下 / 未達 / 大幅 / 計画を上 / 計画を下 / 計画以 / 需要回復 / 需要の回復 / 需要が増 / 需要が低 / 悪化 / グローバルニッチトップ / トップシェア / シェア拡大 / レアアース
20260514,167A,167A_1600_リョーサン菱洋_2026年3月期 決算短信〔日本基準〕(連結).pdf,,,,,,,,,,,,,,,4 6,,,,,,,,,価格交渉 / 増産 / 価格改定 / 価格転嫁 / 値上 / 想定以上 / 上方修正 / 下方修正 / 想定以下 / 未達 / 大幅 / 計画を上 / 計画を下 / 計画以 / 需要回復 / 需要の回復 / 需要が増 / 需要が低 / 悪化 / グローバルニッチトップ / トップシェア / シェア拡大 / レアアース
20260514,1719,1719_1400_安藤ハザマ_2026年3月期決算短信〔日本基準〕(連結).pdf,,,,,,,,,,6,,,,,,,,,,,,,,価格交渉 / 増産 / 価格改定 / 価格転嫁 / 値上 / 想定以上 / 上方修正 / 下方修正 / 想定以下 / 未達 / 大幅 / 計画を上 / 計画を下 / 計画以 / 需要回復 / 需要の回復 / 需要が増 / 需要が低 / 悪化 / グローバルニッチトップ / トップシェア / シェア拡大 / レアアース
20260514,1724,1724_1530_シンクレイヤ_2026年12月期 第1四半期決算補足説明資料.pdf,,,,,,,,,,,6,,,,,,,,,,,,,価格交渉 / 増産 / 価格改定 / 価格転嫁 / 値上 / 想定以上 / 上方修正 / 下方修正 / 想定以下 / 未達 / 大幅 / 計画を上 / 計画を下 / 計画以 / 需要回復 / 需要の回復 / 需要が増 / 需要が低 / 悪化 / グローバルニッチトップ / トップシェア / シェア拡大 / レアアース
20260514,1786,1786_1500_オリエンタル白石_中期経営計画(2026~2028年度)の策定に関するお知らせ.pdf,,,,,,,,,,8,,,,,,,,,,,,,,価格交渉 / 増産 / 価格改定 / 価格転嫁 / 値上 / 想定以上 / 上方修正 / 下方修正 / 想定以下 / 未達 / 大幅 / 計画を上 / 計画を下 / 計画以 / 需要回復 / 需要の回復 / 需要が増 / 需要が低 / 悪化 / グローバルニッチトップ / トップシェア / シェア拡大 / レアアース
20260514,1799,1799_1830_第一建設_(訂正)「中期経営計画の見直しに関するお知らせ」の一部訂正について.pdf,,,,,,,,,,,,,,,,,,,,,,17,,価格交渉 / 増産 / 価格改定 / 価格転嫁 / 値上 / 想定以上 / 上方修正 / 下方修正 / 想定以下 / 未達 / 大幅 / 計画を上 / 計画を下 / 計画以 / 需要回復 / 需要の回復 / 需要が増 / 需要が低 / 悪化 / グローバルニッチトップ / トップシェア / シェア拡大 / レアアース
20260514,1799,1799_1830_第一建設_(訂正)「資本コストや株価を意識した経営の実現に向けた対応について」の一部訂正について.pdf,,,,4,,,,,,,,,,,,,,,,,,,,価格交渉 / 増産 / 価格改定 / 価格転嫁 / 値上 / 想定以上 / 上方修正 / 下方修正 / 想定以下 / 未達 / 大幅 / 計画を上 / 計画を下 / 計画以 / 需要回復 / 需要の回復 / 需要が増 / 需要が低 / 悪化 / グローバルニッチトップ / トップシェア / シェア拡大 / レアアース
20260514,1812,1812_1200_鹿島_2026年3月期決算短信〔日本基準〕(連結).pdf,,,,,,,,,,,4 5,,,,,,,,,,,,,価格交渉 / 増産 / 価格改定 / 価格転嫁 / 値上 / 想定以上 / 上方修正 / 下方修正 / 想定以下 / 未達 / 大幅 / 計画を上 / 計画を下 / 計画以 / 需要回復 / 需要の回復 / 需要が増 / 需要が低 / 悪化 / グローバルニッチトップ / トップシェア / シェア拡大 / レアアース
20260514,1815,1815_1400_鉄建建設_2026年3月期 決算短信〔日本基準〕(連結).pdf,,,,4,,,,,,,,,,,,,,,,,,,,価格交渉 / 増産 / 価格改定 / 価格転嫁 / 値上 / 想定以上 / 上方修正 / 下方修正 / 想定以下 / 未達 / 大幅 / 計画を上 / 計画を下 / 計画以 / 需要回復 / 需要の回復 / 需要が増 / 需要が低 / 悪化 / グローバルニッチトップ / トップシェア / シェア拡大 / レアアース
20260514,1827,1827_1500_ナカノフドー_株主提案に対する当社取締役会意見に関するお知らせ.pdf,,,,,,,,,,,,,,,,,,,5,,,,,価格交渉 / 増産 / 価格改定 / 価格転嫁 / 値上 / 想定以上 / 上方修正 / 下方修正 / 想定以下 / 未達 / 大幅 / 計画を上 / 計画を下 / 計画以 / 需要回復 / 需要の回復 / 需要が増 / 需要が低 / 悪化 / グローバルニッチトップ / トップシェア / シェア拡大 / レアアース
20260514,1835,1835_1530_東鉄工_2026年3月期 決算短信〔日本基準〕(連結).pdf,,,,7,,,,,,,,,,,,,,,,,,,,価格交渉 / 増産 / 価格改定 / 価格転嫁 / 値上 / 想定以上 / 上方修正 / 下方修正 / 想定以下 / 未達 / 大幅 / 計画を上 / 計画を下 / 計画以 / 需要回復 / 需要の回復 / 需要が増 / 需要が低 / 悪化 / グローバルニッチトップ / トップシェア / シェア拡大 / レアアース
20260514,1871,1871_1400_ピーエス_2026年3月期 決算短信〔日本基準〕(連結).pdf,,,,,,,,,,,,,,,,,,,5,,,,,価格交渉 / 増産 / 価格改定 / 価格転嫁 / 値上 / 想定以上 / 上方修正 / 下方修正 / 想定以下 / 未達 / 大幅 / 計画を上 / 計画を下 / 計画以 / 需要回復 / 需要の回復 / 需要が増 / 需要が低 / 悪化 / グローバルニッチトップ / トップシェア / シェア拡大 / レアアース
20260514,1905,1905_1330_テノックス_2026年3月期 決算短信〔日本基準〕(連結).pdf,,,,,,,,,,,,,,,,,,,4 6,,,,,価格交渉 / 増産 / 価格改定 / 価格転嫁 / 値上 / 想定以上 / 上方修正 / 下方修正 / 想定以下 / 未達 / 大幅 / 計画を上 / 計画を下 / 計画以 / 需要回復 / 需要の回復 / 需要が増 / 需要が低 / 悪化 / グローバルニッチトップ / トップシェア / シェア拡大 / レアアース
20260514,1914,1914_1430_日基礎_通期業績予想と実績値との差異および剰余金の配当(増配)に関するお知らせ.pdf,,,,,,,,,,,,,2,,,,,,,,,,,価格交渉 / 増産 / 価格改定 / 価格転嫁 / 値上 / 想定以上 / 上方修正 / 下方修正 / 想定以下 / 未達 / 大幅 / 計画を上 / 計画を下 / 計画以 / 需要回復 / 需要の回復 / 需要が増 / 需要が低 / 悪化 / グローバルニッチトップ / トップシェア / シェア拡大 / レアアース
20260514,195A,195A_1530_G-MUSCAT G_2026年3月期 通期決算説明資料(事業計画および成長可能性に関する事項).pdf,,,,,,,,,,,20,,,,,,,,,,,,,価格交渉 / 増産 / 価格改定 / 価格転嫁 / 値上 / 想定以上 / 上方修正 / 下方修正 / 想定以下 / 未達 / 大幅 / 計画を上 / 計画を下 / 計画以 / 需要回復 / 需要の回復 / 需要が増 / 需要が低 / 悪化 / グローバルニッチトップ / トップシェア / シェア拡大 / レアアース
20260514,195A,195A_1530_G-MUSCAT G_連結業績の前期実績値との差異及び法人税等調整額(損)の計上に関するお知らせ.pdf,,,,,,,,,,,1,,,,,,,,,,,,,価格交渉 / 増産 / 価格改定 / 価格転嫁 / 値上 / 想定以上 / 上方修正 / 下方修正 / 想定以下 / 未達 / 大幅 / 計画を上 / 計画を下 / 計画以 / 需要回復 / 需要の回復 / 需要が増 / 需要が低 / 悪化 / グローバルニッチトップ / トップシェア / シェア拡大 / レアアース
20260514,1961,1961_1400_三機工_2026年3月期決算短信〔日本基準〕(連結).pdf,,,,,,,,,,,,,,,,,,,8,,,,,価格交渉 / 増産 / 価格改定 / 価格転嫁 / 値上 / 想定以上 / 上方修正 / 下方修正 / 想定以下 / 未達 / 大幅 / 計画を上 / 計画を下 / 計画以 / 需要回復 / 需要の回復 / 需要が増 / 需要が低 / 悪化 / グローバルニッチトップ / トップシェア / シェア拡大 / レアアース
20260514,1963,1963_1530_日揮HD_2025年度決算説明会_2026年度事業概況・新中期経営計画概要.pdf,,,,,,,,,,,,,,,,,7,,,,,,,価格交渉 / 増産 / 価格改定 / 価格転嫁 / 値上 / 想定以上 / 上方修正 / 下方修正 / 想定以下 / 未達 / 大幅 / 計画を上 / 計画を下 / 計画以 / 需要回復 / 需要の回復 / 需要が増 / 需要が低 / 悪化 / グローバルニッチトップ / トップシェア / シェア拡大 / レアアース
20260514,1963,1963_1530_日揮HD_2026年3月期通期連結業績予想値と実績値との差異、個別業績の前期実績値との差異及び剰余金の配当に関するお知らせ.pdf,,,,,,,,,,,1,,,,,,,,,,,,,価格交渉 / 増産 / 価格改定 / 価格転嫁 / 値上 / 想定以上 / 上方修正 / 下方修正 / 想定以下 / 未達 / 大幅 / 計画を上 / 計画を下 / 計画以 / 需要回復 / 需要の回復 / 需要が増 / 需要が低 / 悪化 / グローバルニッチトップ / トップシェア / シェア拡大 / レアアース
20260514,1963,1963_1530_日揮HD_2040年ビジョン(2026年改訂版).pdf,,,,,,,,,,,,,,,,,,,,,,25,,価格交渉 / 増産 / 価格改定 / 価格転嫁 / 値上 / 想定以上 / 上方修正 / 下方修正 / 想定以下 / 未達 / 大幅 / 計画を上 / 計画を下 / 計画以 / 需要回復 / 需要の回復 / 需要が増 / 需要が低 / 悪化 / グローバルニッチトップ / トップシェア / シェア拡大 / レアアース
20260514,1965,1965_1400_テクノ菱和_2026年3月期決算短信〔日本基準〕(連結).pdf,,,,,,,,,,,,,,,,,,,6,,,,,価格交渉 / 増産 / 価格改定 / 価格転嫁 / 値上 / 想定以上 / 上方修正 / 下方修正 / 想定以下 / 未達 / 大幅 / 計画を上 / 計画を下 / 計画以 / 需要回復 / 需要の回復 / 需要が増 / 需要が低 / 悪化 / グローバルニッチトップ / トップシェア / シェア拡大 / レアアース
20260514,196A,196A_1530_G-MFS_2026年6月期 第3四半期 決算短信(日本基準)(連結).pdf,,,,,,,,,,,4,,,,,,,,,,,,,価格交渉 / 増産 / 価格改定 / 価格転嫁 / 値上 / 想定以上 / 上方修正 / 下方修正 / 想定以下 / 未達 / 大幅 / 計画を上 / 計画を下 / 計画以 / 需要回復 / 需要の回復 / 需要が増 / 需要が低 / 悪化 / グローバルニッチトップ / トップシェア / シェア拡大 / レアアース
20260514,1975,1975_1600_朝日工_中期経営計画策定に関するお知らせ.pdf,,,,,,,,,,,8 19 23,,,,,,,,,,,,,価格交渉 / 増産 / 価格改定 / 価格転嫁 / 値上 / 想定以上 / 上方修正 / 下方修正 / 想定以下 / 未達 / 大幅 / 計画を上 / 計画を下 / 計画以 / 需要回復 / 需要の回復 / 需要が増 / 需要が低 / 悪化 / グローバルニッチトップ / トップシェア / シェア拡大 / レアアース
20260514,2002,2002_1530_日清粉G_日清製粉グループ 連結決算、次期連結業績予想.pdf,,,1,,,,,,,,,,,,,,,,,,,,,価格交渉 / 増産 / 価格改定 / 価格転嫁 / 値上 / 想定以上 / 上方修正 / 下方修正 / 想定以下 / 未達 / 大幅 / 計画を上 / 計画を下 / 計画以 / 需要回復 / 需要の回復 / 需要が増 / 需要が低 / 悪化 / グローバルニッチトップ / トップシェア / シェア拡大 / レアアース
20260514,2004,2004_1530_昭和産_2026年3月期 決算短信〔日本基準〕(連結).pdf,,,4,,,,,,,,,,,,,,,,,,,,,価格交渉 / 増産 / 価格改定 / 価格転嫁 / 値上 / 想定以上 / 上方修正 / 下方修正 / 想定以下 / 未達 / 大幅 / 計画を上 / 計画を下 / 計画以 / 需要回復 / 需要の回復 / 需要が増 / 需要が低 / 悪化 / グローバルニッチトップ / トップシェア / シェア拡大 / レアアース
20260514,2146,2146_1600_UTグループ_2026年3月期決算短信〔日本基準〕(連結).pdf,,,,,,,,,,,5,,,,,,,,,,,,,価格交渉 / 増産 / 価格改定 / 価格転嫁 / 値上 / 想定以上 / 上方修正 / 下方修正 / 想定以下 / 未達 / 大幅 / 計画を上 / 計画を下 / 計画以 / 需要回復 / 需要の回復 / 需要が増 / 需要が低 / 悪化 / グローバルニッチトップ / トップシェア / シェア拡大 / レアアース
20260514,2146,2146_1600_UTグループ_剰余金の配当及び期末配当予想の修正に関するお知らせ.pdf,,,,,,,,,,,,2,,,,,,,,,,,,価格交渉 / 増産 / 価格改定 / 価格転嫁 / 値上 / 想定以上 / 上方修正 / 下方修正 / 想定以下 / 未達 / 大幅 / 計画を上 / 計画を下 / 計画以 / 需要回復 / 需要の回復 / 需要が増 / 需要が低 / 悪化 / グローバルニッチトップ / トップシェア / シェア拡大 / レアアース
20260514,2179,2179_1530_成学社_2026年3月期 決算短信〔日本基準〕(連結).pdf,,,5,,,,,,,,,,,,,,,,,,,,,価格交渉 / 増産 / 価格改定 / 価格転嫁 / 値上 / 想定以上 / 上方修正 / 下方修正 / 想定以下 / 未達 / 大幅 / 計画を上 / 計画を下 / 計画以 / 需要回復 / 需要の回復 / 需要が増 / 需要が低 / 悪化 / グローバルニッチトップ / トップシェア / シェア拡大 / レアアース
20260514,217A,217A_1600_P-サポート_2026年9月期 中間決算短信〔日本基準〕(連結).pdf,,,,,,,,,,,,,4,,,,,,,,,,,価格交渉 / 増産 / 価格改定 / 価格転嫁 / 値上 / 想定以上 / 上方修正 / 下方修正 / 想定以下 / 未達 / 大幅 / 計画を上 / 計画を下 / 計画以 / 需要回復 / 需要の回復 / 需要が増 / 需要が低 / 悪化 / グローバルニッチトップ / トップシェア / シェア拡大 / レアアース
20260514,2218,2218_1530_日糧パン_2026年3月期 決算短信〔日本基準〕(非連結).pdf,,,,,,4,,,,,,,,,,,,,,,,,,価格交渉 / 増産 / 価格改定 / 価格転嫁 / 値上 / 想定以上 / 上方修正 / 下方修正 / 想定以下 / 未達 / 大幅 / 計画を上 / 計画を下 / 計画以 / 需要回復 / 需要の回復 / 需要が増 / 需要が低 / 悪化 / グローバルニッチトップ / トップシェア / シェア拡大 / レアアース
20260514,2222,2222_1530_寿スピリッツ_2026年3月期 決算短信補足説明資料.pdf,,,,,,,,,,,,,,,,,,,1,,,,,価格交渉 / 増産 / 価格改定 / 価格転嫁 / 値上 / 想定以上 / 上方修正 / 下方修正 / 想定以下 / 未達 / 大幅 / 計画を上 / 計画を下 / 計画以 / 需要回復 / 需要の回復 / 需要が増 / 需要が低 / 悪化 / グローバルニッチトップ / トップシェア / シェア拡大 / レアアース
20260514,2229,2229_1200_カルビー_2026年3月期決算短信〔日本基準〕(連結).pdf,,,4,,,,,,,,,,,,,,,,,,,,,価格交渉 / 増産 / 価格改定 / 価格転嫁 / 値上 / 想定以上 / 上方修正 / 下方修正 / 想定以下 / 未達 / 大幅 / 計画を上 / 計画を下 / 計画以 / 需要回復 / 需要の回復 / 需要が増 / 需要が低 / 悪化 / グローバルニッチトップ / トップシェア / シェア拡大 / レアアース
20260514,2229,2229_1200_カルビー_業績連動型株式報酬制度の継続及び一部改定に関するお知らせ.pdf,,,,,,,,,,3,,,,,,,,,,,,,,価格交渉 / 増産 / 価格改定 / 価格転嫁 / 値上 / 想定以上 / 上方修正 / 下方修正 / 想定以下 / 未達 / 大幅 / 計画を上 / 計画を下 / 計画以 / 需要回復 / 需要の回復 / 需要が増 / 需要が低 / 悪化 / グローバルニッチトップ / トップシェア / シェア拡大 / レアアース
20260514,2288,2288_1500_丸大食_2026年3月期 決算短信〔日本基準〕(連結).pdf,,,5,,,,,,,,,,,,,,,,,,,,,価格交渉 / 増産 / 価格改定 / 価格転嫁 / 値上 / 想定以上 / 上方修正 / 下方修正 / 想定以下 / 未達 / 大幅 / 計画を上 / 計画を下 / 計画以 / 需要回復 / 需要の回復 / 需要が増 / 需要が低 / 悪化 / グローバルニッチトップ / トップシェア / シェア拡大 / レアアース
20260514,2325,2325_1400_NJS_2026年12月期 第1四半期決算短信〔日本基準〕(連結).pdf,,,,,,,,,,,,,,,,4,,,,,,,,価格交渉 / 増産 / 価格改定 / 価格転嫁 / 値上 / 想定以上 / 上方修正 / 下方修正 / 想定以下 / 未達 / 大幅 / 計画を上 / 計画を下 / 計画以 / 需要回復 / 需要の回復 / 需要が増 / 需要が低 / 悪化 / グローバルニッチトップ / トップシェア / シェア拡大 / レアアース
20260514,239A,239A_1530_P-バレッグス_2026年9月期 中間決算短信〔日本基準〕(連結).pdf,,,,,,,,,,,4,,,,,,,,,,,,,価格交渉 / 増産 / 価格改定 / 価格転嫁 / 値上 / 想定以上 / 上方修正 / 下方修正 / 想定以下 / 未達 / 大幅 / 計画を上 / 計画を下 / 計画以 / 需要回復 / 需要の回復 / 需要が増 / 需要が低 / 悪化 / グローバルニッチトップ / トップシェア / シェア拡大 / レアアース
20260514,2425,2425_1600_ケアサービス_2026年3月期決算短信〔日本基準〕(非連結).pdf,,,,,,,,,,,5,,,,,,,,,,,,,価格交渉 / 増産 / 価格改定 / 価格転嫁 / 値上 / 想定以上 / 上方修正 / 下方修正 / 想定以下 / 未達 / 大幅 / 計画を上 / 計画を下 / 計画以 / 需要回復 / 需要の回復 / 需要が増 / 需要が低 / 悪化 / グローバルニッチトップ / トップシェア / シェア拡大 / レアアース
20260514,242A,242A_1530_Q-リプライオリティ_2026年9月期 第2四半期決算短信〔日本基準〕(連結).pdf,,,4,,,,,,,,,,,,,,,,,,,,,価格交渉 / 増産 / 価格改定 / 価格転嫁 / 値上 / 想定以上 / 上方修正 / 下方修正 / 想定以下 / 未達 / 大幅 / 計画を上 / 計画を下 / 計画以 / 需要回復 / 需要の回復 / 需要が増 / 需要が低 / 悪化 / グローバルニッチトップ / トップシェア / シェア拡大 / レアアース
20260514,2485,2485_1620_ティア_2026年9月期 第2四半期(中間期)決算短信〔日本基準〕(連結).pdf,,,5,,,,,,,,,,,,,,,,,,,,,価格交渉 / 増産 / 価格改定 / 価格転嫁 / 値上 / 想定以上 / 上方修正 / 下方修正 / 想定以下 / 未達 / 大幅 / 計画を上 / 計画を下 / 計画以 / 需要回復 / 需要の回復 / 需要が増 / 需要が低 / 悪化 / グローバルニッチトップ / トップシェア / シェア拡大 / レアアース
20260514,248A,248A_1530_G-キッズスター_2026年12月期第1四半期決算説明資料.pdf,,,,,,,,,,,10,,,,,,,,,,,,,価格交渉 / 増産 / 価格改定 / 価格転嫁 / 値上 / 想定以上 / 上方修正 / 下方修正 / 想定以下 / 未達 / 大幅 / 計画を上 / 計画を下 / 計画以 / 需要回復 / 需要の回復 / 需要が増 / 需要が低 / 悪化 / グローバルニッチトップ / トップシェア / シェア拡大 / レアアース
20260514,2503,2503_1530_キリンHD_2026年12月期 第1四半期決算短信〔IFRS〕(連結).pdf,,,,,,,,,,,2,,,,,,,,,,,,,価格交渉 / 増産 / 価格改定 / 価格転嫁 / 値上 / 想定以上 / 上方修正 / 下方修正 / 想定以下 / 未達 / 大幅 / 計画を上 / 計画を下 / 計画以 / 需要回復 / 需要の回復 / 需要が増 / 需要が低 / 悪化 / グローバルニッチトップ / トップシェア / シェア拡大 / レアアース
20260514,2573,2573_1600_北海コカ_2026年12月期第1四半期決算短信〔日本基準〕(連結).pdf,,,4,,,,,,,,,,,,,,,,,,,,,価格交渉 / 増産 / 価格改定 / 価格転嫁 / 値上 / 想定以上 / 上方修正 / 下方修正 / 想定以下 / 未達 / 大幅 / 計画を上 / 計画を下 / 計画以 / 需要回復 / 需要の回復 / 需要が増 / 需要が低 / 悪化 / グローバルニッチトップ / トップシェア / シェア拡大 / レアアース
20260514,259A,259A_1530_ケイ・ウノ_2026年9月期 第2四半期(中間期)連結業績予想と実績値との差異並びに特別利益・特別損失の計上及び役員報酬の減額に関するお知らせ.pdf,,,1,,,,,,,,,,,,,,,,,,,,,価格交渉 / 増産 / 価格改定 / 価格転嫁 / 値上 / 想定以上 / 上方修正 / 下方修正 / 想定以下 / 未達 / 大幅 / 計画を上 / 計画を下 / 計画以 / 需要回復 / 需要の回復 / 需要が増 / 需要が低 / 悪化 / グローバルニッチトップ / トップシェア / シェア拡大 / レアアース
20260514,259A,259A_1530_ケイ・ウノ_2026年9月期 通期連結業績予想の修正に関するお知らせ.pdf,,,1,,,,,,,,,,,,,,,,,,,,,価格交渉 / 増産 / 価格改定 / 価格転嫁 / 値上 / 想定以上 / 上方修正 / 下方修正 / 想定以下 / 未達 / 大幅 / 計画を上 / 計画を下 / 計画以 / 需要回復 / 需要の回復 / 需要が増 / 需要が低 / 悪化 / グローバルニッチトップ / トップシェア / シェア拡大 / レアアース
20260514,2654,2654_1600_アスモ_2026年3月期決算短信〔日本基準〕(連結).pdf,,,,,5,,,,,,,,,,,,,,,,,,,価格交渉 / 増産 / 価格改定 / 価格転嫁 / 値上 / 想定以上 / 上方修正 / 下方修正 / 想定以下 / 未達 / 大幅 / 計画を上 / 計画を下 / 計画以 / 需要回復 / 需要の回復 / 需要が増 / 需要が低 / 悪化 / グローバルニッチトップ / トップシェア / シェア拡大 / レアアース
20260514,2654,2654_1600_アスモ_2026年3月期決算説明資料.pdf,11,,,,,,,,,,,,,,,,,,,,,,,価格交渉 / 増産 / 価格改定 / 価格転嫁 / 値上 / 想定以上 / 上方修正 / 下方修正 / 想定以下 / 未達 / 大幅 / 計画を上 / 計画を下 / 計画以 / 需要回復 / 需要の回復 / 需要が増 / 需要が低 / 悪化 / グローバルニッチトップ / トップシェア / シェア拡大 / レアアース
20260514,2667,2667_1600_イメージワン_2026年9月期 第2四半期(中間期)決算短信〔日本基準〕(非連結).pdf,,,,,,,,,,,7,,,,,,,,,,,,,価格交渉 / 増産 / 価格改定 / 価格転嫁 / 値上 / 想定以上 / 上方修正 / 下方修正 / 想定以下 / 未達 / 大幅 / 計画を上 / 計画を下 / 計画以 / 需要回復 / 需要の回復 / 需要が増 / 需要が低 / 悪化 / グローバルニッチトップ / トップシェア / シェア拡大 / レアアース
20260514,269A,269A_1600_G-Sapeet_2026年9月期第2四半期 決算説明資料.pdf,,,,,,3,,,,,,,,,,,,,,,,,,価格交渉 / 増産 / 価格改定 / 価格転嫁 / 値上 / 想定以上 / 上方修正 / 下方修正 / 想定以下 / 未達 / 大幅 / 計画を上 / 計画を下 / 計画以 / 需要回復 / 需要の回復 / 需要が増 / 需要が低 / 悪化 / グローバルニッチトップ / トップシェア / シェア拡大 / レアアース
20260514,269A,269A_1600_G-Sapeet_2026年9月期第2四半期(中間期)決算短信〔日本基準〕(非連結).pdf,,,,,,,,,,,4,,,,,,,,,,,,,価格交渉 / 増産 / 価格改定 / 価格転嫁 / 値上 / 想定以上 / 上方修正 / 下方修正 / 想定以下 / 未達 / 大幅 / 計画を上 / 計画を下 / 計画以 / 需要回復 / 需要の回復 / 需要が増 / 需要が低 / 悪化 / グローバルニッチトップ / トップシェア / シェア拡大 / レアアース
20260514,269A,269A_1600_G-Sapeet_業績予想の修正に関するお知らせ.pdf,,,,,,,1 2,,,,,,,,,,,,,,,,,価格交渉 / 増産 / 価格改定 / 価格転嫁 / 値上 / 想定以上 / 上方修正 / 下方修正 / 想定以下 / 未達 / 大幅 / 計画を上 / 計画を下 / 計画以 / 需要回復 / 需要の回復 / 需要が増 / 需要が低 / 悪化 / グローバルニッチトップ / トップシェア / シェア拡大 / レアアース
20260514,2764,2764_1200_ひらまつ_2027年3月期 配当予想(復配)に関するお知らせ.pdf,,,,,,,1,,,,,,,,,,,,,,,,,価格交渉 / 増産 / 価格改定 / 価格転嫁 / 値上 / 想定以上 / 上方修正 / 下方修正 / 想定以下 / 未達 / 大幅 / 計画を上 / 計画を下 / 計画以 / 需要回復 / 需要の回復 / 需要が増 / 需要が低 / 悪化 / グローバルニッチトップ / トップシェア / シェア拡大 / レアアース
20260514,2780,2780_1540_コメ兵HD_当社連結子会社(KOMEHYO BRAND OFF ASIA LIMITED)による 子会社(マカオ、インドネシア)設立に関するお知らせ.pdf,,,,,,,,,,,,,,,,,,,,,,1,,価格交渉 / 増産 / 価格改定 / 価格転嫁 / 値上 / 想定以上 / 上方修正 / 下方修正 / 想定以下 / 未達 / 大幅 / 計画を上 / 計画を下 / 計画以 / 需要回復 / 需要の回復 / 需要が増 / 需要が低 / 悪化 / グローバルニッチトップ / トップシェア / シェア拡大 / レアアース
20260514,2795,2795_1500_プリメックス_2026年3月期 決算短信〔日本基準〕(連結).pdf,,,,,,,,,,,,,,,,,4,,,,,,,価格交渉 / 増産 / 価格改定 / 価格転嫁 / 値上 / 想定以上 / 上方修正 / 下方修正 / 想定以下 / 未達 / 大幅 / 計画を上 / 計画を下 / 計画以 / 需要回復 / 需要の回復 / 需要が増 / 需要が低 / 悪化 / グローバルニッチトップ / トップシェア / シェア拡大 / レアアース
20260514,2806,2806_1530_ユタカフーズ_2026年3月期業績予想の修正(下方修正)に関するお知らせ.pdf,,,,,,,,1,,,,,,,,,,,,,,,,価格交渉 / 増産 / 価格改定 / 価格転嫁 / 値上 / 想定以上 / 上方修正 / 下方修正 / 想定以下 / 未達 / 大幅 / 計画を上 / 計画を下 / 計画以 / 需要回復 / 需要の回復 / 需要が増 / 需要が低 / 悪化 / グローバルニッチトップ / トップシェア / シェア拡大 / レアアース
20260514,2875,2875_1530_東洋水産_連結子会社(ユタカフーズ株式会社)の業績予想の修正に関するお知らせ.pdf,,,,,,,,2,,,,,,,,,,,,,,,,価格交渉 / 増産 / 価格改定 / 価格転嫁 / 値上 / 想定以上 / 上方修正 / 下方修正 / 想定以下 / 未達 / 大幅 / 計画を上 / 計画を下 / 計画以 / 需要回復 / 需要の回復 / 需要が増 / 需要が低 / 悪化 / グローバルニッチトップ / トップシェア / シェア拡大 / レアアース
20260514,2894,2894_1600_石井食_2026年3月期 決算短信〔日本基準〕(連結).pdf,,,4,,,,,,,,,,,,,,,,,,,,,価格交渉 / 増産 / 価格改定 / 価格転嫁 / 値上 / 想定以上 / 上方修正 / 下方修正 / 想定以下 / 未達 / 大幅 / 計画を上 / 計画を下 / 計画以 / 需要回復 / 需要の回復 / 需要が増 / 需要が低 / 悪化 / グローバルニッチトップ / トップシェア / シェア拡大 / レアアース
20260514,2904,2904_1600_一正蒲鉾_2026年6月期 第3四半期決算短信〔日本基準〕(連結).pdf,,,4 5,,,,,,,,,,,,,,,,,,,,,価格交渉 / 増産 / 価格改定 / 価格転嫁 / 値上 / 想定以上 / 上方修正 / 下方修正 / 想定以下 / 未達 / 大幅 / 計画を上 / 計画を下 / 計画以 / 需要回復 / 需要の回復 / 需要が増 / 需要が低 / 悪化 / グローバルニッチトップ / トップシェア / シェア拡大 / レアアース
20260514,2907,2907_1530_あじかん_2026年3月期 決算サマリー.pdf,,,,,,,,,,,,,,,,1,,,,,,,,価格交渉 / 増産 / 価格改定 / 価格転嫁 / 値上 / 想定以上 / 上方修正 / 下方修正 / 想定以下 / 未達 / 大幅 / 計画を上 / 計画を下 / 計画以 / 需要回復 / 需要の回復 / 需要が増 / 需要が低 / 悪化 / グローバルニッチトップ / トップシェア / シェア拡大 / レアアース
20260514,2917,2917_1545_大森屋_2026年9月期 第2四半期(中間期)決算短信〔日本基準〕(連結).pdf,,,4,,,,,,,,,,,,,,,,,,,,,価格交渉 / 増産 / 価格改定 / 価格転嫁 / 値上 / 想定以上 / 上方修正 / 下方修正 / 想定以下 / 未達 / 大幅 / 計画を上 / 計画を下 / 計画以 / 需要回復 / 需要の回復 / 需要が増 / 需要が低 / 悪化 / グローバルニッチトップ / トップシェア / シェア拡大 / レアアース
20260514,2917,2917_1545_大森屋_第2四半期(中間期)業績予想と実績との差異に関するお知らせ.pdf,,,1,,,,,,,,,,,,,,,,,,,,,価格交渉 / 増産 / 価格改定 / 価格転嫁 / 値上 / 想定以上 / 上方修正 / 下方修正 / 想定以下 / 未達 / 大幅 / 計画を上 / 計画を下 / 計画以 / 需要回復 / 需要の回復 / 需要が増 / 需要が低 / 悪化 / グローバルニッチトップ / トップシェア / シェア拡大 / レアアース
20260514,291A,291A_1530_G-リスキル_2026年3月期決算短信〔日本基準〕(非連結).pdf,,,,,,,4,,,,,,,,,,,,,,,,,価格交渉 / 増産 / 価格改定 / 価格転嫁 / 値上 / 想定以上 / 上方修正 / 下方修正 / 想定以下 / 未達 / 大幅 / 計画を上 / 計画を下 / 計画以 / 需要回復 / 需要の回復 / 需要が増 / 需要が低 / 悪化 / グローバルニッチトップ / トップシェア / シェア拡大 / レアアース
20260514,291A,291A_1530_G-リスキル_事業計画及び成長可能性に関する説明資料.pdf,,,,,,,,,,,,,,,,,,42,,,,,,価格交渉 / 増産 / 価格改定 / 価格転嫁 / 値上 / 想定以上 / 上方修正 / 下方修正 / 想定以下 / 未達 / 大幅 / 計画を上 / 計画を下 / 計画以 / 需要回復 / 需要の回復 / 需要が増 / 需要が低 / 悪化 / グローバルニッチトップ / トップシェア / シェア拡大 / レアアース
20260514,2931,2931_1530_ユーグレナ_2026年12月期第1四半期決算説明.pdf,,,,,,,,,,,2 5 6 7 8 24,,,,,,,,,,,,,価格交渉 / 増産 / 価格改定 / 価格転嫁 / 値上 / 想定以上 / 上方修正 / 下方修正 / 想定以下 / 未達 / 大幅 / 計画を上 / 計画を下 / 計画以 / 需要回復 / 需要の回復 / 需要が増 / 需要が低 / 悪化 / グローバルニッチトップ / トップシェア / シェア拡大 / レアアース
20260514,2986,2986_1540_G-LAHD_2026年12月期第1四半期決算説明資料.pdf,,,,,,,5 26,,,,,,,,,,,,,,,,,価格交渉 / 増産 / 価格改定 / 価格転嫁 / 値上 / 想定以上 / 上方修正 / 下方修正 / 想定以下 / 未達 / 大幅 / 計画を上 / 計画を下 / 計画以 / 需要回復 / 需要の回復 / 需要が増 / 需要が低 / 悪化 / グローバルニッチトップ / トップシェア / シェア拡大 / レアアース
20260514,2986,2986_1540_G-LAHD_株式分割、株式分割に伴う定款の一部変更および配当予想の修正(増配)に関するお知らせ.pdf,,,,,,,2,,,,,,,,,,,,,,,,,価格交渉 / 増産 / 価格改定 / 価格転嫁 / 値上 / 想定以上 / 上方修正 / 下方修正 / 想定以下 / 未達 / 大幅 / 計画を上 / 計画を下 / 計画以 / 需要回復 / 需要の回復 / 需要が増 / 需要が低 / 悪化 / グローバルニッチトップ / トップシェア / シェア拡大 / レアアース
20260514,2990,2990_1600_P-アイダ設計_2026年3月期 決算短信〔日本基準〕(連結).pdf,,,,,,,,,,,4,,,,,,,,,,,,,価格交渉 / 増産 / 価格改定 / 価格転嫁 / 値上 / 想定以上 / 上方修正 / 下方修正 / 想定以下 / 未達 / 大幅 / 計画を上 / 計画を下 / 計画以 / 需要回復 / 需要の回復 / 需要が増 / 需要が低 / 悪化 / グローバルニッチトップ / トップシェア / シェア拡大 / レアアース
20260514,3002,3002_1430_グンゼ_通期業績予想と実績値との差異に関するお知らせ.pdf,,,,,,,,,,,1,,,,,,,,,,,,,価格交渉 / 増産 / 価格改定 / 価格転嫁 / 値上 / 想定以上 / 上方修正 / 下方修正 / 想定以下 / 未達 / 大幅 / 計画を上 / 計画を下 / 計画以 / 需要回復 / 需要の回復 / 需要が増 / 需要が低 / 悪化 / グローバルニッチトップ / トップシェア / シェア拡大 / レアアース
20260514,300A,300A_1600_MIC_2026年3月期 決算短信〔日本基準〕(非連結).pdf,,,,,,,,,,,,,,,,4,,,,,,,,価格交渉 / 増産 / 価格改定 / 価格転嫁 / 値上 / 想定以上 / 上方修正 / 下方修正 / 想定以下 / 未達 / 大幅 / 計画を上 / 計画を下 / 計画以 / 需要回復 / 需要の回復 / 需要が増 / 需要が低 / 悪化 / グローバルニッチトップ / トップシェア / シェア拡大 / レアアース
20260514,3023,3023_1530_ラサ商事_2026年3月期決算短信〔日本基準〕(連結).pdf,,,,,,,,,,,4,,,,,,,,,,,,,価格交渉 / 増産 / 価格改定 / 価格転嫁 / 値上 / 想定以上 / 上方修正 / 下方修正 / 想定以下 / 未達 / 大幅 / 計画を上 / 計画を下 / 計画以 / 需要回復 / 需要の回復 / 需要が増 / 需要が低 / 悪化 / グローバルニッチトップ / トップシェア / シェア拡大 / レアアース
20260514,302A,302A_1530_G-ビースタイルHD_2026年3月期決算説明資料.pdf,,,,,,,,,,,10 31,,,,,,,,,,,,,価格交渉 / 増産 / 価格改定 / 価格転嫁 / 値上 / 想定以上 / 上方修正 / 下方修正 / 想定以下 / 未達 / 大幅 / 計画を上 / 計画を下 / 計画以 / 需要回復 / 需要の回復 / 需要が増 / 需要が低 / 悪化 / グローバルニッチトップ / トップシェア / シェア拡大 / レアアース
20260514,3055,3055_1530_ほくたけ_2026年3月期業績予想の修正に関するお知らせ.pdf,,,,,,,,,,,,,1,,,,,,,,,,,価格交渉 / 増産 / 価格改定 / 価格転嫁 / 値上 / 想定以上 / 上方修正 / 下方修正 / 想定以下 / 未達 / 大幅 / 計画を上 / 計画を下 / 計画以 / 需要回復 / 需要の回復 / 需要が増 / 需要が低 / 悪化 / グローバルニッチトップ / トップシェア / シェア拡大 / レアアース
20260514,3135,3135_1540_マーケットエンター_2026年6月期第3四半期決算短信〔日本基準〕(連結).pdf,,,,,,,,,,,,,,,,,,,4,,,,,価格交渉 / 増産 / 価格改定 / 価格転嫁 / 値上 / 想定以上 / 上方修正 / 下方修正 / 想定以下 / 未達 / 大幅 / 計画を上 / 計画を下 / 計画以 / 需要回復 / 需要の回復 / 需要が増 / 需要が低 / 悪化 / グローバルニッチトップ / トップシェア / シェア拡大 / レアアース
20260514,3140,3140_1530_G-BRUNO_2026年6月期 第3四半期決算短信〔日本基準〕(連結).pdf,,,,,,,,,,,4,,,,,,,,,,,,,価格交渉 / 増産 / 価格改定 / 価格転嫁 / 値上 / 想定以上 / 上方修正 / 下方修正 / 想定以下 / 未達 / 大幅 / 計画を上 / 計画を下 / 計画以 / 需要回復 / 需要の回復 / 需要が増 / 需要が低 / 悪化 / グローバルニッチトップ / トップシェア / シェア拡大 / レアアース
20260514,3140,3140_1530_G-BRUNO_2026年6月期第3四半期 決算説明資料.pdf,,,,,,,,,,,4 6 8,,,,,,,,,,,,,価格交渉 / 増産 / 価格改定 / 価格転嫁 / 値上 / 想定以上 / 上方修正 / 下方修正 / 想定以下 / 未達 / 大幅 / 計画を上 / 計画を下 / 計画以 / 需要回復 / 需要の回復 / 需要が増 / 需要が低 / 悪化 / グローバルニッチトップ / トップシェア / シェア拡大 / レアアース
20260514,3156,3156_1600_レスター_2026年3月期決算短信〔日本基準〕(連結).pdf,,,,,,,,,,,,,,,,,,,4,,,,,価格交渉 / 増産 / 価格改定 / 価格転嫁 / 値上 / 想定以上 / 上方修正 / 下方修正 / 想定以下 / 未達 / 大幅 / 計画を上 / 計画を下 / 計画以 / 需要回復 / 需要の回復 / 需要が増 / 需要が低 / 悪化 / グローバルニッチトップ / トップシェア / シェア拡大 / レアアース
20260514,3178,3178_1530_チムニー_2026年3月期 決算短信[日本基準](連結).pdf,,,,,,,,,,,,,4,,,,,,,,,,,価格交渉 / 増産 / 価格改定 / 価格転嫁 / 値上 / 想定以上 / 上方修正 / 下方修正 / 想定以下 / 未達 / 大幅 / 計画を上 / 計画を下 / 計画以 / 需要回復 / 需要の回復 / 需要が増 / 需要が低 / 悪化 / グローバルニッチトップ / トップシェア / シェア拡大 / レアアース
20260514,3182,3182_1530_オイシックスラ大地_2026年3月期 通期 決算説明資料.pdf,,,,,,,,,,,8 23 28,,,,,,,,,,,,,価格交渉 / 増産 / 価格改定 / 価格転嫁 / 値上 / 想定以上 / 上方修正 / 下方修正 / 想定以下 / 未達 / 大幅 / 計画を上 / 計画を下 / 計画以 / 需要回復 / 需要の回復 / 需要が増 / 需要が低 / 悪化 / グローバルニッチトップ / トップシェア / シェア拡大 / レアアース
20260514,3182,3182_1530_オイシックスラ大地_2026年3月期決算短信〔日本基準〕(連結).pdf,,,,,,,,,,,,,,,,,,,4,,,,,価格交渉 / 増産 / 価格改定 / 価格転嫁 / 値上 / 想定以上 / 上方修正 / 下方修正 / 想定以下 / 未達 / 大幅 / 計画を上 / 計画を下 / 計画以 / 需要回復 / 需要の回復 / 需要が増 / 需要が低 / 悪化 / グローバルニッチトップ / トップシェア / シェア拡大 / レアアース
20260514,3185,3185_1530_G-夢展望_通期業績予想と実績との差異に関するお知らせ.pdf,,,,,,,,,,,2,,,,,,,,,,,,,価格交渉 / 増産 / 価格改定 / 価格転嫁 / 値上 / 想定以上 / 上方修正 / 下方修正 / 想定以下 / 未達 / 大幅 / 計画を上 / 計画を下 / 計画以 / 需要回復 / 需要の回復 / 需要が増 / 需要が低 / 悪化 / グローバルニッチトップ / トップシェア / シェア拡大 / レアアース
20260514,3204,3204_1530_トーア紡_令和8年12月期 第1四半期決算短信〔日本基準〕(連結).pdf,,4,,,,,,,,,,,,,,,,,,,,,,価格交渉 / 増産 / 価格改定 / 価格転嫁 / 値上 / 想定以上 / 上方修正 / 下方修正 / 想定以下 / 未達 / 大幅 / 計画を上 / 計画を下 / 計画以 / 需要回復 / 需要の回復 / 需要が増 / 需要が低 / 悪化 / グローバルニッチトップ / トップシェア / シェア拡大 / レアアース
20260514,321A,321A_1600_P-ヒューマンSHD_2026年3月期 決算短信〔日本基準〕(連結).pdf,,,,,,,,,,,,,,,,4,,,,,,,,価格交渉 / 増産 / 価格改定 / 価格転嫁 / 値上 / 想定以上 / 上方修正 / 下方修正 / 想定以下 / 未達 / 大幅 / 計画を上 / 計画を下 / 計画以 / 需要回復 / 需要の回復 / 需要が増 / 需要が低 / 悪化 / グローバルニッチトップ / トップシェア / シェア拡大 / レアアース
20260514,321A,321A_1600_P-ヒューマンSHD_通期業績予想値と決算値との差異及び剰余金の配当に関するお知らせ.pdf,,,,,,,,,,,,,1,,,,,,,,,,,価格交渉 / 増産 / 価格改定 / 価格転嫁 / 値上 / 想定以上 / 上方修正 / 下方修正 / 想定以下 / 未達 / 大幅 / 計画を上 / 計画を下 / 計画以 / 需要回復 / 需要の回復 / 需要が増 / 需要が低 / 悪化 / グローバルニッチトップ / トップシェア / シェア拡大 / レアアース
20260514,3224,3224_1530_G-Gオイスター_2026年3月期 決算説明資料.pdf,,,,,,,,,,,,,,,,,,,3 4 8 9,,,,,価格交渉 / 増産 / 価格改定 / 価格転嫁 / 値上 / 想定以上 / 上方修正 / 下方修正 / 想定以下 / 未達 / 大幅 / 計画を上 / 計画を下 / 計画以 / 需要回復 / 需要の回復 / 需要が増 / 需要が低 / 悪化 / グローバルニッチトップ / トップシェア / シェア拡大 / レアアース
20260514,3224,3224_1530_G-Gオイスター_特別損失の計上及び個別業績の前期実績値との差異に関するお知らせ.pdf,,,,,,,,,,,1,,,,,,,,,,,,,価格交渉 / 増産 / 価格改定 / 価格転嫁 / 値上 / 想定以上 / 上方修正 / 下方修正 / 想定以下 / 未達 / 大幅 / 計画を上 / 計画を下 / 計画以 / 需要回復 / 需要の回復 / 需要が増 / 需要が低 / 悪化 / グローバルニッチトップ / トップシェア / シェア拡大 / レアアース
20260514,3242,3242_1600_アーバネット_2026年6月期 第3四半期決算短信〔日本基準〕(連結).pdf,,,,,,,,,,,4 5,,,,,,,,,,,,,価格交渉 / 増産 / 価格改定 / 価格転嫁 / 値上 / 想定以上 / 上方修正 / 下方修正 / 想定以下 / 未達 / 大幅 / 計画を上 / 計画を下 / 計画以 / 需要回復 / 需要の回復 / 需要が増 / 需要が低 / 悪化 / グローバルニッチトップ / トップシェア / シェア拡大 / レアアース
20260514,331A,331A_1529_メディックス_2026年3月期 決算説明資料.pdf,,,,,,,,,,,12,,,,,,,,,,,,,価格交渉 / 増産 / 価格改定 / 価格転嫁 / 値上 / 想定以上 / 上方修正 / 下方修正 / 想定以下 / 未達 / 大幅 / 計画を上 / 計画を下 / 計画以 / 需要回復 / 需要の回復 / 需要が増 / 需要が低 / 悪化 / グローバルニッチトップ / トップシェア / シェア拡大 / レアアース
20260514,333A,333A_1530_P-テクノスマイル_2026年3月期 決算短信〔日本基準〕(連結).pdf,,,,,,,,,,,,,,,,,,,,,,4,,価格交渉 / 増産 / 価格改定 / 価格転嫁 / 値上 / 想定以上 / 上方修正 / 下方修正 / 想定以下 / 未達 / 大幅 / 計画を上 / 計画を下 / 計画以 / 需要回復 / 需要の回復 / 需要が増 / 需要が低 / 悪化 / グローバルニッチトップ / トップシェア / シェア拡大 / レアアース
20260514,333A,333A_1530_P-テクノスマイル_東京証券取引所 TOKYO PRO Marketへの上場目的の開示.pdf,,,,,,,,,,,1,,,,,,,,,,,,,価格交渉 / 増産 / 価格改定 / 価格転嫁 / 値上 / 想定以上 / 上方修正 / 下方修正 / 想定以下 / 未達 / 大幅 / 計画を上 / 計画を下 / 計画以 / 需要回復 / 需要の回復 / 需要が増 / 需要が低 / 悪化 / グローバルニッチトップ / トップシェア / シェア拡大 / レアアース
20260514,336A,336A_1535_G-ダイナミクマップ_2026年3月期 決算説明資料.pdf,,,,,,,,,,,18 20 21 42,,,,,,,,,,,,,価格交渉 / 増産 / 価格改定 / 価格転嫁 / 値上 / 想定以上 / 上方修正 / 下方修正 / 想定以下 / 未達 / 大幅 / 計画を上 / 計画を下 / 計画以 / 需要回復 / 需要の回復 / 需要が増 / 需要が低 / 悪化 / グローバルニッチトップ / トップシェア / シェア拡大 / レアアース
20260514,336A,336A_1540_G-ダイナミクマップ_通期連結業績予想値と実績値との差異および前期実績との差異に関するお知らせ.pdf,,,,,,,,,,,1,,,,,,,,,,,,,価格交渉 / 増産 / 価格改定 / 価格転嫁 / 値上 / 想定以上 / 上方修正 / 下方修正 / 想定以下 / 未達 / 大幅 / 計画を上 / 計画を下 / 計画以 / 需要回復 / 需要の回復 / 需要が増 / 需要が低 / 悪化 / グローバルニッチトップ / トップシェア / シェア拡大 / レアアース
20260514,3372,3372_1600_関門海_通期連結業績予想の修正及び個別業績の前期実績値との差異に関するお知らせ.pdf,,,,,,,,,,,,,,,,,,,1,,,,,価格交渉 / 増産 / 価格改定 / 価格転嫁 / 値上 / 想定以上 / 上方修正 / 下方修正 / 想定以下 / 未達 / 大幅 / 計画を上 / 計画を下 / 計画以 / 需要回復 / 需要の回復 / 需要が増 / 需要が低 / 悪化 / グローバルニッチトップ / トップシェア / シェア拡大 / レアアース
20260514,3375,3375_1530_ZOA_2026年3月期 決算短信〔日本基準〕(非連結).pdf,,,,,,,,,,,4,,,,,,,,,,,,,価格交渉 / 増産 / 価格改定 / 価格転嫁 / 値上 / 想定以上 / 上方修正 / 下方修正 / 想定以下 / 未達 / 大幅 / 計画を上 / 計画を下 / 計画以 / 需要回復 / 需要の回復 / 需要が増 / 需要が低 / 悪化 / グローバルニッチトップ / トップシェア / シェア拡大 / レアアース
20260514,3409,3409_1530_北紡_2026年3月期連結業績予想数値と実績値の差異に関するお知らせ.pdf,,,,,,,,,,,,,,,1,,,,,,,,,価格交渉 / 増産 / 価格改定 / 価格転嫁 / 値上 / 想定以上 / 上方修正 / 下方修正 / 想定以下 / 未達 / 大幅 / 計画を上 / 計画を下 / 計画以 / 需要回復 / 需要の回復 / 需要が増 / 需要が低 / 悪化 / グローバルニッチトップ / トップシェア / シェア拡大 / レアアース
20260514,3465,3465_1530_ケイアイスター不動産_2026年3月期 決算短信〔日本基準〕(連結).pdf,,,,,,,,,,,,,,,,,,,,,,5 7,,価格交渉 / 増産 / 価格改定 / 価格転嫁 / 値上 / 想定以上 / 上方修正 / 下方修正 / 想定以下 / 未達 / 大幅 / 計画を上 / 計画を下 / 計画以 / 需要回復 / 需要の回復 / 需要が増 / 需要が低 / 悪化 / グローバルニッチトップ / トップシェア / シェア拡大 / レアアース
20260514,3477,3477_1500_G-フォーライフ_2026年3月期決算短信〔日本基準〕(非連結).pdf,,,,,,,,,,,,,,,,4,,,,,,,,価格交渉 / 増産 / 価格改定 / 価格転嫁 / 値上 / 想定以上 / 上方修正 / 下方修正 / 想定以下 / 未達 / 大幅 / 計画を上 / 計画を下 / 計画以 / 需要回復 / 需要の回復 / 需要が増 / 需要が低 / 悪化 / グローバルニッチトップ / トップシェア / シェア拡大 / レアアース
20260514,3538,3538_1630_ウイルプラスHD_2026年6月期 通期業績予想の修正に関するお知らせ.pdf,,,,,,,,,,,,,,,,,,,1,,,,,価格交渉 / 増産 / 価格改定 / 価格転嫁 / 値上 / 想定以上 / 上方修正 / 下方修正 / 想定以下 / 未達 / 大幅 / 計画を上 / 計画を下 / 計画以 / 需要回復 / 需要の回復 / 需要が増 / 需要が低 / 悪化 / グローバルニッチトップ / トップシェア / シェア拡大 / レアアース
20260514,3538,3538_1630_ウイルプラスHD_株式取得(子会社化)に向けた株式譲渡契約締結に関するお知らせ.pdf,,,,,,,,,,,,,,,,,,,,,,7,,価格交渉 / 増産 / 価格改定 / 価格転嫁 / 値上 / 想定以上 / 上方修正 / 下方修正 / 想定以下 / 未達 / 大幅 / 計画を上 / 計画を下 / 計画以 / 需要回復 / 需要の回復 / 需要が増 / 需要が低 / 悪化 / グローバルニッチトップ / トップシェア / シェア拡大 / レアアース
20260514,3591,3591_1600_ワコールHD_2026年 3月期 決算短信〔IFRS〕(連結).pdf,,,,,,,,,,,4 5 6 7,,,,,,,,,,,,,価格交渉 / 増産 / 価格改定 / 価格転嫁 / 値上 / 想定以上 / 上方修正 / 下方修正 / 想定以下 / 未達 / 大幅 / 計画を上 / 計画を下 / 計画以 / 需要回復 / 需要の回復 / 需要が増 / 需要が低 / 悪化 / グローバルニッチトップ / トップシェア / シェア拡大 / レアアース
20260514,3600,3600_1600_フジックス_2026年3月期 決算短信[日本基準](連結).pdf,,,,,,,,,,,,,,,,,,,5,,,,,価格交渉 / 増産 / 価格改定 / 価格転嫁 / 値上 / 想定以上 / 上方修正 / 下方修正 / 想定以下 / 未達 / 大幅 / 計画を上 / 計画を下 / 計画以 / 需要回復 / 需要の回復 / 需要が増 / 需要が低 / 悪化 / グローバルニッチトップ / トップシェア / シェア拡大 / レアアース
20260514,3611,3611_1530_マツオカ_業績予想と実績との差異に関するお知らせ.pdf,,,,,,1,,,,,,,,,,,,,,,,,,価格交渉 / 増産 / 価格改定 / 価格転嫁 / 値上 / 想定以上 / 上方修正 / 下方修正 / 想定以下 / 未達 / 大幅 / 計画を上 / 計画を下 / 計画以 / 需要回復 / 需要の回復 / 需要が増 / 需要が低 / 悪化 / グローバルニッチトップ / トップシェア / シェア拡大 / レアアース
20260514,3623,3623_1530_G-BS_2026年12月期 第1四半期決算短信[日本基準](連結).pdf,,,,,,,,,,,,4,,,,,,,,,,,,価格交渉 / 増産 / 価格改定 / 価格転嫁 / 値上 / 想定以上 / 上方修正 / 下方修正 / 想定以下 / 未達 / 大幅 / 計画を上 / 計画を下 / 計画以 / 需要回復 / 需要の回復 / 需要が増 / 需要が低 / 悪化 / グローバルニッチトップ / トップシェア / シェア拡大 / レアアース
20260514,3624,3624_1530_G-アクセルM_2026年9月期 第2四半期(中間期)決算短信〔日本基準〕(連結).pdf,,,,,,,,,,,,,,,,4,,,,,,,,価格交渉 / 増産 / 価格改定 / 価格転嫁 / 値上 / 想定以上 / 上方修正 / 下方修正 / 想定以下 / 未達 / 大幅 / 計画を上 / 計画を下 / 計画以 / 需要回復 / 需要の回復 / 需要が増 / 需要が低 / 悪化 / グローバルニッチトップ / トップシェア / シェア拡大 / レアアース
20260514,3624,3624_1530_G-アクセルM_2026年9月期 第2四半期決算説明会資料.pdf,,,,,,,,,,,9 11,,,,,,,,,,,,,価格交渉 / 増産 / 価格改定 / 価格転嫁 / 値上 / 想定以上 / 上方修正 / 下方修正 / 想定以下 / 未達 / 大幅 / 計画を上 / 計画を下 / 計画以 / 需要回復 / 需要の回復 / 需要が増 / 需要が低 / 悪化 / グローバルニッチトップ / トップシェア / シェア拡大 / レアアース
20260514,3633,3633_1531_GMOペパボ_2026年12月期 第1四半期 決算短信〔日本基準〕(連結).pdf,,,4,,,,,,,,,,,,,,,,,,,,,価格交渉 / 増産 / 価格改定 / 価格転嫁 / 値上 / 想定以上 / 上方修正 / 下方修正 / 想定以下 / 未達 / 大幅 / 計画を上 / 計画を下 / 計画以 / 需要回復 / 需要の回復 / 需要が増 / 需要が低 / 悪化 / グローバルニッチトップ / トップシェア / シェア拡大 / レアアース
20260514,3633,3633_1531_GMOペパボ_2026年12月期 第1四半期 決算説明会資料.pdf,,,,,,,,,,,5 26,,,,,,,,,,,,,価格交渉 / 増産 / 価格改定 / 価格転嫁 / 値上 / 想定以上 / 上方修正 / 下方修正 / 想定以下 / 未達 / 大幅 / 計画を上 / 計画を下 / 計画以 / 需要回復 / 需要の回復 / 需要が増 / 需要が低 / 悪化 / グローバルニッチトップ / トップシェア / シェア拡大 / レアアース
20260514,3646,3646_1645_駅探_2026年3月期 決算短信〔日本基準〕(連結).pdf,,,,,,,,,,,4 5 6,,,,,,,,,,,,,価格交渉 / 増産 / 価格改定 / 価格転嫁 / 値上 / 想定以上 / 上方修正 / 下方修正 / 想定以下 / 未達 / 大幅 / 計画を上 / 計画を下 / 計画以 / 需要回復 / 需要の回復 / 需要が増 / 需要が低 / 悪化 / グローバルニッチトップ / トップシェア / シェア拡大 / レアアース
20260514,3646,3646_1645_駅探_2026年3月期 決算補足説明資料.pdf,,,,,,,16,,,,,,,,,,,,,,,,,価格交渉 / 増産 / 価格改定 / 価格転嫁 / 値上 / 想定以上 / 上方修正 / 下方修正 / 想定以下 / 未達 / 大幅 / 計画を上 / 計画を下 / 計画以 / 需要回復 / 需要の回復 / 需要が増 / 需要が低 / 悪化 / グローバルニッチトップ / トップシェア / シェア拡大 / レアアース
20260514,3646,3646_1645_駅探_剰余金の配当に関するお知らせ.pdf,,,,,,,,,,,1,,,,,,,,,,,,,価格交渉 / 増産 / 価格改定 / 価格転嫁 / 値上 / 想定以上 / 上方修正 / 下方修正 / 想定以下 / 未達 / 大幅 / 計画を上 / 計画を下 / 計画以 / 需要回復 / 需要の回復 / 需要が増 / 需要が低 / 悪化 / グローバルニッチトップ / トップシェア / シェア拡大 / レアアース
20260514,3646,3646_1645_駅探_通期連結業績予想と実績値の差異および特別損失(固定資産の減損損失)の計上に関するお知らせ.pdf,,,,,,,,,,,,2,,,,,,,,,,,,価格交渉 / 増産 / 価格改定 / 価格転嫁 / 値上 / 想定以上 / 上方修正 / 下方修正 / 想定以下 / 未達 / 大幅 / 計画を上 / 計画を下 / 計画以 / 需要回復 / 需要の回復 / 需要が増 / 需要が低 / 悪化 / グローバルニッチトップ / トップシェア / シェア拡大 / レアアース
20260514,3648,3648_1600_AGS_第二期中期経営計画の数値目標変更に関するお知らせ.pdf,,,,,,,1,,,,,,,,,,,,,,,,,価格交渉 / 増産 / 価格改定 / 価格転嫁 / 値上 / 想定以上 / 上方修正 / 下方修正 / 想定以下 / 未達 / 大幅 / 計画を上 / 計画を下 / 計画以 / 需要回復 / 需要の回復 / 需要が増 / 需要が低 / 悪化 / グローバルニッチトップ / トップシェア / シェア拡大 / レアアース
20260514,3649,3649_1530_ファインデックス_2026年12月期 第1四半期 決算補足説明資料.pdf,,,,,,,,,,,14 15 24,,,,,,,,,,,,,価格交渉 / 増産 / 価格改定 / 価格転嫁 / 値上 / 想定以上 / 上方修正 / 下方修正 / 想定以下 / 未達 / 大幅 / 計画を上 / 計画を下 / 計画以 / 需要回復 / 需要の回復 / 需要が増 / 需要が低 / 悪化 / グローバルニッチトップ / トップシェア / シェア拡大 / レアアース
20260514,3656,3656_1530_KLab_通期連結業績予想の修正に関するお知らせ.pdf,,,,,,,,,,,2,,,,,,,,,,,,,価格交渉 / 増産 / 価格改定 / 価格転嫁 / 値上 / 想定以上 / 上方修正 / 下方修正 / 想定以下 / 未達 / 大幅 / 計画を上 / 計画を下 / 計画以 / 需要回復 / 需要の回復 / 需要が増 / 需要が低 / 悪化 / グローバルニッチトップ / トップシェア / シェア拡大 / レアアース
20260514,366A,366A_1530_G-ウェルネスC_2026年3月期 決算説明資料.pdf,,,3 13 14 20 21 43,,,,,,,,,,,,,,,,,,,,,価格交渉 / 増産 / 価格改定 / 価格転嫁 / 値上 / 想定以上 / 上方修正 / 下方修正 / 想定以下 / 未達 / 大幅 / 計画を上 / 計画を下 / 計画以 / 需要回復 / 需要の回復 / 需要が増 / 需要が低 / 悪化 / グローバルニッチトップ / トップシェア / シェア拡大 / レアアース
20260514,366A,366A_1530_G-ウェルネスC_2026年3月期決算短信〔日本基準〕(連結).pdf,,,6,,,,,,,,,,,,,,,,,,,,,価格交渉 / 増産 / 価格改定 / 価格転嫁 / 値上 / 想定以上 / 上方修正 / 下方修正 / 想定以下 / 未達 / 大幅 / 計画を上 / 計画を下 / 計画以 / 需要回復 / 需要の回復 / 需要が増 / 需要が低 / 悪化 / グローバルニッチトップ / トップシェア / シェア拡大 / レアアース
20260514,3680,3680_1530_G-ホットリンク_2026年12月期 第1四半期決算短信補足資料.pdf,,,,,,,,,,,24 29,,,,,,,,,,,,,価格交渉 / 増産 / 価格改定 / 価格転嫁 / 値上 / 想定以上 / 上方修正 / 下方修正 / 想定以下 / 未達 / 大幅 / 計画を上 / 計画を下 / 計画以 / 需要回復 / 需要の回復 / 需要が増 / 需要が低 / 悪化 / グローバルニッチトップ / トップシェア / シェア拡大 / レアアース
20260514,3686,3686_1530_DLE_2026年3月期 通期 決算説明資料.pdf,,,,,,,,,,,11 12 25,,,,,,,,,,,,,価格交渉 / 増産 / 価格改定 / 価格転嫁 / 値上 / 想定以上 / 上方修正 / 下方修正 / 想定以下 / 未達 / 大幅 / 計画を上 / 計画を下 / 計画以 / 需要回復 / 需要の回復 / 需要が増 / 需要が低 / 悪化 / グローバルニッチトップ / トップシェア / シェア拡大 / レアアース
20260514,3687,3687_1630_フィックスターズ_第2四半期(中間期)業績予想値と実績値の差異並びに通期業績予想及び配当予想の修正に関するお知らせ.pdf,,,,,,,,,,,2,,,,,,,,,,,,,価格交渉 / 増産 / 価格改定 / 価格転嫁 / 値上 / 想定以上 / 上方修正 / 下方修正 / 想定以下 / 未達 / 大幅 / 計画を上 / 計画を下 / 計画以 / 需要回復 / 需要の回復 / 需要が増 / 需要が低 / 悪化 / グローバルニッチトップ / トップシェア / シェア拡大 / レアアース
20260514,3710,3710_1600_ジョルダン_令和8年9月期 第2四半期(中間期)決算短信〔日本基準〕(連結).pdf,,,,,,,,,,,4,,,,,,,,,,,,,価格交渉 / 増産 / 価格改定 / 価格転嫁 / 値上 / 想定以上 / 上方修正 / 下方修正 / 想定以下 / 未達 / 大幅 / 計画を上 / 計画を下 / 計画以 / 需要回復 / 需要の回復 / 需要が増 / 需要が低 / 悪化 / グローバルニッチトップ / トップシェア / シェア拡大 / レアアース
20260514,3727,3727_1530_G-APLIX_2026年12月期第1四半期決算補足説明資料.pdf,,,,,,,,,,,9 18 22,,,,,,,,,,,,,価格交渉 / 増産 / 価格改定 / 価格転嫁 / 値上 / 想定以上 / 上方修正 / 下方修正 / 想定以下 / 未達 / 大幅 / 計画を上 / 計画を下 / 計画以 / 需要回復 / 需要の回復 / 需要が増 / 需要が低 / 悪化 / グローバルニッチトップ / トップシェア / シェア拡大 / レアアース
20260514,3727,3727_1530_G-APLIX_2026年12月期通期連結業績予想及び配当予想の公表に関するお知らせ.pdf,,,,,,,,,,,2,,,,,,,,,,,,,価格交渉 / 増産 / 価格改定 / 価格転嫁 / 値上 / 想定以上 / 上方修正 / 下方修正 / 想定以下 / 未達 / 大幅 / 計画を上 / 計画を下 / 計画以 / 需要回復 / 需要の回復 / 需要が増 / 需要が低 / 悪化 / グローバルニッチトップ / トップシェア / シェア拡大 / レアアース
20260514,3739,3739_1620_コムシード_2026年3月期 決算短信〔日本基準〕(連結).pdf,,,,,,,,,,,2 5,,,,,,,,,,,,,価格交渉 / 増産 / 価格改定 / 価格転嫁 / 値上 / 想定以上 / 上方修正 / 下方修正 / 想定以下 / 未達 / 大幅 / 計画を上 / 計画を下 / 計画以 / 需要回復 / 需要の回復 / 需要が増 / 需要が低 / 悪化 / グローバルニッチトップ / トップシェア / シェア拡大 / レアアース
20260514,3739,3739_1620_コムシード_2026年3月期通期決算補足説明資料.pdf,,,,,,,,,,,3 10 13,,,,,,,,,,,,,価格交渉 / 増産 / 価格改定 / 価格転嫁 / 値上 / 想定以上 / 上方修正 / 下方修正 / 想定以下 / 未達 / 大幅 / 計画を上 / 計画を下 / 計画以 / 需要回復 / 需要の回復 / 需要が増 / 需要が低 / 悪化 / グローバルニッチトップ / トップシェア / シェア拡大 / レアアース
20260514,3739,3739_1620_コムシード_代表取締役社長CEOによる2026年3月期通期決算に寄せたメッセージ公開について.pdf,,,,,,,,,,,2 3,,,,,,,,,,,,,価格交渉 / 増産 / 価格改定 / 価格転嫁 / 値上 / 想定以上 / 上方修正 / 下方修正 / 想定以下 / 未達 / 大幅 / 計画を上 / 計画を下 / 計画以 / 需要回復 / 需要の回復 / 需要が増 / 需要が低 / 悪化 / グローバルニッチトップ / トップシェア / シェア拡大 / レアアース
20260514,378A,378A_1530_G-ヒット_2026年6月期 第3四半期決算説明資料.pdf,,,,,,,,,,,,,,,,,,,,,54,,,価格交渉 / 増産 / 価格改定 / 価格転嫁 / 値上 / 想定以上 / 上方修正 / 下方修正 / 想定以下 / 未達 / 大幅 / 計画を上 / 計画を下 / 計画以 / 需要回復 / 需要の回復 / 需要が増 / 需要が低 / 悪化 / グローバルニッチトップ / トップシェア / シェア拡大 / レアアース
20260514,3796,3796_1530_いい生活_2026年3月期 決算短信〔日本基準〕(連結).pdf,,,,,,,,,,,7,,,,,,,,,,,,,価格交渉 / 増産 / 価格改定 / 価格転嫁 / 値上 / 想定以上 / 上方修正 / 下方修正 / 想定以下 / 未達 / 大幅 / 計画を上 / 計画を下 / 計画以 / 需要回復 / 需要の回復 / 需要が増 / 需要が低 / 悪化 / グローバルニッチトップ / トップシェア / シェア拡大 / レアアース
20260514,3796,3796_1530_いい生活_2026年3月期 通期 決算説明資料.pdf,,,,,,,,,,,,,,,,,,,,,,43,,価格交渉 / 増産 / 価格改定 / 価格転嫁 / 値上 / 想定以上 / 上方修正 / 下方修正 / 想定以下 / 未達 / 大幅 / 計画を上 / 計画を下 / 計画以 / 需要回復 / 需要の回復 / 需要が増 / 需要が低 / 悪化 / グローバルニッチトップ / トップシェア / シェア拡大 / レアアース
20260514,3803,3803_1645_G-イメージ情_新経営体制及び今後の経営方針に関するお知らせ.pdf,,,,,,,,,,,2,,,,,,,,,,,,,価格交渉 / 増産 / 価格改定 / 価格転嫁 / 値上 / 想定以上 / 上方修正 / 下方修正 / 想定以下 / 未達 / 大幅 / 計画を上 / 計画を下 / 計画以 / 需要回復 / 需要の回復 / 需要が増 / 需要が低 / 悪化 / グローバルニッチトップ / トップシェア / シェア拡大 / レアアース
20260514,3807,3807_1530_G-フィスコ_2026年12月期第1四半期決算短信〔日本基準〕(非連結).pdf,,,,,,,,,,,,,,,,4,,,,,,,,価格交渉 / 増産 / 価格改定 / 価格転嫁 / 値上 / 想定以上 / 上方修正 / 下方修正 / 想定以下 / 未達 / 大幅 / 計画を上 / 計画を下 / 計画以 / 需要回復 / 需要の回復 / 需要が増 / 需要が低 / 悪化 / グローバルニッチトップ / トップシェア / シェア拡大 / レアアース
20260514,3808,3808_1600_オーケーウェブ_共創共同体向け事業の成長加速に向けた、簡易株式交換によるJINEN株式会社の完全子会社化に関するお知らせ.pdf,,,,,,,,,,,5,,,,,,,,,,,,,価格交渉 / 増産 / 価格改定 / 価格転嫁 / 値上 / 想定以上 / 上方修正 / 下方修正 / 想定以下 / 未達 / 大幅 / 計画を上 / 計画を下 / 計画以 / 需要回復 / 需要の回復 / 需要が増 / 需要が低 / 悪化 / グローバルニッチトップ / トップシェア / シェア拡大 / レアアース
20260514,3808,3808_1600_オーケーウェブ_株式会社オーケーウェブ2026年6月期第3四半期決算説明会資料.pdf,,,,,,,,,,,22 23,,,,,,,,,,,,,価格交渉 / 増産 / 価格改定 / 価格転嫁 / 値上 / 想定以上 / 上方修正 / 下方修正 / 想定以下 / 未達 / 大幅 / 計画を上 / 計画を下 / 計画以 / 需要回復 / 需要の回復 / 需要が増 / 需要が低 / 悪化 / グローバルニッチトップ / トップシェア / シェア拡大 / レアアース
20260514,3842,3842_1600_ネクストジェン_2026年3月期 通期決算説明資料.pdf,,,,,,,,,,,,,,,,,,,27,,,,,価格交渉 / 増産 / 価格改定 / 価格転嫁 / 値上 / 想定以上 / 上方修正 / 下方修正 / 想定以下 / 未達 / 大幅 / 計画を上 / 計画を下 / 計画以 / 需要回復 / 需要の回復 / 需要が増 / 需要が低 / 悪化 / グローバルニッチトップ / トップシェア / シェア拡大 / レアアース
20260514,3853,3853_1200_アステリア_2026年3月期 決算短信〔IFRS〕(連結).pdf,,,,,,,,,,,4,,,,,,,,,,,,,価格交渉 / 増産 / 価格改定 / 価格転嫁 / 値上 / 想定以上 / 上方修正 / 下方修正 / 想定以下 / 未達 / 大幅 / 計画を上 / 計画を下 / 計画以 / 需要回復 / 需要の回復 / 需要が増 / 需要が低 / 悪化 / グローバルニッチトップ / トップシェア / シェア拡大 / レアアース
20260514,3853,3853_1200_アステリア_2026年3月期 通期決算説明会資料.pdf,,,,,,,,,,,7,,,,,,,,,,,,,価格交渉 / 増産 / 価格改定 / 価格転嫁 / 値上 / 想定以上 / 上方修正 / 下方修正 / 想定以下 / 未達 / 大幅 / 計画を上 / 計画を下 / 計画以 / 需要回復 / 需要の回復 / 需要が増 / 需要が低 / 悪化 / グローバルニッチトップ / トップシェア / シェア拡大 / レアアース
20260514,3864,3864_1530_三菱紙_2026年3月期 決算短信〔日本基準〕(連結).pdf,,,6,,,,,,,,,,,,,,,,,,,,,価格交渉 / 増産 / 価格改定 / 価格転嫁 / 値上 / 想定以上 / 上方修正 / 下方修正 / 想定以下 / 未達 / 大幅 / 計画を上 / 計画を下 / 計画以 / 需要回復 / 需要の回復 / 需要が増 / 需要が低 / 悪化 / グローバルニッチトップ / トップシェア / シェア拡大 / レアアース
20260514,3877,3877_1530_中越パル_2026年3月期決算短信〔日本基準〕(連結).pdf,,,,,,,,,,,,,,,,,,,4 6,,,,,価格交渉 / 増産 / 価格改定 / 価格転嫁 / 値上 / 想定以上 / 上方修正 / 下方修正 / 想定以下 / 未達 / 大幅 / 計画を上 / 計画を下 / 計画以 / 需要回復 / 需要の回復 / 需要が増 / 需要が低 / 悪化 / グローバルニッチトップ / トップシェア / シェア拡大 / レアアース
20260514,3891,3891_1400_高度紙_剰余金の配当に関するお知らせ.pdf,,,,,,,,,,,,,,,,,,,,1,,,,価格交渉 / 増産 / 価格改定 / 価格転嫁 / 値上 / 想定以上 / 上方修正 / 下方修正 / 想定以下 / 未達 / 大幅 / 計画を上 / 計画を下 / 計画以 / 需要回復 / 需要の回復 / 需要が増 / 需要が低 / 悪化 / グローバルニッチトップ / トップシェア / シェア拡大 / レアアース
20260514,3918,3918_1530_PCIHD_2026年3月期 決算短信〔日本基準〕(連結).pdf,,,,,,,,,,,4,,,,,,,,,,,,,価格交渉 / 増産 / 価格改定 / 価格転嫁 / 値上 / 想定以上 / 上方修正 / 下方修正 / 想定以下 / 未達 / 大幅 / 計画を上 / 計画を下 / 計画以 / 需要回復 / 需要の回復 / 需要が増 / 需要が低 / 悪化 / グローバルニッチトップ / トップシェア / シェア拡大 / レアアース
20260514,3918,3918_1530_PCIHD_2026年3月期 決算説明資料.pdf,,,,,,,,,,,13 18,,,,,,,,,,,,,価格交渉 / 増産 / 価格改定 / 価格転嫁 / 値上 / 想定以上 / 上方修正 / 下方修正 / 想定以下 / 未達 / 大幅 / 計画を上 / 計画を下 / 計画以 / 需要回復 / 需要の回復 / 需要が増 / 需要が低 / 悪化 / グローバルニッチトップ / トップシェア / シェア拡大 / レアアース
20260514,3920,3920_1530_アイビーシー_2026年9月期 第2四半期(中間期)決算短信〔日本基準〕(非連結).pdf,,,,,,,,,,,,4,,,,,,,,,,,,価格交渉 / 増産 / 価格改定 / 価格転嫁 / 値上 / 想定以上 / 上方修正 / 下方修正 / 想定以下 / 未達 / 大幅 / 計画を上 / 計画を下 / 計画以 / 需要回復 / 需要の回復 / 需要が増 / 需要が低 / 悪化 / グローバルニッチトップ / トップシェア / シェア拡大 / レアアース
20260514,3962,3962_1530_チェンジHD_2026年3月期 決算短信〔IFRS〕(連結).pdf,,,,,,,,,,5,,,,,,,,,,,,,,価格交渉 / 増産 / 価格改定 / 価格転嫁 / 値上 / 想定以上 / 上方修正 / 下方修正 / 想定以下 / 未達 / 大幅 / 計画を上 / 計画を下 / 計画以 / 需要回復 / 需要の回復 / 需要が増 / 需要が低 / 悪化 / グローバルニッチトップ / トップシェア / シェア拡大 / レアアース
20260514,3963,3963_1530_シンクロ・フード_2026年3月期 決算短信〔日本基準〕(連結).pdf,,,,,,,,,,,,,,,,,,,2,,,,,価格交渉 / 増産 / 価格改定 / 価格転嫁 / 値上 / 想定以上 / 上方修正 / 下方修正 / 想定以下 / 未達 / 大幅 / 計画を上 / 計画を下 / 計画以 / 需要回復 / 需要の回復 / 需要が増 / 需要が低 / 悪化 / グローバルニッチトップ / トップシェア / シェア拡大 / レアアース
20260514,3963,3963_1530_シンクロ・フード_当社元従業員による不正行為に関するお知らせ.pdf,,,,,,,,,,,1,,,,,,,,,,,,,価格交渉 / 増産 / 価格改定 / 価格転嫁 / 値上 / 想定以上 / 上方修正 / 下方修正 / 想定以下 / 未達 / 大幅 / 計画を上 / 計画を下 / 計画以 / 需要回復 / 需要の回復 / 需要が増 / 需要が低 / 悪化 / グローバルニッチトップ / トップシェア / シェア拡大 / レアアース
20260514,3963,3963_1530_シンクロ・フード_通期業績予想と実績との差異に関するお知らせ.pdf,,,,,,,,,,,,,1,,,,,,,,,,,価格交渉 / 増産 / 価格改定 / 価格転嫁 / 値上 / 想定以上 / 上方修正 / 下方修正 / 想定以下 / 未達 / 大幅 / 計画を上 / 計画を下 / 計画以 / 需要回復 / 需要の回復 / 需要が増 / 需要が低 / 悪化 / グローバルニッチトップ / トップシェア / シェア拡大 / レアアース
20260514,3983,3983_1530_オロ_2026年12月期 第1四半期決算短信〔IFRS〕(連結).pdf,,,,,,,,,,,,4,,,,,,,,,,,,価格交渉 / 増産 / 価格改定 / 価格転嫁 / 値上 / 想定以上 / 上方修正 / 下方修正 / 想定以下 / 未達 / 大幅 / 計画を上 / 計画を下 / 計画以 / 需要回復 / 需要の回復 / 需要が増 / 需要が低 / 悪化 / グローバルニッチトップ / トップシェア / シェア拡大 / レアアース
20260514,4018,4018_1530_Q-ジオロケ_株主優待制度の変更に関するお知らせ.pdf,,,,,,,,,,,3,,,,,,,,,,,,,価格交渉 / 増産 / 価格改定 / 価格転嫁 / 値上 / 想定以上 / 上方修正 / 下方修正 / 想定以下 / 未達 / 大幅 / 計画を上 / 計画を下 / 計画以 / 需要回復 / 需要の回復 / 需要が増 / 需要が低 / 悪化 / グローバルニッチトップ / トップシェア / シェア拡大 / レアアース
20260514,4040,4040_1530_南海化学_2026年3月期決算短信〔日本基準〕(連結).pdf,,,,,,,,,,,4 5,,,,,,,,,,,,,価格交渉 / 増産 / 価格改定 / 価格転嫁 / 値上 / 想定以上 / 上方修正 / 下方修正 / 想定以下 / 未達 / 大幅 / 計画を上 / 計画を下 / 計画以 / 需要回復 / 需要の回復 / 需要が増 / 需要が低 / 悪化 / グローバルニッチトップ / トップシェア / シェア拡大 / レアアース
20260514,4044,4044_1300_セ硝子_2026年3月期 通期連結業績予想と実績値との差異に関するお知らせ.pdf,,,,1,,,,,,,,,,,,,,,,,,,,価格交渉 / 増産 / 価格改定 / 価格転嫁 / 値上 / 想定以上 / 上方修正 / 下方修正 / 想定以下 / 未達 / 大幅 / 計画を上 / 計画を下 / 計画以 / 需要回復 / 需要の回復 / 需要が増 / 需要が低 / 悪化 / グローバルニッチトップ / トップシェア / シェア拡大 / レアアース
20260514,4052,4052_1530_G-フィーチャ_2026年6月期第3四半期決算説明資料.pdf,,,,,,,,,,,4,,,,,,,,,,,,,価格交渉 / 増産 / 価格改定 / 価格転嫁 / 値上 / 想定以上 / 上方修正 / 下方修正 / 想定以下 / 未達 / 大幅 / 計画を上 / 計画を下 / 計画以 / 需要回復 / 需要の回復 / 需要が増 / 需要が低 / 悪化 / グローバルニッチトップ / トップシェア / シェア拡大 / レアアース
20260514,405A,405A_1530_P-コヤマ・ミライエ_2026年9月期 中間決算短信[日本基準](非連結).pdf,,,,,,,,,,,,,,,,,,,,,,,4,価格交渉 / 増産 / 価格改定 / 価格転嫁 / 値上 / 想定以上 / 上方修正 / 下方修正 / 想定以下 / 未達 / 大幅 / 計画を上 / 計画を下 / 計画以 / 需要回復 / 需要の回復 / 需要が増 / 需要が低 / 悪化 / グローバルニッチトップ / トップシェア / シェア拡大 / レアアース
20260514,4093,4093_1500_東邦アセチレン_2026年3月期 決算短信〔日本基準〕(連結).pdf,,,,,,,,,,6,,,,,,,,,,,,,,価格交渉 / 増産 / 価格改定 / 価格転嫁 / 値上 / 想定以上 / 上方修正 / 下方修正 / 想定以下 / 未達 / 大幅 / 計画を上 / 計画を下 / 計画以 / 需要回復 / 需要の回復 / 需要が増 / 需要が低 / 悪化 / グローバルニッチトップ / トップシェア / シェア拡大 / レアアース
20260514,4094,4094_1430_日化学産_2026年3月期決算概要.pdf,,,,,,,,,,,,,,,,6,,,,,,,,価格交渉 / 増産 / 価格改定 / 価格転嫁 / 値上 / 想定以上 / 上方修正 / 下方修正 / 想定以下 / 未達 / 大幅 / 計画を上 / 計画を下 / 計画以 / 需要回復 / 需要の回復 / 需要が増 / 需要が低 / 悪化 / グローバルニッチトップ / トップシェア / シェア拡大 / レアアース
20260514,4109,4109_1400_ステラケミファ_2026年3月期 決算短信[日本基準](連結).pdf,,,,4 6,,,,,,,,,,,,,,,,,,,,価格交渉 / 増産 / 価格改定 / 価格転嫁 / 値上 / 想定以上 / 上方修正 / 下方修正 / 想定以下 / 未達 / 大幅 / 計画を上 / 計画を下 / 計画以 / 需要回復 / 需要の回復 / 需要が増 / 需要が低 / 悪化 / グローバルニッチトップ / トップシェア / シェア拡大 / レアアース
20260514,4109,4109_1400_ステラケミファ_2026年3月期(83期)決算説明資料.pdf,,,,3 4 7 14 17,,,,,,,,,,,,,,,,,,,,価格交渉 / 増産 / 価格改定 / 価格転嫁 / 値上 / 想定以上 / 上方修正 / 下方修正 / 想定以下 / 未達 / 大幅 / 計画を上 / 計画を下 / 計画以 / 需要回復 / 需要の回復 / 需要が増 / 需要が低 / 悪化 / グローバルニッチトップ / トップシェア / シェア拡大 / レアアース
20260514,410A,410A_1531_G-GMOコマース_2026年12月期第1四半期 決算説明資料.pdf,,,,,,,,,,,,1 7,,,,,,,,,,,,価格交渉 / 増産 / 価格改定 / 価格転嫁 / 値上 / 想定以上 / 上方修正 / 下方修正 / 想定以下 / 未達 / 大幅 / 計画を上 / 計画を下 / 計画以 / 需要回復 / 需要の回復 / 需要が増 / 需要が低 / 悪化 / グローバルニッチトップ / トップシェア / シェア拡大 / レアアース
20260514,4165,4165_1530_G-プレイド_2026年12月期 第2四半期 決算説明資料.pdf,,,,,,,,,,,,,,,,,,,,,63,,,価格交渉 / 増産 / 価格改定 / 価格転嫁 / 値上 / 想定以上 / 上方修正 / 下方修正 / 想定以下 / 未達 / 大幅 / 計画を上 / 計画を下 / 計画以 / 需要回復 / 需要の回復 / 需要が増 / 需要が低 / 悪化 / グローバルニッチトップ / トップシェア / シェア拡大 / レアアース
20260514,4167,4167_1530_G-ココペリ_2026年3月期 決算短信〔日本基準〕(連結).pdf,,,,,,,,,,,4 5,,,,,,,,,,,,,価格交渉 / 増産 / 価格改定 / 価格転嫁 / 値上 / 想定以上 / 上方修正 / 下方修正 / 想定以下 / 未達 / 大幅 / 計画を上 / 計画を下 / 計画以 / 需要回復 / 需要の回復 / 需要が増 / 需要が低 / 悪化 / グローバルニッチトップ / トップシェア / シェア拡大 / レアアース
20260514,4167,4167_1530_G-ココペリ_2026年3月期 決算説明資料.pdf,,,,,,,,,,,10 20 22 25,,,,,,,,,,,,,価格交渉 / 増産 / 価格改定 / 価格転嫁 / 値上 / 想定以上 / 上方修正 / 下方修正 / 想定以下 / 未達 / 大幅 / 計画を上 / 計画を下 / 計画以 / 需要回復 / 需要の回復 / 需要が増 / 需要が低 / 悪化 / グローバルニッチトップ / トップシェア / シェア拡大 / レアアース
20260514,4179,4179_1530_G-ジーネクスト_2026年3月期決算短信〔日本基準〕(連結).pdf,,,,,5 8 16,,,,,,,,,,,,,,,,,,,価格交渉 / 増産 / 価格改定 / 価格転嫁 / 値上 / 想定以上 / 上方修正 / 下方修正 / 想定以下 / 未達 / 大幅 / 計画を上 / 計画を下 / 計画以 / 需要回復 / 需要の回復 / 需要が増 / 需要が低 / 悪化 / グローバルニッチトップ / トップシェア / シェア拡大 / レアアース
20260514,4179,4179_1530_G-ジーネクスト_2026年3月期通期連結業績予想と実績との差異に関するお知らせ.pdf,,,,,1,,,,,,,,,,,,,,,,,,,価格交渉 / 増産 / 価格改定 / 価格転嫁 / 値上 / 想定以上 / 上方修正 / 下方修正 / 想定以下 / 未達 / 大幅 / 計画を上 / 計画を下 / 計画以 / 需要回復 / 需要の回復 / 需要が増 / 需要が低 / 悪化 / グローバルニッチトップ / トップシェア / シェア拡大 / レアアース
20260514,4192,4192_1600_G-スパイダープラス_2026年12月期 第1四半期決算短信〔日本基準〕(連結).pdf,,,,,,,,,,,,,,,,,,,,,,4,,価格交渉 / 増産 / 価格改定 / 価格転嫁 / 値上 / 想定以上 / 上方修正 / 下方修正 / 想定以下 / 未達 / 大幅 / 計画を上 / 計画を下 / 計画以 / 需要回復 / 需要の回復 / 需要が増 / 需要が低 / 悪化 / グローバルニッチトップ / トップシェア / シェア拡大 / レアアース
20260514,4192,4192_1600_G-スパイダープラス_2026年12月期第1四半期 決算説明資料.pdf,,,,,,,,,,,30,,,,,,,,,,,,,価格交渉 / 増産 / 価格改定 / 価格転嫁 / 値上 / 想定以上 / 上方修正 / 下方修正 / 想定以下 / 未達 / 大幅 / 計画を上 / 計画を下 / 計画以 / 需要回復 / 需要の回復 / 需要が増 / 需要が低 / 悪化 / グローバルニッチトップ / トップシェア / シェア拡大 / レアアース
20260514,4193,4193_1400_ファブリカHD_2026年3月期 通期決算説明資料.pdf,,,,,,,,,,5,,,,,,,,,,,,,,価格交渉 / 増産 / 価格改定 / 価格転嫁 / 値上 / 想定以上 / 上方修正 / 下方修正 / 想定以下 / 未達 / 大幅 / 計画を上 / 計画を下 / 計画以 / 需要回復 / 需要の回復 / 需要が増 / 需要が低 / 悪化 / グローバルニッチトップ / トップシェア / シェア拡大 / レアアース
20260514,4196,4196_1600_ネオマーケ_2026年9月期第2四半期 決算説明資料.pdf,,,,,,,,,,,,8,,,,,,,,,,,,価格交渉 / 増産 / 価格改定 / 価格転嫁 / 値上 / 想定以上 / 上方修正 / 下方修正 / 想定以下 / 未達 / 大幅 / 計画を上 / 計画を下 / 計画以 / 需要回復 / 需要の回復 / 需要が増 / 需要が低 / 悪化 / グローバルニッチトップ / トップシェア / シェア拡大 / レアアース
20260514,423A,423A_1530_ライオン事務器_2026年9月期第2四半期(中間期)の業績予想値と実績値の差異及び通期業績予想の修正に関するお知らせ.pdf,,,,,,,2,,,,,,,,,,,,,,,,,価格交渉 / 増産 / 価格改定 / 価格転嫁 / 値上 / 想定以上 / 上方修正 / 下方修正 / 想定以下 / 未達 / 大幅 / 計画を上 / 計画を下 / 計画以 / 需要回復 / 需要の回復 / 需要が増 / 需要が低 / 悪化 / グローバルニッチトップ / トップシェア / シェア拡大 / レアアース
20260514,4245,4245_1230_ダイキアクシス_2026年12月期 第1四半期連結決算概要.pdf,,,,,,,,,,,,,,,,,,,4,,,,,価格交渉 / 増産 / 価格改定 / 価格転嫁 / 値上 / 想定以上 / 上方修正 / 下方修正 / 想定以下 / 未達 / 大幅 / 計画を上 / 計画を下 / 計画以 / 需要回復 / 需要の回復 / 需要が増 / 需要が低 / 悪化 / グローバルニッチトップ / トップシェア / シェア拡大 / レアアース
20260514,4247,4247_1540_ポバール興業_2026年3月期 通期決算説明補足資料.pdf,,,,,,,,,,14,,,,,,,,,,,,,,価格交渉 / 増産 / 価格改定 / 価格転嫁 / 値上 / 想定以上 / 上方修正 / 下方修正 / 想定以下 / 未達 / 大幅 / 計画を上 / 計画を下 / 計画以 / 需要回復 / 需要の回復 / 需要が増 / 需要が低 / 悪化 / グローバルニッチトップ / トップシェア / シェア拡大 / レアアース
20260514,4249,4249_1400_森六_2026年3月期 決算短信〔日本基準〕(連結).pdf,,6,,,,,,,,,,,,,,,,,,,,,,価格交渉 / 増産 / 価格改定 / 価格転嫁 / 値上 / 想定以上 / 上方修正 / 下方修正 / 想定以下 / 未達 / 大幅 / 計画を上 / 計画を下 / 計画以 / 需要回復 / 需要の回復 / 需要が増 / 需要が低 / 悪化 / グローバルニッチトップ / トップシェア / シェア拡大 / レアアース
20260514,4255,4255_1530_G-THECOO_2026年12月期 第1四半期決算短信〔日本基準〕(非連結).pdf,,,,,,,,,,,4,,,,,,,,,,,,,価格交渉 / 増産 / 価格改定 / 価格転嫁 / 値上 / 想定以上 / 上方修正 / 下方修正 / 想定以下 / 未達 / 大幅 / 計画を上 / 計画を下 / 計画以 / 需要回復 / 需要の回復 / 需要が増 / 需要が低 / 悪化 / グローバルニッチトップ / トップシェア / シェア拡大 / レアアース
20260514,4255,4255_1530_G-THECOO_2026年12月期第1四半期決算説明会資料.pdf,,,,,,,,,,,4 18 22 23,,,,,,,,,,,,,価格交渉 / 増産 / 価格改定 / 価格転嫁 / 値上 / 想定以上 / 上方修正 / 下方修正 / 想定以下 / 未達 / 大幅 / 計画を上 / 計画を下 / 計画以 / 需要回復 / 需要の回復 / 需要が増 / 需要が低 / 悪化 / グローバルニッチトップ / トップシェア / シェア拡大 / レアアース
20260514,4265,4265_1530_G-IGS_2026年3月期 決算短信〔日本基準〕(連結).pdf,,,,,,,,,,,6,,,,,,,,,,,,,価格交渉 / 増産 / 価格改定 / 価格転嫁 / 値上 / 想定以上 / 上方修正 / 下方修正 / 想定以下 / 未達 / 大幅 / 計画を上 / 計画を下 / 計画以 / 需要回復 / 需要の回復 / 需要が増 / 需要が低 / 悪化 / グローバルニッチトップ / トップシェア / シェア拡大 / レアアース
20260514,4288,4288_1530_アズジェント_2026年3月期決算短信[日本基準](非連結).pdf,,,,,,,,,,,5,,,,,,,,,,,,,価格交渉 / 増産 / 価格改定 / 価格転嫁 / 値上 / 想定以上 / 上方修正 / 下方修正 / 想定以下 / 未達 / 大幅 / 計画を上 / 計画を下 / 計画以 / 需要回復 / 需要の回復 / 需要が増 / 需要が低 / 悪化 / グローバルニッチトップ / トップシェア / シェア拡大 / レアアース
20260514,4316,4316_1530_G-ビーマップ_2026年3月期決算短信〔日本基準〕(連結).pdf,,,,,,,,,,,,,,,,,,,4 5,,,,,価格交渉 / 増産 / 価格改定 / 価格転嫁 / 値上 / 想定以上 / 上方修正 / 下方修正 / 想定以下 / 未達 / 大幅 / 計画を上 / 計画を下 / 計画以 / 需要回復 / 需要の回復 / 需要が増 / 需要が低 / 悪化 / グローバルニッチトップ / トップシェア / シェア拡大 / レアアース
20260514,4323,4323_1600_日本システム技術_2026年3月期決算短信〔日本基準〕(連結).pdf,,,,,,,,,,,,,,,,,,,15,,,,,価格交渉 / 増産 / 価格改定 / 価格転嫁 / 値上 / 想定以上 / 上方修正 / 下方修正 / 想定以下 / 未達 / 大幅 / 計画を上 / 計画を下 / 計画以 / 需要回復 / 需要の回復 / 需要が増 / 需要が低 / 悪化 / グローバルニッチトップ / トップシェア / シェア拡大 / レアアース
20260514,4337,4337_1300_ぴあ_2026年3月期 決算短信[日本基準](連結).pdf,,,,,,,,,,,6 7,,,,,,,,,,,,,価格交渉 / 増産 / 価格改定 / 価格転嫁 / 値上 / 想定以上 / 上方修正 / 下方修正 / 想定以下 / 未達 / 大幅 / 計画を上 / 計画を下 / 計画以 / 需要回復 / 需要の回復 / 需要が増 / 需要が低 / 悪化 / グローバルニッチトップ / トップシェア / シェア拡大 / レアアース
20260514,4346,4346_1600_NEXYZ.G_2026年9月期 第2四半期決算短信〔日本基準〕(連結).pdf,,,,,,,,,,,6,,,,,,,,,,,,,価格交渉 / 増産 / 価格改定 / 価格転嫁 / 値上 / 想定以上 / 上方修正 / 下方修正 / 想定以下 / 未達 / 大幅 / 計画を上 / 計画を下 / 計画以 / 需要回復 / 需要の回復 / 需要が増 / 需要が低 / 悪化 / グローバルニッチトップ / トップシェア / シェア拡大 / レアアース
20260514,4360,4360_1600_マナック・ケミカルP_2026年3月期 決算短信〔日本基準〕(連結).pdf,,,15,,,,,,,,,,,,,,,,,,,,,価格交渉 / 増産 / 価格改定 / 価格転嫁 / 値上 / 想定以上 / 上方修正 / 下方修正 / 想定以下 / 未達 / 大幅 / 計画を上 / 計画を下 / 計画以 / 需要回復 / 需要の回復 / 需要が増 / 需要が低 / 悪化 / グローバルニッチトップ / トップシェア / シェア拡大 / レアアース
20260514,4371,4371_1600_G-CCT_2026年12月期 第1四半期決算説明資料.pdf,,,,,,,,,,,13 30,,,,,,,,,,,,,価格交渉 / 増産 / 価格改定 / 価格転嫁 / 値上 / 想定以上 / 上方修正 / 下方修正 / 想定以下 / 未達 / 大幅 / 計画を上 / 計画を下 / 計画以 / 需要回復 / 需要の回復 / 需要が増 / 需要が低 / 悪化 / グローバルニッチトップ / トップシェア / シェア拡大 / レアアース
20260514,4377,4377_1530_G-ワンキャリア_2026年12月期 第1四半期決算説明資料.pdf,,,,,,,,,,,7,,,,,,,,,,,,,価格交渉 / 増産 / 価格改定 / 価格転嫁 / 値上 / 想定以上 / 上方修正 / 下方修正 / 想定以下 / 未達 / 大幅 / 計画を上 / 計画を下 / 計画以 / 需要回復 / 需要の回復 / 需要が増 / 需要が低 / 悪化 / グローバルニッチトップ / トップシェア / シェア拡大 / レアアース
20260514,4386,4386_1530_SIGグループ_2026年3月期 決算説明資料.pdf,,,,,,,,,,,4 24,,,,,,,,,,,,,価格交渉 / 増産 / 価格改定 / 価格転嫁 / 値上 / 想定以上 / 上方修正 / 下方修正 / 想定以下 / 未達 / 大幅 / 計画を上 / 計画を下 / 計画以 / 需要回復 / 需要の回復 / 需要が増 / 需要が低 / 悪化 / グローバルニッチトップ / トップシェア / シェア拡大 / レアアース
20260514,4388,4388_1530_エーアイ_2026年3月期 決算短信〔日本基準〕(連結).pdf,,,,,,,,,,,6,,,,,,,,,,,,,価格交渉 / 増産 / 価格改定 / 価格転嫁 / 値上 / 想定以上 / 上方修正 / 下方修正 / 想定以下 / 未達 / 大幅 / 計画を上 / 計画を下 / 計画以 / 需要回復 / 需要の回復 / 需要が増 / 需要が低 / 悪化 / グローバルニッチトップ / トップシェア / シェア拡大 / レアアース
20260514,4388,4388_1530_エーアイ_2026年3月期決算補足説明資料.pdf,,,,,,,,,,,8 9 10 15,,,,,,,,,,,,,価格交渉 / 増産 / 価格改定 / 価格転嫁 / 値上 / 想定以上 / 上方修正 / 下方修正 / 想定以下 / 未達 / 大幅 / 計画を上 / 計画を下 / 計画以 / 需要回復 / 需要の回復 / 需要が増 / 需要が低 / 悪化 / グローバルニッチトップ / トップシェア / シェア拡大 / レアアース
20260514,4421,4421_1530_DIシステム_2026年9月期 第2四半期(中間期)決算短信〔日本基準〕(連結).pdf,,,,,,,,,,,5,,,,,,,,,,,,,価格交渉 / 増産 / 価格改定 / 価格転嫁 / 値上 / 想定以上 / 上方修正 / 下方修正 / 想定以下 / 未達 / 大幅 / 計画を上 / 計画を下 / 計画以 / 需要回復 / 需要の回復 / 需要が増 / 需要が低 / 悪化 / グローバルニッチトップ / トップシェア / シェア拡大 / レアアース
20260514,4421,4421_1530_DIシステム_2026年9月期 第2四半期決算説明資料.pdf,,,,,,,,,,,,,,,,,,,,,,37 41,,価格交渉 / 増産 / 価格改定 / 価格転嫁 / 値上 / 想定以上 / 上方修正 / 下方修正 / 想定以下 / 未達 / 大幅 / 計画を上 / 計画を下 / 計画以 / 需要回復 / 需要の回復 / 需要が増 / 需要が低 / 悪化 / グローバルニッチトップ / トップシェア / シェア拡大 / レアアース
20260514,4424,4424_1530_G-Amazia_2026年9月期第2四半期(中間期)決算短信〔日本基準〕(連結).pdf,,,,,,,,,,,12,,,,,,,,,,,,,価格交渉 / 増産 / 価格改定 / 価格転嫁 / 値上 / 想定以上 / 上方修正 / 下方修正 / 想定以下 / 未達 / 大幅 / 計画を上 / 計画を下 / 計画以 / 需要回復 / 需要の回復 / 需要が増 / 需要が低 / 悪化 / グローバルニッチトップ / トップシェア / シェア拡大 / レアアース
20260514,4427,4427_1600_G-EduLab_2026年9月期第2四半期決算短信〔日本基準〕(連結).pdf,,,,,,,,,,,4 5,,,,,,,,,,,,,価格交渉 / 増産 / 価格改定 / 価格転嫁 / 値上 / 想定以上 / 上方修正 / 下方修正 / 想定以下 / 未達 / 大幅 / 計画を上 / 計画を下 / 計画以 / 需要回復 / 需要の回復 / 需要が増 / 需要が低 / 悪化 / グローバルニッチトップ / トップシェア / シェア拡大 / レアアース
20260514,4427,4427_1600_G-EduLab_2026年9月期第2四半期決算説明資料.pdf,,,,,,,,,,,31,,,,,,,,,,,,,価格交渉 / 増産 / 価格改定 / 価格転嫁 / 値上 / 想定以上 / 上方修正 / 下方修正 / 想定以下 / 未達 / 大幅 / 計画を上 / 計画を下 / 計画以 / 需要回復 / 需要の回復 / 需要が増 / 需要が低 / 悪化 / グローバルニッチトップ / トップシェア / シェア拡大 / レアアース
20260514,4428,4428_1530_G-シノプス_2026年12月期第1四半期決算説明資料.pdf,,,,,,,,,,,21,,,,,,,,,,,,,価格交渉 / 増産 / 価格改定 / 価格転嫁 / 値上 / 想定以上 / 上方修正 / 下方修正 / 想定以下 / 未達 / 大幅 / 計画を上 / 計画を下 / 計画以 / 需要回復 / 需要の回復 / 需要が増 / 需要が低 / 悪化 / グローバルニッチトップ / トップシェア / シェア拡大 / レアアース
20260514,4437,4437_1500_G-GDH_2026年3月期決算説明資料.pdf,,,,,,,,,,,11 13 27,,,,,,,,,,,,,価格交渉 / 増産 / 価格改定 / 価格転嫁 / 値上 / 想定以上 / 上方修正 / 下方修正 / 想定以下 / 未達 / 大幅 / 計画を上 / 計画を下 / 計画以 / 需要回復 / 需要の回復 / 需要が増 / 需要が低 / 悪化 / グローバルニッチトップ / トップシェア / シェア拡大 / レアアース
20260514,4442,4442_1530_G-バルテスHD_2026年3月期 決算短信〔日本基準〕(連結).pdf,,,,,,,,,,,5,,,,,,,,,,,,,価格交渉 / 増産 / 価格改定 / 価格転嫁 / 値上 / 想定以上 / 上方修正 / 下方修正 / 想定以下 / 未達 / 大幅 / 計画を上 / 計画を下 / 計画以 / 需要回復 / 需要の回復 / 需要が増 / 需要が低 / 悪化 / グローバルニッチトップ / トップシェア / シェア拡大 / レアアース
20260514,4442,4442_1530_G-バルテスHD_2026年3月期 通期決算説明資料.pdf,,,,,,,,,,,13 20 30,,,,,,,,,,,,,価格交渉 / 増産 / 価格改定 / 価格転嫁 / 値上 / 想定以上 / 上方修正 / 下方修正 / 想定以下 / 未達 / 大幅 / 計画を上 / 計画を下 / 計画以 / 需要回復 / 需要の回復 / 需要が増 / 需要が低 / 悪化 / グローバルニッチトップ / トップシェア / シェア拡大 / レアアース
20260514,4486,4486_1500_G-ユナイト&グロウ_2026年12月期 第1四半期決算説明資料.pdf,,,4 6 9 10 13 14 18,,,,,,,,,,,,,,,,,,,,,価格交渉 / 増産 / 価格改定 / 価格転嫁 / 値上 / 想定以上 / 上方修正 / 下方修正 / 想定以下 / 未達 / 大幅 / 計画を上 / 計画を下 / 計画以 / 需要回復 / 需要の回復 / 需要が増 / 需要が低 / 悪化 / グローバルニッチトップ / トップシェア / シェア拡大 / レアアース
20260514,4496,4496_1600_G-コマースワン_2026年3月期 決算短信〔日本基準〕(連結).pdf,,,,,,,,,,,4,,,,,,,,,,,,,価格交渉 / 増産 / 価格改定 / 価格転嫁 / 値上 / 想定以上 / 上方修正 / 下方修正 / 想定以下 / 未達 / 大幅 / 計画を上 / 計画を下 / 計画以 / 需要回復 / 需要の回復 / 需要が増 / 需要が低 / 悪化 / グローバルニッチトップ / トップシェア / シェア拡大 / レアアース
20260514,4544,4544_1400_HUグループHD_2026年3月期 決算短信〔日本基準〕(連結).pdf,,,,,,,,,,,,,,,,,,,4,,,,,価格交渉 / 増産 / 価格改定 / 価格転嫁 / 値上 / 想定以上 / 上方修正 / 下方修正 / 想定以下 / 未達 / 大幅 / 計画を上 / 計画を下 / 計画以 / 需要回復 / 需要の回復 / 需要が増 / 需要が低 / 悪化 / グローバルニッチトップ / トップシェア / シェア拡大 / レアアース
20260514,4553,4553_1530_東和薬品_2026年3月期 決算短信 [日本基準](連結).pdf,,,,,,,,,,,,,,,,,,,4 6,,,,,価格交渉 / 増産 / 価格改定 / 価格転嫁 / 値上 / 想定以上 / 上方修正 / 下方修正 / 想定以下 / 未達 / 大幅 / 計画を上 / 計画を下 / 計画以 / 需要回復 / 需要の回復 / 需要が増 / 需要が低 / 悪化 / グローバルニッチトップ / トップシェア / シェア拡大 / レアアース
20260514,4584,4584_1600_G-キッズ・バイオ_2025年度 決算補足説明資料.pdf,,,4 6 9,,,,,,,,,,,,,,,,,,,,,価格交渉 / 増産 / 価格改定 / 価格転嫁 / 値上 / 想定以上 / 上方修正 / 下方修正 / 想定以下 / 未達 / 大幅 / 計画を上 / 計画を下 / 計画以 / 需要回復 / 需要の回復 / 需要が増 / 需要が低 / 悪化 / グローバルニッチトップ / トップシェア / シェア拡大 / レアアース
20260514,4584,4584_1600_G-キッズ・バイオ_2026年3月期 決算短信〔日本基準〕(連結).pdf,,,4 9,,,,,,,,,,,,,,,,,,,,,価格交渉 / 増産 / 価格改定 / 価格転嫁 / 値上 / 想定以上 / 上方修正 / 下方修正 / 想定以下 / 未達 / 大幅 / 計画を上 / 計画を下 / 計画以 / 需要回復 / 需要の回復 / 需要が増 / 需要が低 / 悪化 / グローバルニッチトップ / トップシェア / シェア拡大 / レアアース
20260514,4584,4584_1600_G-キッズ・バイオ_通期連結業績予想と実績値との差異、ならびに営業外損益および特別損失の計上に関するお知らせ.pdf,,,2,,,,,,,,,,,,,,,,,,,,,価格交渉 / 増産 / 価格改定 / 価格転嫁 / 値上 / 想定以上 / 上方修正 / 下方修正 / 想定以下 / 未達 / 大幅 / 計画を上 / 計画を下 / 計画以 / 需要回復 / 需要の回復 / 需要が増 / 需要が低 / 悪化 / グローバルニッチトップ / トップシェア / シェア拡大 / レアアース
20260514,4593,4593_1530_G-ヘリオス_2026年12月期 第1四半期決算短信〔IFRS〕(連結).pdf,,,,,,,,,,5,,,,,,,,,,,,,,価格交渉 / 増産 / 価格改定 / 価格転嫁 / 値上 / 想定以上 / 上方修正 / 下方修正 / 想定以下 / 未達 / 大幅 / 計画を上 / 計画を下 / 計画以 / 需要回復 / 需要の回復 / 需要が増 / 需要が低 / 悪化 / グローバルニッチトップ / トップシェア / シェア拡大 / レアアース
20260514,4593,4593_1530_G-ヘリオス_2026年12月期 第1四半期決算説明資料.pdf,,,,,,,,,,,2,,,,,,,,,,,,,価格交渉 / 増産 / 価格改定 / 価格転嫁 / 値上 / 想定以上 / 上方修正 / 下方修正 / 想定以下 / 未達 / 大幅 / 計画を上 / 計画を下 / 計画以 / 需要回復 / 需要の回復 / 需要が増 / 需要が低 / 悪化 / グローバルニッチトップ / トップシェア / シェア拡大 / レアアース
20260514,4596,4596_1530_G-窪田製薬HD_2026年12月期 第1四半期決算短信〔IFRS〕(連結).pdf,,,,,,,,,,,6,,,,,,,,,,,,,価格交渉 / 増産 / 価格改定 / 価格転嫁 / 値上 / 想定以上 / 上方修正 / 下方修正 / 想定以下 / 未達 / 大幅 / 計画を上 / 計画を下 / 計画以 / 需要回復 / 需要の回復 / 需要が増 / 需要が低 / 悪化 / グローバルニッチトップ / トップシェア / シェア拡大 / レアアース
20260514,4620,4620_1400_藤倉化_2026年3月期 決算短信[日本基準](連結).pdf,,,,,,,,,,,,,,,,,,,6,,,,,価格交渉 / 増産 / 価格改定 / 価格転嫁 / 値上 / 想定以上 / 上方修正 / 下方修正 / 想定以下 / 未達 / 大幅 / 計画を上 / 計画を下 / 計画以 / 需要回復 / 需要の回復 / 需要が増 / 需要が低 / 悪化 / グローバルニッチトップ / トップシェア / シェア拡大 / レアアース
20260514,4620,4620_1400_藤倉化_第11次中期経営計画(2023年度~2025年度)の総括及び第12次中期経営計画の公表延期について.pdf,,,,,,,,,,,,,,,,,,,2,,,,,価格交渉 / 増産 / 価格改定 / 価格転嫁 / 値上 / 想定以上 / 上方修正 / 下方修正 / 想定以下 / 未達 / 大幅 / 計画を上 / 計画を下 / 計画以 / 需要回復 / 需要の回復 / 需要が増 / 需要が低 / 悪化 / グローバルニッチトップ / トップシェア / シェア拡大 / レアアース
20260514,4625,4625_1400_アトミクス_2026年3月期 決算短信〔日本基準〕(連結).pdf,,,4,,,,,,,,,,,,,,,,,,,,,価格交渉 / 増産 / 価格改定 / 価格転嫁 / 値上 / 想定以上 / 上方修正 / 下方修正 / 想定以下 / 未達 / 大幅 / 計画を上 / 計画を下 / 計画以 / 需要回復 / 需要の回復 / 需要が増 / 需要が低 / 悪化 / グローバルニッチトップ / トップシェア / シェア拡大 / レアアース
20260514,4704,4704_1530_トレンド_2026年12月期第1四半期決算短信〔日本基準〕(連結).pdf,,,,,,,,,,,5,,,,,,,,,,,,,価格交渉 / 増産 / 価格改定 / 価格転嫁 / 値上 / 想定以上 / 上方修正 / 下方修正 / 想定以下 / 未達 / 大幅 / 計画を上 / 計画を下 / 計画以 / 需要回復 / 需要の回復 / 需要が増 / 需要が低 / 悪化 / グローバルニッチトップ / トップシェア / シェア拡大 / レアアース
20260514,4712,4712_1530_KeyH_2026年12月期 第1四半期決算短信〔IFRS〕(連結).pdf,,,,,,,,,,,7,,,,,,,,,,,,,価格交渉 / 増産 / 価格改定 / 価格転嫁 / 値上 / 想定以上 / 上方修正 / 下方修正 / 想定以下 / 未達 / 大幅 / 計画を上 / 計画を下 / 計画以 / 需要回復 / 需要の回復 / 需要が増 / 需要が低 / 悪化 / グローバルニッチトップ / トップシェア / シェア拡大 / レアアース
20260514,4752,4752_1600_昭和システム_2026年3月期 決算短信〔日本基準〕(非連結).pdf,,,,,,,,,,,4,,,,,,,,,,,,,価格交渉 / 増産 / 価格改定 / 価格転嫁 / 値上 / 想定以上 / 上方修正 / 下方修正 / 想定以下 / 未達 / 大幅 / 計画を上 / 計画を下 / 計画以 / 需要回復 / 需要の回復 / 需要が増 / 需要が低 / 悪化 / グローバルニッチトップ / トップシェア / シェア拡大 / レアアース
20260514,4755,4755_1530_楽天グループ_2026年12月期 第1四半期決算短信〔IFRS〕(連結).pdf,,,,,,,,,,,7,,,,,,,,,,,,,価格交渉 / 増産 / 価格改定 / 価格転嫁 / 値上 / 想定以上 / 上方修正 / 下方修正 / 想定以下 / 未達 / 大幅 / 計画を上 / 計画を下 / 計画以 / 需要回復 / 需要の回復 / 需要が増 / 需要が低 / 悪化 / グローバルニッチトップ / トップシェア / シェア拡大 / レアアース
20260514,478A,478A_1530_G-フツパー_2026年12月期 第1四半期 決算説明資料.pdf,,,,,,,,,,,,,,,,,,,11,,,,,価格交渉 / 増産 / 価格改定 / 価格転嫁 / 値上 / 想定以上 / 上方修正 / 下方修正 / 想定以下 / 未達 / 大幅 / 計画を上 / 計画を下 / 計画以 / 需要回復 / 需要の回復 / 需要が増 / 需要が低 / 悪化 / グローバルニッチトップ / トップシェア / シェア拡大 / レアアース
20260514,479A,479A_1531_G-PRONI_2026年12月期第1四半期決算説明資料.pdf,,,,,,,,,,,5,,,,,,,,,,,,,価格交渉 / 増産 / 価格改定 / 価格転嫁 / 値上 / 想定以上 / 上方修正 / 下方修正 / 想定以下 / 未達 / 大幅 / 計画を上 / 計画を下 / 計画以 / 需要回復 / 需要の回復 / 需要が増 / 需要が低 / 悪化 / グローバルニッチトップ / トップシェア / シェア拡大 / レアアース
20260514,480A,480A_0900_G-リブコンサル_2026年第1四半期決算説明会資料.pdf,,,,,,,,,,,18,,,,,,,,,,,,,価格交渉 / 増産 / 価格改定 / 価格転嫁 / 値上 / 想定以上 / 上方修正 / 下方修正 / 想定以下 / 未達 / 大幅 / 計画を上 / 計画を下 / 計画以 / 需要回復 / 需要の回復 / 需要が増 / 需要が低 / 悪化 / グローバルニッチトップ / トップシェア / シェア拡大 / レアアース
20260514,4819,4819_1530_デジタルガレージ_2026年3月期通期連結業績と前期実績との差異に関するお知らせ.pdf,,,,,,,,,,,1,,,,,,,,,,,,,価格交渉 / 増産 / 価格改定 / 価格転嫁 / 値上 / 想定以上 / 上方修正 / 下方修正 / 想定以下 / 未達 / 大幅 / 計画を上 / 計画を下 / 計画以 / 需要回復 / 需要の回復 / 需要が増 / 需要が低 / 悪化 / グローバルニッチトップ / トップシェア / シェア拡大 / レアアース
20260514,4838,4838_1200_SSSK HD_2026年3月期 決算短信〔日本基準〕(連結).pdf,,,,,,,5,,,,,,,,,,,,,,,,,価格交渉 / 増産 / 価格改定 / 価格転嫁 / 値上 / 想定以上 / 上方修正 / 下方修正 / 想定以下 / 未達 / 大幅 / 計画を上 / 計画を下 / 計画以 / 需要回復 / 需要の回復 / 需要が増 / 需要が低 / 悪化 / グローバルニッチトップ / トップシェア / シェア拡大 / レアアース
20260514,483A,483A_1530_テラテクノロジー_2026年3月期 決算説明資料.pdf,,,,,,,,,,,,5 19,,,,,,,,,,,,価格交渉 / 増産 / 価格改定 / 価格転嫁 / 値上 / 想定以上 / 上方修正 / 下方修正 / 想定以下 / 未達 / 大幅 / 計画を上 / 計画を下 / 計画以 / 需要回復 / 需要の回復 / 需要が増 / 需要が低 / 悪化 / グローバルニッチトップ / トップシェア / シェア拡大 / レアアース
20260514,483A,483A_1530_テラテクノロジー_剰余金の配当(増配)に関するお知らせ.pdf,,,,,,,,,,,,1,,,,,,,,,,,,価格交渉 / 増産 / 価格改定 / 価格転嫁 / 値上 / 想定以上 / 上方修正 / 下方修正 / 想定以下 / 未達 / 大幅 / 計画を上 / 計画を下 / 計画以 / 需要回復 / 需要の回復 / 需要が増 / 需要が低 / 悪化 / グローバルニッチトップ / トップシェア / シェア拡大 / レアアース
20260514,4840,4840_1530_トライアイズ_2026年12月期 第1四半期決算短信〔日本基準〕(連結).pdf,,,,,,,,,,,4,,,,,,,,,,,,,価格交渉 / 増産 / 価格改定 / 価格転嫁 / 値上 / 想定以上 / 上方修正 / 下方修正 / 想定以下 / 未達 / 大幅 / 計画を上 / 計画を下 / 計画以 / 需要回復 / 需要の回復 / 需要が増 / 需要が低 / 悪化 / グローバルニッチトップ / トップシェア / シェア拡大 / レアアース
20260514,4849,4849_1530_エン_剰余金の配当に関するお知らせ.pdf,,,,,,,,,,,,1,,,,,,,,,,,,価格交渉 / 増産 / 価格改定 / 価格転嫁 / 値上 / 想定以上 / 上方修正 / 下方修正 / 想定以下 / 未達 / 大幅 / 計画を上 / 計画を下 / 計画以 / 需要回復 / 需要の回復 / 需要が増 / 需要が低 / 悪化 / グローバルニッチトップ / トップシェア / シェア拡大 / レアアース
20260514,4849,4849_1530_エン_連結業績予想と実績値との差異及び個別業績と前期実績値との差異に関するお知らせ.pdf,,,,,,,,,,,,,1,,,,,,,,,,,価格交渉 / 増産 / 価格改定 / 価格転嫁 / 値上 / 想定以上 / 上方修正 / 下方修正 / 想定以下 / 未達 / 大幅 / 計画を上 / 計画を下 / 計画以 / 需要回復 / 需要の回復 / 需要が増 / 需要が低 / 悪化 / グローバルニッチトップ / トップシェア / シェア拡大 / レアアース
20260514,4880,4880_1530_セルソース_2026年10月期4月度月次KPI速報.pdf,,,,,,,,,,,3,,,,,,,,,,,,,価格交渉 / 増産 / 価格改定 / 価格転嫁 / 値上 / 想定以上 / 上方修正 / 下方修正 / 想定以下 / 未達 / 大幅 / 計画を上 / 計画を下 / 計画以 / 需要回復 / 需要の回復 / 需要が増 / 需要が低 / 悪化 / グローバルニッチトップ / トップシェア / シェア拡大 / レアアース
20260514,4890,4890_1530_G-坪田ラボ_2026年3月期 決算短信〔日本基準〕(非連結).pdf,,,,,,,,,,,,,,,,4,,,,,,,,価格交渉 / 増産 / 価格改定 / 価格転嫁 / 値上 / 想定以上 / 上方修正 / 下方修正 / 想定以下 / 未達 / 大幅 / 計画を上 / 計画を下 / 計画以 / 需要回復 / 需要の回復 / 需要が増 / 需要が低 / 悪化 / グローバルニッチトップ / トップシェア / シェア拡大 / レアアース
20260514,4902,4902_1530_コニカミノルタ_剰余金の配当(増配)に関するお知らせ.pdf,,,,,,,,,,,,1,,,,,,,,,,,,価格交渉 / 増産 / 価格改定 / 価格転嫁 / 値上 / 想定以上 / 上方修正 / 下方修正 / 想定以下 / 未達 / 大幅 / 計画を上 / 計画を下 / 計画以 / 需要回復 / 需要の回復 / 需要が増 / 需要が低 / 悪化 / グローバルニッチトップ / トップシェア / シェア拡大 / レアアース
20260514,4918,4918_1600_アイビー_中東情勢の緊迫化による影響および令和9年3月期の業績予想についてのお知らせ.pdf,,,,,2 3,,,,,,,,,,,,,,,,,,,価格交渉 / 増産 / 価格改定 / 価格転嫁 / 値上 / 想定以上 / 上方修正 / 下方修正 / 想定以下 / 未達 / 大幅 / 計画を上 / 計画を下 / 計画以 / 需要回復 / 需要の回復 / 需要が増 / 需要が低 / 悪化 / グローバルニッチトップ / トップシェア / シェア拡大 / レアアース
20260514,4918,4918_1600_アイビー_令和8年3月期 決算短信〔日本基準〕(非連結).pdf,,,,,7,,,,,,,,,,,,,,,,,,,価格交渉 / 増産 / 価格改定 / 価格転嫁 / 値上 / 想定以上 / 上方修正 / 下方修正 / 想定以下 / 未達 / 大幅 / 計画を上 / 計画を下 / 計画以 / 需要回復 / 需要の回復 / 需要が増 / 需要が低 / 悪化 / グローバルニッチトップ / トップシェア / シェア拡大 / レアアース
20260514,4937,4937_1300_G-Waqoo_2026年9月期 第2四半期(中間期)決算短信〔日本基準〕(連結).pdf,,,,,,,,,,,,5,,,,,,,,,,,,価格交渉 / 増産 / 価格改定 / 価格転嫁 / 値上 / 想定以上 / 上方修正 / 下方修正 / 想定以下 / 未達 / 大幅 / 計画を上 / 計画を下 / 計画以 / 需要回復 / 需要の回復 / 需要が増 / 需要が低 / 悪化 / グローバルニッチトップ / トップシェア / シェア拡大 / レアアース
20260514,4968,4968_1500_荒川化学_2026年3月期 決算短信〔日本基準〕(連結).pdf,,,,5,,,,,,,,,,,,,,,,,,,,価格交渉 / 増産 / 価格改定 / 価格転嫁 / 値上 / 想定以上 / 上方修正 / 下方修正 / 想定以下 / 未達 / 大幅 / 計画を上 / 計画を下 / 計画以 / 需要回復 / 需要の回復 / 需要が増 / 需要が低 / 悪化 / グローバルニッチトップ / トップシェア / シェア拡大 / レアアース
20260514,4977,4977_1530_ニッタゼラチン_2026年3月期 決算短信〔日本基準〕(連結).pdf,,,,,,,,,,,4,,,,,,,,,,,,,価格交渉 / 増産 / 価格改定 / 価格転嫁 / 値上 / 想定以上 / 上方修正 / 下方修正 / 想定以下 / 未達 / 大幅 / 計画を上 / 計画を下 / 計画以 / 需要回復 / 需要の回復 / 需要が増 / 需要が低 / 悪化 / グローバルニッチトップ / トップシェア / シェア拡大 / レアアース
20260514,4978,4978_1530_G-リプロセル_2026年3月期通期個別業績と前期実績値との差異に関するお知らせ.pdf,,,,,,,,,,,1,,,,,,,,,,,,,価格交渉 / 増産 / 価格改定 / 価格転嫁 / 値上 / 想定以上 / 上方修正 / 下方修正 / 想定以下 / 未達 / 大幅 / 計画を上 / 計画を下 / 計画以 / 需要回復 / 需要の回復 / 需要が増 / 需要が低 / 悪化 / グローバルニッチトップ / トップシェア / シェア拡大 / レアアース
20260514,4998,4998_1300_フマキラー_2026年3月期 決算短信〔日本基準〕(連結).pdf,,,5,,,,,,,,,,,,,,,,,,,,,価格交渉 / 増産 / 価格改定 / 価格転嫁 / 値上 / 想定以上 / 上方修正 / 下方修正 / 想定以下 / 未達 / 大幅 / 計画を上 / 計画を下 / 計画以 / 需要回復 / 需要の回復 / 需要が増 / 需要が低 / 悪化 / グローバルニッチトップ / トップシェア / シェア拡大 / レアアース
20260514,5027,5027_1530_G-AnyMind_2026年12月期 第1四半期決算説明会資料.pdf,,,,,,,,,,,,36,,,,,,,,,,,,価格交渉 / 増産 / 価格改定 / 価格転嫁 / 値上 / 想定以上 / 上方修正 / 下方修正 / 想定以下 / 未達 / 大幅 / 計画を上 / 計画を下 / 計画以 / 需要回復 / 需要の回復 / 需要が増 / 需要が低 / 悪化 / グローバルニッチトップ / トップシェア / シェア拡大 / レアアース
20260514,5027,5027_1530_G-AnyMind_2026年12月期第1四半期決算において想定されるご質問への回答.pdf,,,,,,,,,,,5,,,,,,,,,,,,,価格交渉 / 増産 / 価格改定 / 価格転嫁 / 値上 / 想定以上 / 上方修正 / 下方修正 / 想定以下 / 未達 / 大幅 / 計画を上 / 計画を下 / 計画以 / 需要回復 / 需要の回復 / 需要が増 / 需要が低 / 悪化 / グローバルニッチトップ / トップシェア / シェア拡大 / レアアース
20260514,5027,5027_1530_G-AnyMind_2026年12月期第1四半期決算短信〔IFRS〕(連結).pdf,,,,,,,,,,,4,,,,,,,,,,,,,価格交渉 / 増産 / 価格改定 / 価格転嫁 / 値上 / 想定以上 / 上方修正 / 下方修正 / 想定以下 / 未達 / 大幅 / 計画を上 / 計画を下 / 計画以 / 需要回復 / 需要の回復 / 需要が増 / 需要が低 / 悪化 / グローバルニッチトップ / トップシェア / シェア拡大 / レアアース
20260514,5028,5028_1700_G-セカンドサイト_2026年12月期 第1四半期決算説明資料.pdf,,,,,,,,,,,13 30,,,,,,,,,,,,,価格交渉 / 増産 / 価格改定 / 価格転嫁 / 値上 / 想定以上 / 上方修正 / 下方修正 / 想定以下 / 未達 / 大幅 / 計画を上 / 計画を下 / 計画以 / 需要回復 / 需要の回復 / 需要が増 / 需要が低 / 悪化 / グローバルニッチトップ / トップシェア / シェア拡大 / レアアース
20260514,5029,5029_1600_G-サークレイス_2026年3月期決算短信〔日本基準〕(連結).pdf,,,,,,,,,,,6,,,,,,,,,,,,,価格交渉 / 増産 / 価格改定 / 価格転嫁 / 値上 / 想定以上 / 上方修正 / 下方修正 / 想定以下 / 未達 / 大幅 / 計画を上 / 計画を下 / 計画以 / 需要回復 / 需要の回復 / 需要が増 / 需要が低 / 悪化 / グローバルニッチトップ / トップシェア / シェア拡大 / レアアース
20260514,5108,5108_1430_ブリヂス_2026年第1四半期 決算説明会.pdf,,,,,,,,,,,,,,,,,,,5,,,,,価格交渉 / 増産 / 価格改定 / 価格転嫁 / 値上 / 想定以上 / 上方修正 / 下方修正 / 想定以下 / 未達 / 大幅 / 計画を上 / 計画を下 / 計画以 / 需要回復 / 需要の回復 / 需要が増 / 需要が低 / 悪化 / グローバルニッチトップ / トップシェア / シェア拡大 / レアアース
20260514,5133,5133_1700_テリロジーHD_2026年3月期 決算補足説明資料.pdf,,,,,,,,,,,8,,,,,,,,,,,,,価格交渉 / 増産 / 価格改定 / 価格転嫁 / 値上 / 想定以上 / 上方修正 / 下方修正 / 想定以下 / 未達 / 大幅 / 計画を上 / 計画を下 / 計画以 / 需要回復 / 需要の回復 / 需要が増 / 需要が低 / 悪化 / グローバルニッチトップ / トップシェア / シェア拡大 / レアアース
20260514,5133,5133_1700_テリロジーHD_2026年3月期決算短信[日本基準](連結).pdf,,,,,,,,,,,4,,,,,,,,,,,,,価格交渉 / 増産 / 価格改定 / 価格転嫁 / 値上 / 想定以上 / 上方修正 / 下方修正 / 想定以下 / 未達 / 大幅 / 計画を上 / 計画を下 / 計画以 / 需要回復 / 需要の回復 / 需要が増 / 需要が低 / 悪化 / グローバルニッチトップ / トップシェア / シェア拡大 / レアアース
20260514,5137,5137_1530_G-スマートドライブ_2026年9月期第2四半期(中間期)決算短信〔日本基準〕(連結).pdf,,,,,,,,,,,,,,,,,,,4,,,,,価格交渉 / 増産 / 価格改定 / 価格転嫁 / 値上 / 想定以上 / 上方修正 / 下方修正 / 想定以下 / 未達 / 大幅 / 計画を上 / 計画を下 / 計画以 / 需要回復 / 需要の回復 / 需要が増 / 需要が低 / 悪化 / グローバルニッチトップ / トップシェア / シェア拡大 / レアアース
20260514,5137,5137_1530_G-スマートドライブ_2026年9月期第2四半期決算説明資料.pdf,,,,,,,,,,21 26,,,,,,,,,,,,,,価格交渉 / 増産 / 価格改定 / 価格転嫁 / 値上 / 想定以上 / 上方修正 / 下方修正 / 想定以下 / 未達 / 大幅 / 計画を上 / 計画を下 / 計画以 / 需要回復 / 需要の回復 / 需要が増 / 需要が低 / 悪化 / グローバルニッチトップ / トップシェア / シェア拡大 / レアアース
20260514,5139,5139_1200_G-オープンワーク_2026年12月期第1四半期 決算短信〔日本基準〕(非連結).pdf,,,,,,,,,,,,,,,,,,,4,,,,,価格交渉 / 増産 / 価格改定 / 価格転嫁 / 値上 / 想定以上 / 上方修正 / 下方修正 / 想定以下 / 未達 / 大幅 / 計画を上 / 計画を下 / 計画以 / 需要回復 / 需要の回復 / 需要が増 / 需要が低 / 悪化 / グローバルニッチトップ / トップシェア / シェア拡大 / レアアース
20260514,5192,5192_1400_三星ベルト_2026年3月期 決算短信〔日本基準〕(連結).pdf,,,,,,,,,,,,,,,,,,,4,,,,,価格交渉 / 増産 / 価格改定 / 価格転嫁 / 値上 / 想定以上 / 上方修正 / 下方修正 / 想定以下 / 未達 / 大幅 / 計画を上 / 計画を下 / 計画以 / 需要回復 / 需要の回復 / 需要が増 / 需要が低 / 悪化 / グローバルニッチトップ / トップシェア / シェア拡大 / レアアース
20260514,5195,5195_1400_バンドー化_2026年3月期 決算概要.pdf,,,,,,,,,,,4,,,,,,,,,,,,,価格交渉 / 増産 / 価格改定 / 価格転嫁 / 値上 / 想定以上 / 上方修正 / 下方修正 / 想定以下 / 未達 / 大幅 / 計画を上 / 計画を下 / 計画以 / 需要回復 / 需要の回復 / 需要が増 / 需要が低 / 悪化 / グローバルニッチトップ / トップシェア / シェア拡大 / レアアース
20260514,5195,5195_1400_バンドー化_連結業績の前期実績値との差異および個別業績の前期実績との差異に関するお知らせ.pdf,,,,,,,,,,,2,,,,,,,,,,,,,価格交渉 / 増産 / 価格改定 / 価格転嫁 / 値上 / 想定以上 / 上方修正 / 下方修正 / 想定以下 / 未達 / 大幅 / 計画を上 / 計画を下 / 計画以 / 需要回復 / 需要の回復 / 需要が増 / 需要が低 / 悪化 / グローバルニッチトップ / トップシェア / シェア拡大 / レアアース
20260514,5244,5244_1530_G-jig.jp_2026年3月期決算説明資料及び事業計画並びに成長可能性に関する事項.pdf,,,,,,,,,,,7,,,,,,,,,,,,,価格交渉 / 増産 / 価格改定 / 価格転嫁 / 値上 / 想定以上 / 上方修正 / 下方修正 / 想定以下 / 未達 / 大幅 / 計画を上 / 計画を下 / 計画以 / 需要回復 / 需要の回復 / 需要が増 / 需要が低 / 悪化 / グローバルニッチトップ / トップシェア / シェア拡大 / レアアース
20260514,5253,5253_1530_G-カバー_事業計画及び成長可能性に関する事項.pdf,,,,,,,,,,,15 27,,,,,,,,,,,,,価格交渉 / 増産 / 価格改定 / 価格転嫁 / 値上 / 想定以上 / 上方修正 / 下方修正 / 想定以下 / 未達 / 大幅 / 計画を上 / 計画を下 / 計画以 / 需要回復 / 需要の回復 / 需要が増 / 需要が低 / 悪化 / グローバルニッチトップ / トップシェア / シェア拡大 / レアアース
20260514,5258,5258_1530_G-TMN_2026年3月期 スマホ向けサマリ版決算説明資料.pdf,,,,,,,,,,,2,,,,,,,,,,,,,価格交渉 / 増産 / 価格改定 / 価格転嫁 / 値上 / 想定以上 / 上方修正 / 下方修正 / 想定以下 / 未達 / 大幅 / 計画を上 / 計画を下 / 計画以 / 需要回復 / 需要の回復 / 需要が増 / 需要が低 / 悪化 / グローバルニッチトップ / トップシェア / シェア拡大 / レアアース
20260514,5258,5258_1530_G-TMN_2026年3月期 決算短信[日本基準](連結).pdf,,,,,,,,,,,,,,,,,,,4,,,,,価格交渉 / 増産 / 価格改定 / 価格転嫁 / 値上 / 想定以上 / 上方修正 / 下方修正 / 想定以下 / 未達 / 大幅 / 計画を上 / 計画を下 / 計画以 / 需要回復 / 需要の回復 / 需要が増 / 需要が低 / 悪化 / グローバルニッチトップ / トップシェア / シェア拡大 / レアアース
20260514,5258,5258_1530_G-TMN_2026年3月期 通期連結業績予想と実績値との差異に関するお知らせ.pdf,,,,,,,,,,1,,,,,,,,,,,,,,価格交渉 / 増産 / 価格改定 / 価格転嫁 / 値上 / 想定以上 / 上方修正 / 下方修正 / 想定以下 / 未達 / 大幅 / 計画を上 / 計画を下 / 計画以 / 需要回復 / 需要の回復 / 需要が増 / 需要が低 / 悪化 / グローバルニッチトップ / トップシェア / シェア拡大 / レアアース
20260514,5273,5273_1500_三谷セキサン_2026年3月期決算短信〔日本基準〕(連結).pdf,,,,,,,,,,,,,,,,4 5,,,,,,,,価格交渉 / 増産 / 価格改定 / 価格転嫁 / 値上 / 想定以上 / 上方修正 / 下方修正 / 想定以下 / 未達 / 大幅 / 計画を上 / 計画を下 / 計画以 / 需要回復 / 需要の回復 / 需要が増 / 需要が低 / 悪化 / グローバルニッチトップ / トップシェア / シェア拡大 / レアアース
20260514,5285,5285_1400_ヤマックス_2026年3月期決算説明資料.pdf,,,,,,,,,,,2 3,,,,,,,,,,,,,価格交渉 / 増産 / 価格改定 / 価格転嫁 / 値上 / 想定以上 / 上方修正 / 下方修正 / 想定以下 / 未達 / 大幅 / 計画を上 / 計画を下 / 計画以 / 需要回復 / 需要の回復 / 需要が増 / 需要が低 / 悪化 / グローバルニッチトップ / トップシェア / シェア拡大 / レアアース
20260514,5304,5304_1530_SECカーボン_2026年3月期決算短信〔日本基準〕(連結).pdf,,,,,,,,,,,,,,,,,,,4 6,,,,,価格交渉 / 増産 / 価格改定 / 価格転嫁 / 値上 / 想定以上 / 上方修正 / 下方修正 / 想定以下 / 未達 / 大幅 / 計画を上 / 計画を下 / 計画以 / 需要回復 / 需要の回復 / 需要が増 / 需要が低 / 悪化 / グローバルニッチトップ / トップシェア / シェア拡大 / レアアース
20260514,5304,5304_1530_SECカーボン_特別損失(減損損失)の計上及び2026年3月期連結業績予想と実績値との差異に関するお知らせ.pdf,,,,,,,,,,,1,,,,,,,,,,,,,価格交渉 / 増産 / 価格改定 / 価格転嫁 / 値上 / 想定以上 / 上方修正 / 下方修正 / 想定以下 / 未達 / 大幅 / 計画を上 / 計画を下 / 計画以 / 需要回復 / 需要の回復 / 需要が増 / 需要が低 / 悪化 / グローバルニッチトップ / トップシェア / シェア拡大 / レアアース
20260514,5384,5384_1620_FUJIMI_2026年3月期 決算短信〔日本基準〕(連結).pdf,,,,,,,,,,,,,,,,,,,17,,,,,価格交渉 / 増産 / 価格改定 / 価格転嫁 / 値上 / 想定以上 / 上方修正 / 下方修正 / 想定以下 / 未達 / 大幅 / 計画を上 / 計画を下 / 計画以 / 需要回復 / 需要の回復 / 需要が増 / 需要が低 / 悪化 / グローバルニッチトップ / トップシェア / シェア拡大 / レアアース
20260514,545A,545A_1615_トランヴィア_上場廃止となった子会社(株式会社ランドコンピュータ)に関する決算開示について.pdf,,,,,,,,,,,5 7,,,,,,,,,,,,,価格交渉 / 増産 / 価格改定 / 価格転嫁 / 値上 / 想定以上 / 上方修正 / 下方修正 / 想定以下 / 未達 / 大幅 / 計画を上 / 計画を下 / 計画以 / 需要回復 / 需要の回復 / 需要が増 / 需要が低 / 悪化 / グローバルニッチトップ / トップシェア / シェア拡大 / レアアース
20260514,545A,545A_1615_トランヴィア_上場廃止となった子会社(株式会社東邦システムサイエンス)に関する決算開示について.pdf,,,,,,,,,,,5,,,,,,,,,,,,,価格交渉 / 増産 / 価格改定 / 価格転嫁 / 値上 / 想定以上 / 上方修正 / 下方修正 / 想定以下 / 未達 / 大幅 / 計画を上 / 計画を下 / 計画以 / 需要回復 / 需要の回復 / 需要が増 / 需要が低 / 悪化 / グローバルニッチトップ / トップシェア / シェア拡大 / レアアース
20260514,5537,5537_1600_G-AlbaLink_2026年12月期第1四半期決算 補足説明資料.pdf,,,,,,,,,,,7 8 14 31 45,,,,,,,,,,,,,価格交渉 / 増産 / 価格改定 / 価格転嫁 / 値上 / 想定以上 / 上方修正 / 下方修正 / 想定以下 / 未達 / 大幅 / 計画を上 / 計画を下 / 計画以 / 需要回復 / 需要の回復 / 需要が増 / 需要が低 / 悪化 / グローバルニッチトップ / トップシェア / シェア拡大 / レアアース
20260514,5576,5576_1000_オービーシステム_2026年3月期 期末決算説明資料.pdf,,,,,,,,,,,8 12,,,,,,,,,,,,,価格交渉 / 増産 / 価格改定 / 価格転嫁 / 値上 / 想定以上 / 上方修正 / 下方修正 / 想定以下 / 未達 / 大幅 / 計画を上 / 計画を下 / 計画以 / 需要回復 / 需要の回復 / 需要が増 / 需要が低 / 悪化 / グローバルニッチトップ / トップシェア / シェア拡大 / レアアース
20260514,5586,5586_1600_G-LaboroAI_2026年9月期 第2四半期 決算説明資料.pdf,,,,,,,,,,15,,,,,,,,,,,,,,価格交渉 / 増産 / 価格改定 / 価格転嫁 / 値上 / 想定以上 / 上方修正 / 下方修正 / 想定以下 / 未達 / 大幅 / 計画を上 / 計画を下 / 計画以 / 需要回復 / 需要の回復 / 需要が増 / 需要が低 / 悪化 / グローバルニッチトップ / トップシェア / シェア拡大 / レアアース
20260514,5590,5590_1530_G-ネットスターズ_2026年12月期 第1四半期決算短信〔日本基準〕(連結).pdf,,,,,,,,,,,,,,,,4,,,,,,,,価格交渉 / 増産 / 価格改定 / 価格転嫁 / 値上 / 想定以上 / 上方修正 / 下方修正 / 想定以下 / 未達 / 大幅 / 計画を上 / 計画を下 / 計画以 / 需要回復 / 需要の回復 / 需要が増 / 需要が低 / 悪化 / グローバルニッチトップ / トップシェア / シェア拡大 / レアアース
20260514,5592,5592_1530_G-くすりの窓口_2026年3月期決算説明資料.pdf,,,,,,,,,,,12 15 19 20 37,,,,,,,,,,,,,価格交渉 / 増産 / 価格改定 / 価格転嫁 / 値上 / 想定以上 / 上方修正 / 下方修正 / 想定以下 / 未達 / 大幅 / 計画を上 / 計画を下 / 計画以 / 需要回復 / 需要の回復 / 需要が増 / 需要が低 / 悪化 / グローバルニッチトップ / トップシェア / シェア拡大 / レアアース
20260514,5597,5597_1530_G-ブルーイノベ_2026年12月期 第1四半期 決算説明資料.pdf,,,,,,,,,,,18 25 73,,,,,,,,,,,,,価格交渉 / 増産 / 価格改定 / 価格転嫁 / 値上 / 想定以上 / 上方修正 / 下方修正 / 想定以下 / 未達 / 大幅 / 計画を上 / 計画を下 / 計画以 / 需要回復 / 需要の回復 / 需要が増 / 需要が低 / 悪化 / グローバルニッチトップ / トップシェア / シェア拡大 / レアアース
20260514,5597,5597_1530_G-ブルーイノベ_2026年12月期 第1四半期決算短信〔日本基準〕(非連結).pdf,,,,,,,,,,,4,,,,,,,,,,,,,価格交渉 / 増産 / 価格改定 / 価格転嫁 / 値上 / 想定以上 / 上方修正 / 下方修正 / 想定以下 / 未達 / 大幅 / 計画を上 / 計画を下 / 計画以 / 需要回復 / 需要の回復 / 需要が増 / 需要が低 / 悪化 / グローバルニッチトップ / トップシェア / シェア拡大 / レアアース
20260514,5618,5618_1530_G-ナイル_2026年12月期 第1四半期決算短信〔日本基準〕(連結).pdf,,,,,,,,,,,4,,,,,,,,,,,,,価格交渉 / 増産 / 価格改定 / 価格転嫁 / 値上 / 想定以上 / 上方修正 / 下方修正 / 想定以下 / 未達 / 大幅 / 計画を上 / 計画を下 / 計画以 / 需要回復 / 需要の回復 / 需要が増 / 需要が低 / 悪化 / グローバルニッチトップ / トップシェア / シェア拡大 / レアアース
20260514,5644,5644_1930_メタルアート_2026年3月期 決算短信[日本基準](連結).pdf,,,,4,,,,,,,,,,,,,,,,,,,,価格交渉 / 増産 / 価格改定 / 価格転嫁 / 値上 / 想定以上 / 上方修正 / 下方修正 / 想定以下 / 未達 / 大幅 / 計画を上 / 計画を下 / 計画以 / 需要回復 / 需要の回復 / 需要が増 / 需要が低 / 悪化 / グローバルニッチトップ / トップシェア / シェア拡大 / レアアース
20260514,5644,5644_1930_メタルアート_Gerbera holdings株式会社による株式会社メタルアート(証券コード_5644)の普通株式に対する 公開買付けの開始に関するお知らせ.pdf,,,,,,,,,,,,,,,,,,,4,,,,,価格交渉 / 増産 / 価格改定 / 価格転嫁 / 値上 / 想定以上 / 上方修正 / 下方修正 / 想定以下 / 未達 / 大幅 / 計画を上 / 計画を下 / 計画以 / 需要回復 / 需要の回復 / 需要が増 / 需要が低 / 悪化 / グローバルニッチトップ / トップシェア / シェア拡大 / レアアース
20260514,5704,5704_1530_G-JMC_2026年12月期 第1四半期決算短信〔日本基準〕(非連結).pdf,,,,,,,,,,,,,,,,,,,7,,,,,価格交渉 / 増産 / 価格改定 / 価格転嫁 / 値上 / 想定以上 / 上方修正 / 下方修正 / 想定以下 / 未達 / 大幅 / 計画を上 / 計画を下 / 計画以 / 需要回復 / 需要の回復 / 需要が増 / 需要が低 / 悪化 / グローバルニッチトップ / トップシェア / シェア拡大 / レアアース
20260514,5726,5726_1600_大阪チタ_2026年3月期 決算短信〔日本基準〕(非連結).pdf,,,,,,,,,,,4,,,,,,,,,,,,,価格交渉 / 増産 / 価格改定 / 価格転嫁 / 値上 / 想定以上 / 上方修正 / 下方修正 / 想定以下 / 未達 / 大幅 / 計画を上 / 計画を下 / 計画以 / 需要回復 / 需要の回復 / 需要が増 / 需要が低 / 悪化 / グローバルニッチトップ / トップシェア / シェア拡大 / レアアース
20260514,5741,5741_1400_UACJ_2026年3月期 決算短信〔IFRS〕(連結).pdf,,,,,4,,,,,,,,,,,,,,,,,,,価格交渉 / 増産 / 価格改定 / 価格転嫁 / 値上 / 想定以上 / 上方修正 / 下方修正 / 想定以下 / 未達 / 大幅 / 計画を上 / 計画を下 / 計画以 / 需要回復 / 需要の回復 / 需要が増 / 需要が低 / 悪化 / グローバルニッチトップ / トップシェア / シェア拡大 / レアアース
20260514,5803,5803_1400_フジクラ_2026年3月期 決算短信〔日本基準〕(連結).pdf,,5 9,,,,,,,,,,,,,,,,,,,,,,価格交渉 / 増産 / 価格改定 / 価格転嫁 / 値上 / 想定以上 / 上方修正 / 下方修正 / 想定以下 / 未達 / 大幅 / 計画を上 / 計画を下 / 計画以 / 需要回復 / 需要の回復 / 需要が増 / 需要が低 / 悪化 / グローバルニッチトップ / トップシェア / シェア拡大 / レアアース
20260514,5858,5858_1400_G-STG_2026年3月期決算短信〔日本基準〕(連結).pdf,,,,,,,,,,,6,,,,,,,,,,,,,価格交渉 / 増産 / 価格改定 / 価格転嫁 / 値上 / 想定以上 / 上方修正 / 下方修正 / 想定以下 / 未達 / 大幅 / 計画を上 / 計画を下 / 計画以 / 需要回復 / 需要の回復 / 需要が増 / 需要が低 / 悪化 / グローバルニッチトップ / トップシェア / シェア拡大 / レアアース
20260514,5871,5871_1530_SOLIZE HD_2026年12月期 第1四半期決算短信〔日本基準〕(連結).pdf,,,,,,,,,,,,,,,,,,,4,,,,,価格交渉 / 増産 / 価格改定 / 価格転嫁 / 値上 / 想定以上 / 上方修正 / 下方修正 / 想定以下 / 未達 / 大幅 / 計画を上 / 計画を下 / 計画以 / 需要回復 / 需要の回復 / 需要が増 / 需要が低 / 悪化 / グローバルニッチトップ / トップシェア / シェア拡大 / レアアース
20260514,5871,5871_1530_SOLIZE HD_2026年12月期 第1四半期決算説明資料.pdf,,,,,,,,,,,,,,,,,,,15 30,,,,,価格交渉 / 増産 / 価格改定 / 価格転嫁 / 値上 / 想定以上 / 上方修正 / 下方修正 / 想定以下 / 未達 / 大幅 / 計画を上 / 計画を下 / 計画以 / 需要回復 / 需要の回復 / 需要が増 / 需要が低 / 悪化 / グローバルニッチトップ / トップシェア / シェア拡大 / レアアース
20260514,5892,5892_1600_G-yutori_2026年3月期 決算説明資料.pdf,,,,,16 20,,,,,,,,,,,,,,,,,,,価格交渉 / 増産 / 価格改定 / 価格転嫁 / 値上 / 想定以上 / 上方修正 / 下方修正 / 想定以下 / 未達 / 大幅 / 計画を上 / 計画を下 / 計画以 / 需要回復 / 需要の回復 / 需要が増 / 需要が低 / 悪化 / グローバルニッチトップ / トップシェア / シェア拡大 / レアアース
20260514,5929,5929_1130_三和HD_2026年3月期決算短信〔日本基準〕(連結).pdf,,,,,,,,,,,,,,,,,,,,,,4,,価格交渉 / 増産 / 価格改定 / 価格転嫁 / 値上 / 想定以上 / 上方修正 / 下方修正 / 想定以下 / 未達 / 大幅 / 計画を上 / 計画を下 / 計画以 / 需要回復 / 需要の回復 / 需要が増 / 需要が低 / 悪化 / グローバルニッチトップ / トップシェア / シェア拡大 / レアアース
20260514,5930,5930_1400_文化シヤター_2026年3月期 決算説明資料.pdf,,,,,,,,,,11 19 20 21 22,,,,,,,,,,,,,,価格交渉 / 増産 / 価格改定 / 価格転嫁 / 値上 / 想定以上 / 上方修正 / 下方修正 / 想定以下 / 未達 / 大幅 / 計画を上 / 計画を下 / 計画以 / 需要回復 / 需要の回復 / 需要が増 / 需要が低 / 悪化 / グローバルニッチトップ / トップシェア / シェア拡大 / レアアース
20260514,5940,5940_1400_不二サッシ_資本コストや株価を意識した経営の実現に向けた対応について(アップデート).pdf,,,,,,,,,,,,3,,,,,,,,,,,,価格交渉 / 増産 / 価格改定 / 価格転嫁 / 値上 / 想定以上 / 上方修正 / 下方修正 / 想定以下 / 未達 / 大幅 / 計画を上 / 計画を下 / 計画以 / 需要回復 / 需要の回復 / 需要が増 / 需要が低 / 悪化 / グローバルニッチトップ / トップシェア / シェア拡大 / レアアース
20260514,5945,5945_1430_天龍製鋸_2026年3月期 決算短信〔日本基準〕(連結).pdf,,,,,,,,,,,,,,,,,,,4,,,,,価格交渉 / 増産 / 価格改定 / 価格転嫁 / 値上 / 想定以上 / 上方修正 / 下方修正 / 想定以下 / 未達 / 大幅 / 計画を上 / 計画を下 / 計画以 / 需要回復 / 需要の回復 / 需要が増 / 需要が低 / 悪化 / グローバルニッチトップ / トップシェア / シェア拡大 / レアアース
20260514,5945,5945_1430_天龍製鋸_中期経営計画(2024年度~2026年度)の数値目標の修正に関するお知らせ.pdf,,,,,,,,,,,,,,,,,,,2,,,,,価格交渉 / 増産 / 価格改定 / 価格転嫁 / 値上 / 想定以上 / 上方修正 / 下方修正 / 想定以下 / 未達 / 大幅 / 計画を上 / 計画を下 / 計画以 / 需要回復 / 需要の回復 / 需要が増 / 需要が低 / 悪化 / グローバルニッチトップ / トップシェア / シェア拡大 / レアアース
20260514,6016,6016_1530_ジャパンエンジン_2026年3月期 決算短信〔日本基準〕(非連結).pdf,,,,5,,,,,,,,,,,,,,,,,,,,価格交渉 / 増産 / 価格改定 / 価格転嫁 / 値上 / 想定以上 / 上方修正 / 下方修正 / 想定以下 / 未達 / 大幅 / 計画を上 / 計画を下 / 計画以 / 需要回復 / 需要の回復 / 需要が増 / 需要が低 / 悪化 / グローバルニッチトップ / トップシェア / シェア拡大 / レアアース
20260514,6033,6033_1330_G-エクストリーム_中期経営計画の基本方針.pdf,,,,,,,,,,,6 7,,,,,,,,,,,,,価格交渉 / 増産 / 価格改定 / 価格転嫁 / 値上 / 想定以上 / 上方修正 / 下方修正 / 想定以下 / 未達 / 大幅 / 計画を上 / 計画を下 / 計画以 / 需要回復 / 需要の回復 / 需要が増 / 需要が低 / 悪化 / グローバルニッチトップ / トップシェア / シェア拡大 / レアアース
20260514,6069,6069_1530_G-Trends_2026年3月期 決算説明資料.pdf,,,,,,,,,,,9 11 12 21,,,,,,,,,,,,,価格交渉 / 増産 / 価格改定 / 価格転嫁 / 値上 / 想定以上 / 上方修正 / 下方修正 / 想定以下 / 未達 / 大幅 / 計画を上 / 計画を下 / 計画以 / 需要回復 / 需要の回復 / 需要が増 / 需要が低 / 悪化 / グローバルニッチトップ / トップシェア / シェア拡大 / レアアース
20260514,6070,6070_1645_キャリアリンク_2026年3月期 決算短信〔日本基準〕(連結).pdf,,,,,,,,,,,4 5,,,,,,,,,,,,,価格交渉 / 増産 / 価格改定 / 価格転嫁 / 値上 / 想定以上 / 上方修正 / 下方修正 / 想定以下 / 未達 / 大幅 / 計画を上 / 計画を下 / 計画以 / 需要回復 / 需要の回復 / 需要が増 / 需要が低 / 悪化 / グローバルニッチトップ / トップシェア / シェア拡大 / レアアース
20260514,6072,6072_1700_地盤ネットHD_2026年3月期決算補足説明資料.pdf,,,,,,,,,,,5 12,,,,,,,,,,,,,価格交渉 / 増産 / 価格改定 / 価格転嫁 / 値上 / 想定以上 / 上方修正 / 下方修正 / 想定以下 / 未達 / 大幅 / 計画を上 / 計画を下 / 計画以 / 需要回復 / 需要の回復 / 需要が増 / 需要が低 / 悪化 / グローバルニッチトップ / トップシェア / シェア拡大 / レアアース
20260514,6072,6072_1703_地盤ネットHD_2026年3月期決算短信〔日本基準〕(連結).pdf,,,,,,,,,,,4,,,,,,,,,,,,,価格交渉 / 増産 / 価格改定 / 価格転嫁 / 値上 / 想定以上 / 上方修正 / 下方修正 / 想定以下 / 未達 / 大幅 / 計画を上 / 計画を下 / 計画以 / 需要回復 / 需要の回復 / 需要が増 / 需要が低 / 悪化 / グローバルニッチトップ / トップシェア / シェア拡大 / レアアース
20260514,6074,6074_1630_JSS_特別損失の計上および2026年3月期通期業績予想と実績値の差異に関するお知らせ.pdf,,,,,,,,,,,,,,,,,,,1,,,,,価格交渉 / 増産 / 価格改定 / 価格転嫁 / 値上 / 想定以上 / 上方修正 / 下方修正 / 想定以下 / 未達 / 大幅 / 計画を上 / 計画を下 / 計画以 / 需要回復 / 需要の回復 / 需要が増 / 需要が低 / 悪化 / グローバルニッチトップ / トップシェア / シェア拡大 / レアアース
20260514,6089,6089_1530_ウィルグループ_中期経営計画(WILL-being 2029)策定に関するお知らせ.pdf,,,,,,,,,,,,,,,,,,,6,,,,,価格交渉 / 増産 / 価格改定 / 価格転嫁 / 値上 / 想定以上 / 上方修正 / 下方修正 / 想定以下 / 未達 / 大幅 / 計画を上 / 計画を下 / 計画以 / 需要回復 / 需要の回復 / 需要が増 / 需要が低 / 悪化 / グローバルニッチトップ / トップシェア / シェア拡大 / レアアース
20260514,6113,6113_1530_アマダ_2026年3月期 決算短信〔IFRS〕(連結).pdf,,,,,,,,,,,22 24,,,,,,,,,,,,,価格交渉 / 増産 / 価格改定 / 価格転嫁 / 値上 / 想定以上 / 上方修正 / 下方修正 / 想定以下 / 未達 / 大幅 / 計画を上 / 計画を下 / 計画以 / 需要回復 / 需要の回復 / 需要が増 / 需要が低 / 悪化 / グローバルニッチトップ / トップシェア / シェア拡大 / レアアース
20260514,6113,6113_1530_アマダ_「中期経営計画2030」の策定に関するお知らせ.pdf,,,,,,,,,,1,,,,,,,,,,,,,,価格交渉 / 増産 / 価格改定 / 価格転嫁 / 値上 / 想定以上 / 上方修正 / 下方修正 / 想定以下 / 未達 / 大幅 / 計画を上 / 計画を下 / 計画以 / 需要回復 / 需要の回復 / 需要が増 / 需要が低 / 悪化 / グローバルニッチトップ / トップシェア / シェア拡大 / レアアース
20260514,6113,6113_1530_アマダ_監査等委員会設置会社への移行に伴う業績連動型株式報酬制度の継続及び一部改定に関するお知らせ.pdf,,,,,,,,,,2,,,,,,,,,,,,,,価格交渉 / 増産 / 価格改定 / 価格転嫁 / 値上 / 想定以上 / 上方修正 / 下方修正 / 想定以下 / 未達 / 大幅 / 計画を上 / 計画を下 / 計画以 / 需要回復 / 需要の回復 / 需要が増 / 需要が低 / 悪化 / グローバルニッチトップ / トップシェア / シェア拡大 / レアアース
20260514,6134,6134_1530_FUJI_2026年3月期 決算短信〔日本基準〕(連結).pdf,,,,,,,,,,,,,,,,,,4,,,,,,価格交渉 / 増産 / 価格改定 / 価格転嫁 / 値上 / 想定以上 / 上方修正 / 下方修正 / 想定以下 / 未達 / 大幅 / 計画を上 / 計画を下 / 計画以 / 需要回復 / 需要の回復 / 需要が増 / 需要が低 / 悪化 / グローバルニッチトップ / トップシェア / シェア拡大 / レアアース
20260514,6134,6134_1530_FUJI_特別損失の計上、通期連結業績予想と実績値との差異及び剰余金の配当に関するお知らせ.pdf,,,,,,,,,,,2,,,,,,,,,,,,,価格交渉 / 増産 / 価格改定 / 価格転嫁 / 値上 / 想定以上 / 上方修正 / 下方修正 / 想定以下 / 未達 / 大幅 / 計画を上 / 計画を下 / 計画以 / 需要回復 / 需要の回復 / 需要が増 / 需要が低 / 悪化 / グローバルニッチトップ / トップシェア / シェア拡大 / レアアース
20260514,6149,6149_1530_小田原エン_2026年12月期第1四半期決算短信〔日本基準〕(連結).pdf,,,,,,,,,,,4,,,,,,,,,,,,,価格交渉 / 増産 / 価格改定 / 価格転嫁 / 値上 / 想定以上 / 上方修正 / 下方修正 / 想定以下 / 未達 / 大幅 / 計画を上 / 計画を下 / 計画以 / 需要回復 / 需要の回復 / 需要が増 / 需要が低 / 悪化 / グローバルニッチトップ / トップシェア / シェア拡大 / レアアース
20260514,6157,6157_1600_日進工具_2026年3月期決算概要.pdf,,5 11,,,,,,,,,,,,,,,,,,,,,,価格交渉 / 増産 / 価格改定 / 価格転嫁 / 値上 / 想定以上 / 上方修正 / 下方修正 / 想定以下 / 未達 / 大幅 / 計画を上 / 計画を下 / 計画以 / 需要回復 / 需要の回復 / 需要が増 / 需要が低 / 悪化 / グローバルニッチトップ / トップシェア / シェア拡大 / レアアース
20260514,6180,6180_1531_G-GMOメディア_2026年12月期 第1四半期決算補足説明資料.pdf,,,,,,,,,,,,,,,,,53,,,,,,,価格交渉 / 増産 / 価格改定 / 価格転嫁 / 値上 / 想定以上 / 上方修正 / 下方修正 / 想定以下 / 未達 / 大幅 / 計画を上 / 計画を下 / 計画以 / 需要回復 / 需要の回復 / 需要が増 / 需要が低 / 悪化 / グローバルニッチトップ / トップシェア / シェア拡大 / レアアース
20260514,6237,6237_1600_イワキポンプ_2026年3月期 決算説明資料.pdf,,,,,,,,,,,14,,,,,,,,,,,,,価格交渉 / 増産 / 価格改定 / 価格転嫁 / 値上 / 想定以上 / 上方修正 / 下方修正 / 想定以下 / 未達 / 大幅 / 計画を上 / 計画を下 / 計画以 / 需要回復 / 需要の回復 / 需要が増 / 需要が低 / 悪化 / グローバルニッチトップ / トップシェア / シェア拡大 / レアアース
20260514,6238,6238_1600_フリュー_2026年3月期 決算短信〔日本基準〕(連結).pdf,,,,,,,,,,,6,,,,,,,,,,,,,価格交渉 / 増産 / 価格改定 / 価格転嫁 / 値上 / 想定以上 / 上方修正 / 下方修正 / 想定以下 / 未達 / 大幅 / 計画を上 / 計画を下 / 計画以 / 需要回復 / 需要の回復 / 需要が増 / 需要が低 / 悪化 / グローバルニッチトップ / トップシェア / シェア拡大 / レアアース
20260514,6249,6249_1530_ゲームカードHD_2026年3月期 決算短信[日本基準](連結).pdf,,,,,,,,,,,,,,,,,,,4,,,,,価格交渉 / 増産 / 価格改定 / 価格転嫁 / 値上 / 想定以上 / 上方修正 / 下方修正 / 想定以下 / 未達 / 大幅 / 計画を上 / 計画を下 / 計画以 / 需要回復 / 需要の回復 / 需要が増 / 需要が低 / 悪化 / グローバルニッチトップ / トップシェア / シェア拡大 / レアアース
20260514,6250,6250_1400_やまびこ_2026年12月期 第1四半期決算短信〔日本基準〕(連結).pdf,,,5,,,,,,,,,,,,,,,,,,,,,価格交渉 / 増産 / 価格改定 / 価格転嫁 / 値上 / 想定以上 / 上方修正 / 下方修正 / 想定以下 / 未達 / 大幅 / 計画を上 / 計画を下 / 計画以 / 需要回復 / 需要の回復 / 需要が増 / 需要が低 / 悪化 / グローバルニッチトップ / トップシェア / シェア拡大 / レアアース
20260514,6250,6250_1400_やまびこ_海外連結子会社の解散および清算に関するお知らせ.pdf,,,,,,,,,,,,,,,,,,,1,,,,,価格交渉 / 増産 / 価格改定 / 価格転嫁 / 値上 / 想定以上 / 上方修正 / 下方修正 / 想定以下 / 未達 / 大幅 / 計画を上 / 計画を下 / 計画以 / 需要回復 / 需要の回復 / 需要が増 / 需要が低 / 悪化 / グローバルニッチトップ / トップシェア / シェア拡大 / レアアース
20260514,6254,6254_1530_野村マイクロ_2026年3月期決算短信〔日本基準〕(連結).pdf,,,,,,,,,,,,,,,,,,,4,,,,,価格交渉 / 増産 / 価格改定 / 価格転嫁 / 値上 / 想定以上 / 上方修正 / 下方修正 / 想定以下 / 未達 / 大幅 / 計画を上 / 計画を下 / 計画以 / 需要回復 / 需要の回復 / 需要が増 / 需要が低 / 悪化 / グローバルニッチトップ / トップシェア / シェア拡大 / レアアース
20260514,6258,6258_1530_平田機工_2026年3月期 決算短信〔日本基準〕(連結).pdf,,,,5,,,,,,,,,,,,,,,,,,,,価格交渉 / 増産 / 価格改定 / 価格転嫁 / 値上 / 想定以上 / 上方修正 / 下方修正 / 想定以下 / 未達 / 大幅 / 計画を上 / 計画を下 / 計画以 / 需要回復 / 需要の回復 / 需要が増 / 需要が低 / 悪化 / グローバルニッチトップ / トップシェア / シェア拡大 / レアアース
20260514,6294,6294_1530_オカダアイヨン_2026年3月期 決算短信〔日本基準〕(連結).pdf,,4,,,,,,,,,,,,,,,,,,,,,,価格交渉 / 増産 / 価格改定 / 価格転嫁 / 値上 / 想定以上 / 上方修正 / 下方修正 / 想定以下 / 未達 / 大幅 / 計画を上 / 計画を下 / 計画以 / 需要回復 / 需要の回復 / 需要が増 / 需要が低 / 悪化 / グローバルニッチトップ / トップシェア / シェア拡大 / レアアース
20260514,6294,6294_1530_オカダアイヨン_2026年3月期 決算短信補足資料.pdf,,,,,,,,,,,,,,,5,,,,,,,,,価格交渉 / 増産 / 価格改定 / 価格転嫁 / 値上 / 想定以上 / 上方修正 / 下方修正 / 想定以下 / 未達 / 大幅 / 計画を上 / 計画を下 / 計画以 / 需要回復 / 需要の回復 / 需要が増 / 需要が低 / 悪化 / グローバルニッチトップ / トップシェア / シェア拡大 / レアアース
20260514,6338,6338_1530_タカトリ_特別利益の計上および第2四半期(中間期)連結業績予想と実績との差異 並びに非連結決算移行に伴う2026年9月期通期業績予想の公表に関するお知らせ.pdf,,,,,,,,,,,2,,,,,,,,,,,,,価格交渉 / 増産 / 価格改定 / 価格転嫁 / 値上 / 想定以上 / 上方修正 / 下方修正 / 想定以下 / 未達 / 大幅 / 計画を上 / 計画を下 / 計画以 / 需要回復 / 需要の回復 / 需要が増 / 需要が低 / 悪化 / グローバルニッチトップ / トップシェア / シェア拡大 / レアアース
20260514,6349,6349_1530_小森_2026年3月期決算短信〔日本基準〕(連結).pdf,,,,5,,,,,,,,,,,,,,,,,,,,価格交渉 / 増産 / 価格改定 / 価格転嫁 / 値上 / 想定以上 / 上方修正 / 下方修正 / 想定以下 / 未達 / 大幅 / 計画を上 / 計画を下 / 計画以 / 需要回復 / 需要の回復 / 需要が増 / 需要が低 / 悪化 / グローバルニッチトップ / トップシェア / シェア拡大 / レアアース
20260514,6360,6360_1530_東自機_2026年3月期決算短信〔日本基準〕(非連結).pdf,,,,4,,,,,,,,,,,,,,,,,,,,価格交渉 / 増産 / 価格改定 / 価格転嫁 / 値上 / 想定以上 / 上方修正 / 下方修正 / 想定以下 / 未達 / 大幅 / 計画を上 / 計画を下 / 計画以 / 需要回復 / 需要の回復 / 需要が増 / 需要が低 / 悪化 / グローバルニッチトップ / トップシェア / シェア拡大 / レアアース
20260514,6367,6367_1600_ダイキン工_米国における当社及び当社米国子会社に対する訴訟の提起に関するお知らせ.pdf,,,,,1,,,,,,,,,,,,,,,,,,,価格交渉 / 増産 / 価格改定 / 価格転嫁 / 値上 / 想定以上 / 上方修正 / 下方修正 / 想定以下 / 未達 / 大幅 / 計画を上 / 計画を下 / 計画以 / 需要回復 / 需要の回復 / 需要が増 / 需要が低 / 悪化 / グローバルニッチトップ / トップシェア / シェア拡大 / レアアース
20260514,6383,6383_1530_ダイフク_2026年12月期 第1四半期決算短信〔日本基準〕(連結).pdf,,,,,,,6,,,,,,,,,,,,,,,,,価格交渉 / 増産 / 価格改定 / 価格転嫁 / 値上 / 想定以上 / 上方修正 / 下方修正 / 想定以下 / 未達 / 大幅 / 計画を上 / 計画を下 / 計画以 / 需要回復 / 需要の回復 / 需要が増 / 需要が低 / 悪化 / グローバルニッチトップ / トップシェア / シェア拡大 / レアアース
20260514,6383,6383_1530_ダイフク_2026年12月期 第1四半期決算説明資料.pdf,,,,,,,2 15,,,,,,,,,,,,,,,,,価格交渉 / 増産 / 価格改定 / 価格転嫁 / 値上 / 想定以上 / 上方修正 / 下方修正 / 想定以下 / 未達 / 大幅 / 計画を上 / 計画を下 / 計画以 / 需要回復 / 需要の回復 / 需要が増 / 需要が低 / 悪化 / グローバルニッチトップ / トップシェア / シェア拡大 / レアアース
20260514,6390,6390_1530_加藤製_2026年3月期決算短信〔日本基準〕(連結).pdf,,,,,,,,,,,,,,,6,,,,,,,,,価格交渉 / 増産 / 価格改定 / 価格転嫁 / 値上 / 想定以上 / 上方修正 / 下方修正 / 想定以下 / 未達 / 大幅 / 計画を上 / 計画を下 / 計画以 / 需要回復 / 需要の回復 / 需要が増 / 需要が低 / 悪化 / グローバルニッチトップ / トップシェア / シェア拡大 / レアアース
20260514,6390,6390_1530_加藤製_通期連結業績予想と実績値との差異に関するお知らせ.pdf,,,,,,,,,,,,,,,,,,,1,,,,,価格交渉 / 増産 / 価格改定 / 価格転嫁 / 値上 / 想定以上 / 上方修正 / 下方修正 / 想定以下 / 未達 / 大幅 / 計画を上 / 計画を下 / 計画以 / 需要回復 / 需要の回復 / 需要が増 / 需要が低 / 悪化 / グローバルニッチトップ / トップシェア / シェア拡大 / レアアース
20260514,6419,6419_1600_マースグループHD_2026年3月期 決算短信〔日本基準〕(連結).pdf,,,,,,,,,,,,,,,,5,,,,,,,,価格交渉 / 増産 / 価格改定 / 価格転嫁 / 値上 / 想定以上 / 上方修正 / 下方修正 / 想定以下 / 未達 / 大幅 / 計画を上 / 計画を下 / 計画以 / 需要回復 / 需要の回復 / 需要が増 / 需要が低 / 悪化 / グローバルニッチトップ / トップシェア / シェア拡大 / レアアース
20260514,6488,6488_1500_ヨシタケ_業績予想および配当予想の修正に関するお知らせ.pdf,,,,,,,2,,,,,,,,,,,,,,,,,価格交渉 / 増産 / 価格改定 / 価格転嫁 / 値上 / 想定以上 / 上方修正 / 下方修正 / 想定以下 / 未達 / 大幅 / 計画を上 / 計画を下 / 計画以 / 需要回復 / 需要の回復 / 需要が増 / 需要が低 / 悪化 / グローバルニッチトップ / トップシェア / シェア拡大 / レアアース
20260514,6490,6490_1530_PILLAR_2026年3月期 決算短信〔日本基準〕(連結).pdf,,,,,,,,,,,,,,,4,,,,,,,,,価格交渉 / 増産 / 価格改定 / 価格転嫁 / 値上 / 想定以上 / 上方修正 / 下方修正 / 想定以下 / 未達 / 大幅 / 計画を上 / 計画を下 / 計画以 / 需要回復 / 需要の回復 / 需要が増 / 需要が低 / 悪化 / グローバルニッチトップ / トップシェア / シェア拡大 / レアアース
20260514,6492,6492_1530_岡野バル_2026年9月期 第2四半期(中間期)決算短信〔日本基準〕(連結).pdf,,,,,,,,,,,5,,,,,,,,,,,,,価格交渉 / 増産 / 価格改定 / 価格転嫁 / 値上 / 想定以上 / 上方修正 / 下方修正 / 想定以下 / 未達 / 大幅 / 計画を上 / 計画を下 / 計画以 / 需要回復 / 需要の回復 / 需要が増 / 需要が低 / 悪化 / グローバルニッチトップ / トップシェア / シェア拡大 / レアアース
20260514,6507,6507_1340_シンフォニア_2026年3月期 決算短信〔日本基準〕(連結).pdf,,,,,,,,,,,6,,,,,,,,,,,,,価格交渉 / 増産 / 価格改定 / 価格転嫁 / 値上 / 想定以上 / 上方修正 / 下方修正 / 想定以下 / 未達 / 大幅 / 計画を上 / 計画を下 / 計画以 / 需要回復 / 需要の回復 / 需要が増 / 需要が低 / 悪化 / グローバルニッチトップ / トップシェア / シェア拡大 / レアアース
20260514,6563,6563_1140_G-みらいワークス_2026年9月期第2四半期 決算説明資料.pdf,,,,,,,,,,,6,,,,,,,,,,,,,価格交渉 / 増産 / 価格改定 / 価格転嫁 / 値上 / 想定以上 / 上方修正 / 下方修正 / 想定以下 / 未達 / 大幅 / 計画を上 / 計画を下 / 計画以 / 需要回復 / 需要の回復 / 需要が増 / 需要が低 / 悪化 / グローバルニッチトップ / トップシェア / シェア拡大 / レアアース
20260514,6568,6568_1530_G-神戸天然物化学_2026年3月期 決算短信 [日本基準] (非連結).pdf,,,,,,,,,,,,,,,,,,,5,,,,,価格交渉 / 増産 / 価格改定 / 価格転嫁 / 値上 / 想定以上 / 上方修正 / 下方修正 / 想定以下 / 未達 / 大幅 / 計画を上 / 計画を下 / 計画以 / 需要回復 / 需要の回復 / 需要が増 / 需要が低 / 悪化 / グローバルニッチトップ / トップシェア / シェア拡大 / レアアース
20260514,6568,6568_1530_G-神戸天然物化学_2026年3月期 決算補足説明資料.pdf,,,,,,,,,,,,,,,,,,,17,,,,,価格交渉 / 増産 / 価格改定 / 価格転嫁 / 値上 / 想定以上 / 上方修正 / 下方修正 / 想定以下 / 未達 / 大幅 / 計画を上 / 計画を下 / 計画以 / 需要回復 / 需要の回復 / 需要が増 / 需要が低 / 悪化 / グローバルニッチトップ / トップシェア / シェア拡大 / レアアース
20260514,6584,6584_1600_三桜工_2026年3月期 決算短信〔日本基準〕(連結).pdf,,,,,,,,,,,,,,,,,,,4,,,,,価格交渉 / 増産 / 価格改定 / 価格転嫁 / 値上 / 想定以上 / 上方修正 / 下方修正 / 想定以下 / 未達 / 大幅 / 計画を上 / 計画を下 / 計画以 / 需要回復 / 需要の回復 / 需要が増 / 需要が低 / 悪化 / グローバルニッチトップ / トップシェア / シェア拡大 / レアアース
20260514,6584,6584_1600_三桜工_特別損失(減損損失)の計上に関するお知らせ.pdf,,,,,,,,,,,,,,,,,,,1,,,,,価格交渉 / 増産 / 価格改定 / 価格転嫁 / 値上 / 想定以上 / 上方修正 / 下方修正 / 想定以下 / 未達 / 大幅 / 計画を上 / 計画を下 / 計画以 / 需要回復 / 需要の回復 / 需要が増 / 需要が低 / 悪化 / グローバルニッチトップ / トップシェア / シェア拡大 / レアアース
20260514,6584,6584_1600_三桜工_特別損失(関係会社出資金評価損)の計上、営業外費用(貸倒引当金繰入額)の計上 及び通期個別実績値と前期実績値との差異に関するお知らせ.pdf,,,,,,,,,,,,,,,,,,,1,,,,,価格交渉 / 増産 / 価格改定 / 価格転嫁 / 値上 / 想定以上 / 上方修正 / 下方修正 / 想定以下 / 未達 / 大幅 / 計画を上 / 計画を下 / 計画以 / 需要回復 / 需要の回復 / 需要が増 / 需要が低 / 悪化 / グローバルニッチトップ / トップシェア / シェア拡大 / レアアース
20260514,6613,6613_1630_G-QDレーザ_2026年3月期 決算短信〔日本基準〕(非連結).pdf,,4,,,,,,,,,,,,,,,,,,,,,,価格交渉 / 増産 / 価格改定 / 価格転嫁 / 値上 / 想定以上 / 上方修正 / 下方修正 / 想定以下 / 未達 / 大幅 / 計画を上 / 計画を下 / 計画以 / 需要回復 / 需要の回復 / 需要が増 / 需要が低 / 悪化 / グローバルニッチトップ / トップシェア / シェア拡大 / レアアース
20260514,6652,6652_1530_IDEC_連結実績の業績予想との差異、個別業績の前期実績値との差異及び個別決算における特別損失の計上に関するお知らせ.pdf,,,,,,,,,,,1,,,,,,,,,,,,,価格交渉 / 増産 / 価格改定 / 価格転嫁 / 値上 / 想定以上 / 上方修正 / 下方修正 / 想定以下 / 未達 / 大幅 / 計画を上 / 計画を下 / 計画以 / 需要回復 / 需要の回復 / 需要が増 / 需要が低 / 悪化 / グローバルニッチトップ / トップシェア / シェア拡大 / レアアース
20260514,6659,6659_1530_メディアリンクス_2026年3月期 決算短信〔日本基準〕(連結).pdf,,,,,,,,,,,4,,,,,,,,,,,,,価格交渉 / 増産 / 価格改定 / 価格転嫁 / 値上 / 想定以上 / 上方修正 / 下方修正 / 想定以下 / 未達 / 大幅 / 計画を上 / 計画を下 / 計画以 / 需要回復 / 需要の回復 / 需要が増 / 需要が低 / 悪化 / グローバルニッチトップ / トップシェア / シェア拡大 / レアアース
20260514,6659,6659_1630_メディアリンクス_2026年3月期 第4四半期決算説明会資料.pdf,,,,,,,,,,,,,,,,,,,4 7,,,,,価格交渉 / 増産 / 価格改定 / 価格転嫁 / 値上 / 想定以上 / 上方修正 / 下方修正 / 想定以下 / 未達 / 大幅 / 計画を上 / 計画を下 / 計画以 / 需要回復 / 需要の回復 / 需要が増 / 需要が低 / 悪化 / グローバルニッチトップ / トップシェア / シェア拡大 / レアアース
20260514,6675,6675_1530_サクサ_2026年3月期 決算短信〔日本基準〕(連結).pdf,,,,,,,,,,,,,,,,,,,5,,,,,価格交渉 / 増産 / 価格改定 / 価格転嫁 / 値上 / 想定以上 / 上方修正 / 下方修正 / 想定以下 / 未達 / 大幅 / 計画を上 / 計画を下 / 計画以 / 需要回復 / 需要の回復 / 需要が増 / 需要が低 / 悪化 / グローバルニッチトップ / トップシェア / シェア拡大 / レアアース
20260514,6676,6676_1530_BUFFALO_2026年3月期 決算短信〔日本基準〕(連結).pdf,,,,,,,,,,,4,,,,,,,,,,,,,価格交渉 / 増産 / 価格改定 / 価格転嫁 / 値上 / 想定以上 / 上方修正 / 下方修正 / 想定以下 / 未達 / 大幅 / 計画を上 / 計画を下 / 計画以 / 需要回復 / 需要の回復 / 需要が増 / 需要が低 / 悪化 / グローバルニッチトップ / トップシェア / シェア拡大 / レアアース
20260514,6676,6676_1530_BUFFALO_2026年3月期 決算説明資料.pdf,,,,,,,,,,,35,,,,,,,,,,,,,価格交渉 / 増産 / 価格改定 / 価格転嫁 / 値上 / 想定以上 / 上方修正 / 下方修正 / 想定以下 / 未達 / 大幅 / 計画を上 / 計画を下 / 計画以 / 需要回復 / 需要の回復 / 需要が増 / 需要が低 / 悪化 / グローバルニッチトップ / トップシェア / シェア拡大 / レアアース
20260514,6676,6676_1530_BUFFALO_個別業績の前期実績値との差異に関するお知らせ.pdf,,,,,,,,,,,1,,,,,,,,,,,,,価格交渉 / 増産 / 価格改定 / 価格転嫁 / 値上 / 想定以上 / 上方修正 / 下方修正 / 想定以下 / 未達 / 大幅 / 計画を上 / 計画を下 / 計画以 / 需要回復 / 需要の回復 / 需要が増 / 需要が低 / 悪化 / グローバルニッチトップ / トップシェア / シェア拡大 / レアアース
20260514,6740,6740_1532_JDI_2026年3月期決算短信〔日本基準〕(連結).pdf,,,,,,,,,,,5 15,,,,,,,,,,,,,価格交渉 / 増産 / 価格改定 / 価格転嫁 / 値上 / 想定以上 / 上方修正 / 下方修正 / 想定以下 / 未達 / 大幅 / 計画を上 / 計画を下 / 計画以 / 需要回復 / 需要の回復 / 需要が増 / 需要が低 / 悪化 / グローバルニッチトップ / トップシェア / シェア拡大 / レアアース
20260514,6740,6740_1532_JDI_営業外収益、営業外費用、特別利益及び特別損失の計上のお知らせ.pdf,,,,,,,,,,,,,,,,,,,1,,,,,価格交渉 / 増産 / 価格改定 / 価格転嫁 / 値上 / 想定以上 / 上方修正 / 下方修正 / 想定以下 / 未達 / 大幅 / 計画を上 / 計画を下 / 計画以 / 需要回復 / 需要の回復 / 需要が増 / 需要が低 / 悪化 / グローバルニッチトップ / トップシェア / シェア拡大 / レアアース
20260514,6776,6776_1600_天昇電_2026年3月期 決算短信〔日本基準〕(連結).pdf,,,,,6,,,,,,,,,,,,,,,,,,,価格交渉 / 増産 / 価格改定 / 価格転嫁 / 値上 / 想定以上 / 上方修正 / 下方修正 / 想定以下 / 未達 / 大幅 / 計画を上 / 計画を下 / 計画以 / 需要回復 / 需要の回復 / 需要が増 / 需要が低 / 悪化 / グローバルニッチトップ / トップシェア / シェア拡大 / レアアース
20260514,6786,6786_1600_RVH_2026年3月期決算短信〔日本基準〕(連結).pdf,,,,,,,,,,,5 6,,,,,,,,,,,,,価格交渉 / 増産 / 価格改定 / 価格転嫁 / 値上 / 想定以上 / 上方修正 / 下方修正 / 想定以下 / 未達 / 大幅 / 計画を上 / 計画を下 / 計画以 / 需要回復 / 需要の回復 / 需要が増 / 需要が低 / 悪化 / グローバルニッチトップ / トップシェア / シェア拡大 / レアアース
20260514,6834,6834_1600_精工技研_2026年3月期 決算短信〔日本基準〕(連結).pdf,,,,,,,,,,,4,,,,,,,,,,,,,価格交渉 / 増産 / 価格改定 / 価格転嫁 / 値上 / 想定以上 / 上方修正 / 下方修正 / 想定以下 / 未達 / 大幅 / 計画を上 / 計画を下 / 計画以 / 需要回復 / 需要の回復 / 需要が増 / 需要が低 / 悪化 / グローバルニッチトップ / トップシェア / シェア拡大 / レアアース
20260514,6834,6834_1600_精工技研_個別業績の前期実績との差異に関するお知らせ.pdf,,,,,,,,,,,1,,,,,,,,,,,,,価格交渉 / 増産 / 価格改定 / 価格転嫁 / 値上 / 想定以上 / 上方修正 / 下方修正 / 想定以下 / 未達 / 大幅 / 計画を上 / 計画を下 / 計画以 / 需要回復 / 需要の回復 / 需要が増 / 需要が低 / 悪化 / グローバルニッチトップ / トップシェア / シェア拡大 / レアアース
20260514,6844,6844_1530_新電元_2026年3月期 決算短信〔日本基準〕(連結).pdf,,,,,,,,,,,,,,,,,4,,,,,,,価格交渉 / 増産 / 価格改定 / 価格転嫁 / 値上 / 想定以上 / 上方修正 / 下方修正 / 想定以下 / 未達 / 大幅 / 計画を上 / 計画を下 / 計画以 / 需要回復 / 需要の回復 / 需要が増 / 需要が低 / 悪化 / グローバルニッチトップ / トップシェア / シェア拡大 / レアアース
20260514,6846,6846_1440_中央製_2026年3月期決算短信[日本基準](非連結).pdf,,,,,,,,,,,,,,,,,,,4 6,,,,,価格交渉 / 増産 / 価格改定 / 価格転嫁 / 値上 / 想定以上 / 上方修正 / 下方修正 / 想定以下 / 未達 / 大幅 / 計画を上 / 計画を下 / 計画以 / 需要回復 / 需要の回復 / 需要が増 / 需要が低 / 悪化 / グローバルニッチトップ / トップシェア / シェア拡大 / レアアース
20260514,6850,6850_1530_チノー_2026年3月期 決算短信〔日本基準〕(連結).pdf,,,,,,,,,,,,,,,,,,,5,,,,,価格交渉 / 増産 / 価格改定 / 価格転嫁 / 値上 / 想定以上 / 上方修正 / 下方修正 / 想定以下 / 未達 / 大幅 / 計画を上 / 計画を下 / 計画以 / 需要回復 / 需要の回復 / 需要が増 / 需要が低 / 悪化 / グローバルニッチトップ / トップシェア / シェア拡大 / レアアース
20260514,6855,6855_1600_電子材料_中期経営計画の進捗状況に関するお知らせ.pdf,,6,,,,,,,,,,,,,,,,,,,,,,価格交渉 / 増産 / 価格改定 / 価格転嫁 / 値上 / 想定以上 / 上方修正 / 下方修正 / 想定以下 / 未達 / 大幅 / 計画を上 / 計画を下 / 計画以 / 需要回復 / 需要の回復 / 需要が増 / 需要が低 / 悪化 / グローバルニッチトップ / トップシェア / シェア拡大 / レアアース
20260514,6859,6859_1500_エスペック_資本コストや株価を意識した経営の実現に向けた対応について(アップデート).pdf,,,,,,,,,,,,,,,,,,,3,,,,,価格交渉 / 増産 / 価格改定 / 価格転嫁 / 値上 / 想定以上 / 上方修正 / 下方修正 / 想定以下 / 未達 / 大幅 / 計画を上 / 計画を下 / 計画以 / 需要回復 / 需要の回復 / 需要が増 / 需要が低 / 悪化 / グローバルニッチトップ / トップシェア / シェア拡大 / レアアース
20260514,6869,6869_1530_シスメックス_2026年3月期 決算短信〔IFRS〕(連結).pdf,,,,,,,,,,,,,,,,,,,4 5,,,,,価格交渉 / 増産 / 価格改定 / 価格転嫁 / 値上 / 想定以上 / 上方修正 / 下方修正 / 想定以下 / 未達 / 大幅 / 計画を上 / 計画を下 / 計画以 / 需要回復 / 需要の回復 / 需要が増 / 需要が低 / 悪化 / グローバルニッチトップ / トップシェア / シェア拡大 / レアアース
20260514,6875,6875_1530_メガチップス_2026年3月期決算短信〔日本基準〕(連結).pdf,,,,,,,,,,,,,,,,4 8,,,,,,,,価格交渉 / 増産 / 価格改定 / 価格転嫁 / 値上 / 想定以上 / 上方修正 / 下方修正 / 想定以下 / 未達 / 大幅 / 計画を上 / 計画を下 / 計画以 / 需要回復 / 需要の回復 / 需要が増 / 需要が低 / 悪化 / グローバルニッチトップ / トップシェア / シェア拡大 / レアアース
20260514,6899,6899_1600_ASTI_2026年3月期 決算短信〔日本基準〕(連結).pdf,,,,,,,,,,,,,,,,,,,,,,,4,価格交渉 / 増産 / 価格改定 / 価格転嫁 / 値上 / 想定以上 / 上方修正 / 下方修正 / 想定以下 / 未達 / 大幅 / 計画を上 / 計画を下 / 計画以 / 需要回復 / 需要の回復 / 需要が増 / 需要が低 / 悪化 / グローバルニッチトップ / トップシェア / シェア拡大 / レアアース
20260514,6915,6915_1530_千代インテ_2026年12月期 第1四半期決算短信〔日本基準〕(連結).pdf,,4,,,,,,,,,,,,,,,,,,,,,,価格交渉 / 増産 / 価格改定 / 価格転嫁 / 値上 / 想定以上 / 上方修正 / 下方修正 / 想定以下 / 未達 / 大幅 / 計画を上 / 計画を下 / 計画以 / 需要回復 / 需要の回復 / 需要が増 / 需要が低 / 悪化 / グローバルニッチトップ / トップシェア / シェア拡大 / レアアース
20260514,6952,6952_1530_カシオ計_2026年3月期決算短信〔日本基準〕(連結).pdf,,,,,,,,,,,,,,,,,,,,,,4,,価格交渉 / 増産 / 価格改定 / 価格転嫁 / 値上 / 想定以上 / 上方修正 / 下方修正 / 想定以下 / 未達 / 大幅 / 計画を上 / 計画を下 / 計画以 / 需要回復 / 需要の回復 / 需要が増 / 需要が低 / 悪化 / グローバルニッチトップ / トップシェア / シェア拡大 / レアアース
20260514,6958,6958_1530_CMK_2026年3月期 決算短信〔日本基準〕(連結).pdf,,,,,,,,,,,,,,,,,,,4,,,,,価格交渉 / 増産 / 価格改定 / 価格転嫁 / 値上 / 想定以上 / 上方修正 / 下方修正 / 想定以下 / 未達 / 大幅 / 計画を上 / 計画を下 / 計画以 / 需要回復 / 需要の回復 / 需要が増 / 需要が低 / 悪化 / グローバルニッチトップ / トップシェア / シェア拡大 / レアアース
20260514,6962,6962_1540_大真空_2026年3月期決算短信〔日本基準〕(連結).pdf,,,,,,,,,,,,,,,,,,,4,,,,,価格交渉 / 増産 / 価格改定 / 価格転嫁 / 値上 / 想定以上 / 上方修正 / 下方修正 / 想定以下 / 未達 / 大幅 / 計画を上 / 計画を下 / 計画以 / 需要回復 / 需要の回復 / 需要が増 / 需要が低 / 悪化 / グローバルニッチトップ / トップシェア / シェア拡大 / レアアース
20260514,6997,6997_1530_日ケミコン_2026年3月期決算短信〔日本基準〕(連結).pdf,,,,,,,,,,,,,,,,,5,,,,,,,価格交渉 / 増産 / 価格改定 / 価格転嫁 / 値上 / 想定以上 / 上方修正 / 下方修正 / 想定以下 / 未達 / 大幅 / 計画を上 / 計画を下 / 計画以 / 需要回復 / 需要の回復 / 需要が増 / 需要が低 / 悪化 / グローバルニッチトップ / トップシェア / シェア拡大 / レアアース
20260514,6998,6998_1600_日タングス_中期経営計画の策定に関するお知らせ.pdf,,,,,,,,,,,,,,,,,,,,,,16,,価格交渉 / 増産 / 価格改定 / 価格転嫁 / 値上 / 想定以上 / 上方修正 / 下方修正 / 想定以下 / 未達 / 大幅 / 計画を上 / 計画を下 / 計画以 / 需要回復 / 需要の回復 / 需要が増 / 需要が低 / 悪化 / グローバルニッチトップ / トップシェア / シェア拡大 / レアアース
20260514,7003,7003_1430_三井E&S_2025年度決算説明資料.pdf,,,,,,,,,,,4 5 7 8 10 11,,,,,,,,,,,,,価格交渉 / 増産 / 価格改定 / 価格転嫁 / 値上 / 想定以上 / 上方修正 / 下方修正 / 想定以下 / 未達 / 大幅 / 計画を上 / 計画を下 / 計画以 / 需要回復 / 需要の回復 / 需要が増 / 需要が低 / 悪化 / グローバルニッチトップ / トップシェア / シェア拡大 / レアアース
20260514,7014,7014_1530_名村造船_2026年3月期 決算短信〔日本基準〕(連結).pdf,,,,,,,,,,,5 6,,,,,,,,,,,,,価格交渉 / 増産 / 価格改定 / 価格転嫁 / 値上 / 想定以上 / 上方修正 / 下方修正 / 想定以下 / 未達 / 大幅 / 計画を上 / 計画を下 / 計画以 / 需要回復 / 需要の回復 / 需要が増 / 需要が低 / 悪化 / グローバルニッチトップ / トップシェア / シェア拡大 / レアアース
20260514,7038,7038_1530_フロンティアM_2026年12月期第1四半期決算短信〔日本基準〕(連結).pdf,,,,,,,,,,,4 5,,,,,,,,,,,,,価格交渉 / 増産 / 価格改定 / 価格転嫁 / 値上 / 想定以上 / 上方修正 / 下方修正 / 想定以下 / 未達 / 大幅 / 計画を上 / 計画を下 / 計画以 / 需要回復 / 需要の回復 / 需要が増 / 需要が低 / 悪化 / グローバルニッチトップ / トップシェア / シェア拡大 / レアアース
20260514,7046,7046_1530_G-TDSE_2026年3月期 決算短信〔日本基準〕〈非連結〉.pdf,,,,,,,,,,,6,,,,,,,,,,,,,価格交渉 / 増産 / 価格改定 / 価格転嫁 / 値上 / 想定以上 / 上方修正 / 下方修正 / 想定以下 / 未達 / 大幅 / 計画を上 / 計画を下 / 計画以 / 需要回復 / 需要の回復 / 需要が増 / 需要が低 / 悪化 / グローバルニッチトップ / トップシェア / シェア拡大 / レアアース
20260514,7046,7046_1530_G-TDSE_新株予約権(業績連動型有償ストック・オプション)の取得及び消却に関するお知らせ.pdf,,,,,,,,,,1,,,,,,,,,,,,,,価格交渉 / 増産 / 価格改定 / 価格転嫁 / 値上 / 想定以上 / 上方修正 / 下方修正 / 想定以下 / 未達 / 大幅 / 計画を上 / 計画を下 / 計画以 / 需要回復 / 需要の回復 / 需要が増 / 需要が低 / 悪化 / グローバルニッチトップ / トップシェア / シェア拡大 / レアアース
20260514,7048,7048_1531_G-ベルトラ_2026年12月期 第1四半期決算短信〔日本基準〕(連結).pdf,,,,,,,,,,,4,,,,,,,,,,,,,価格交渉 / 増産 / 価格改定 / 価格転嫁 / 値上 / 想定以上 / 上方修正 / 下方修正 / 想定以下 / 未達 / 大幅 / 計画を上 / 計画を下 / 計画以 / 需要回復 / 需要の回復 / 需要が増 / 需要が低 / 悪化 / グローバルニッチトップ / トップシェア / シェア拡大 / レアアース
20260514,7057,7057_1820_エヌ・シー・エヌ_2026年3月期 決算短信[日本基準](連結).pdf,,,,,,,,,,,5,,,,,,,,,,,,,価格交渉 / 増産 / 価格改定 / 価格転嫁 / 値上 / 想定以上 / 上方修正 / 下方修正 / 想定以下 / 未達 / 大幅 / 計画を上 / 計画を下 / 計画以 / 需要回復 / 需要の回復 / 需要が増 / 需要が低 / 悪化 / グローバルニッチトップ / トップシェア / シェア拡大 / レアアース
20260514,7057,7057_1820_エヌ・シー・エヌ_2026年3月期 決算説明資料.pdf,,,,,,,,,,,26 28 32 33 42,,,,,,,,,,,,,価格交渉 / 増産 / 価格改定 / 価格転嫁 / 値上 / 想定以上 / 上方修正 / 下方修正 / 想定以下 / 未達 / 大幅 / 計画を上 / 計画を下 / 計画以 / 需要回復 / 需要の回復 / 需要が増 / 需要が低 / 悪化 / グローバルニッチトップ / トップシェア / シェア拡大 / レアアース
20260514,7066,7066_1530_G-ピアズ_通期業績予想の上方修正に関するお知らせ.pdf,,,,,,,1,,,,,,,,,,,,,,,,,価格交渉 / 増産 / 価格改定 / 価格転嫁 / 値上 / 想定以上 / 上方修正 / 下方修正 / 想定以下 / 未達 / 大幅 / 計画を上 / 計画を下 / 計画以 / 需要回復 / 需要の回復 / 需要が増 / 需要が低 / 悪化 / グローバルニッチトップ / トップシェア / シェア拡大 / レアアース
20260514,7069,7069_1530_G-サイバー・バズ_2026年9月期 第2四半期(中間期)決算短信〔日本基準〕〈連結〉.pdf,,,,,,,5,,,,,,,,,,,,,,,,,価格交渉 / 増産 / 価格改定 / 価格転嫁 / 値上 / 想定以上 / 上方修正 / 下方修正 / 想定以下 / 未達 / 大幅 / 計画を上 / 計画を下 / 計画以 / 需要回復 / 需要の回復 / 需要が増 / 需要が低 / 悪化 / グローバルニッチトップ / トップシェア / シェア拡大 / レアアース
20260514,7069,7069_1530_G-サイバー・バズ_株式分割及び株式分割に伴う定款の一部変更に関するお知らせ.pdf,,,,,,,1,,,,,,,,,,,,,,,,,価格交渉 / 増産 / 価格改定 / 価格転嫁 / 値上 / 想定以上 / 上方修正 / 下方修正 / 想定以下 / 未達 / 大幅 / 計画を上 / 計画を下 / 計画以 / 需要回復 / 需要の回復 / 需要が増 / 需要が低 / 悪化 / グローバルニッチトップ / トップシェア / シェア拡大 / レアアース
20260514,7071,7071_1600_アンビス_2026年9月期上半期決算説明資料.pdf,,,,,,,,,,,10,,,,,,,,,,,,,価格交渉 / 増産 / 価格改定 / 価格転嫁 / 値上 / 想定以上 / 上方修正 / 下方修正 / 想定以下 / 未達 / 大幅 / 計画を上 / 計画を下 / 計画以 / 需要回復 / 需要の回復 / 需要が増 / 需要が低 / 悪化 / グローバルニッチトップ / トップシェア / シェア拡大 / レアアース
20260514,7075,7075_1200_G-QLS_2026年3月期_決算短信〔日本基準〕(連結).pdf,,,,,,,,,,,,,,,,4 5,,,,,,,,価格交渉 / 増産 / 価格改定 / 価格転嫁 / 値上 / 想定以上 / 上方修正 / 下方修正 / 想定以下 / 未達 / 大幅 / 計画を上 / 計画を下 / 計画以 / 需要回復 / 需要の回復 / 需要が増 / 需要が低 / 悪化 / グローバルニッチトップ / トップシェア / シェア拡大 / レアアース
20260514,7115,7115_1530_アルファパーチェス_2026年12月期 第1四半期決算短信〔日本基準〕(連結).pdf,,,,,,,,,,,,,,,,,,,4,,,,,価格交渉 / 増産 / 価格改定 / 価格転嫁 / 値上 / 想定以上 / 上方修正 / 下方修正 / 想定以下 / 未達 / 大幅 / 計画を上 / 計画を下 / 計画以 / 需要回復 / 需要の回復 / 需要が増 / 需要が低 / 悪化 / グローバルニッチトップ / トップシェア / シェア拡大 / レアアース
20260514,7127,7127_1530_一家ホールディングス_特別損失の計上及び業績予想と実績値との差異に関するお知らせ.pdf,,,,,,,,,,,1,,,,,,,,,,,,,価格交渉 / 増産 / 価格改定 / 価格転嫁 / 値上 / 想定以上 / 上方修正 / 下方修正 / 想定以下 / 未達 / 大幅 / 計画を上 / 計画を下 / 計画以 / 需要回復 / 需要の回復 / 需要が増 / 需要が低 / 悪化 / グローバルニッチトップ / トップシェア / シェア拡大 / レアアース
20260514,7129,7129_1700_ミアヘルサHD_2026年3月期連結業績予想値と実績値との差異に関するお知らせ.pdf,,,,,,,1,,,,,,,,,,,,,,,,,価格交渉 / 増産 / 価格改定 / 価格転嫁 / 値上 / 想定以上 / 上方修正 / 下方修正 / 想定以下 / 未達 / 大幅 / 計画を上 / 計画を下 / 計画以 / 需要回復 / 需要の回復 / 需要が増 / 需要が低 / 悪化 / グローバルニッチトップ / トップシェア / シェア拡大 / レアアース
20260514,7135,7135_1630_ジャパンクラフトHD_2026年6月期 第3四半期決算補足説明資料.pdf,,,,,,,,,,,2,,,,,,,,,,,,,価格交渉 / 増産 / 価格改定 / 価格転嫁 / 値上 / 想定以上 / 上方修正 / 下方修正 / 想定以下 / 未達 / 大幅 / 計画を上 / 計画を下 / 計画以 / 需要回復 / 需要の回復 / 需要が増 / 需要が低 / 悪化 / グローバルニッチトップ / トップシェア / シェア拡大 / レアアース
20260514,7185,7185_1630_ヒロセ通商_2026年3月期 決算短信〔日本基準〕(連結).pdf,,,,,,,,,,,,,,,,,,,4,,,,,価格交渉 / 増産 / 価格改定 / 価格転嫁 / 値上 / 想定以上 / 上方修正 / 下方修正 / 想定以下 / 未達 / 大幅 / 計画を上 / 計画を下 / 計画以 / 需要回復 / 需要の回復 / 需要が増 / 需要が低 / 悪化 / グローバルニッチトップ / トップシェア / シェア拡大 / レアアース
20260514,7218,7218_1530_田中精密_2026年3月期 決算短信〔日本基準〕(連結).pdf,,,,,,,,,,,,,,,5,,,,,,,,,価格交渉 / 増産 / 価格改定 / 価格転嫁 / 値上 / 想定以上 / 上方修正 / 下方修正 / 想定以下 / 未達 / 大幅 / 計画を上 / 計画を下 / 計画以 / 需要回復 / 需要の回復 / 需要が増 / 需要が低 / 悪化 / グローバルニッチトップ / トップシェア / シェア拡大 / レアアース
20260514,7235,7235_1600_東ラヂエタ_剰余金の配当決定(増配)に関するお知らせ.pdf,,,,,,,1,,,,,,,,,,,,,,,,,価格交渉 / 増産 / 価格改定 / 価格転嫁 / 値上 / 想定以上 / 上方修正 / 下方修正 / 想定以下 / 未達 / 大幅 / 計画を上 / 計画を下 / 計画以 / 需要回復 / 需要の回復 / 需要が増 / 需要が低 / 悪化 / グローバルニッチトップ / トップシェア / シェア拡大 / レアアース
20260514,7254,7254_1530_ユニバンス_2026年3月期決算短信〔日本基準〕(連結).pdf,,,,,,,,,,,5,,,,,,,,,,,,,価格交渉 / 増産 / 価格改定 / 価格転嫁 / 値上 / 想定以上 / 上方修正 / 下方修正 / 想定以下 / 未達 / 大幅 / 計画を上 / 計画を下 / 計画以 / 需要回復 / 需要の回復 / 需要が増 / 需要が低 / 悪化 / グローバルニッチトップ / トップシェア / シェア拡大 / レアアース
20260514,7254,7254_1530_ユニバンス_通期連結業績予想値と実績値との差異、特別損失(連結・個別)および剰余金の配当(期末配当・増配)に関するお知らせ.pdf,,,,,,,,,,,,,,,,,,,2,,,,,価格交渉 / 増産 / 価格改定 / 価格転嫁 / 値上 / 想定以上 / 上方修正 / 下方修正 / 想定以下 / 未達 / 大幅 / 計画を上 / 計画を下 / 計画以 / 需要回復 / 需要の回復 / 需要が増 / 需要が低 / 悪化 / グローバルニッチトップ / トップシェア / シェア拡大 / レアアース
20260514,7264,7264_1300_MURO_2026年3月期決算短信〔日本基準〕(連結).pdf,,,,,,,,,,,,,,,,4,,,,,,,,価格交渉 / 増産 / 価格改定 / 価格転嫁 / 値上 / 想定以上 / 上方修正 / 下方修正 / 想定以下 / 未達 / 大幅 / 計画を上 / 計画を下 / 計画以 / 需要回復 / 需要の回復 / 需要が増 / 需要が低 / 悪化 / グローバルニッチトップ / トップシェア / シェア拡大 / レアアース
20260514,7269,7269_1400_スズキ_2026年3月期 決算短信〔IFRS〕(連結).pdf,,,,,,4,,,,,,,,,,,,,,,,,,価格交渉 / 増産 / 価格改定 / 価格転嫁 / 値上 / 想定以上 / 上方修正 / 下方修正 / 想定以下 / 未達 / 大幅 / 計画を上 / 計画を下 / 計画以 / 需要回復 / 需要の回復 / 需要が増 / 需要が低 / 悪化 / グローバルニッチトップ / トップシェア / シェア拡大 / レアアース
20260514,7271,7271_1700_安永_2026年3月期 決算短信〔日本基準〕(連結).pdf,,6,,,,,,,,,,,,,,,,,,,,,,価格交渉 / 増産 / 価格改定 / 価格転嫁 / 値上 / 想定以上 / 上方修正 / 下方修正 / 想定以下 / 未達 / 大幅 / 計画を上 / 計画を下 / 計画以 / 需要回復 / 需要の回復 / 需要が増 / 需要が低 / 悪化 / グローバルニッチトップ / トップシェア / シェア拡大 / レアアース
20260514,7280,7280_1900_ミツバ_株式会社両毛システムズ株式(証券コード_9691)に対する公開買付けの開始に関するお知らせ.pdf,,,,,,,,,,,18 19 20,,,,,,,,,,,,,価格交渉 / 増産 / 価格改定 / 価格転嫁 / 値上 / 想定以上 / 上方修正 / 下方修正 / 想定以下 / 未達 / 大幅 / 計画を上 / 計画を下 / 計画以 / 需要回復 / 需要の回復 / 需要が増 / 需要が低 / 悪化 / グローバルニッチトップ / トップシェア / シェア拡大 / レアアース
20260514,7284,7284_1530_盟和産_2026年3月期 決算短信〔日本基準〕(連結).pdf,,,,4,,,,,,,,,,,,,,,,,,,,価格交渉 / 増産 / 価格改定 / 価格転嫁 / 値上 / 想定以上 / 上方修正 / 下方修正 / 想定以下 / 未達 / 大幅 / 計画を上 / 計画を下 / 計画以 / 需要回復 / 需要の回復 / 需要が増 / 需要が低 / 悪化 / グローバルニッチトップ / トップシェア / シェア拡大 / レアアース
20260514,7284,7284_1530_盟和産_通期連結業績予想値と実績値との差異及び個別業績の前期実績値との差異に関するお知らせ.pdf,,,,1 2,,,,,,,,,,,,,,,,,,,,価格交渉 / 増産 / 価格改定 / 価格転嫁 / 値上 / 想定以上 / 上方修正 / 下方修正 / 想定以下 / 未達 / 大幅 / 計画を上 / 計画を下 / 計画以 / 需要回復 / 需要の回復 / 需要が増 / 需要が低 / 悪化 / グローバルニッチトップ / トップシェア / シェア拡大 / レアアース
20260514,7318,7318_1530_G-セレンディップ_2026年3月期 決算短信〔日本基準〕(連結).pdf,,,,,,,,,,,4 6,,,,,,,,,,,,,価格交渉 / 増産 / 価格改定 / 価格転嫁 / 値上 / 想定以上 / 上方修正 / 下方修正 / 想定以下 / 未達 / 大幅 / 計画を上 / 計画を下 / 計画以 / 需要回復 / 需要の回復 / 需要が増 / 需要が低 / 悪化 / グローバルニッチトップ / トップシェア / シェア拡大 / レアアース
20260514,7318,7318_1530_G-セレンディップ_2026年3月期 決算短信補足資料.pdf,,,,,,,,,,,2 5 13,,,,,,,,,,,,,価格交渉 / 増産 / 価格改定 / 価格転嫁 / 値上 / 想定以上 / 上方修正 / 下方修正 / 想定以下 / 未達 / 大幅 / 計画を上 / 計画を下 / 計画以 / 需要回復 / 需要の回復 / 需要が増 / 需要が低 / 悪化 / グローバルニッチトップ / トップシェア / シェア拡大 / レアアース
20260514,7347,7347_1530_マーキュリアHD_2026年12月期 第1四半期 決算ハイライト.pdf,,,,,,,,,,5,,,,,,,,,,,,,,価格交渉 / 増産 / 価格改定 / 価格転嫁 / 値上 / 想定以上 / 上方修正 / 下方修正 / 想定以下 / 未達 / 大幅 / 計画を上 / 計画を下 / 計画以 / 需要回復 / 需要の回復 / 需要が増 / 需要が低 / 悪化 / グローバルニッチトップ / トップシェア / シェア拡大 / レアアース
20260514,7358,7358_1530_ポピンズ_2026年12月期 第1四半期 決算説明会資料.pdf,,,8 9 10 11 13 16,,,,,,,,,,,,,,,,,,,,,価格交渉 / 増産 / 価格改定 / 価格転嫁 / 値上 / 想定以上 / 上方修正 / 下方修正 / 想定以下 / 未達 / 大幅 / 計画を上 / 計画を下 / 計画以 / 需要回復 / 需要の回復 / 需要が増 / 需要が低 / 悪化 / グローバルニッチトップ / トップシェア / シェア拡大 / レアアース
20260514,7358,7358_1530_ポピンズ_2026年12月期 第1四半期決算短信〔日本基準〕(連結).pdf,,,4 5,,,,,,,,,,,,,,,,,,,,,価格交渉 / 増産 / 価格改定 / 価格転嫁 / 値上 / 想定以上 / 上方修正 / 下方修正 / 想定以下 / 未達 / 大幅 / 計画を上 / 計画を下 / 計画以 / 需要回復 / 需要の回復 / 需要が増 / 需要が低 / 悪化 / グローバルニッチトップ / トップシェア / シェア拡大 / レアアース
20260514,7409,7409_1130_G-AeroEdge_2026年6月期 第3四半期決算短信〔日本基準〕(非連結).pdf,,4,,,,,,,,,,,,,,,,,,,,,,価格交渉 / 増産 / 価格改定 / 価格転嫁 / 値上 / 想定以上 / 上方修正 / 下方修正 / 想定以下 / 未達 / 大幅 / 計画を上 / 計画を下 / 計画以 / 需要回復 / 需要の回復 / 需要が増 / 需要が低 / 悪化 / グローバルニッチトップ / トップシェア / シェア拡大 / レアアース
20260514,7459,7459_1530_メディパル_2026年3月期 決算短信〔日本基準〕(連結).pdf,8,,,,,,,,,,,,,,,,,,,,,,,価格交渉 / 増産 / 価格改定 / 価格転嫁 / 値上 / 想定以上 / 上方修正 / 下方修正 / 想定以下 / 未達 / 大幅 / 計画を上 / 計画を下 / 計画以 / 需要回復 / 需要の回復 / 需要が増 / 需要が低 / 悪化 / グローバルニッチトップ / トップシェア / シェア拡大 / レアアース
20260514,7462,7462_1600_CAPITA_株主優待制度の変更(拡充)に関するお知らせ.pdf,,,,,,,,,,,5,,,,,,,,,,,,,価格交渉 / 増産 / 価格改定 / 価格転嫁 / 値上 / 想定以上 / 上方修正 / 下方修正 / 想定以下 / 未達 / 大幅 / 計画を上 / 計画を下 / 計画以 / 需要回復 / 需要の回復 / 需要が増 / 需要が低 / 悪化 / グローバルニッチトップ / トップシェア / シェア拡大 / レアアース
20260514,7477,7477_1600_ムラキ_緊急対応特別プロジェクト室設置に関するお知らせ.pdf,,,,,,,,,,,,,,,,,,,1,,,,,価格交渉 / 増産 / 価格改定 / 価格転嫁 / 値上 / 想定以上 / 上方修正 / 下方修正 / 想定以下 / 未達 / 大幅 / 計画を上 / 計画を下 / 計画以 / 需要回復 / 需要の回復 / 需要が増 / 需要が低 / 悪化 / グローバルニッチトップ / トップシェア / シェア拡大 / レアアース
20260514,7500,7500_1530_西川計測_通期業績予想および配当予想の修正(増配)に関するお知らせ.pdf,,,,,,,,,,,,,,,,,,,2,,,,,価格交渉 / 増産 / 価格改定 / 価格転嫁 / 値上 / 想定以上 / 上方修正 / 下方修正 / 想定以下 / 未達 / 大幅 / 計画を上 / 計画を下 / 計画以 / 需要回復 / 需要の回復 / 需要が増 / 需要が低 / 悪化 / グローバルニッチトップ / トップシェア / シェア拡大 / レアアース
20260514,7552,7552_1530_ハピネット_2026年3月期決算短信〔日本基準〕(連結).pdf,,,,,,,,,,,5,,,,,,,,,,,,,価格交渉 / 増産 / 価格改定 / 価格転嫁 / 値上 / 想定以上 / 上方修正 / 下方修正 / 想定以下 / 未達 / 大幅 / 計画を上 / 計画を下 / 計画以 / 需要回復 / 需要の回復 / 需要が増 / 需要が低 / 悪化 / グローバルニッチトップ / トップシェア / シェア拡大 / レアアース
20260514,7567,7567_1430_栄電子_2026年3月期 決算短信〔日本基準〕(連結).pdf,,,,,,,,,,,,,,,5,,,,,,,,,価格交渉 / 増産 / 価格改定 / 価格転嫁 / 値上 / 想定以上 / 上方修正 / 下方修正 / 想定以下 / 未達 / 大幅 / 計画を上 / 計画を下 / 計画以 / 需要回復 / 需要の回復 / 需要が増 / 需要が低 / 悪化 / グローバルニッチトップ / トップシェア / シェア拡大 / レアアース
20260514,7685,7685_1530_G-BUYSELL_2026年12月期 第1四半期決算短信〔日本基準〕(連結).pdf,,,,,,,5,,,,,,,,,,,,,,,,,価格交渉 / 増産 / 価格改定 / 価格転嫁 / 値上 / 想定以上 / 上方修正 / 下方修正 / 想定以下 / 未達 / 大幅 / 計画を上 / 計画を下 / 計画以 / 需要回復 / 需要の回復 / 需要が増 / 需要が低 / 悪化 / グローバルニッチトップ / トップシェア / シェア拡大 / レアアース
20260514,7685,7685_1530_G-BUYSELL_2026年12月期 第2四半期(中間期)連結業績予想及び通期連結業績予想並びに配当予想の修正.pdf,,,,,,,,,,,2,,,,,,,,,,,,,価格交渉 / 増産 / 価格改定 / 価格転嫁 / 値上 / 想定以上 / 上方修正 / 下方修正 / 想定以下 / 未達 / 大幅 / 計画を上 / 計画を下 / 計画以 / 需要回復 / 需要の回復 / 需要が増 / 需要が低 / 悪化 / グローバルニッチトップ / トップシェア / シェア拡大 / レアアース
20260514,7687,7687_1600_G-ミクリード_2026年3月期 決算説明資料.pdf,,,,,13,,,,,,,,,,,,,,,,,,,価格交渉 / 増産 / 価格改定 / 価格転嫁 / 値上 / 想定以上 / 上方修正 / 下方修正 / 想定以下 / 未達 / 大幅 / 計画を上 / 計画を下 / 計画以 / 需要回復 / 需要の回復 / 需要が増 / 需要が低 / 悪化 / グローバルニッチトップ / トップシェア / シェア拡大 / レアアース
20260514,7694,7694_1530_G-いつも_2026年3月期 決算短信〔日本基準〕(連結).pdf,,,,,,,,,,,4 5,,,,,,,,,,,,,価格交渉 / 増産 / 価格改定 / 価格転嫁 / 値上 / 想定以上 / 上方修正 / 下方修正 / 想定以下 / 未達 / 大幅 / 計画を上 / 計画を下 / 計画以 / 需要回復 / 需要の回復 / 需要が増 / 需要が低 / 悪化 / グローバルニッチトップ / トップシェア / シェア拡大 / レアアース
20260514,7695,7695_1600_G-交換できるくん_2026年3月期 決算短信〔日本基準〕(連結).pdf,,,,,,,,,,,,,,,,,,,5,,,,,価格交渉 / 増産 / 価格改定 / 価格転嫁 / 値上 / 想定以上 / 上方修正 / 下方修正 / 想定以下 / 未達 / 大幅 / 計画を上 / 計画を下 / 計画以 / 需要回復 / 需要の回復 / 需要が増 / 需要が低 / 悪化 / グローバルニッチトップ / トップシェア / シェア拡大 / レアアース
20260514,7769,7769_1600_リズム_2026年3月期決算短信〔日本基準〕(連結).pdf,,,,,,,,,,,4 5,,,,,,,,,,,,,価格交渉 / 増産 / 価格改定 / 価格転嫁 / 値上 / 想定以上 / 上方修正 / 下方修正 / 想定以下 / 未達 / 大幅 / 計画を上 / 計画を下 / 計画以 / 需要回復 / 需要の回復 / 需要が増 / 需要が低 / 悪化 / グローバルニッチトップ / トップシェア / シェア拡大 / レアアース
20260514,7821,7821_1430_前田工繊_2026年6月期 第3四半期決算短信〔日本基準〕(連結).pdf,,,,,,,,,,,,,,,,,,,4,,,,,価格交渉 / 増産 / 価格改定 / 価格転嫁 / 値上 / 想定以上 / 上方修正 / 下方修正 / 想定以下 / 未達 / 大幅 / 計画を上 / 計画を下 / 計画以 / 需要回復 / 需要の回復 / 需要が増 / 需要が低 / 悪化 / グローバルニッチトップ / トップシェア / シェア拡大 / レアアース
20260514,7857,7857_1530_セキ_2026年3月期決算短信〔日本基準〕(連結).pdf,,,4,,,,,,,,,,,,,,,,,,,,,価格交渉 / 増産 / 価格改定 / 価格転嫁 / 値上 / 想定以上 / 上方修正 / 下方修正 / 想定以下 / 未達 / 大幅 / 計画を上 / 計画を下 / 計画以 / 需要回復 / 需要の回復 / 需要が増 / 需要が低 / 悪化 / グローバルニッチトップ / トップシェア / シェア拡大 / レアアース
20260514,7859,7859_1530_アルメディオ_2026年3月期決算短信〔日本基準〕(連結).pdf,,,,,,,,,,,,,4,,,,,,,,,,,価格交渉 / 増産 / 価格改定 / 価格転嫁 / 値上 / 想定以上 / 上方修正 / 下方修正 / 想定以下 / 未達 / 大幅 / 計画を上 / 計画を下 / 計画以 / 需要回復 / 需要の回復 / 需要が増 / 需要が低 / 悪化 / グローバルニッチトップ / トップシェア / シェア拡大 / レアアース
20260514,7859,7859_1530_アルメディオ_中期経営計画2026の実施について.pdf,,,,,,,,,,,3,,,,,,,,,,,,,価格交渉 / 増産 / 価格改定 / 価格転嫁 / 値上 / 想定以上 / 上方修正 / 下方修正 / 想定以下 / 未達 / 大幅 / 計画を上 / 計画を下 / 計画以 / 需要回復 / 需要の回復 / 需要が増 / 需要が低 / 悪化 / グローバルニッチトップ / トップシェア / シェア拡大 / レアアース
20260514,7860,7860_1530_エイベックス_2026年3月期 通期業績説明資料.pdf,,,,,,,,,,,3 5 14 31,,,,,,,,,,,,,価格交渉 / 増産 / 価格改定 / 価格転嫁 / 値上 / 想定以上 / 上方修正 / 下方修正 / 想定以下 / 未達 / 大幅 / 計画を上 / 計画を下 / 計画以 / 需要回復 / 需要の回復 / 需要が増 / 需要が低 / 悪化 / グローバルニッチトップ / トップシェア / シェア拡大 / レアアース
20260514,7883,7883_1545_サンメッセ_2026年3月期決算短信〔日本基準〕(連結).pdf,,,,4,,,,,,,,,,,,,,,,,,,,価格交渉 / 増産 / 価格改定 / 価格転嫁 / 値上 / 想定以上 / 上方修正 / 下方修正 / 想定以下 / 未達 / 大幅 / 計画を上 / 計画を下 / 計画以 / 需要回復 / 需要の回復 / 需要が増 / 需要が低 / 悪化 / グローバルニッチトップ / トップシェア / シェア拡大 / レアアース
20260514,7883,7883_1710_サンメッセ_サンメッセグループ「新経営ビジョン(中長期経営計画)」策定に関するお知らせ.pdf,,,,,,,,,,,33,,,,,,,,,,,,,価格交渉 / 増産 / 価格改定 / 価格転嫁 / 値上 / 想定以上 / 上方修正 / 下方修正 / 想定以下 / 未達 / 大幅 / 計画を上 / 計画を下 / 計画以 / 需要回復 / 需要の回復 / 需要が増 / 需要が低 / 悪化 / グローバルニッチトップ / トップシェア / シェア拡大 / レアアース
20260514,7893,7893_1535_プロネクサス_当社株式の大規模買付行為に関する対応策(買収への対応方針)の継続について.pdf,,,,,,,,,,,,,,,,,,,,,,2,,価格交渉 / 増産 / 価格改定 / 価格転嫁 / 値上 / 想定以上 / 上方修正 / 下方修正 / 想定以下 / 未達 / 大幅 / 計画を上 / 計画を下 / 計画以 / 需要回復 / 需要の回復 / 需要が増 / 需要が低 / 悪化 / グローバルニッチトップ / トップシェア / シェア拡大 / レアアース
20260514,7897,7897_1630_ホクシン_通期業績予想と実績値との差異に関するお知らせ.pdf,,,1,,,,,,,,,,,,,,,,,,,,,価格交渉 / 増産 / 価格改定 / 価格転嫁 / 値上 / 想定以上 / 上方修正 / 下方修正 / 想定以下 / 未達 / 大幅 / 計画を上 / 計画を下 / 計画以 / 需要回復 / 需要の回復 / 需要が増 / 需要が低 / 悪化 / グローバルニッチトップ / トップシェア / シェア拡大 / レアアース
20260514,7911,7911_1530_TOPPAN HD_2026年3月期 決算短信〔日本基準〕(連結).pdf,,,,,,,,,,,,,,,,,,,21,,,,,価格交渉 / 増産 / 価格改定 / 価格転嫁 / 値上 / 想定以上 / 上方修正 / 下方修正 / 想定以下 / 未達 / 大幅 / 計画を上 / 計画を下 / 計画以 / 需要回復 / 需要の回復 / 需要が増 / 需要が低 / 悪化 / グローバルニッチトップ / トップシェア / シェア拡大 / レアアース
20260514,7952,7952_1530_河合楽器_業績予想と実績の差異に関するお知らせ.pdf,,,,,,,,,,,,,1,,,,,,,,,,,価格交渉 / 増産 / 価格改定 / 価格転嫁 / 値上 / 想定以上 / 上方修正 / 下方修正 / 想定以下 / 未達 / 大幅 / 計画を上 / 計画を下 / 計画以 / 需要回復 / 需要の回復 / 需要が増 / 需要が低 / 悪化 / グローバルニッチトップ / トップシェア / シェア拡大 / レアアース
20260514,7956,7956_1530_ピジョン_2026年12月期 第1四半期決算短信〔日本基準〕(連結).pdf,,,,,,,,,,,5,,,,,,,,,,,,,価格交渉 / 増産 / 価格改定 / 価格転嫁 / 値上 / 想定以上 / 上方修正 / 下方修正 / 想定以下 / 未達 / 大幅 / 計画を上 / 計画を下 / 計画以 / 需要回復 / 需要の回復 / 需要が増 / 需要が低 / 悪化 / グローバルニッチトップ / トップシェア / シェア拡大 / レアアース
20260514,7988,7988_1300_ニフコ_役員向け株式報酬制度の継続および一部改定に関するお知らせ.pdf,,,,,,,,,,6,,,,,,,,,,,,,,価格交渉 / 増産 / 価格改定 / 価格転嫁 / 値上 / 想定以上 / 上方修正 / 下方修正 / 想定以下 / 未達 / 大幅 / 計画を上 / 計画を下 / 計画以 / 需要回復 / 需要の回復 / 需要が増 / 需要が低 / 悪化 / グローバルニッチトップ / トップシェア / シェア拡大 / レアアース
20260514,8039,8039_1530_築地魚_2026年3月期 決算短信〔日本基準〕(連結).pdf,,,,,4,,,,,,,,,,,,,,,,,,,価格交渉 / 増産 / 価格改定 / 価格転嫁 / 値上 / 想定以上 / 上方修正 / 下方修正 / 想定以下 / 未達 / 大幅 / 計画を上 / 計画を下 / 計画以 / 需要回復 / 需要の回復 / 需要が増 / 需要が低 / 悪化 / グローバルニッチトップ / トップシェア / シェア拡大 / レアアース
20260514,8065,8065_1330_佐藤商_2026年3月期 決算説明資料.pdf,,,,,,,,,,,5,,,,,,,,,,,,,価格交渉 / 増産 / 価格改定 / 価格転嫁 / 値上 / 想定以上 / 上方修正 / 下方修正 / 想定以下 / 未達 / 大幅 / 計画を上 / 計画を下 / 計画以 / 需要回復 / 需要の回復 / 需要が増 / 需要が低 / 悪化 / グローバルニッチトップ / トップシェア / シェア拡大 / レアアース
20260514,8088,8088_1600_岩谷産_2026年3月期 決算短信〔日本基準〕(連結).pdf,,,,,,,,,,,,,,,,,,,,,,,4 5 17,価格交渉 / 増産 / 価格改定 / 価格転嫁 / 値上 / 想定以上 / 上方修正 / 下方修正 / 想定以下 / 未達 / 大幅 / 計画を上 / 計画を下 / 計画以 / 需要回復 / 需要の回復 / 需要が増 / 需要が低 / 悪化 / グローバルニッチトップ / トップシェア / シェア拡大 / レアアース
20260514,8117,8117_1420_中央自動車工業_中期経営計画(2026年度~2028年度)策定のお知らせ.pdf,,,,,,,17,,,,,,,,,,,,,,,,,価格交渉 / 増産 / 価格改定 / 価格転嫁 / 値上 / 想定以上 / 上方修正 / 下方修正 / 想定以下 / 未達 / 大幅 / 計画を上 / 計画を下 / 計画以 / 需要回復 / 需要の回復 / 需要が増 / 需要が低 / 悪化 / グローバルニッチトップ / トップシェア / シェア拡大 / レアアース
20260514,8119,8119_1500_三栄コーポ_中期経営計画「SANYEI NEXT 2028」策定のお知らせ.pdf,,,,4,,,,,,,,,,,,,,,,,,,,価格交渉 / 増産 / 価格改定 / 価格転嫁 / 値上 / 想定以上 / 上方修正 / 下方修正 / 想定以下 / 未達 / 大幅 / 計画を上 / 計画を下 / 計画以 / 需要回復 / 需要の回復 / 需要が増 / 需要が低 / 悪化 / グローバルニッチトップ / トップシェア / シェア拡大 / レアアース
20260514,8132,8132_1530_シナネンHD_2026年3月期 決算短信〔日本基準〕(連結).pdf,,,4,,,,,,,,,,,,,,,,,,,,,価格交渉 / 増産 / 価格改定 / 価格転嫁 / 値上 / 想定以上 / 上方修正 / 下方修正 / 想定以下 / 未達 / 大幅 / 計画を上 / 計画を下 / 計画以 / 需要回復 / 需要の回復 / 需要が増 / 需要が低 / 悪化 / グローバルニッチトップ / トップシェア / シェア拡大 / レアアース
20260514,8179,8179_1530_ロイヤルHD_2026年12月期 第1四半期 決算短信〔日本基準〕(連結).pdf,,,,,,,,,,,,,,,,,,,4,,,,,価格交渉 / 増産 / 価格改定 / 価格転嫁 / 値上 / 想定以上 / 上方修正 / 下方修正 / 想定以下 / 未達 / 大幅 / 計画を上 / 計画を下 / 計画以 / 需要回復 / 需要の回復 / 需要が増 / 需要が低 / 悪化 / グローバルニッチトップ / トップシェア / シェア拡大 / レアアース
20260514,8230,8230_1530_はせがわ_2026年3月期 決算短信[日本基準](連結).pdf,,,,,,,,,,,6,,,,,,,,,,,,,価格交渉 / 増産 / 価格改定 / 価格転嫁 / 値上 / 想定以上 / 上方修正 / 下方修正 / 想定以下 / 未達 / 大幅 / 計画を上 / 計画を下 / 計画以 / 需要回復 / 需要の回復 / 需要が増 / 需要が低 / 悪化 / グローバルニッチトップ / トップシェア / シェア拡大 / レアアース
20260514,8304,8304_1600_あおぞら_2025年度決算および中期経営計画の進捗状況.pdf,,,,,,,,,,,,4,,,,,,,,,,,,価格交渉 / 増産 / 価格改定 / 価格転嫁 / 値上 / 想定以上 / 上方修正 / 下方修正 / 想定以下 / 未達 / 大幅 / 計画を上 / 計画を下 / 計画以 / 需要回復 / 需要の回復 / 需要が増 / 需要が低 / 悪化 / グローバルニッチトップ / トップシェア / シェア拡大 / レアアース
20260514,8343,8343_1400_秋田銀_2026年3月期 決算短信〔日本基準〕(連結).pdf,,,,,,,,,,,,,,,,,,,25 26 30,,,,,価格交渉 / 増産 / 価格改定 / 価格転嫁 / 値上 / 想定以上 / 上方修正 / 下方修正 / 想定以下 / 未達 / 大幅 / 計画を上 / 計画を下 / 計画以 / 需要回復 / 需要の回復 / 需要が増 / 需要が低 / 悪化 / グローバルニッチトップ / トップシェア / シェア拡大 / レアアース
20260514,8358,8358_1300_スルガ銀_信託型株式報酬制度の継続に関するお知らせ.pdf,,,,,,,,,,2,,,,,,,,,,,,,,価格交渉 / 増産 / 価格改定 / 価格転嫁 / 値上 / 想定以上 / 上方修正 / 下方修正 / 想定以下 / 未達 / 大幅 / 計画を上 / 計画を下 / 計画以 / 需要回復 / 需要の回復 / 需要が増 / 需要が低 / 悪化 / グローバルニッチトップ / トップシェア / シェア拡大 / レアアース
20260514,8360,8360_1400_山梨中銀_中期経営計画「Value Creation Company~1st Stage」における定量目標の上方修正に関するお知らせ.pdf,,,,,,,1 2 3,,,,,,,,,,,,,,,,,価格交渉 / 増産 / 価格改定 / 価格転嫁 / 値上 / 想定以上 / 上方修正 / 下方修正 / 想定以下 / 未達 / 大幅 / 計画を上 / 計画を下 / 計画以 / 需要回復 / 需要の回復 / 需要が増 / 需要が低 / 悪化 / グローバルニッチトップ / トップシェア / シェア拡大 / レアアース
20260514,8370,8370_1430_紀陽銀行_2026年3月期 決算短信〔日本基準〕(連結).pdf,,,,,,,46,,,,,,,,,,,,,,,,,価格交渉 / 増産 / 価格改定 / 価格転嫁 / 値上 / 想定以上 / 上方修正 / 下方修正 / 想定以下 / 未達 / 大幅 / 計画を上 / 計画を下 / 計画以 / 需要回復 / 需要の回復 / 需要が増 / 需要が低 / 悪化 / グローバルニッチトップ / トップシェア / シェア拡大 / レアアース
20260514,8425,8425_1530_みずほリース_2026年3月期 決算短信〔日本基準〕(連結).pdf,,,,,,,,,,,,,,,,,,,5,,,,,価格交渉 / 増産 / 価格改定 / 価格転嫁 / 値上 / 想定以上 / 上方修正 / 下方修正 / 想定以下 / 未達 / 大幅 / 計画を上 / 計画を下 / 計画以 / 需要回復 / 需要の回復 / 需要が増 / 需要が低 / 悪化 / グローバルニッチトップ / トップシェア / シェア拡大 / レアアース
20260514,8508,8508_1600_Jトラスト_2026年12月期 第1四半期決算短信〔IFRS〕(連結).pdf,,,,,,,,,,,,7,,,,,,,,,,,,価格交渉 / 増産 / 価格改定 / 価格転嫁 / 値上 / 想定以上 / 上方修正 / 下方修正 / 想定以下 / 未達 / 大幅 / 計画を上 / 計画を下 / 計画以 / 需要回復 / 需要の回復 / 需要が増 / 需要が低 / 悪化 / グローバルニッチトップ / トップシェア / シェア拡大 / レアアース
20260514,8511,8511_1600_日証金_2026年3月期 決算短信〔日本基準〕(連結).pdf,,,,,,,,,,,4,,,,,,,,,,,,,価格交渉 / 増産 / 価格改定 / 価格転嫁 / 値上 / 想定以上 / 上方修正 / 下方修正 / 想定以下 / 未達 / 大幅 / 計画を上 / 計画を下 / 計画以 / 需要回復 / 需要の回復 / 需要が増 / 需要が低 / 悪化 / グローバルニッチトップ / トップシェア / シェア拡大 / レアアース
20260514,8729,8729_1130_ソニーFG_2025年度 業績説明会資料.pdf,,,,,,,,,,,,,,,,,,,38,,,,,価格交渉 / 増産 / 価格改定 / 価格転嫁 / 値上 / 想定以上 / 上方修正 / 下方修正 / 想定以下 / 未達 / 大幅 / 計画を上 / 計画を下 / 計画以 / 需要回復 / 需要の回復 / 需要が増 / 需要が低 / 悪化 / グローバルニッチトップ / トップシェア / シェア拡大 / レアアース
20260514,8729,8729_1130_ソニーFG_2026年3月期決算短信〔日本基準〕(連結).pdf,,,,,,,,,,,,,,,,,,,4,,,,,価格交渉 / 増産 / 価格改定 / 価格転嫁 / 値上 / 想定以上 / 上方修正 / 下方修正 / 想定以下 / 未達 / 大幅 / 計画を上 / 計画を下 / 計画以 / 需要回復 / 需要の回復 / 需要が増 / 需要が低 / 悪化 / グローバルニッチトップ / トップシェア / シェア拡大 / レアアース
20260514,8869,8869_1530_明和地所_2026年3月期 決算短信[日本基準](連結).pdf,,,,,,,,,,,4,,,,,,,,,,,,,価格交渉 / 増産 / 価格改定 / 価格転嫁 / 値上 / 想定以上 / 上方修正 / 下方修正 / 想定以下 / 未達 / 大幅 / 計画を上 / 計画を下 / 計画以 / 需要回復 / 需要の回復 / 需要が増 / 需要が低 / 悪化 / グローバルニッチトップ / トップシェア / シェア拡大 / レアアース
20260514,8877,8877_1400_エスリード_2026年3月期 決算短信[日本基準](連結).pdf,,,,,4,,,,,,,,,,,,,,,,,,,価格交渉 / 増産 / 価格改定 / 価格転嫁 / 値上 / 想定以上 / 上方修正 / 下方修正 / 想定以下 / 未達 / 大幅 / 計画を上 / 計画を下 / 計画以 / 需要回復 / 需要の回復 / 需要が増 / 需要が低 / 悪化 / グローバルニッチトップ / トップシェア / シェア拡大 / レアアース
20260514,8877,8877_1400_エスリード_2026年3月期 決算説明資料.pdf,,,,,17,,,,,,,,,,,,,,,,,,,価格交渉 / 増産 / 価格改定 / 価格転嫁 / 値上 / 想定以上 / 上方修正 / 下方修正 / 想定以下 / 未達 / 大幅 / 計画を上 / 計画を下 / 計画以 / 需要回復 / 需要の回復 / 需要が増 / 需要が低 / 悪化 / グローバルニッチトップ / トップシェア / シェア拡大 / レアアース
20260514,8938,8938_1530_G-グロームHD_業績予想の修正に関するお知らせ.pdf,,,,,,,,,,1,,,,,,,,,,,,,,価格交渉 / 増産 / 価格改定 / 価格転嫁 / 値上 / 想定以上 / 上方修正 / 下方修正 / 想定以下 / 未達 / 大幅 / 計画を上 / 計画を下 / 計画以 / 需要回復 / 需要の回復 / 需要が増 / 需要が低 / 悪化 / グローバルニッチトップ / トップシェア / シェア拡大 / レアアース
20260514,8944,8944_1530_ランビジネス_業績予想の修正に関するお知らせ.pdf,,,,,,,,,,,,1,,,,,,,,,,,,価格交渉 / 増産 / 価格改定 / 価格転嫁 / 値上 / 想定以上 / 上方修正 / 下方修正 / 想定以下 / 未達 / 大幅 / 計画を上 / 計画を下 / 計画以 / 需要回復 / 需要の回復 / 需要が増 / 需要が低 / 悪化 / グローバルニッチトップ / トップシェア / シェア拡大 / レアアース
20260514,9012,9012_1600_秩父鉄道_2026年3月期 決算短信〔日本基準〕(連結).pdf,,,,,,,,,,,5,,,,,,,,,,,,,価格交渉 / 増産 / 価格改定 / 価格転嫁 / 値上 / 想定以上 / 上方修正 / 下方修正 / 想定以下 / 未達 / 大幅 / 計画を上 / 計画を下 / 計画以 / 需要回復 / 需要の回復 / 需要が増 / 需要が低 / 悪化 / グローバルニッチトップ / トップシェア / シェア拡大 / レアアース
20260514,9024,9024_1400_西武ホールディングス_2026年3月期 決算実績概況資料.pdf,,,,,,,,,,,3,,,,,,,,,,,,,価格交渉 / 増産 / 価格改定 / 価格転嫁 / 値上 / 想定以上 / 上方修正 / 下方修正 / 想定以下 / 未達 / 大幅 / 計画を上 / 計画を下 / 計画以 / 需要回復 / 需要の回復 / 需要が増 / 需要が低 / 悪化 / グローバルニッチトップ / トップシェア / シェア拡大 / レアアース
20260514,9028,9028_1700_ゼロ_2026年6月期 第3四半期決算短信[IFRS](連結).pdf,,,,,,,,,,,,,,,,,,,4,,,,,価格交渉 / 増産 / 価格改定 / 価格転嫁 / 値上 / 想定以上 / 上方修正 / 下方修正 / 想定以下 / 未達 / 大幅 / 計画を上 / 計画を下 / 計画以 / 需要回復 / 需要の回復 / 需要が増 / 需要が低 / 悪化 / グローバルニッチトップ / トップシェア / シェア拡大 / レアアース
20260514,9031,9031_1600_西鉄_2026年3月期決算短信〔日本基準〕(連結).pdf,,,,,,,,,,,,,,,,5,,,,,,,,価格交渉 / 増産 / 価格改定 / 価格転嫁 / 値上 / 想定以上 / 上方修正 / 下方修正 / 想定以下 / 未達 / 大幅 / 計画を上 / 計画を下 / 計画以 / 需要回復 / 需要の回復 / 需要が増 / 需要が低 / 悪化 / グローバルニッチトップ / トップシェア / シェア拡大 / レアアース
20260514,9035,9035_1430_第一交通_2026年3月期 決算短信〔日本基準〕(連結).pdf,,,,,,,,,,,4,,,,,,,,,,,,,価格交渉 / 増産 / 価格改定 / 価格転嫁 / 値上 / 想定以上 / 上方修正 / 下方修正 / 想定以下 / 未達 / 大幅 / 計画を上 / 計画を下 / 計画以 / 需要回復 / 需要の回復 / 需要が増 / 需要が低 / 悪化 / グローバルニッチトップ / トップシェア / シェア拡大 / レアアース
20260514,9035,9035_1430_第一交通_2026年3月期 決算補足説明資料.pdf,,,,,,,,,,,1,,,,,,,,,,,,,価格交渉 / 増産 / 価格改定 / 価格転嫁 / 値上 / 想定以上 / 上方修正 / 下方修正 / 想定以下 / 未達 / 大幅 / 計画を上 / 計画を下 / 計画以 / 需要回復 / 需要の回復 / 需要が増 / 需要が低 / 悪化 / グローバルニッチトップ / トップシェア / シェア拡大 / レアアース
20260514,9060,9060_1530_日ロジテム_個別業績の前期実績値との差異に関するお知らせ.pdf,,,,,,,,,,,1,,,,,,,,,,,,,価格交渉 / 増産 / 価格改定 / 価格転嫁 / 値上 / 想定以上 / 上方修正 / 下方修正 / 想定以下 / 未達 / 大幅 / 計画を上 / 計画を下 / 計画以 / 需要回復 / 需要の回復 / 需要が増 / 需要が低 / 悪化 / グローバルニッチトップ / トップシェア / シェア拡大 / レアアース
20260514,9075,9075_1530_福山運_2026年3月期 決算短信〔日本基準〕(連結).pdf,,,,,,,,,,,,,,,,,,,,,,4,,価格交渉 / 増産 / 価格改定 / 価格転嫁 / 値上 / 想定以上 / 上方修正 / 下方修正 / 想定以下 / 未達 / 大幅 / 計画を上 / 計画を下 / 計画以 / 需要回復 / 需要の回復 / 需要が増 / 需要が低 / 悪化 / グローバルニッチトップ / トップシェア / シェア拡大 / レアアース
20260514,9085,9085_1500_中央バス_2026年3月期 決算短信〔日本基準〕(連結).pdf,,,,,,,,,,,,,,,,,4,,,,,,,価格交渉 / 増産 / 価格改定 / 価格転嫁 / 値上 / 想定以上 / 上方修正 / 下方修正 / 想定以下 / 未達 / 大幅 / 計画を上 / 計画を下 / 計画以 / 需要回復 / 需要の回復 / 需要が増 / 需要が低 / 悪化 / グローバルニッチトップ / トップシェア / シェア拡大 / レアアース
20260514,9173,9173_1530_東海船_2026年12月期 第1四半期決算短信[日本基準](連結).pdf,,,,,,,,,,,,,,,,4,,,,,,,,価格交渉 / 増産 / 価格改定 / 価格転嫁 / 値上 / 想定以上 / 上方修正 / 下方修正 / 想定以下 / 未達 / 大幅 / 計画を上 / 計画を下 / 計画以 / 需要回復 / 需要の回復 / 需要が増 / 需要が低 / 悪化 / グローバルニッチトップ / トップシェア / シェア拡大 / レアアース
20260514,9213,9213_1530_セイファート_2026年12月期 第1四半期決算短信〔日本基準〕(連結).pdf,,,,,,,,,,4,,,,,,,,,,,,,,価格交渉 / 増産 / 価格改定 / 価格転嫁 / 値上 / 想定以上 / 上方修正 / 下方修正 / 想定以下 / 未達 / 大幅 / 計画を上 / 計画を下 / 計画以 / 需要回復 / 需要の回復 / 需要が増 / 需要が低 / 悪化 / グローバルニッチトップ / トップシェア / シェア拡大 / レアアース
20260514,9256,9256_1600_G-サクシード_2026年3月期決算短信〔日本基準〕(連結).pdf,,,,,,,,,,,,,,,,7,,,,,,,,価格交渉 / 増産 / 価格改定 / 価格転嫁 / 値上 / 想定以上 / 上方修正 / 下方修正 / 想定以下 / 未達 / 大幅 / 計画を上 / 計画を下 / 計画以 / 需要回復 / 需要の回復 / 需要が増 / 需要が低 / 悪化 / グローバルニッチトップ / トップシェア / シェア拡大 / レアアース
20260514,9256,9256_1600_G-サクシード_2026年3月期決算説明補助資料.pdf,,,,,,,,,,,4,,,,,,,,,,,,,価格交渉 / 増産 / 価格改定 / 価格転嫁 / 値上 / 想定以上 / 上方修正 / 下方修正 / 想定以下 / 未達 / 大幅 / 計画を上 / 計画を下 / 計画以 / 需要回復 / 需要の回復 / 需要が増 / 需要が低 / 悪化 / グローバルニッチトップ / トップシェア / シェア拡大 / レアアース
20260514,9271,9271_1530_G-和心_自己株式の取得枠設定に関するお知らせ.pdf,,,,,,,1,,,,,,,,,,,,,,,,,価格交渉 / 増産 / 価格改定 / 価格転嫁 / 値上 / 想定以上 / 上方修正 / 下方修正 / 想定以下 / 未達 / 大幅 / 計画を上 / 計画を下 / 計画以 / 需要回復 / 需要の回復 / 需要が増 / 需要が低 / 悪化 / グローバルニッチトップ / トップシェア / シェア拡大 / レアアース
20260514,9335,9335_1500_P-テクノC_2026年9月期 中間決算短信〔日本基準〕(非連結).pdf,,,,,,,,,,,4,,,,,,,,,,,,,価格交渉 / 増産 / 価格改定 / 価格転嫁 / 値上 / 想定以上 / 上方修正 / 下方修正 / 想定以下 / 未達 / 大幅 / 計画を上 / 計画を下 / 計画以 / 需要回復 / 需要の回復 / 需要が増 / 需要が低 / 悪化 / グローバルニッチトップ / トップシェア / シェア拡大 / レアアース
20260514,9336,9336_1130_大栄環境_2026年3月期 決算短信〔日本基準〕(連結).pdf,,,,,,,,,,,,,,,,,,,,,,14,,価格交渉 / 増産 / 価格改定 / 価格転嫁 / 値上 / 想定以上 / 上方修正 / 下方修正 / 想定以下 / 未達 / 大幅 / 計画を上 / 計画を下 / 計画以 / 需要回復 / 需要の回復 / 需要が増 / 需要が低 / 悪化 / グローバルニッチトップ / トップシェア / シェア拡大 / レアアース
20260514,9336,9336_1130_大栄環境_中期経営計画「D-Plan2028」の一部見直しに関するお知らせ.pdf,,,,12,,,,,,,,,,,,,,,,,,,,価格交渉 / 増産 / 価格改定 / 価格転嫁 / 値上 / 想定以上 / 上方修正 / 下方修正 / 想定以下 / 未達 / 大幅 / 計画を上 / 計画を下 / 計画以 / 需要回復 / 需要の回復 / 需要が増 / 需要が低 / 悪化 / グローバルニッチトップ / トップシェア / シェア拡大 / レアアース
20260514,9337,9337_1530_G-トリドリ_2026年12月期 第1四半期決算説明資料.pdf,,,,,8 9,,,,,,,,,,,,,,,,,,,価格交渉 / 増産 / 価格改定 / 価格転嫁 / 値上 / 想定以上 / 上方修正 / 下方修正 / 想定以下 / 未達 / 大幅 / 計画を上 / 計画を下 / 計画以 / 需要回復 / 需要の回復 / 需要が増 / 需要が低 / 悪化 / グローバルニッチトップ / トップシェア / シェア拡大 / レアアース
20260514,9344,9344_1600_G-アクシスC_連結決算開始に伴う連結業績予想に関するお知らせ.pdf,,,,,,,2,,,,,,,,,,,,,,,,,価格交渉 / 増産 / 価格改定 / 価格転嫁 / 値上 / 想定以上 / 上方修正 / 下方修正 / 想定以下 / 未達 / 大幅 / 計画を上 / 計画を下 / 計画以 / 需要回復 / 需要の回復 / 需要が増 / 需要が低 / 悪化 / グローバルニッチトップ / トップシェア / シェア拡大 / レアアース
20260514,9360,9360_1600_鈴与シンワ_個別業績実績値と前年実績値との差異に関するお知らせ.pdf,,,,,,,,,,,1,,,,,,,,,,,,,価格交渉 / 増産 / 価格改定 / 価格転嫁 / 値上 / 想定以上 / 上方修正 / 下方修正 / 想定以下 / 未達 / 大幅 / 計画を上 / 計画を下 / 計画以 / 需要回復 / 需要の回復 / 需要が増 / 需要が低 / 悪化 / グローバルニッチトップ / トップシェア / シェア拡大 / レアアース
20260514,9363,9363_1540_大運_2026年3月期 決算短信〔日本基準〕(非連結).pdf,,,,,,,,,,,,,,,,,,,4,,,,,価格交渉 / 増産 / 価格改定 / 価格転嫁 / 値上 / 想定以上 / 上方修正 / 下方修正 / 想定以下 / 未達 / 大幅 / 計画を上 / 計画を下 / 計画以 / 需要回復 / 需要の回復 / 需要が増 / 需要が低 / 悪化 / グローバルニッチトップ / トップシェア / シェア拡大 / レアアース
20260514,9364,9364_1530_上組_2026年3月期決算短信〔日本基準〕(連結).pdf,,,,,,,,,,,,,,,,,,,,,,4,,価格交渉 / 増産 / 価格改定 / 価格転嫁 / 値上 / 想定以上 / 上方修正 / 下方修正 / 想定以下 / 未達 / 大幅 / 計画を上 / 計画を下 / 計画以 / 需要回復 / 需要の回復 / 需要が増 / 需要が低 / 悪化 / グローバルニッチトップ / トップシェア / シェア拡大 / レアアース
20260514,9404,9404_1630_日テレHD_2026年3月期 決算短信〔日本基準〕(連結).pdf,,,,,,,,,,,,,,,,,,,,,28,,,価格交渉 / 増産 / 価格改定 / 価格転嫁 / 値上 / 想定以上 / 上方修正 / 下方修正 / 想定以下 / 未達 / 大幅 / 計画を上 / 計画を下 / 計画以 / 需要回復 / 需要の回復 / 需要が増 / 需要が低 / 悪化 / グローバルニッチトップ / トップシェア / シェア拡大 / レアアース
20260514,9416,9416_1530_ビジョン_2026年12月期第1四半期決算説明補足資料.pdf,,,,,,,,,,,15,,,,,,,,,,,,,価格交渉 / 増産 / 価格改定 / 価格転嫁 / 値上 / 想定以上 / 上方修正 / 下方修正 / 想定以下 / 未達 / 大幅 / 計画を上 / 計画を下 / 計画以 / 需要回復 / 需要の回復 / 需要が増 / 需要が低 / 悪化 / グローバルニッチトップ / トップシェア / シェア拡大 / レアアース
20260514,9468,9468_1530_KADOKAWA_2026年3月期 決算短信〔日本基準〕(連結).pdf,,,,,,,,,,,7,,,,,,,,,,,,,価格交渉 / 増産 / 価格改定 / 価格転嫁 / 値上 / 想定以上 / 上方修正 / 下方修正 / 想定以下 / 未達 / 大幅 / 計画を上 / 計画を下 / 計画以 / 需要回復 / 需要の回復 / 需要が増 / 需要が低 / 悪化 / グローバルニッチトップ / トップシェア / シェア拡大 / レアアース
20260514,9501,9501_1330_東電力HD_(訂正)「2025年度決算説明資料」の一部訂正について.pdf,,,,,,,,,,,,,,,,,,,10 13,,,,,価格交渉 / 増産 / 価格改定 / 価格転嫁 / 値上 / 想定以上 / 上方修正 / 下方修正 / 想定以下 / 未達 / 大幅 / 計画を上 / 計画を下 / 計画以 / 需要回復 / 需要の回復 / 需要が増 / 需要が低 / 悪化 / グローバルニッチトップ / トップシェア / シェア拡大 / レアアース
20260514,9502,9502_1900_中部電力_株式会社両毛システムズ株式(証券コード_9691)に対する公開買付けの開始に関するお知らせ.pdf,,,,,,,,,,,18 19 20,,,,,,,,,,,,,価格交渉 / 増産 / 価格改定 / 価格転嫁 / 値上 / 想定以上 / 上方修正 / 下方修正 / 想定以下 / 未達 / 大幅 / 計画を上 / 計画を下 / 計画以 / 需要回復 / 需要の回復 / 需要が増 / 需要が低 / 悪化 / グローバルニッチトップ / トップシェア / シェア拡大 / レアアース
20260514,9519,9519_0830_レノバ_2026年3月期 決算説明会資料.pdf,,,,,,,,,,,3 5 7 19 26,,,,,,,,,,,,,価格交渉 / 増産 / 価格改定 / 価格転嫁 / 値上 / 想定以上 / 上方修正 / 下方修正 / 想定以下 / 未達 / 大幅 / 計画を上 / 計画を下 / 計画以 / 需要回復 / 需要の回復 / 需要が増 / 需要が低 / 悪化 / グローバルニッチトップ / トップシェア / シェア拡大 / レアアース
20260514,9656,9656_1530_グリーンランド_2026年12月期 第1四半期決算短信〔日本基準〕(連結).pdf,,,,,,,,,,,,,,,,,,,4,,,,,価格交渉 / 増産 / 価格改定 / 価格転嫁 / 値上 / 想定以上 / 上方修正 / 下方修正 / 想定以下 / 未達 / 大幅 / 計画を上 / 計画を下 / 計画以 / 需要回復 / 需要の回復 / 需要が増 / 需要が低 / 悪化 / グローバルニッチトップ / トップシェア / シェア拡大 / レアアース
20260514,9684,9684_1530_スクエニHD_中期経営計画 進捗報告(2025年3月期~2027年3月期).pdf,,,,,,,,,,,11,,,,,,,,,,,,,価格交渉 / 増産 / 価格改定 / 価格転嫁 / 値上 / 想定以上 / 上方修正 / 下方修正 / 想定以下 / 未達 / 大幅 / 計画を上 / 計画を下 / 計画以 / 需要回復 / 需要の回復 / 需要が増 / 需要が低 / 悪化 / グローバルニッチトップ / トップシェア / シェア拡大 / レアアース
20260514,9685,9685_1500_KYCOM_2026年3月期 決算短信〔日本基準〕(連結).pdf,,,,,,,,,,,,,,,,5,,,,,,,,価格交渉 / 増産 / 価格改定 / 価格転嫁 / 値上 / 想定以上 / 上方修正 / 下方修正 / 想定以下 / 未達 / 大幅 / 計画を上 / 計画を下 / 計画以 / 需要回復 / 需要の回復 / 需要が増 / 需要が低 / 悪化 / グローバルニッチトップ / トップシェア / シェア拡大 / レアアース
20260514,9685,9685_1500_KYCOM_個別業績と前期実績値との差異に関するお知らせ.pdf,,,,,,,,,,,1,,,,,,,,,,,,,価格交渉 / 増産 / 価格改定 / 価格転嫁 / 値上 / 想定以上 / 上方修正 / 下方修正 / 想定以下 / 未達 / 大幅 / 計画を上 / 計画を下 / 計画以 / 需要回復 / 需要の回復 / 需要が増 / 需要が低 / 悪化 / グローバルニッチトップ / トップシェア / シェア拡大 / レアアース
20260514,9708,9708_1400_帝国ホテル_2026年3月期 決算短信[日本基準](連結).pdf,,,,,,,,,,,,,,,,,,,4,,,,,価格交渉 / 増産 / 価格改定 / 価格転嫁 / 値上 / 想定以上 / 上方修正 / 下方修正 / 想定以下 / 未達 / 大幅 / 計画を上 / 計画を下 / 計画以 / 需要回復 / 需要の回復 / 需要が増 / 需要が低 / 悪化 / グローバルニッチトップ / トップシェア / シェア拡大 / レアアース
20260514,9708,9708_1400_帝国ホテル_2026年3月期 決算説明資料.pdf,,,,,,,,,,,,,,,,,,,3,,,,,価格交渉 / 増産 / 価格改定 / 価格転嫁 / 値上 / 想定以上 / 上方修正 / 下方修正 / 想定以下 / 未達 / 大幅 / 計画を上 / 計画を下 / 計画以 / 需要回復 / 需要の回復 / 需要が増 / 需要が低 / 悪化 / グローバルニッチトップ / トップシェア / シェア拡大 / レアアース
20260514,9708,9708_1400_帝国ホテル_繰延税金資産の計上及び業績予想との差異に関するお知らせ.pdf,,,,,,,,,,,1,,,,,,,,,,,,,価格交渉 / 増産 / 価格改定 / 価格転嫁 / 値上 / 想定以上 / 上方修正 / 下方修正 / 想定以下 / 未達 / 大幅 / 計画を上 / 計画を下 / 計画以 / 需要回復 / 需要の回復 / 需要が増 / 需要が低 / 悪化 / グローバルニッチトップ / トップシェア / シェア拡大 / レアアース
20260514,9713,9713_1630_ロイヤルホテル_剰余金の配当(普通株式の増配)に関するお知らせ.pdf,,,,,,,,,,,,1,,,,,,,,,,,,価格交渉 / 増産 / 価格改定 / 価格転嫁 / 値上 / 想定以上 / 上方修正 / 下方修正 / 想定以下 / 未達 / 大幅 / 計画を上 / 計画を下 / 計画以 / 需要回復 / 需要の回復 / 需要が増 / 需要が低 / 悪化 / グローバルニッチトップ / トップシェア / シェア拡大 / レアアース
20260514,9722,9722_1530_藤田観_2026年12月期 第1四半期 決算説明資料.pdf,,,,,,,,,,,7,,,,,,,,,,,,,価格交渉 / 増産 / 価格改定 / 価格転嫁 / 値上 / 想定以上 / 上方修正 / 下方修正 / 想定以下 / 未達 / 大幅 / 計画を上 / 計画を下 / 計画以 / 需要回復 / 需要の回復 / 需要が増 / 需要が低 / 悪化 / グローバルニッチトップ / トップシェア / シェア拡大 / レアアース
20260514,9722,9722_1530_藤田観_2026年12月期第1四半期決算短信〔日本基準〕(連結).pdf,,,,,,,,,,,,,,,,,,,5,,,,,価格交渉 / 増産 / 価格改定 / 価格転嫁 / 値上 / 想定以上 / 上方修正 / 下方修正 / 想定以下 / 未達 / 大幅 / 計画を上 / 計画を下 / 計画以 / 需要回復 / 需要の回復 / 需要が増 / 需要が低 / 悪化 / グローバルニッチトップ / トップシェア / シェア拡大 / レアアース
20260514,9731,9731_1530_白洋舎_2026年12月期 第1四半期決算短信〔日本基準〕(連結).pdf,,,4,,,,,,,,,,,,,,,,,,,,,価格交渉 / 増産 / 価格改定 / 価格転嫁 / 値上 / 想定以上 / 上方修正 / 下方修正 / 想定以下 / 未達 / 大幅 / 計画を上 / 計画を下 / 計画以 / 需要回復 / 需要の回復 / 需要が増 / 需要が低 / 悪化 / グローバルニッチトップ / トップシェア / シェア拡大 / レアアース
20260514,9761,9761_1530_東海リース_2026年3月期 決算短信〔日本基準〕(連結).pdf,,,,,,,,,,4,,,,,,,,,,,,,,価格交渉 / 増産 / 価格改定 / 価格転嫁 / 値上 / 想定以上 / 上方修正 / 下方修正 / 想定以下 / 未達 / 大幅 / 計画を上 / 計画を下 / 計画以 / 需要回復 / 需要の回復 / 需要が増 / 需要が低 / 悪化 / グローバルニッチトップ / トップシェア / シェア拡大 / レアアース
20260514,9780,9780_1530_ハリマビステム_中期経営計画(2026~2028年度)策定に関するお知らせ.pdf,,,,,,,,,,6,,,,,,,,,,,,,,価格交渉 / 増産 / 価格改定 / 価格転嫁 / 値上 / 想定以上 / 上方修正 / 下方修正 / 想定以下 / 未達 / 大幅 / 計画を上 / 計画を下 / 計画以 / 需要回復 / 需要の回復 / 需要が増 / 需要が低 / 悪化 / グローバルニッチトップ / トップシェア / シェア拡大 / レアアース
20260514,9843,9843_1530_ニトリHD_2026年3月期 決算短信(IFRS)(連結).pdf,,,,,,,,,,,5,,,,,,,,,,,,,価格交渉 / 増産 / 価格改定 / 価格転嫁 / 値上 / 想定以上 / 上方修正 / 下方修正 / 想定以下 / 未達 / 大幅 / 計画を上 / 計画を下 / 計画以 / 需要回復 / 需要の回復 / 需要が増 / 需要が低 / 悪化 / グローバルニッチトップ / トップシェア / シェア拡大 / レアアース
20260514,9885,9885_1530_シャルレ_取締役報酬の減額に関するお知らせ.pdf,,,,,,,,,,,2,,,,,,,,,,,,,価格交渉 / 増産 / 価格改定 / 価格転嫁 / 値上 / 想定以上 / 上方修正 / 下方修正 / 想定以下 / 未達 / 大幅 / 計画を上 / 計画を下 / 計画以 / 需要回復 / 需要の回復 / 需要が増 / 需要が低 / 悪化 / グローバルニッチトップ / トップシェア / シェア拡大 / レアアース
20260514,9895,9895_1500_コンセック_2026年3月期 決算短信〔日本基準〕(連結).pdf,,,,,,,,,,,,,,,,,,,7,,,,,価格交渉 / 増産 / 価格改定 / 価格転嫁 / 値上 / 想定以上 / 上方修正 / 下方修正 / 想定以下 / 未達 / 大幅 / 計画を上 / 計画を下 / 計画以 / 需要回復 / 需要の回復 / 需要が増 / 需要が低 / 悪化 / グローバルニッチトップ / トップシェア / シェア拡大 / レアアース
20260514,9896,9896_1130_JKHD_2026年3月期決算短信〔日本基準〕(連結).pdf,,,,,,,,,,,,,,,,,,,,,,7,,価格交渉 / 増産 / 価格改定 / 価格転嫁 / 値上 / 想定以上 / 上方修正 / 下方修正 / 想定以下 / 未達 / 大幅 / 計画を上 / 計画を下 / 計画以 / 需要回復 / 需要の回復 / 需要が増 / 需要が低 / 悪化 / グローバルニッチトップ / トップシェア / シェア拡大 / レアアース
20260514,9900,9900_1500_サガミHD_2026年3月期決算短信[日本基準](連結).pdf,,,4,,,,,,,,,,,,,,,,,,,,,価格交渉 / 増産 / 価格改定 / 価格転嫁 / 値上 / 想定以上 / 上方修正 / 下方修正 / 想定以下 / 未達 / 大幅 / 計画を上 / 計画を下 / 計画以 / 需要回復 / 需要の回復 / 需要が増 / 需要が低 / 悪化 / グローバルニッチトップ / トップシェア / シェア拡大 / レアアース
20260514,9960,9960_1600_東テク_東テクグループ 2026年3月期 決算補足資料.pdf,,,,,,,,,,,5 6 8,,,,,,,,,,,,,価格交渉 / 増産 / 価格改定 / 価格転嫁 / 値上 / 想定以上 / 上方修正 / 下方修正 / 想定以下 / 未達 / 大幅 / 計画を上 / 計画を下 / 計画以 / 需要回復 / 需要の回復 / 需要が増 / 需要が低 / 悪化 / グローバルニッチトップ / トップシェア / シェア拡大 / レアアース
20260514,9969,9969_1530_ショクブン_2026年3月期決算短信〔日本基準〕(非連結).pdf,,,,,4,,,,,,,,,,,,,,,,,,,価格交渉 / 増産 / 価格改定 / 価格転嫁 / 値上 / 想定以上 / 上方修正 / 下方修正 / 想定以下 / 未達 / 大幅 / 計画を上 / 計画を下 / 計画以 / 需要回復 / 需要の回復 / 需要が増 / 需要が低 / 悪化 / グローバルニッチトップ / トップシェア / シェア拡大 / レアアース
20260514,9980,9980_1530_MRK HLD_2026年3月期 決算短信(日本基準)(連結).pdf,,,,,,,,,,,5,,,,,,,,,,,,,価格交渉 / 増産 / 価格改定 / 価格転嫁 / 値上 / 想定以上 / 上方修正 / 下方修正 / 想定以下 / 未達 / 大幅 / 計画を上 / 計画を下 / 計画以 / 需要回復 / 需要の回復 / 需要が増 / 需要が低 / 悪化 / グローバルニッチトップ / トップシェア / シェア拡大 / レアアース
20260514,9980,9980_1530_MRK HLD_経営支援料に関する契約締結のお知らせ.pdf,,,,,,,,,,,6,,,,,,,,,,,,,価格交渉 / 増産 / 価格改定 / 価格転嫁 / 値上 / 想定以上 / 上方修正 / 下方修正 / 想定以下 / 未達 / 大幅 / 計画を上 / 計画を下 / 計画以 / 需要回復 / 需要の回復 / 需要が増 / 需要が低 / 悪化 / グローバルニッチトップ / トップシェア / シェア拡大 / レアアース
