日付,コード,会社名,分類,表題（リンク_TDnet）,表題（リンク_ローカル）,価格交渉,増産,価格改定,価格転嫁,値上,想定以上,上方修正,下方修正,想定以下,未達,大幅,計画を上,計画を下,計画以,需要回復,需要の回復,需要が増,需要が低,悪化,グローバルニッチトップ,トップシェア,シェア拡大,レアアース,URL（生）
20260515,5210,日山村硝,資本コストや株価,"=HYPERLINK(""https://www.release.tdnet.info/inbs/140120260514535307.pdf"", ""新中期経営計画の策定および資本コストや株価を意識した経営の実現に向けた対応のアップデートについて"")","=HYPERLINK(""pdf_tmp/20260515/5210_1630_日山村硝_新中期経営計画の策定および資本コストや株価を意識した経営の実現に向けた対応のアップデートについて.pdf"", ""新中期経営計画の策定および資本コストや株価を意識した経営の実現に向けた対応のアップデートについて"")",,24,8 9 10,,,,8 9,,,9,1 8,,,,,,,,13,,17,18,,https://www.release.tdnet.info/inbs/140120260514535307.pdf
20260515,7047,G-ポート,事業計画,"=HYPERLINK(""https://www.release.tdnet.info/inbs/140120260515536879.pdf"", ""2026年3月期 通期 決算説明資料(事業計画及び成長可能性に関する事項)"")","=HYPERLINK(""pdf_tmp/20260515/7047_1530_G-ポート_2026年3月期 通期 決算説明資料(事業計画及び成長可能性に関する事項).pdf"", ""2026年3月期 通期 決算説明資料(事業計画及び成長可能性に関する事項)"")",,,,72,35 72,5,3 10 12,,,108,3 5 6 7 10 11 14 16 18 19 23 25 26 27 38 43,,,,75,,,,,,,31 35 38 42 52 71 82,,https://www.release.tdnet.info/inbs/140120260515536879.pdf
20260515,9268,オプティマス,説明資料,"=HYPERLINK(""https://www.release.tdnet.info/inbs/140120260511521260.pdf"", ""2026年3月期 通期 決算説明資料"")","=HYPERLINK(""pdf_tmp/20260515/9268_1530_オプティマス_2026年3月期 通期 決算説明資料.pdf"", ""2026年3月期 通期 決算説明資料"")",,,,,,,14,14,,,14 52 53,,14,,31 32 53,,,52,3 23 32,,34 58,,,https://www.release.tdnet.info/inbs/140120260511521260.pdf
20260515,4099,四国化成HD,説明資料,"=HYPERLINK(""https://www.release.tdnet.info/inbs/140120260514534479.pdf"", ""2026年12月期 第1四半期決算補足説明資料"")","=HYPERLINK(""pdf_tmp/20260515/4099_1200_四国化成HD_2026年12月期 第1四半期決算補足説明資料.pdf"", ""2026年12月期 第1四半期決算補足説明資料"")",,12,,,3 5,,11,,,,3 6 15,11,11,,,,,,15,,,,,https://www.release.tdnet.info/inbs/140120260514534479.pdf
20260515,4416,G-TrueData,事業計画,"=HYPERLINK(""https://www.release.tdnet.info/inbs/140120260514535030.pdf"", ""2026年3月期 通期決算説明資料(事業計画及び成長可能性に関する事項)"")","=HYPERLINK(""pdf_tmp/20260515/4416_1600_G-TrueData_2026年3月期 通期決算説明資料(事業計画及び成長可能性に関する事項).pdf"", ""2026年3月期 通期決算説明資料(事業計画及び成長可能性に関する事項)"")",,,,31,6 12 31 36 40 41,3 16 20,,16,,,55,,,,,,,,31,,11,,,https://www.release.tdnet.info/inbs/140120260514535030.pdf
20260515,5870,G-ナルネット,事業計画,"=HYPERLINK(""https://www.release.tdnet.info/inbs/140120260515538591.pdf"", ""2026年3月期決算説明/事業計画及び成長可能性に関する事項"")","=HYPERLINK(""pdf_tmp/20260515/5870_1530_G-ナルネット_2026年3月期決算説明_事業計画及び成長可能性に関する事項.pdf"", ""2026年3月期決算説明/事業計画及び成長可能性に関する事項"")",,,,42 64,42 75,76,25,25,,21 28,14 20 35 45 64 76 77,,,,,,,,,,,,,https://www.release.tdnet.info/inbs/140120260515538591.pdf
20260515,9218,G-メンタルヘルスT,説明資料,"=HYPERLINK(""https://www.release.tdnet.info/inbs/140120260515538559.pdf"", ""2026年12月期第1四半期決算説明資料"")","=HYPERLINK(""pdf_tmp/20260515/9218_1530_G-メンタルヘルスT_2026年12月期第1四半期決算説明資料.pdf"", ""2026年12月期第1四半期決算説明資料"")",8 17,,,,,,,,,5,5 7 8 9 10 14 17 21 42,5,5,,,,,,14 37,,,41,,https://www.release.tdnet.info/inbs/140120260515538559.pdf
20260515,2762,SANKO MF,その他,"=HYPERLINK(""https://www.release.tdnet.info/inbs/140120260515538602.pdf"", ""第三者割当による新株式、第3回無担保転換社債型新株予約権付社債及び第8回新株予約権発行並びに主要株主及び主要株主である筆頭株主の異動に関するお知らせ"")","=HYPERLINK(""pdf_tmp/20260515/2762_1600_SANKO MF_第三者割当による新株式、第3回無担保転換社債型新株予約権付社債及び第8回新株予約権発行並びに主要株主及び主要株主である筆頭株主の異動に関するお知らせ.pdf"", ""第三者割当による新株式、第3回無担保転換社債型新株予約権付社債及び第8回新株予約権発行並びに主要株主及び主要株主である筆頭株主の異動に関するお知らせ"")",,,,,,22 30 41,,27,,6 7 18 23,9 17 19 20 23 31,,,,,6 12,,,22 41,,,,,https://www.release.tdnet.info/inbs/140120260515538602.pdf
20260515,3878,巴川コーポ,決算短信,"=HYPERLINK(""https://www.release.tdnet.info/inbs/140120260513529384.pdf"", ""2026年3月期 決算短信〔日本基準〕(連結)"")","=HYPERLINK(""pdf_tmp/20260515/3878_1400_巴川コーポ_2026年3月期 決算短信〔日本基準〕(連結).pdf"", ""2026年3月期 決算短信〔日本基準〕(連結)"")",,,4,4 6,,4,,,,,4,,,,,,,,4,,,6,,https://www.release.tdnet.info/inbs/140120260513529384.pdf
20260515,7354,DmMiX,説明資料,"=HYPERLINK(""https://www.release.tdnet.info/inbs/140120260515537385.pdf"", ""2026年12月期第1四半期決算説明資料"")","=HYPERLINK(""pdf_tmp/20260515/7354_1530_DmMiX_2026年12月期第1四半期決算説明資料.pdf"", ""2026年12月期第1四半期決算説明資料"")",4,,,9,,,,,,46,4 11 45 46,38,,,,,,,,,,44,,https://www.release.tdnet.info/inbs/140120260515537385.pdf
20260515,8769,ARM,説明資料,"=HYPERLINK(""https://www.release.tdnet.info/inbs/140120260421507118.pdf"", ""2026年3月期 通期決算説明資料"")","=HYPERLINK(""pdf_tmp/20260515/8769_1530_ARM_2026年3月期 通期決算説明資料.pdf"", ""2026年3月期 通期決算説明資料"")",,,20 21 23 31,,,,,,,11 20 23 35,6 16 27 28 29,28,20 31,,23,,,,,,,,,https://www.release.tdnet.info/inbs/140120260421507118.pdf
20260515,2058,ヒガシマル,決算短信,"=HYPERLINK(""https://www.release.tdnet.info/inbs/140120260515536221.pdf"", ""2026年3月期 決算短信〔日本基準〕(連結)"")","=HYPERLINK(""pdf_tmp/20260515/2058_1400_ヒガシマル_2026年3月期 決算短信〔日本基準〕(連結).pdf"", ""2026年3月期 決算短信〔日本基準〕(連結)"")",,,4 5,4,,,,,,,,,,,,4,,,15,,,5,,https://www.release.tdnet.info/inbs/140120260515536221.pdf
20260515,3360,シップHD,その他,"=HYPERLINK(""https://www.release.tdnet.info/inbs/140120260515536175.pdf"", ""2026年3月期決算説明会資料"")","=HYPERLINK(""pdf_tmp/20260515/3360_1000_シップHD_2026年3月期決算説明会資料.pdf"", ""2026年3月期決算説明会資料"")",,,6,16,,,,,,,,,,,28,,19,,16,,,,,https://www.release.tdnet.info/inbs/140120260515536175.pdf
20260515,3551,ダイニック,決算短信,"=HYPERLINK(""https://www.release.tdnet.info/inbs/140120260513530193.pdf"", ""2026年3月期決算短信〔日本基準〕(連結)"")","=HYPERLINK(""pdf_tmp/20260515/3551_1100_ダイニック_2026年3月期決算短信〔日本基準〕(連結).pdf"", ""2026年3月期決算短信〔日本基準〕(連結)"")",7,,,4 5,,,,,,4,4,,,,,,,,5 8,,,,,https://www.release.tdnet.info/inbs/140120260513530193.pdf
20260515,3769,GMOPG,その他,"=HYPERLINK(""https://www.release.tdnet.info/inbs/140120260514532353.pdf"", ""2026年9月期 第2四半期決算説明会"")","=HYPERLINK(""pdf_tmp/20260515/3769_1600_GMOPG_2026年9月期 第2四半期決算説明会.pdf"", ""2026年9月期 第2四半期決算説明会"")",,,,,47,,,,,,,,19,49,,,,,24,,,10 13 14 15 16,,https://www.release.tdnet.info/inbs/140120260514532353.pdf
20260515,3861,王子HD,その他,"=HYPERLINK(""https://www.release.tdnet.info/inbs/140120260515537171.pdf"", ""2025年度決算説明会資料"")","=HYPERLINK(""pdf_tmp/20260515/3861_1400_王子HD_2025年度決算説明会資料.pdf"", ""2025年度決算説明会資料"")",,,,16 28 29,2 25 26 28,,,,,,36,,25,,,,,,2 15 26,,,,,https://www.release.tdnet.info/inbs/140120260515537171.pdf
20260515,3865,北越コーポレーション,その他,"=HYPERLINK(""https://www.release.tdnet.info/inbs/140120260514534148.pdf"", ""中期経営計画の策定に関するお知らせ"")","=HYPERLINK(""pdf_tmp/20260515/3865_1500_北越コーポレーション_中期経営計画の策定に関するお知らせ.pdf"", ""中期経営計画の策定に関するお知らせ"")",,19,8 15,,,,,,,10,,,1,,,,,,,,,2,,https://www.release.tdnet.info/inbs/140120260514534148.pdf
20260515,4112,保土谷化,その他,"=HYPERLINK(""https://www.release.tdnet.info/inbs/140120260515538536.pdf"", ""新中期経営計画「コード2030(CODE/CHORD 2030)」の策定に関するお知らせ"")","=HYPERLINK(""pdf_tmp/20260515/4112_1700_保土谷化_新中期経営計画「コード2030(CODE_CHORD 2030)」の策定に関するお知らせ.pdf"", ""新中期経営計画「コード2030(CODE/CHORD 2030)」の策定に関するお知らせ"")",,,,10,,,,,,1 5 8 9,1 5 8,8,10,,,,,,,,,,,https://www.release.tdnet.info/inbs/140120260515538536.pdf
20260515,4116,大日精化,説明資料,"=HYPERLINK(""https://www.release.tdnet.info/inbs/140120260514535447.pdf"", ""2026年3月期 決算補足説明資料"")","=HYPERLINK(""pdf_tmp/20260515/4116_1430_大日精化_2026年3月期 決算補足説明資料.pdf"", ""2026年3月期 決算補足説明資料"")",,,17 20,7,,,20,,,,17,,,,,,,,7,,,,,https://www.release.tdnet.info/inbs/140120260514535447.pdf
20260515,4631,DIC,説明資料,"=HYPERLINK(""https://www.release.tdnet.info/inbs/140120260515536482.pdf"", ""2026年12月期 第1四半期決算説明資料"")","=HYPERLINK(""pdf_tmp/20260515/4631_1200_DIC_2026年12月期 第1四半期決算説明資料.pdf"", ""2026年12月期 第1四半期決算説明資料"")",,,10,,9,,,,,,2 10 11 12,,,,,,,,4,,,10,,https://www.release.tdnet.info/inbs/140120260515536482.pdf
20260515,4919,ミルボン,説明資料,"=HYPERLINK(""https://www.release.tdnet.info/inbs/140120260514534793.pdf"", ""2026年12月期(第67期)第1四半期 株式会社ミルボン決算説明資料"")","=HYPERLINK(""pdf_tmp/20260515/4919_1530_ミルボン_2026年12月期(第67期)第1四半期 株式会社ミルボン決算説明資料.pdf"", ""2026年12月期(第67期)第1四半期 株式会社ミルボン決算説明資料"")",,,5,,,,,,,10,4 12,3 10 11 16,22,,,,,,,,,,,https://www.release.tdnet.info/inbs/140120260514534793.pdf
20260515,5125,G-ファインズ,説明資料,"=HYPERLINK(""https://www.release.tdnet.info/inbs/140120260515537324.pdf"", ""2026年6月期 第3四半期_決算説明資料"")","=HYPERLINK(""pdf_tmp/20260515/5125_1153_G-ファインズ_2026年6月期 第3四半期_決算説明資料.pdf"", ""2026年6月期 第3四半期_決算説明資料"")",,,,25,,,,2,,38,7 35,,,,,,,,38,,,,,https://www.release.tdnet.info/inbs/140120260515537324.pdf
20260515,5703,日軽金HD,決算短信,"=HYPERLINK(""https://www.release.tdnet.info/inbs/140120260515536649.pdf"", ""2026年3月期 決算短信〔日本基準〕(連結)"")","=HYPERLINK(""pdf_tmp/20260515/5703_1400_日軽金HD_2026年3月期 決算短信〔日本基準〕(連結).pdf"", ""2026年3月期 決算短信〔日本基準〕(連結)"")",,,5 6,,6,,,,,,5 6,,,,4,,,,6,,,,,https://www.release.tdnet.info/inbs/140120260515536649.pdf
20260515,6018,阪神内燃機工業,説明資料,"=HYPERLINK(""https://www.release.tdnet.info/inbs/140120260511521670.pdf"", ""2026年3月期 決算説明資料"")","=HYPERLINK(""pdf_tmp/20260515/6018_1530_阪神内燃機工業_2026年3月期 決算説明資料.pdf"", ""2026年3月期 決算説明資料"")",17,,4 5 9,24,,,,,,,,,,,38,,,,4 5 9 11,,,,,https://www.release.tdnet.info/inbs/140120260511521670.pdf
20260515,6229,オーケーエム,説明資料,"=HYPERLINK(""https://www.release.tdnet.info/inbs/140120260514535490.pdf"", ""2026年3月期決算説明資料"")","=HYPERLINK(""pdf_tmp/20260515/6229_1400_オーケーエム_2026年3月期決算説明資料.pdf"", ""2026年3月期決算説明資料"")",,39,,35,,,,,,,13 16 20 35 47 48,,,,,,28,,,,30,,,https://www.release.tdnet.info/inbs/140120260514535490.pdf
20260515,6240,ヤマシンフィルタ,説明資料,"=HYPERLINK(""https://www.release.tdnet.info/inbs/140120260515536104.pdf"", ""2026年3月期決算説明資料(速報版)"")","=HYPERLINK(""pdf_tmp/20260515/6240_1530_ヤマシンフィルタ_2026年3月期決算説明資料(速報版).pdf"", ""2026年3月期決算説明資料(速報版)"")",,,,4 21,,,,,,,10 15 41,,,,16 21,20,,,,,,20 21 30 32 34,,https://www.release.tdnet.info/inbs/140120260515536104.pdf
20260515,6361,荏原製,その他,"=HYPERLINK(""https://www.release.tdnet.info/inbs/140120260514535001.pdf"", ""2026年12月期 第1四半期 決算説明会資料"")","=HYPERLINK(""pdf_tmp/20260515/6361_1530_荏原製_2026年12月期 第1四半期 決算説明会資料.pdf"", ""2026年12月期 第1四半期 決算説明会資料"")",,10,,,,,3 19,,,,3 10,,,,,,18,,14,,,,,https://www.release.tdnet.info/inbs/140120260514535001.pdf
20260515,6428,オーイズミ,決算短信,"=HYPERLINK(""https://www.release.tdnet.info/inbs/140120260514534812.pdf"", ""2026年3月期 決算短信〔日本基準〕(連結)"")","=HYPERLINK(""pdf_tmp/20260515/6428_1600_オーイズミ_2026年3月期 決算短信〔日本基準〕(連結).pdf"", ""2026年3月期 決算短信〔日本基準〕(連結)"")",,4,,,4,4,,,,,,,,,,,,,4,,,7,,https://www.release.tdnet.info/inbs/140120260514534812.pdf
20260515,6472,NTN,その他,"=HYPERLINK(""https://www.release.tdnet.info/inbs/140120260511521574.pdf"", ""2026年3月期決算説明会資料"")","=HYPERLINK(""pdf_tmp/20260515/6472_0930_NTN_2026年3月期決算説明会資料.pdf"", ""2026年3月期決算説明会資料"")",,,,,,,,,,,3,,,28 29,27 28,,6,4,,,,,,https://www.release.tdnet.info/inbs/140120260511521574.pdf
20260515,7039,G-ブリッジグループ,説明資料,"=HYPERLINK(""https://www.release.tdnet.info/inbs/140120260515536934.pdf"", ""2026年12月期 第1四半期決算説明資料"")","=HYPERLINK(""pdf_tmp/20260515/7039_1200_G-ブリッジグループ_2026年12月期 第1四半期決算説明資料.pdf"", ""2026年12月期 第1四半期決算説明資料"")",,,,9,,,,27 28,,27,11 15 19 23 26 32 37,,13,,,,,,,,,,,https://www.release.tdnet.info/inbs/140120260515536934.pdf
20260515,7047,G-ポート,決算短信,"=HYPERLINK(""https://www.release.tdnet.info/inbs/140120260515536763.pdf"", ""2026年3月期決算短信〔IFRS〕(連結)"")","=HYPERLINK(""pdf_tmp/20260515/7047_1530_G-ポート_2026年3月期決算短信〔IFRS〕(連結).pdf"", ""2026年3月期決算短信〔IFRS〕(連結)"")",,,,4,4 6,,,,,,2 4 5,,,4,,,,,,,,6,,https://www.release.tdnet.info/inbs/140120260515536763.pdf
20260515,7087,ウイルテック,説明資料,"=HYPERLINK(""https://www.release.tdnet.info/inbs/140120260514535918.pdf"", ""2026年3月期 決算説明資料"")","=HYPERLINK(""pdf_tmp/20260515/7087_1700_ウイルテック_2026年3月期 決算説明資料.pdf"", ""2026年3月期 決算説明資料"")",,17,,,18,,,,,,9,,,,,,2,,,,,,16,https://www.release.tdnet.info/inbs/140120260514535918.pdf
20260515,7746,岡本硝子,その他,"=HYPERLINK(""https://www.release.tdnet.info/inbs/140120260515537268.pdf"", ""中期経営計画策定に関するお知らせ"")","=HYPERLINK(""pdf_tmp/20260515/7746_1530_岡本硝子_中期経営計画策定に関するお知らせ.pdf"", ""中期経営計画策定に関するお知らせ"")",,4 13,,,,,,,,,15,,,,,,,,,4,12,,13 18,https://www.release.tdnet.info/inbs/140120260515537268.pdf
20260515,8141,新光商,その他,"=HYPERLINK(""https://www.release.tdnet.info/inbs/140120260514535757.pdf"", ""加賀電子株式会社による当社株式に対する公開買付けに関する意見表明に関するお知らせ"")","=HYPERLINK(""pdf_tmp/20260515/8141_1535_新光商_加賀電子株式会社による当社株式に対する公開買付けに関する意見表明に関するお知らせ.pdf"", ""加賀電子株式会社による当社株式に対する公開買付けに関する意見表明に関するお知らせ"")",28 71,,,,,22 28 72,,22 28 64 72,,,20 21 22 23 28 29 53 65 71 72,,,,,,,,6 45,,,,,https://www.release.tdnet.info/inbs/140120260514535757.pdf
20260515,8154,加賀電子,その他,"=HYPERLINK(""https://www.release.tdnet.info/inbs/140120260515538168.pdf"", ""新光商事株式会社(証券コード:8141)の普通株式に対する公開買付けの開始に関するお知らせ"")","=HYPERLINK(""pdf_tmp/20260515/8154_1535_加賀電子_新光商事株式会社(証券コード_8141)の普通株式に対する公開買付けの開始に関するお知らせ.pdf"", ""新光商事株式会社(証券コード:8141)の普通株式に対する公開買付けの開始に関するお知らせ"")",31,,,,,32,,24 32,,,13 25 31 32,,,,,,,,5,,,,,https://www.release.tdnet.info/inbs/140120260515538168.pdf
20260515,9557,G-エアクロ,説明資料,"=HYPERLINK(""https://www.release.tdnet.info/inbs/140120260515537483.pdf"", ""2026年6月期 第3四半期 決算説明資料"")","=HYPERLINK(""pdf_tmp/20260515/9557_1530_G-エアクロ_2026年6月期 第3四半期 決算説明資料.pdf"", ""2026年6月期 第3四半期 決算説明資料"")",,,,,,,,2 18,,18 19,40,,18 19,,,,,,2 10,,,,,https://www.release.tdnet.info/inbs/140120260515537483.pdf
20260515,9788,ナック,説明資料,"=HYPERLINK(""https://www.release.tdnet.info/inbs/140120260515538439.pdf"", ""2026年3月期 決算補足説明資料"")","=HYPERLINK(""pdf_tmp/20260515/9788_1530_ナック_2026年3月期 決算補足説明資料.pdf"", ""2026年3月期 決算補足説明資料"")",,,16,,,,,,,45 52,4 16 24 36,,,,,,48,,24 28 45,,,,,https://www.release.tdnet.info/inbs/140120260515538439.pdf
20260515,1301,極洋,決算短信,"=HYPERLINK(""https://www.release.tdnet.info/inbs/140120260514535861.pdf"", ""2026年3月期 決算短信[日本基準](連結)"")","=HYPERLINK(""pdf_tmp/20260515/1301_1130_極洋_2026年3月期 決算短信[日本基準](連結).pdf"", ""2026年3月期 決算短信[日本基準](連結)"")",,,5,,4,,,,,,4,,4,,,,,,,,,,,https://www.release.tdnet.info/inbs/140120260514535861.pdf
20260515,142A,G-ジンジブ,事業計画,"=HYPERLINK(""https://www.release.tdnet.info/inbs/140120260515538676.pdf"", ""2026年3月期 通期 決算説明資料(事業計画及び成長可能性に関する事項)"")","=HYPERLINK(""pdf_tmp/20260515/142A_1600_G-ジンジブ_2026年3月期 通期 決算説明資料(事業計画及び成長可能性に関する事項).pdf"", ""2026年3月期 通期 決算説明資料(事業計画及び成長可能性に関する事項)"")",,,,,,,,,,12 24 25,9 12 14 15 24 25 26 28 56 58,,31,,,,,,56,,,,,https://www.release.tdnet.info/inbs/140120260515538676.pdf
20260515,150A,G-JSH,説明資料,"=HYPERLINK(""https://www.release.tdnet.info/inbs/140120260513531472.pdf"", ""2026年3月期通期決算説明資料"")","=HYPERLINK(""pdf_tmp/20260515/150A_1530_G-JSH_2026年3月期通期決算説明資料.pdf"", ""2026年3月期通期決算説明資料"")",,,,,56,,,,,27,2 26 28 41,,,,,,,,61 62,,,,,https://www.release.tdnet.info/inbs/140120260513531472.pdf
20260515,150A,G-JSH,事業計画,"=HYPERLINK(""https://www.release.tdnet.info/inbs/140120260513531430.pdf"", ""事業計画及び成長可能性に関する事項"")","=HYPERLINK(""pdf_tmp/20260515/150A_1530_G-JSH_事業計画及び成長可能性に関する事項.pdf"", ""事業計画及び成長可能性に関する事項"")",,,,,33,,,,,11,10 12 62,,,,,,,,45 46,,,,,https://www.release.tdnet.info/inbs/140120260513531430.pdf
20260515,177A,G-コージンバイオ,決算短信,"=HYPERLINK(""https://www.release.tdnet.info/inbs/140120260512526885.pdf"", ""2026年3月期決算短信〔日本基準〕(連結)"")","=HYPERLINK(""pdf_tmp/20260515/177A_1430_G-コージンバイオ_2026年3月期決算短信〔日本基準〕(連結).pdf"", ""2026年3月期決算短信〔日本基準〕(連結)"")",,,,,,,,,,,4,4,4,,,,,,4,,,,,https://www.release.tdnet.info/inbs/140120260512526885.pdf
20260515,2109,DM三井製糖,決算短信,"=HYPERLINK(""https://www.release.tdnet.info/inbs/140120260514531761.pdf"", ""2026年3月期 決算短信〔日本基準〕(連結)"")","=HYPERLINK(""pdf_tmp/20260515/2109_1700_DM三井製糖_2026年3月期 決算短信〔日本基準〕(連結).pdf"", ""2026年3月期 決算短信〔日本基準〕(連結)"")",,,,,4,,,,,,4,,,,,,,,5,,5,,,https://www.release.tdnet.info/inbs/140120260514531761.pdf
20260515,2160,G-GNI,説明資料,"=HYPERLINK(""https://www.release.tdnet.info/inbs/140120260515538595.pdf"", ""2026年12月期 第1四半期決算説明資料"")","=HYPERLINK(""pdf_tmp/20260515/2160_1600_G-GNI_2026年12月期 第1四半期決算説明資料.pdf"", ""2026年12月期 第1四半期決算説明資料"")",15,,,,,,,,,,36,,,,,,,,16,,,23,,https://www.release.tdnet.info/inbs/140120260515538595.pdf
20260515,253A,ETSグループ,説明資料,"=HYPERLINK(""https://www.release.tdnet.info/inbs/140120260513529047.pdf"", ""2026年9月期 第2四半期決算 補足説明資料"")","=HYPERLINK(""pdf_tmp/20260515/253A_1200_ETSグループ_2026年9月期 第2四半期決算 補足説明資料.pdf"", ""2026年9月期 第2四半期決算 補足説明資料"")",,,,,,35,15,,,,15 19 27 34,38,,,,,,,,,,,,https://www.release.tdnet.info/inbs/140120260513529047.pdf
20260515,2762,SANKO MF,説明資料,"=HYPERLINK(""https://www.release.tdnet.info/inbs/140120260515537567.pdf"", ""資金調達に関する補足説明資料"")","=HYPERLINK(""pdf_tmp/20260515/2762_1600_SANKO MF_資金調達に関する補足説明資料.pdf"", ""資金調達に関する補足説明資料"")",,,,,,,,,,2,3,,2,,,,,,2,,,,,https://www.release.tdnet.info/inbs/140120260515537567.pdf
20260515,287A,黒田グループ,説明資料,"=HYPERLINK(""https://www.release.tdnet.info/inbs/140120260515537722.pdf"", ""2026年3月期 決算説明資料"")","=HYPERLINK(""pdf_tmp/20260515/287A_1600_黒田グループ_2026年3月期 決算説明資料.pdf"", ""2026年3月期 決算説明資料"")",,,,7,,,,,,,4,,,,,,,,,,,12,8,https://www.release.tdnet.info/inbs/140120260515537722.pdf
20260515,3024,クリエイト,決算短信,"=HYPERLINK(""https://www.release.tdnet.info/inbs/140120260515538501.pdf"", ""2026年3月期 決算短信[日本基準](連結)"")","=HYPERLINK(""pdf_tmp/20260515/3024_1530_クリエイト_2026年3月期 決算短信[日本基準](連結).pdf"", ""2026年3月期 決算短信[日本基準](連結)"")",,,5,,,,,,,,5,,,,,,,5,4,,,,,https://www.release.tdnet.info/inbs/140120260515538501.pdf
20260515,3055,ほくたけ,決算短信,"=HYPERLINK(""https://www.release.tdnet.info/inbs/140120260515536320.pdf"", ""2026年3月期 決算短信〔日本基準〕(連結)"")","=HYPERLINK(""pdf_tmp/20260515/3055_1530_ほくたけ_2026年3月期 決算短信〔日本基準〕(連結).pdf"", ""2026年3月期 決算短信〔日本基準〕(連結)"")",19 20,,,,,4,,,,,4 5,,,,,,,,4,,,,,https://www.release.tdnet.info/inbs/140120260515536320.pdf
20260515,3374,内外テック,説明資料,"=HYPERLINK(""https://www.release.tdnet.info/inbs/140120260515537070.pdf"", ""2026年3月期決算説明資料"")","=HYPERLINK(""pdf_tmp/20260515/3374_1545_内外テック_2026年3月期決算説明資料.pdf"", ""2026年3月期決算説明資料"")",,3 16 17,,8,,,,,,20,7 17,,,,,,,,,,,,,https://www.release.tdnet.info/inbs/140120260515537070.pdf
20260515,3417,大木ヘルスケア,決算短信,"=HYPERLINK(""https://www.release.tdnet.info/inbs/140120260514534886.pdf"", ""2026年3月期決算短信〔日本基準〕(連結)"")","=HYPERLINK(""pdf_tmp/20260515/3417_1530_大木ヘルスケア_2026年3月期決算短信〔日本基準〕(連結).pdf"", ""2026年3月期決算短信〔日本基準〕(連結)"")",5,,,4,4,,,,,,4,,,,,,,,,,,,,https://www.release.tdnet.info/inbs/140120260514534886.pdf
20260515,3551,ダイニック,その他,"=HYPERLINK(""https://www.release.tdnet.info/inbs/140120260513530246.pdf"", ""ダイニックグループ中期経営計画 「SOLID FOUNDATION 2026」実績報告 並びに新中期経営計画「SOLID FOUNDATION 2029」の策定について"")","=HYPERLINK(""pdf_tmp/20260515/3551_1100_ダイニック_ダイニックグループ中期経営計画 「SOLID FOUNDATION 2026」実績報告 並びに新中期経営計画「SOLID FOUNDATION 2029」の策定について.pdf"", ""ダイニックグループ中期経営計画 「SOLID FOUNDATION 2026」実績報告 並びに新中期経営計画「SOLID FOUNDATION 2029」の策定について"")",,,,7 8 9 17 19,17,,,,,7 8,,,,,,,,,7 8 9 14 16,,,,,https://www.release.tdnet.info/inbs/140120260513530246.pdf
20260515,4031,片倉コープアグリ,決算短信,"=HYPERLINK(""https://www.release.tdnet.info/inbs/140120260514535755.pdf"", ""2026年3月期 決算短信〔日本基準〕(連結)"")","=HYPERLINK(""pdf_tmp/20260515/4031_1400_片倉コープアグリ_2026年3月期 決算短信〔日本基準〕(連結).pdf"", ""2026年3月期 決算短信〔日本基準〕(連結)"")",,,4,,,,,,,4,,4 6,4,,,,,,,,,,,https://www.release.tdnet.info/inbs/140120260514535755.pdf
20260515,4097,高圧ガス,決算短信,"=HYPERLINK(""https://www.release.tdnet.info/inbs/140120260514535723.pdf"", ""2026年3月期 決算短信[日本基準](連結)"")","=HYPERLINK(""pdf_tmp/20260515/4097_1530_高圧ガス_2026年3月期 決算短信[日本基準](連結).pdf"", ""2026年3月期 決算短信[日本基準](連結)"")",,,4,,,,,,,,4,,,,4,4,,,,,,,,https://www.release.tdnet.info/inbs/140120260514535723.pdf
20260515,4178,G-Sイノベーション,説明資料,"=HYPERLINK(""https://www.release.tdnet.info/inbs/140120260513530899.pdf"", ""2026年12月期 第1四半期 決算補足説明資料"")","=HYPERLINK(""pdf_tmp/20260515/4178_1530_G-Sイノベーション_2026年12月期 第1四半期 決算補足説明資料.pdf"", ""2026年12月期 第1四半期 決算補足説明資料"")",,17,,,,,,,,,2 4 5 42,10,,,,,,,43 44,,,,,https://www.release.tdnet.info/inbs/140120260513530899.pdf
20260515,4216,旭有機材,その他,"=HYPERLINK(""https://www.release.tdnet.info/inbs/140120260515537756.pdf"", ""中期経営計画『GNT2030』に関するお知らせ"")","=HYPERLINK(""pdf_tmp/20260515/4216_1600_旭有機材_中期経営計画『GNT2030』に関するお知らせ.pdf"", ""中期経営計画『GNT2030』に関するお知らせ"")",,15,,,,,1 4,,,,24,,,,,,,,,,,14 15 21,,https://www.release.tdnet.info/inbs/140120260515537756.pdf
20260515,4310,DI,その他,"=HYPERLINK(""https://www.release.tdnet.info/inbs/140120260514532384.pdf"", ""2026年3月期 決算説明会資料"")","=HYPERLINK(""pdf_tmp/20260515/4310_1700_DI_2026年3月期 決算説明会資料.pdf"", ""2026年3月期 決算説明会資料"")",,,,,,,,,,6,19,,12,,,,,,27,,,,,https://www.release.tdnet.info/inbs/140120260514532384.pdf
20260515,4415,G-ブロードエンター,その他,"=HYPERLINK(""https://www.release.tdnet.info/inbs/140120260515538596.pdf"", ""2026年12月期 第1四半期決算説明書き起こし"")","=HYPERLINK(""pdf_tmp/20260515/4415_1530_G-ブロードエンター_2026年12月期 第1四半期決算説明書き起こし.pdf"", ""2026年12月期 第1四半期決算説明書き起こし"")",,,,,26,,,,,,11 18,,,,,,21,,17,,,,,https://www.release.tdnet.info/inbs/140120260515538596.pdf
20260515,4651,サニックスHD,その他,"=HYPERLINK(""https://www.release.tdnet.info/inbs/140120260515537243.pdf"", ""中期経営計画(2027年3月期~2029年3月期)策定に関するお知らせ"")","=HYPERLINK(""pdf_tmp/20260515/4651_1530_サニックスHD_中期経営計画(2027年3月期~2029年3月期)策定に関するお知らせ.pdf"", ""中期経営計画(2027年3月期~2029年3月期)策定に関するお知らせ"")",,,49,,47 49,,,,,11 12,,,,,,,,,,,55,,,https://www.release.tdnet.info/inbs/140120260515537243.pdf
20260515,4662,フォーカスシステムズ,決算短信,"=HYPERLINK(""https://www.release.tdnet.info/inbs/140120260514532991.pdf"", ""2026年3月期決算短信〔日本基準〕(非連結)"")","=HYPERLINK(""pdf_tmp/20260515/4662_1530_フォーカスシステムズ_2026年3月期決算短信〔日本基準〕(非連結).pdf"", ""2026年3月期決算短信〔日本基準〕(非連結)"")",,,,4 5,,7,,,,7 8,,,,,,,,,6 7 8,,,,,https://www.release.tdnet.info/inbs/140120260514532991.pdf
20260515,4932,アルマード,説明資料,"=HYPERLINK(""https://www.release.tdnet.info/inbs/140120260514535522.pdf"", ""2026年3月期 決算説明資料"")","=HYPERLINK(""pdf_tmp/20260515/4932_1530_アルマード_2026年3月期 決算説明資料.pdf"", ""2026年3月期 決算説明資料"")",,,,,,,,,,6 13,2 3 4 6 7 8 10 11 14 16,,,7 8,,,,,6 13 14 17,,,,,https://www.release.tdnet.info/inbs/140120260514535522.pdf
20260515,4972,綜研化学,決算短信,"=HYPERLINK(""https://www.release.tdnet.info/inbs/140120260514535087.pdf"", ""2026年3月期 決算短信〔日本基準〕(連結)"")","=HYPERLINK(""pdf_tmp/20260515/4972_1530_綜研化学_2026年3月期 決算短信〔日本基準〕(連結).pdf"", ""2026年3月期 決算短信〔日本基準〕(連結)"")",,,,,6,,,,,,4,,,,4,,,,6,,,,,https://www.release.tdnet.info/inbs/140120260514535087.pdf
20260515,5105,TOYO TIRE,説明資料,"=HYPERLINK(""https://www.release.tdnet.info/inbs/140120260514535060.pdf"", ""2026年度第1四半期決算説明資料"")","=HYPERLINK(""pdf_tmp/20260515/5105_1100_TOYO TIRE_2026年度第1四半期決算説明資料.pdf"", ""2026年度第1四半期決算説明資料"")",17,,,17,17,,,,,,17,,,,,,,,,,,,,https://www.release.tdnet.info/inbs/140120260514535060.pdf
20260515,5110,住友ゴム,決算短信,"=HYPERLINK(""https://www.release.tdnet.info/inbs/140120260514535805.pdf"", ""2026年12月期 第1四半期決算短信〔IFRS〕(連結)"")","=HYPERLINK(""pdf_tmp/20260515/5110_1530_住友ゴム_2026年12月期 第1四半期決算短信〔IFRS〕(連結).pdf"", ""2026年12月期 第1四半期決算短信〔IFRS〕(連結)"")",,,,6,4,,,,,,4,,,,,,,,5,,,,,https://www.release.tdnet.info/inbs/140120260514535805.pdf
20260515,5199,不二ラテ,決算短信,"=HYPERLINK(""https://www.release.tdnet.info/inbs/140120260428513814.pdf"", ""2026年3月期 決算短信〔日本基準〕(連結)"")","=HYPERLINK(""pdf_tmp/20260515/5199_1400_不二ラテ_2026年3月期 決算短信〔日本基準〕(連結).pdf"", ""2026年3月期 決算短信〔日本基準〕(連結)"")",,,,,4,4,,,,,4,,,,6,,,,,,,,,https://www.release.tdnet.info/inbs/140120260428513814.pdf
20260515,5237,ノザワ,説明資料,"=HYPERLINK(""https://www.release.tdnet.info/inbs/140120260513529405.pdf"", ""2026年3月期 決算補足説明資料"")","=HYPERLINK(""pdf_tmp/20260515/5237_1100_ノザワ_2026年3月期 決算補足説明資料.pdf"", ""2026年3月期 決算補足説明資料"")",,,4 16,,7,,,,,,3,,,,,,,,8 18,,,,,https://www.release.tdnet.info/inbs/140120260513529405.pdf
20260515,5356,美濃窯業,説明資料,"=HYPERLINK(""https://www.release.tdnet.info/inbs/140120260512524264.pdf"", ""2026年3月期 決算説明資料"")","=HYPERLINK(""pdf_tmp/20260515/5356_1500_美濃窯業_2026年3月期 決算説明資料.pdf"", ""2026年3月期 決算説明資料"")",,,6 9 10 11 20,,,,,,,18 19,10 20 24,,,,,,,,,,,21,,https://www.release.tdnet.info/inbs/140120260512524264.pdf
20260515,5471,大同特鋼,決算短信,"=HYPERLINK(""https://www.release.tdnet.info/inbs/140120260514535890.pdf"", ""2026年3月期 決算短信〔IFRS〕(連結)"")","=HYPERLINK(""pdf_tmp/20260515/5471_1140_大同特鋼_2026年3月期 決算短信〔IFRS〕(連結).pdf"", ""2026年3月期 決算短信〔IFRS〕(連結)"")",,,,6,,,,,,,,,,,,,5,5,18,,,,,https://www.release.tdnet.info/inbs/140120260514535890.pdf
20260515,5471,大同特鋼,その他,"=HYPERLINK(""https://www.release.tdnet.info/inbs/140120260514535895.pdf"", ""2026年3月期 決算説明会"")","=HYPERLINK(""pdf_tmp/20260515/5471_1140_大同特鋼_2026年3月期 決算説明会.pdf"", ""2026年3月期 決算説明会"")",,,,,20,,,,,,,,,,26,,,,14,,,34,,https://www.release.tdnet.info/inbs/140120260514535895.pdf
20260515,6029,アトラG,説明資料,"=HYPERLINK(""https://www.release.tdnet.info/inbs/140120260512527250.pdf"", ""2026年12月期第1四半期 決算説明資料"")","=HYPERLINK(""pdf_tmp/20260515/6029_1200_アトラG_2026年12月期第1四半期 決算説明資料.pdf"", ""2026年12月期第1四半期 決算説明資料"")",,,,,,,3 7 11,11,,,5 8,,,,,,,,4 7,,,,,https://www.release.tdnet.info/inbs/140120260512527250.pdf
20260515,6140,旭ダイヤ,決算短信,"=HYPERLINK(""https://www.release.tdnet.info/inbs/140120260515536659.pdf"", ""2026年3月期決算短信〔日本基準〕(連結)"")","=HYPERLINK(""pdf_tmp/20260515/6140_1530_旭ダイヤ_2026年3月期決算短信〔日本基準〕(連結).pdf"", ""2026年3月期決算短信〔日本基準〕(連結)"")",,,,,,,,,,,4,,,,,4,,,,7,,,4 7,https://www.release.tdnet.info/inbs/140120260515536659.pdf
20260515,6145,NITTOKU,決算短信,"=HYPERLINK(""https://www.release.tdnet.info/inbs/140120260514535543.pdf"", ""2026年3月期 決算短信〔日本基準〕(連結)"")","=HYPERLINK(""pdf_tmp/20260515/6145_1800_NITTOKU_2026年3月期 決算短信〔日本基準〕(連結).pdf"", ""2026年3月期 決算短信〔日本基準〕(連結)"")",,,,4 7,,,,,,,,7,,,,,,,4,,,,5 7,https://www.release.tdnet.info/inbs/140120260514535543.pdf
20260515,6310,井関農,説明資料,"=HYPERLINK(""https://www.release.tdnet.info/inbs/140120260515536897.pdf"", ""2026年12月期 第1四半期 決算補足説明資料"")","=HYPERLINK(""pdf_tmp/20260515/6310_1530_井関農_2026年12月期 第1四半期 決算補足説明資料.pdf"", ""2026年12月期 第1四半期 決算補足説明資料"")",,,5 6 8,3,,,,,,,,14,,3,,,,,,,,,,https://www.release.tdnet.info/inbs/140120260515536897.pdf
20260515,6699,ダイヤHD,説明資料,"=HYPERLINK(""https://www.release.tdnet.info/inbs/140120260513530832.pdf"", ""2026年3月期決算説明資料"")","=HYPERLINK(""pdf_tmp/20260515/6699_1100_ダイヤHD_2026年3月期決算説明資料.pdf"", ""2026年3月期決算説明資料"")",,2 8 9 10 11,,,,,,,,,9,,,,,,,,3 6,,,,4 5 9,https://www.release.tdnet.info/inbs/140120260513530832.pdf
20260515,6890,フェローテック,その他,"=HYPERLINK(""https://www.release.tdnet.info/inbs/140120260515538906.pdf"", ""中期経営計画(ローリングプラン)資料の開示について"")","=HYPERLINK(""pdf_tmp/20260515/6890_1820_フェローテック_中期経営計画(ローリングプラン)資料の開示について.pdf"", ""中期経営計画(ローリングプラン)資料の開示について"")",,5 12,,,,,8,,,,,8,,,,,9,,,,,,,https://www.release.tdnet.info/inbs/140120260515538906.pdf
20260515,7060,ギークス,説明資料,"=HYPERLINK(""https://www.release.tdnet.info/inbs/140120260514535429.pdf"", ""2026年3月期通期決算説明資料"")","=HYPERLINK(""pdf_tmp/20260515/7060_1500_ギークス_2026年3月期通期決算説明資料.pdf"", ""2026年3月期通期決算説明資料"")",,,,,,,8,,,,10 11 12 38,8,,,,,,,,,,34,,https://www.release.tdnet.info/inbs/140120260514535429.pdf
20260515,7082,G-ジモティー,その他,"=HYPERLINK(""https://www.release.tdnet.info/inbs/140120260515538639.pdf"", ""カルチュア・コンビニエンス・クラブ株式会社による当社株券等に対する公開買付けに関する賛同の意見表明及び応募推奨のお知らせ"")","=HYPERLINK(""pdf_tmp/20260515/7082_1600_G-ジモティー_カルチュア・コンビニエンス・クラブ株式会社による当社株券等に対する公開買付けに関する賛同の意見表明及び応募推奨のお知らせ.pdf"", ""カルチュア・コンビニエンス・クラブ株式会社による当社株券等に対する公開買付けに関する賛同の意見表明及び応募推奨のお知らせ"")",48,,,,,,35,,,,18 19 23 24 34 37 38 45,,,,,,,,16 60 63,,,,,https://www.release.tdnet.info/inbs/140120260515538639.pdf
20260515,7114,G-フーディソン,説明資料,"=HYPERLINK(""https://www.release.tdnet.info/inbs/140120260515537976.pdf"", ""2026年3月期 通期 決算説明資料"")","=HYPERLINK(""pdf_tmp/20260515/7114_1530_G-フーディソン_2026年3月期 通期 決算説明資料.pdf"", ""2026年3月期 通期 決算説明資料"")",,,5 14,,,,,,,8,5,,,,,,,,,,,36,,https://www.release.tdnet.info/inbs/140120260515537976.pdf
20260515,7119,G-ハルメクHD,説明資料,"=HYPERLINK(""https://www.release.tdnet.info/inbs/140120260513531527.pdf"", ""2026年3月期 通期決算及び中期経営計画説明資料"")","=HYPERLINK(""pdf_tmp/20260515/7119_1530_G-ハルメクHD_2026年3月期 通期決算及び中期経営計画説明資料.pdf"", ""2026年3月期 通期決算及び中期経営計画説明資料"")",,,,,5 10 16 46,45,5,,,,5 7,,,,,,,,,,,,,https://www.release.tdnet.info/inbs/140120260513531527.pdf
20260515,7957,フジコピアン,その他,"=HYPERLINK(""https://www.release.tdnet.info/inbs/140120260515536420.pdf"", ""2026年12月期連結業績予想修正および配当予想修正に関するお知らせ"")","=HYPERLINK(""pdf_tmp/20260515/7957_1530_フジコピアン_2026年12月期連結業績予想修正および配当予想修正に関するお知らせ.pdf"", ""2026年12月期連結業績予想修正および配当予想修正に関するお知らせ"")",,,,2,2,,,,,,2,,,,,,,,2,,,,,https://www.release.tdnet.info/inbs/140120260515536420.pdf
20260515,8152,ソマール,決算短信,"=HYPERLINK(""https://www.release.tdnet.info/inbs/140120260212557713.pdf"", ""2026年3月期 決算短信〔日本基準〕(連結)"")","=HYPERLINK(""pdf_tmp/20260515/8152_1530_ソマール_2026年3月期 決算短信〔日本基準〕(連結).pdf"", ""2026年3月期 決算短信〔日本基準〕(連結)"")",,4,,,,,,,,,4 7,,,,,,,4,4 7,,,,,https://www.release.tdnet.info/inbs/140120260212557713.pdf
20260515,8714,池田泉州,その他,"=HYPERLINK(""https://www.release.tdnet.info/inbs/140120260513530562.pdf"", ""長期経営戦略・第6次中期経営計画(詳細版)"")","=HYPERLINK(""pdf_tmp/20260515/8714_1400_池田泉州_長期経営戦略・第6次中期経営計画(詳細版).pdf"", ""長期経営戦略・第6次中期経営計画(詳細版)"")",,,,,,,,,,5,,,5,,,,,,39,,,10 12,,https://www.release.tdnet.info/inbs/140120260513530562.pdf
20260515,9052,山陽電鉄,その他,"=HYPERLINK(""https://www.release.tdnet.info/inbs/140120260515536033.pdf"", ""山陽電鉄グループ長期ビジョンの改定および中期経営計画(2026年度~2028年度)の策定について"")","=HYPERLINK(""pdf_tmp/20260515/9052_1530_山陽電鉄_山陽電鉄グループ長期ビジョンの改定および中期経営計画(2026年度~2028年度)の策定について.pdf"", ""山陽電鉄グループ長期ビジョンの改定および中期経営計画(2026年度~2028年度)の策定について"")",,,,,,6,,,,,6,,,23,6,,,,,,,,,https://www.release.tdnet.info/inbs/140120260515536033.pdf
20260515,9245,G-リベロ,説明資料,"=HYPERLINK(""https://www.release.tdnet.info/inbs/140120260514534758.pdf"", ""2026年12月期第1四半期決算説明資料"")","=HYPERLINK(""pdf_tmp/20260515/9245_1200_G-リベロ_2026年12月期第1四半期決算説明資料.pdf"", ""2026年12月期第1四半期決算説明資料"")",34,,,,,,,,,,7 11,,,,,,,40,40,,,,,https://www.release.tdnet.info/inbs/140120260514534758.pdf
20260515,1379,ホクト,決算短信,"=HYPERLINK(""https://www.release.tdnet.info/inbs/140120260514534871.pdf"", ""2026年3月期 決算短信〔日本基準〕(連結)"")","=HYPERLINK(""pdf_tmp/20260515/1379_1500_ホクト_2026年3月期 決算短信〔日本基準〕(連結).pdf"", ""2026年3月期 決算短信〔日本基準〕(連結)"")",,,,,,,,,,4,4,,4,,,,,,,,,,,https://www.release.tdnet.info/inbs/140120260514534871.pdf
20260515,1380,秋川牧園,決算短信,"=HYPERLINK(""https://www.release.tdnet.info/inbs/140120260515536885.pdf"", ""2026年3月期 決算短信〔日本基準〕(連結)"")","=HYPERLINK(""pdf_tmp/20260515/1380_1500_秋川牧園_2026年3月期 決算短信〔日本基準〕(連結).pdf"", ""2026年3月期 決算短信〔日本基準〕(連結)"")",,,4,,5,,,,,,,,5,,,,,,,,,,,https://www.release.tdnet.info/inbs/140120260515536885.pdf
20260515,147A,G-ソラコム,説明資料,"=HYPERLINK(""https://www.release.tdnet.info/inbs/140120260514536008.pdf"", ""2026年3月期通期決算説明資料"")","=HYPERLINK(""pdf_tmp/20260515/147A_1230_G-ソラコム_2026年3月期通期決算説明資料.pdf"", ""2026年3月期通期決算説明資料"")",,,,,,,7,,,7,5 23 37 40,,,,,,,,,,,,,https://www.release.tdnet.info/inbs/140120260514536008.pdf
20260515,177A,G-コージンバイオ,事業計画,"=HYPERLINK(""https://www.release.tdnet.info/inbs/140120260512526900.pdf"", ""事業計画及び成長可能性に関する事項"")","=HYPERLINK(""pdf_tmp/20260515/177A_1430_G-コージンバイオ_事業計画及び成長可能性に関する事項.pdf"", ""事業計画及び成長可能性に関する事項"")",,,,,,,,,,,10 13,,10,,,,,,13 48 52,,,,,https://www.release.tdnet.info/inbs/140120260512526900.pdf
20260515,2204,中村屋,その他,"=HYPERLINK(""https://www.release.tdnet.info/inbs/140120260515538170.pdf"", ""2026年3月期決算説明会資料"")","=HYPERLINK(""pdf_tmp/20260515/2204_1530_中村屋_2026年3月期決算説明会資料.pdf"", ""2026年3月期決算説明会資料"")",,,8 24,,,,,,,,2 5,,,,,,,,,,,21,,https://www.release.tdnet.info/inbs/140120260515538170.pdf
20260515,2286,林兼産,その他,"=HYPERLINK(""https://www.release.tdnet.info/inbs/140120260514535480.pdf"", ""新中期経営計画の策定に関するお知らせ"")","=HYPERLINK(""pdf_tmp/20260515/2286_1530_林兼産_新中期経営計画の策定に関するお知らせ.pdf"", ""新中期経営計画の策定に関するお知らせ"")",,,7,,,,,,,,6 7,,,,,,,,7,,,,,https://www.release.tdnet.info/inbs/140120260514535480.pdf
20260515,2334,G-イオレ,その他,"=HYPERLINK(""https://www.release.tdnet.info/inbs/140120260515538674.pdf"", ""2026年3月期通期決算補足資料"")","=HYPERLINK(""pdf_tmp/20260515/2334_1915_G-イオレ_2026年3月期通期決算補足資料.pdf"", ""2026年3月期通期決算補足資料"")",,,35,,,,,,,,8 10 11 32 53,,,,,,,,49,,,,,https://www.release.tdnet.info/inbs/140120260515538674.pdf
20260515,2334,G-イオレ,事業計画,"=HYPERLINK(""https://www.release.tdnet.info/inbs/140120260515538617.pdf"", ""2027年3月期以降の事業計画及び成長可能性に関する事項"")","=HYPERLINK(""pdf_tmp/20260515/2334_1915_G-イオレ_2027年3月期以降の事業計画及び成長可能性に関する事項.pdf"", ""2027年3月期以降の事業計画及び成長可能性に関する事項"")",,,,,,,,,,,8 56 59,16,,,,,,,22,,,,,https://www.release.tdnet.info/inbs/140120260515538617.pdf
20260515,2585,ライフドリンクC,説明資料,"=HYPERLINK(""https://www.release.tdnet.info/inbs/140120260515538144.pdf"", ""2026年3月期 決算補足説明資料"")","=HYPERLINK(""pdf_tmp/20260515/2585_1600_ライフドリンクC_2026年3月期 決算補足説明資料.pdf"", ""2026年3月期 決算補足説明資料"")",,3 19 20 29,3 19,,,,,,,,,,,,,,,,3 7,,,,,https://www.release.tdnet.info/inbs/140120260515538144.pdf
20260515,2586,G-フルッタフルッタ,決算短信,"=HYPERLINK(""https://www.release.tdnet.info/inbs/140120260513531112.pdf"", ""2026年3月期 決算短信〔日本基準〕(非連結)"")","=HYPERLINK(""pdf_tmp/20260515/2586_1530_G-フルッタフルッタ_2026年3月期 決算短信〔日本基準〕(非連結).pdf"", ""2026年3月期 決算短信〔日本基準〕(非連結)"")",,,,,,,,,,,4 5 6 8,,,,,4,,,4,,,,,https://www.release.tdnet.info/inbs/140120260513531112.pdf
20260515,2586,G-フルッタフルッタ,説明資料,"=HYPERLINK(""https://www.release.tdnet.info/inbs/140120260515538232.pdf"", ""2026年3月期 通期決算補足説明資料"")","=HYPERLINK(""pdf_tmp/20260515/2586_1530_G-フルッタフルッタ_2026年3月期 通期決算補足説明資料.pdf"", ""2026年3月期 通期決算補足説明資料"")",,,,,,,,,,,10,,,,,,9,,8,,,,,https://www.release.tdnet.info/inbs/140120260515538232.pdf
20260515,2594,キーコーヒー,決算短信,"=HYPERLINK(""https://www.release.tdnet.info/inbs/140120260515536412.pdf"", ""2026年3月期 決算短信〔日本基準〕(連結)"")","=HYPERLINK(""pdf_tmp/20260515/2594_1400_キーコーヒー_2026年3月期 決算短信〔日本基準〕(連結).pdf"", ""2026年3月期 決算短信〔日本基準〕(連結)"")",,,5 6,10,,,,,,,6,,,,,,,,,,,,,https://www.release.tdnet.info/inbs/140120260515536412.pdf
20260515,2818,ピエトロ,決算短信,"=HYPERLINK(""https://www.release.tdnet.info/inbs/140120260420506973.pdf"", ""2026年3月期 決算短信〔日本基準〕(連結)"")","=HYPERLINK(""pdf_tmp/20260515/2818_1530_ピエトロ_2026年3月期 決算短信〔日本基準〕(連結).pdf"", ""2026年3月期 決算短信〔日本基準〕(連結)"")",,,,,4 5,,,,,,4,,,,,,,,5 17,,,,,https://www.release.tdnet.info/inbs/140120260420506973.pdf
20260515,2998,G-クリアル,説明資料,"=HYPERLINK(""https://www.release.tdnet.info/inbs/140120260515538550.pdf"", ""2026年3月期 通期決算説明資料"")","=HYPERLINK(""pdf_tmp/20260515/2998_1530_G-クリアル_2026年3月期 通期決算説明資料.pdf"", ""2026年3月期 通期決算説明資料"")",,,,,,,4,,,5 23,4 7 8 14 20 32 34 35 43 58,,,,,,,,,,,,,https://www.release.tdnet.info/inbs/140120260515538550.pdf
20260515,3036,アルコニックス,決算短信,"=HYPERLINK(""https://www.release.tdnet.info/inbs/140120260514535046.pdf"", ""2026年3月期 決算短信〔日本基準〕 (連結)"")","=HYPERLINK(""pdf_tmp/20260515/3036_1230_アルコニックス_2026年3月期 決算短信〔日本基準〕 (連結).pdf"", ""2026年3月期 決算短信〔日本基準〕 (連結)"")",,,,,,,,,,,4,,,,4,,,,,,,,4,https://www.release.tdnet.info/inbs/140120260514535046.pdf
20260515,3113,UNIVA・Oak,決算短信,"=HYPERLINK(""https://www.release.tdnet.info/inbs/140120260514534691.pdf"", ""2026年3月期 決算短信〔日本基準〕(連結)"")","=HYPERLINK(""pdf_tmp/20260515/3113_1530_UNIVA・Oak_2026年3月期 決算短信〔日本基準〕(連結).pdf"", ""2026年3月期 決算短信〔日本基準〕(連結)"")",,,,,,4 5 7 17,,,,,4,,,,,,,,7 17,,,,,https://www.release.tdnet.info/inbs/140120260514534691.pdf
20260515,3113,UNIVA・Oak,説明資料,"=HYPERLINK(""https://www.release.tdnet.info/inbs/140120260514534751.pdf"", ""2026年3月期決算説明資料"")","=HYPERLINK(""pdf_tmp/20260515/3113_1530_UNIVA・Oak_2026年3月期決算説明資料.pdf"", ""2026年3月期決算説明資料"")",,,,,,,,,,12 13,12 13 23,,,,,,,,5 12 16,,,,,https://www.release.tdnet.info/inbs/140120260514534751.pdf
20260515,3173,Cominix,決算短信,"=HYPERLINK(""https://www.release.tdnet.info/inbs/140120260515536093.pdf"", ""2026年3月期 決算短信〔日本基準〕(連結)"")","=HYPERLINK(""pdf_tmp/20260515/3173_1600_Cominix_2026年3月期 決算短信〔日本基準〕(連結).pdf"", ""2026年3月期 決算短信〔日本基準〕(連結)"")",,,,,4,,,,,,5,,,,,,,,,,,7,,https://www.release.tdnet.info/inbs/140120260515536093.pdf
20260515,3175,APHD,決算短信,"=HYPERLINK(""https://www.release.tdnet.info/inbs/140120260515538749.pdf"", ""2026年3月期決算短信〔日本基準〕(連結)"")","=HYPERLINK(""pdf_tmp/20260515/3175_1800_APHD_2026年3月期決算短信〔日本基準〕(連結).pdf"", ""2026年3月期決算短信〔日本基準〕(連結)"")",,,,6 9,5,,,,,,,,,,,5,,,,,,,,https://www.release.tdnet.info/inbs/140120260515538749.pdf
20260515,3184,ICDA・HD,決算短信,"=HYPERLINK(""https://www.release.tdnet.info/inbs/140120260512524576.pdf"", ""2026年3月期 決算短信〔日本基準〕(連結)"")","=HYPERLINK(""pdf_tmp/20260515/3184_1540_ICDA・HD_2026年3月期 決算短信〔日本基準〕(連結).pdf"", ""2026年3月期 決算短信〔日本基準〕(連結)"")",,,,,,,,,,,4 7,,,,,,,,4,,,,4,https://www.release.tdnet.info/inbs/140120260512524576.pdf
20260515,3187,G-ミラタップ,説明資料,"=HYPERLINK(""https://www.release.tdnet.info/inbs/140120260514535710.pdf"", ""2026年9月期 第2四半期決算説明資料"")","=HYPERLINK(""pdf_tmp/20260515/3187_1600_G-ミラタップ_2026年9月期 第2四半期決算説明資料.pdf"", ""2026年9月期 第2四半期決算説明資料"")",,,,,,,,,,,,14,4,,,,,,,,,26,,https://www.release.tdnet.info/inbs/140120260514535710.pdf
20260515,3300,G-アンビションDX,決算短信,"=HYPERLINK(""https://www.release.tdnet.info/inbs/140120260514534712.pdf"", ""2026年6月期 第3四半期 決算短信〔日本基準〕(連結)"")","=HYPERLINK(""pdf_tmp/20260515/3300_1530_G-アンビションDX_2026年6月期 第3四半期 決算短信〔日本基準〕(連結).pdf"", ""2026年6月期 第3四半期 決算短信〔日本基準〕(連結)"")",,,,,,,4,,,,4,4,,,,,,,,,,,,https://www.release.tdnet.info/inbs/140120260514534712.pdf
20260515,3315,日本コークス,決算短信,"=HYPERLINK(""https://www.release.tdnet.info/inbs/140120260514535473.pdf"", ""2026年3月期 決算短信〔日本基準〕(連結)"")","=HYPERLINK(""pdf_tmp/20260515/3315_1400_日本コークス_2026年3月期 決算短信〔日本基準〕(連結).pdf"", ""2026年3月期 決算短信〔日本基準〕(連結)"")",,4,,,,,,,,,4,,,,,,,,6,,,,,https://www.release.tdnet.info/inbs/140120260514535473.pdf
20260515,3374,内外テック,その他,"=HYPERLINK(""https://www.release.tdnet.info/inbs/140120260515537110.pdf"", ""中期経営計画策定に関するお知らせ"")","=HYPERLINK(""pdf_tmp/20260515/3374_1545_内外テック_中期経営計画策定に関するお知らせ.pdf"", ""中期経営計画策定に関するお知らせ"")",,,,,,4,,4,,,11,,,,,,,,,,,,,https://www.release.tdnet.info/inbs/140120260515537110.pdf
20260515,3397,トリドールHD,決算短信,"=HYPERLINK(""https://www.release.tdnet.info/inbs/140120260514534640.pdf"", ""2026年3月期  決算短信〔IFRS〕(連結)"")","=HYPERLINK(""pdf_tmp/20260515/3397_1300_トリドールHD_2026年3月期 決算短信〔IFRS〕(連結).pdf"", ""2026年3月期  決算短信〔IFRS〕(連結)"")",,,6,,,7,,,,,7,,,,,,,,,,,,,https://www.release.tdnet.info/inbs/140120260514534640.pdf
20260515,3674,G-オークファン,説明資料,"=HYPERLINK(""https://www.release.tdnet.info/inbs/140120260515537137.pdf"", ""2026年9月期 第2四半期決算 補足説明資料"")","=HYPERLINK(""pdf_tmp/20260515/3674_1400_G-オークファン_2026年9月期 第2四半期決算 補足説明資料.pdf"", ""2026年9月期 第2四半期決算 補足説明資料"")",,,7 9 29 43 44,,,,,,,,3,14,,,,,,,,,,,,https://www.release.tdnet.info/inbs/140120260515537137.pdf
20260515,3835,eBASE,その他,"=HYPERLINK(""https://www.release.tdnet.info/inbs/140120260514535978.pdf"", ""2026年3月期決算と事業報告"")","=HYPERLINK(""pdf_tmp/20260515/3835_1600_eBASE_2026年3月期決算と事業報告.pdf"", ""2026年3月期決算と事業報告"")",,,38,,,37,,,,,30 40 43,,,,,,,,,,,,,https://www.release.tdnet.info/inbs/140120260514535978.pdf
20260515,3861,王子HD,決算短信,"=HYPERLINK(""https://www.release.tdnet.info/inbs/140120260508519342.pdf"", ""2026年3月期 決算短信〔日本基準〕(連結)"")","=HYPERLINK(""pdf_tmp/20260515/3861_1300_王子HD_2026年3月期 決算短信〔日本基準〕(連結).pdf"", ""2026年3月期 決算短信〔日本基準〕(連結)"")",,,,4,,,,,,,20,,,,,,,,4 6 7,,,,,https://www.release.tdnet.info/inbs/140120260508519342.pdf
20260515,3863,日本紙,決算短信,"=HYPERLINK(""https://www.release.tdnet.info/inbs/140120260514535670.pdf"", ""2026年3月期 決算短信〔日本基準〕(連結)"")","=HYPERLINK(""pdf_tmp/20260515/3863_1500_日本紙_2026年3月期 決算短信〔日本基準〕(連結).pdf"", ""2026年3月期 決算短信〔日本基準〕(連結)"")",,4,,,4,,,,,,,,,,,,,,4,,,,,https://www.release.tdnet.info/inbs/140120260514535670.pdf
20260515,3863,日本紙,説明資料,"=HYPERLINK(""https://www.release.tdnet.info/inbs/140120260514535702.pdf"", ""2026年3月期 決算説明資料"")","=HYPERLINK(""pdf_tmp/20260515/3863_1500_日本紙_2026年3月期 決算説明資料.pdf"", ""2026年3月期 決算説明資料"")",,,,,,,,,,,4 7,,,,,,,6,6,,,,,https://www.release.tdnet.info/inbs/140120260514535702.pdf
20260515,3863,日本紙,その他,"=HYPERLINK(""https://www.release.tdnet.info/inbs/140120260515538351.pdf"", ""中期経営計画2030骨子の公表について"")","=HYPERLINK(""pdf_tmp/20260515/3863_1500_日本紙_中期経営計画2030骨子の公表について.pdf"", ""中期経営計画2030骨子の公表について"")",,,6,,,,,,,6,,6,,,,,,,,,,,,https://www.release.tdnet.info/inbs/140120260515538351.pdf
20260515,3880,大王紙,その他,"=HYPERLINK(""https://www.release.tdnet.info/inbs/140120260515537046.pdf"", ""関係会社出資金評価損の計上(個別決算)及び 2026年3月期通期連結業績予想と実績値との差異に関するお知らせ"")","=HYPERLINK(""pdf_tmp/20260515/3880_1300_大王紙_関係会社出資金評価損の計上(個別決算)及び 2026年3月期通期連結業績予想と実績値との差異に関するお知らせ.pdf"", ""関係会社出資金評価損の計上(個別決算)及び 2026年3月期通期連結業績予想と実績値との差異に関するお知らせ"")",,,1,,,,,,,,,1,,1,,,,,,,,,,https://www.release.tdnet.info/inbs/140120260515537046.pdf
20260515,3916,DIT,決算短信,"=HYPERLINK(""https://www.release.tdnet.info/inbs/140120260515536259.pdf"", ""2026年6月期  第3四半期決算短信〔日本基準〕(連結)"")","=HYPERLINK(""pdf_tmp/20260515/3916_1530_DIT_2026年6月期 第3四半期決算短信〔日本基準〕(連結).pdf"", ""2026年6月期  第3四半期決算短信〔日本基準〕(連結)"")",,,,,,6,,,,,7,,,,,4,,,,,,,,https://www.release.tdnet.info/inbs/140120260515536259.pdf
20260515,3916,DIT,説明資料,"=HYPERLINK(""https://www.release.tdnet.info/inbs/140120260515536299.pdf"", ""2026年6月期 第3四半期決算説明資料"")","=HYPERLINK(""pdf_tmp/20260515/3916_1530_DIT_2026年6月期 第3四半期決算説明資料.pdf"", ""2026年6月期 第3四半期決算説明資料"")",,,,,,,30,,,,4 16 26,,,,,,,,,,,13,,https://www.release.tdnet.info/inbs/140120260515536299.pdf
20260515,3929,G-ソーシャルワイヤ,事業計画,"=HYPERLINK(""https://www.release.tdnet.info/inbs/140120260512526730.pdf"", ""2026年3月期 通期決算説明資料(事業計画及び成長可能性に関する事項)"")","=HYPERLINK(""pdf_tmp/20260515/3929_1530_G-ソーシャルワイヤ_2026年3月期 通期決算説明資料(事業計画及び成長可能性に関する事項).pdf"", ""2026年3月期 通期決算説明資料(事業計画及び成長可能性に関する事項)"")",,,,,,,8,,,,16,8,,,,,,,,,,,,https://www.release.tdnet.info/inbs/140120260512526730.pdf
20260515,3933,チエル,説明資料,"=HYPERLINK(""https://www.release.tdnet.info/inbs/140120260515538097.pdf"", ""2026年3月期決算補足説明資料"")","=HYPERLINK(""pdf_tmp/20260515/3933_1600_チエル_2026年3月期決算補足説明資料.pdf"", ""2026年3月期決算補足説明資料"")",,,,,,2,,,,,2 3,5,,,,,,,,,,,,https://www.release.tdnet.info/inbs/140120260515538097.pdf
20260515,3943,大石産業,説明資料,"=HYPERLINK(""https://www.release.tdnet.info/inbs/140120260514534526.pdf"", ""2026年3月期 決算補足説明資料"")","=HYPERLINK(""pdf_tmp/20260515/3943_1600_大石産業_2026年3月期 決算補足説明資料.pdf"", ""2026年3月期 決算補足説明資料"")",,,14,,,,,,,,,,,,16,,,,,,26,,,https://www.release.tdnet.info/inbs/140120260514534526.pdf
20260515,4125,三和油化工業,説明資料,"=HYPERLINK(""https://www.release.tdnet.info/inbs/140120260514532091.pdf"", ""2026年3月期 決算説明資料"")","=HYPERLINK(""pdf_tmp/20260515/4125_1630_三和油化工業_2026年3月期 決算説明資料.pdf"", ""2026年3月期 決算説明資料"")",,,,,,,,,,,11 12,,,,,,8 30,,8,,,,,https://www.release.tdnet.info/inbs/140120260514532091.pdf
20260515,4216,旭有機材,決算短信,"=HYPERLINK(""https://www.release.tdnet.info/inbs/140120260515537611.pdf"", ""2026年3月期決算短信〔日本基準〕(連結)"")","=HYPERLINK(""pdf_tmp/20260515/4216_1600_旭有機材_2026年3月期決算短信〔日本基準〕(連結).pdf"", ""2026年3月期決算短信〔日本基準〕(連結)"")",,,,7,,,,,,,,,,,4,4,,,,,,,,https://www.release.tdnet.info/inbs/140120260515537611.pdf
20260515,4240,クラスターT,決算短信,"=HYPERLINK(""https://www.release.tdnet.info/inbs/140120260514532154.pdf"", ""2026年3月期決算短信〔日本基準〕(非連結)"")","=HYPERLINK(""pdf_tmp/20260515/4240_1600_クラスターT_2026年3月期決算短信〔日本基準〕(非連結).pdf"", ""2026年3月期決算短信〔日本基準〕(非連結)"")",,,,,,,7,,,,4 5 7 8 9,,,,,,,,7,,,,,https://www.release.tdnet.info/inbs/140120260514532154.pdf
20260515,4256,G-サインド,説明資料,"=HYPERLINK(""https://www.release.tdnet.info/inbs/140120260514535957.pdf"", ""2026年3月期 決算説明資料"")","=HYPERLINK(""pdf_tmp/20260515/4256_1540_G-サインド_2026年3月期 決算説明資料.pdf"", ""2026年3月期 決算説明資料"")",,,,,,,,,,,27,5,5,,,,,,,,,,,https://www.release.tdnet.info/inbs/140120260514535957.pdf
20260515,4275,カーリット,決算短信,"=HYPERLINK(""https://www.release.tdnet.info/inbs/140120260515537471.pdf"", ""2026年3月期  決算短信〔日本基準〕(連結)"")","=HYPERLINK(""pdf_tmp/20260515/4275_1530_カーリット_2026年3月期 決算短信〔日本基準〕(連結).pdf"", ""2026年3月期  決算短信〔日本基準〕(連結)"")",,,,,,,,,,,10,,,,,,,5,9,,,,,https://www.release.tdnet.info/inbs/140120260515537471.pdf
20260515,4499,Speee,説明資料,"=HYPERLINK(""https://www.release.tdnet.info/inbs/140120260515536840.pdf"", ""2026年9月期 第2四半期決算説明資料"")","=HYPERLINK(""pdf_tmp/20260515/4499_1530_Speee_2026年9月期 第2四半期決算説明資料.pdf"", ""2026年9月期 第2四半期決算説明資料"")",,,,,,,,,,,18 20 70,,5 7,,,,,,,,,83,,https://www.release.tdnet.info/inbs/140120260515536840.pdf
20260515,4523,エーザイ,その他,"=HYPERLINK(""https://www.release.tdnet.info/inbs/140120260514534271.pdf"", ""2025年度 決算説明会資料"")","=HYPERLINK(""pdf_tmp/20260515/4523_1530_エーザイ_2025年度 決算説明会資料.pdf"", ""2025年度 決算説明会資料"")",,,,,,,,,,,2 3 5 8 18 26,,,,,,,,,,11,21,,https://www.release.tdnet.info/inbs/140120260514534271.pdf
20260515,4662,フォーカスシステムズ,説明資料,"=HYPERLINK(""https://www.release.tdnet.info/inbs/140120260515537617.pdf"", ""2026年3月期(第50期) 決算説明資料(FY2026|50th Business Year)"")","=HYPERLINK(""pdf_tmp/20260515/4662_1530_フォーカスシステムズ_2026年3月期(第50期) 決算説明資料(FY2026_50th Business Year).pdf"", ""2026年3月期(第50期) 決算説明資料(FY2026|50th Business Year)"")",3,,,3 6,,,,,,,5,,,,,,,,,,,,,https://www.release.tdnet.info/inbs/140120260515537617.pdf
20260515,4665,ダスキン,決算短信,"=HYPERLINK(""https://www.release.tdnet.info/inbs/140120260515538292.pdf"", ""2026年3月期 決算短信〔日本基準〕(連結)"")","=HYPERLINK(""pdf_tmp/20260515/4665_1530_ダスキン_2026年3月期 決算短信〔日本基準〕(連結).pdf"", ""2026年3月期 決算短信〔日本基準〕(連結)"")",,,5,,,,,,,,,5,,,,,,,4,,,,,https://www.release.tdnet.info/inbs/140120260515538292.pdf
20260515,4681,リゾートトラ,説明資料,"=HYPERLINK(""https://www.release.tdnet.info/inbs/140120260515537494.pdf"", ""2026年3月期 決算説明資料"")","=HYPERLINK(""pdf_tmp/20260515/4681_1640_リゾートトラ_2026年3月期 決算説明資料.pdf"", ""2026年3月期 決算説明資料"")",,,3 13 32 38,,9,,,,,,35,,,,,,,,,,,,,https://www.release.tdnet.info/inbs/140120260515537494.pdf
20260515,4681,リゾートトラ,決算短信,"=HYPERLINK(""https://www.release.tdnet.info/inbs/140120260513530758.pdf"", ""2026年3月期決算短信〔日本基準〕(連結)"")","=HYPERLINK(""pdf_tmp/20260515/4681_1640_リゾートトラ_2026年3月期決算短信〔日本基準〕(連結).pdf"", ""2026年3月期決算短信〔日本基準〕(連結)"")",,,4 5,8,,,4,,,,,,,,,,,,,,,,,https://www.release.tdnet.info/inbs/140120260513530758.pdf
20260515,477A,G-スタートライン,決算短信,"=HYPERLINK(""https://www.release.tdnet.info/inbs/140120260515538182.pdf"", ""2026年3月期 決算短信〔日本基準〕(非連結)"")","=HYPERLINK(""pdf_tmp/20260515/477A_1600_G-スタートライン_2026年3月期 決算短信〔日本基準〕(非連結).pdf"", ""2026年3月期 決算短信〔日本基準〕(非連結)"")",,,,,,,,,,4,4,4,,,,,,,,,,,,https://www.release.tdnet.info/inbs/140120260515538182.pdf
20260515,477A,G-スタートライン,事業計画,"=HYPERLINK(""https://www.release.tdnet.info/inbs/140120260515538198.pdf"", ""2026年3月期 決算説明資料 事業計画及び成長可能性に関する事項"")","=HYPERLINK(""pdf_tmp/20260515/477A_1600_G-スタートライン_2026年3月期 決算説明資料 事業計画及び成長可能性に関する事項.pdf"", ""2026年3月期 決算説明資料 事業計画及び成長可能性に関する事項"")",,,9,,,,,,,3,3,,,,,,,,,,,,,https://www.release.tdnet.info/inbs/140120260515538198.pdf
20260515,4833,G-Defコンサル,説明資料,"=HYPERLINK(""https://www.release.tdnet.info/inbs/140120260514532935.pdf"", ""2026年3月期 決算説明資料"")","=HYPERLINK(""pdf_tmp/20260515/4833_1600_G-Defコンサル_2026年3月期 決算説明資料.pdf"", ""2026年3月期 決算説明資料"")",,,,,6,,,,,,20 21,,,,,,,,5,,,,,https://www.release.tdnet.info/inbs/140120260514532935.pdf
20260515,4932,アルマード,決算短信,"=HYPERLINK(""https://www.release.tdnet.info/inbs/140120260514535486.pdf"", ""2026年3月期 決算短信〔日本基準〕(非連結)"")","=HYPERLINK(""pdf_tmp/20260515/4932_1530_アルマード_2026年3月期 決算短信〔日本基準〕(非連結).pdf"", ""2026年3月期 決算短信〔日本基準〕(非連結)"")",,,,,,,,,,4,4,,,,,,,,5,,,,,https://www.release.tdnet.info/inbs/140120260514535486.pdf
20260515,4933,Ine,説明資料,"=HYPERLINK(""https://www.release.tdnet.info/inbs/140120260514535711.pdf"", ""今後の成長戦略及び2026年12月期第1四半期決算説明資料"")","=HYPERLINK(""pdf_tmp/20260515/4933_1130_Ine_今後の成長戦略及び2026年12月期第1四半期決算説明資料.pdf"", ""今後の成長戦略及び2026年12月期第1四半期決算説明資料"")",,,,,,,,,,,19 26 27 28 29 30 37 49 52,,,,,,,,19,,,12 13 29,,https://www.release.tdnet.info/inbs/140120260514535711.pdf
20260515,5110,住友ゴム,その他,"=HYPERLINK(""https://www.release.tdnet.info/inbs/140120260515536356.pdf"", ""2026年12月期 第1四半期決算説明会"")","=HYPERLINK(""pdf_tmp/20260515/5110_1530_住友ゴム_2026年12月期 第1四半期決算説明会.pdf"", ""2026年12月期 第1四半期決算説明会"")",,,,,,,,,,7,,7,,,,,,,11,,,,,https://www.release.tdnet.info/inbs/140120260515536356.pdf
20260515,5210,日山村硝,その他,"=HYPERLINK(""https://www.release.tdnet.info/inbs/140120260514535317.pdf"", ""株主提案に関する書面受領及び当社取締役会意見に関するお知らせ"")","=HYPERLINK(""pdf_tmp/20260515/5210_1630_日山村硝_株主提案に関する書面受領及び当社取締役会意見に関するお知らせ.pdf"", ""株主提案に関する書面受領及び当社取締役会意見に関するお知らせ"")",,,2 3,3,,,1,,,,,,,,,,,,,,,,,https://www.release.tdnet.info/inbs/140120260514535317.pdf
20260515,5237,ノザワ,決算短信,"=HYPERLINK(""https://www.release.tdnet.info/inbs/140120260513529166.pdf"", ""2026年3月期 決算短信〔日本基準〕(連結)"")","=HYPERLINK(""pdf_tmp/20260515/5237_1100_ノザワ_2026年3月期 決算短信〔日本基準〕(連結).pdf"", ""2026年3月期 決算短信〔日本基準〕(連結)"")",,4,,,,,,,,,4,,,,,,,,6,,,,,https://www.release.tdnet.info/inbs/140120260513529166.pdf
20260515,5247,G-BTM,事業計画,"=HYPERLINK(""https://www.release.tdnet.info/inbs/140120260513530036.pdf"", ""2026年3月期 決算説明資料(事業計画及び成長可能性に関する事項)"")","=HYPERLINK(""pdf_tmp/20260515/5247_1600_G-BTM_2026年3月期 決算説明資料(事業計画及び成長可能性に関する事項).pdf"", ""2026年3月期 決算説明資料(事業計画及び成長可能性に関する事項)"")",,,,,,,,,,,15 16 31 38,,,,,,29,,73,,,,,https://www.release.tdnet.info/inbs/140120260513530036.pdf
20260515,5351,品川リフラ,決算短信,"=HYPERLINK(""https://www.release.tdnet.info/inbs/140120260515536534.pdf"", ""2026年3月期  決算短信〔日本基準〕(連結)"")","=HYPERLINK(""pdf_tmp/20260515/5351_1530_品川リフラ_2026年3月期 決算短信〔日本基準〕(連結).pdf"", ""2026年3月期  決算短信〔日本基準〕(連結)"")",,,,,,,,,,,,,,,6,4,,,,,,6,,https://www.release.tdnet.info/inbs/140120260515536534.pdf
20260515,5351,品川リフラ,説明資料,"=HYPERLINK(""https://www.release.tdnet.info/inbs/140120260515536771.pdf"", ""2026年3月期  決算補足説明資料"")","=HYPERLINK(""pdf_tmp/20260515/5351_1530_品川リフラ_2026年3月期 決算補足説明資料.pdf"", ""2026年3月期  決算補足説明資料"")",,,,,,,,,,,3 4 6 8 11 13,,,,,,,,6,,,8,,https://www.release.tdnet.info/inbs/140120260515536771.pdf
20260515,5356,美濃窯業,決算短信,"=HYPERLINK(""https://www.release.tdnet.info/inbs/140120260512524249.pdf"", ""2026年3月期 決算短信〔日本基準〕(連結)"")","=HYPERLINK(""pdf_tmp/20260515/5356_1500_美濃窯業_2026年3月期 決算短信〔日本基準〕(連結).pdf"", ""2026年3月期 決算短信〔日本基準〕(連結)"")",,,4,4,4,,,,,,,,,,,,,,,,,,,https://www.release.tdnet.info/inbs/140120260512524249.pdf
20260515,5471,大同特鋼,その他,"=HYPERLINK(""https://www.release.tdnet.info/inbs/140120260515539063.pdf"", ""東北特殊鋼株式会社(証券コード:5484)に対する公開買付けの開始に関するお知らせ"")","=HYPERLINK(""pdf_tmp/20260515/5471_1900_大同特鋼_東北特殊鋼株式会社(証券コード_5484)に対する公開買付けの開始に関するお知らせ.pdf"", ""東北特殊鋼株式会社(証券コード:5484)に対する公開買付けの開始に関するお知らせ"")",31,,,,,,,,,,13 20 21 23,,,,,,,,9 26,,,,,https://www.release.tdnet.info/inbs/140120260515539063.pdf
20260515,5484,東北鋼,その他,"=HYPERLINK(""https://www.release.tdnet.info/inbs/140120260515539069.pdf"", ""その他の関係会社である大同特殊鋼株式会社による当社株式に対する公開買付けに関する賛同の意見表明及び応募推奨のお知らせ"")","=HYPERLINK(""pdf_tmp/20260515/5484_1900_東北鋼_その他の関係会社である大同特殊鋼株式会社による当社株式に対する公開買付けに関する賛同の意見表明及び応募推奨のお知らせ.pdf"", ""その他の関係会社である大同特殊鋼株式会社による当社株式に対する公開買付けに関する賛同の意見表明及び応募推奨のお知らせ"")",56,,,,,,,,,,17 19 26 28 59,,,,,,,,11 46,,,,,https://www.release.tdnet.info/inbs/140120260515539069.pdf
20260515,550A,ソフトテックス,決算短信,"=HYPERLINK(""https://www.release.tdnet.info/inbs/140120260512527038.pdf"", ""2026年3月期 決算短信〔日本基準〕(非連結)"")","=HYPERLINK(""pdf_tmp/20260515/550A_1530_ソフトテックス_2026年3月期 決算短信〔日本基準〕(非連結).pdf"", ""2026年3月期 決算短信〔日本基準〕(非連結)"")",,,,,,,,,,4,,,,,,,,,5,,,,5,https://www.release.tdnet.info/inbs/140120260512527038.pdf
20260515,5703,日軽金HD,その他,"=HYPERLINK(""https://www.release.tdnet.info/inbs/140120260514533287.pdf"", ""長期ビジョン「2035ビジョン」、中期経営計画「26中計」の策定について"")","=HYPERLINK(""pdf_tmp/20260515/5703_1400_日軽金HD_長期ビジョン「2035ビジョン」、中期経営計画「26中計」の策定について.pdf"", ""長期ビジョン「2035ビジョン」、中期経営計画「26中計」の策定について"")",,15,,,,,,,,3,,,,,4,,,,,,,,,https://www.release.tdnet.info/inbs/140120260514533287.pdf
20260515,5918,滝上工,決算短信,"=HYPERLINK(""https://www.release.tdnet.info/inbs/140120260513530268.pdf"", ""2026年3月期  決算短信〔日本基準〕(連結)"")","=HYPERLINK(""pdf_tmp/20260515/5918_1500_滝上工_2026年3月期 決算短信〔日本基準〕(連結).pdf"", ""2026年3月期  決算短信〔日本基準〕(連結)"")",,,,4,,4,,,,,4,,,,,,,,,,,,,https://www.release.tdnet.info/inbs/140120260513530268.pdf
20260515,5923,高田機工,決算短信,"=HYPERLINK(""https://www.release.tdnet.info/inbs/140120260423508704.pdf"", ""2026年3月期決算短信〔日本基準〕(非連結)"")","=HYPERLINK(""pdf_tmp/20260515/5923_1300_高田機工_2026年3月期決算短信〔日本基準〕(非連結).pdf"", ""2026年3月期決算短信〔日本基準〕(非連結)"")",,,,,,,,5,,4,5,,,,,,,,,,,,,https://www.release.tdnet.info/inbs/140120260423508704.pdf
20260515,5994,ファインシンター,その他,"=HYPERLINK(""https://www.release.tdnet.info/inbs/140120260515536917.pdf"", ""(訂正)「新中期経営計画策定に関するお知らせ」  の一部訂正について"")","=HYPERLINK(""pdf_tmp/20260515/5994_1300_ファインシンター_(訂正)「新中期経営計画策定に関するお知らせ」 の一部訂正について.pdf"", ""(訂正)「新中期経営計画策定に関するお知らせ」  の一部訂正について"")",,,,,,,,,,13,7,7,,,,,,,,,,,,https://www.release.tdnet.info/inbs/140120260515536917.pdf
20260515,6018,阪神内燃機工業,決算短信,"=HYPERLINK(""https://www.release.tdnet.info/inbs/140120260515537241.pdf"", ""2026年3月期 決算短信〔日本基準〕(非連結)"")","=HYPERLINK(""pdf_tmp/20260515/6018_1530_阪神内燃機工業_2026年3月期 決算短信〔日本基準〕(非連結).pdf"", ""2026年3月期 決算短信〔日本基準〕(非連結)"")",,,,4,5,,,,,,5,,,,,,,,,,,,,https://www.release.tdnet.info/inbs/140120260515537241.pdf
20260515,6029,アトラG,予想の修正,"=HYPERLINK(""https://www.release.tdnet.info/inbs/140120260512527242.pdf"", ""業績予想の修正に関するお知らせ"")","=HYPERLINK(""pdf_tmp/20260515/6029_1200_アトラG_業績予想の修正に関するお知らせ.pdf"", ""業績予想の修正に関するお知らせ"")",,,,,,,,,,,,2,2,,,,,,2,,,,,https://www.release.tdnet.info/inbs/140120260512527242.pdf
20260515,6039,G-日本動物高度医療,説明資料,"=HYPERLINK(""https://www.release.tdnet.info/inbs/140120260515538237.pdf"", ""2026年3月期 決算説明資料"")","=HYPERLINK(""pdf_tmp/20260515/6039_1600_G-日本動物高度医療_2026年3月期 決算説明資料.pdf"", ""2026年3月期 決算説明資料"")",,,4 18,,,,17,,,,15,,,,,,,,,,,,,https://www.release.tdnet.info/inbs/140120260515538237.pdf
20260515,6096,レアジョブ,決算短信,"=HYPERLINK(""https://www.release.tdnet.info/inbs/140120260515536904.pdf"", ""2026年3月期決算短信〔日本基準〕(連結)"")","=HYPERLINK(""pdf_tmp/20260515/6096_1600_レアジョブ_2026年3月期決算短信〔日本基準〕(連結).pdf"", ""2026年3月期決算短信〔日本基準〕(連結)"")",,,,,,,,,,,4,,,,,,,,4,,,4,,https://www.release.tdnet.info/inbs/140120260515536904.pdf
20260515,6096,レアジョブ,その他,"=HYPERLINK(""https://www.release.tdnet.info/inbs/140120260515537002.pdf"", ""株式会社学研ホールディングスによる株式会社レアジョブの完全子会社化に関する株式交換契約締結(簡易株式交換)のお知らせ"")","=HYPERLINK(""pdf_tmp/20260515/6096_1600_レアジョブ_株式会社学研ホールディングスによる株式会社レアジョブの完全子会社化に関する株式交換契約締結(簡易株式交換)のお知らせ.pdf"", ""株式会社学研ホールディングスによる株式会社レアジョブの完全子会社化に関する株式交換契約締結(簡易株式交換)のお知らせ"")",,,,,,,,5 25,,5 25,7 8 26 28 30,,,,,,,,,,,,,https://www.release.tdnet.info/inbs/140120260515537002.pdf
20260515,6140,旭ダイヤ,その他,"=HYPERLINK(""https://www.release.tdnet.info/inbs/140120260515536891.pdf"", ""中期経営計画策定に関するお知らせ"")","=HYPERLINK(""pdf_tmp/20260515/6140_1530_旭ダイヤ_中期経営計画策定に関するお知らせ.pdf"", ""中期経営計画策定に関するお知らせ"")",,,2,,2,,,,,,,,,,,,,,,,,1,,https://www.release.tdnet.info/inbs/140120260515536891.pdf
20260515,6178,日本郵政,その他,"=HYPERLINK(""https://www.release.tdnet.info/inbs/140120260514532409.pdf"", ""「JP プラン 2028」の策定に関するお知らせ"")","=HYPERLINK(""pdf_tmp/20260515/6178_1530_日本郵政_「JP プラン 2028」の策定に関するお知らせ.pdf"", ""「JP プラン 2028」の策定に関するお知らせ"")",,,,,,,,,4,,4 8,,,,,,,,6 8,,,,,https://www.release.tdnet.info/inbs/140120260514532409.pdf
20260515,6191,エアトリ,説明資料,"=HYPERLINK(""https://www.release.tdnet.info/inbs/140120260515538467.pdf"", ""2026年9月期 第2四半期決算説明資料"")","=HYPERLINK(""pdf_tmp/20260515/6191_1530_エアトリ_2026年9月期 第2四半期決算説明資料.pdf"", ""2026年9月期 第2四半期決算説明資料"")",,,,,71,,,,,,,,,,99,4,,,,,,,,https://www.release.tdnet.info/inbs/140120260515538467.pdf
20260515,6203,豊和工,決算短信,"=HYPERLINK(""https://www.release.tdnet.info/inbs/140120260514533971.pdf"", ""2026年3月期 決算短信〔日本基準〕(連結)"")","=HYPERLINK(""pdf_tmp/20260515/6203_1400_豊和工_2026年3月期 決算短信〔日本基準〕(連結).pdf"", ""2026年3月期 決算短信〔日本基準〕(連結)"")",,,,4,,,,,,,4,,,,,,,,4,,,,,https://www.release.tdnet.info/inbs/140120260514533971.pdf
20260515,6247,日阪製作,その他,"=HYPERLINK(""https://www.release.tdnet.info/inbs/140120260515537836.pdf"", ""新中期経営計画「Challenge2028」の概要に関するお知らせ"")","=HYPERLINK(""pdf_tmp/20260515/6247_1430_日阪製作_新中期経営計画「Challenge2028」の概要に関するお知らせ.pdf"", ""新中期経営計画「Challenge2028」の概要に関するお知らせ"")",,,,,,,,,,,,8,8,,,,,,,,,21,,https://www.release.tdnet.info/inbs/140120260515537836.pdf
20260515,6272,レオン自機,決算短信,"=HYPERLINK(""https://www.release.tdnet.info/inbs/140120260514534769.pdf"", ""2026年3月期 決算短信〔日本基準〕(連結)"")","=HYPERLINK(""pdf_tmp/20260515/6272_1300_レオン自機_2026年3月期 決算短信〔日本基準〕(連結).pdf"", ""2026年3月期 決算短信〔日本基準〕(連結)"")",,,,,4 7,,,,,,5,,,,4,,,,,,,,,https://www.release.tdnet.info/inbs/140120260514534769.pdf
20260515,6376,日機装,決算短信,"=HYPERLINK(""https://www.release.tdnet.info/inbs/140120260514533957.pdf"", ""2026年12月期  第1四半期決算短信〔IFRS〕(連結)"")","=HYPERLINK(""pdf_tmp/20260515/6376_1500_日機装_2026年12月期 第1四半期決算短信〔IFRS〕(連結).pdf"", ""2026年12月期  第1四半期決算短信〔IFRS〕(連結)"")",,6,,,,,,,,,,7,,,4,,,,,,,,,https://www.release.tdnet.info/inbs/140120260514533957.pdf
20260515,6614,シキノハイテック,決算短信,"=HYPERLINK(""https://www.release.tdnet.info/inbs/140120260515538310.pdf"", ""2026年3月期 決算短信〔日本基準〕(非連結)"")","=HYPERLINK(""pdf_tmp/20260515/6614_1530_シキノハイテック_2026年3月期 決算短信〔日本基準〕(非連結).pdf"", ""2026年3月期 決算短信〔日本基準〕(非連結)"")",,,,,,,,,,,4,,4 5,,4,,,,,,,,,https://www.release.tdnet.info/inbs/140120260515538310.pdf
20260515,6699,ダイヤHD,決算短信,"=HYPERLINK(""https://www.release.tdnet.info/inbs/140120260513530819.pdf"", ""2026年3月期決算短信〔日本基準〕(連結)"")","=HYPERLINK(""pdf_tmp/20260515/6699_1100_ダイヤHD_2026年3月期決算短信〔日本基準〕(連結).pdf"", ""2026年3月期決算短信〔日本基準〕(連結)"")",,9,,,,,,,,,9,,,,,,,,,,,,5 6,https://www.release.tdnet.info/inbs/140120260513530819.pdf
20260515,6721,ウインテスト,決算短信,"=HYPERLINK(""https://www.release.tdnet.info/inbs/140120260427512112.pdf"", ""2026年12月期 第1四半期決算短信〔日本基準〕(連結)"")","=HYPERLINK(""pdf_tmp/20260515/6721_1630_ウインテスト_2026年12月期 第1四半期決算短信〔日本基準〕(連結).pdf"", ""2026年12月期 第1四半期決算短信〔日本基準〕(連結)"")",,,,,,,,,,,5 12,,,,4,6,,,,,,,,https://www.release.tdnet.info/inbs/140120260427512112.pdf
20260515,6731,ピクセラ,決算短信,"=HYPERLINK(""https://www.release.tdnet.info/inbs/140120260512525075.pdf"", ""2026年9月期第2四半期(中間期)決算短信〔日本基準〕(連結)"")","=HYPERLINK(""pdf_tmp/20260515/6731_1600_ピクセラ_2026年9月期第2四半期(中間期)決算短信〔日本基準〕(連結).pdf"", ""2026年9月期第2四半期(中間期)決算短信〔日本基準〕(連結)"")",,7,,,,,,,,,6 7 16 22,,,,,,,,,,,6,,https://www.release.tdnet.info/inbs/140120260512525075.pdf
20260515,6794,フォスター電,決算短信,"=HYPERLINK(""https://www.release.tdnet.info/inbs/140120260512525963.pdf"", ""2026年3月期 決算短信〔日本基準〕(連結)"")","=HYPERLINK(""pdf_tmp/20260515/6794_1630_フォスター電_2026年3月期 決算短信〔日本基準〕(連結).pdf"", ""2026年3月期 決算短信〔日本基準〕(連結)"")",,,,,,,,,,,,4,,,,,,,5,,,,4,https://www.release.tdnet.info/inbs/140120260512525963.pdf
20260515,6890,フェローテック,決算短信,"=HYPERLINK(""https://www.release.tdnet.info/inbs/140120260515537884.pdf"", ""2026年3月期 決算短信〔日本基準〕(連結)"")","=HYPERLINK(""pdf_tmp/20260515/6890_1700_フェローテック_2026年3月期 決算短信〔日本基準〕(連結).pdf"", ""2026年3月期 決算短信〔日本基準〕(連結)"")",,,,,,,6,,,,4,,,,6,,,,,,,,,https://www.release.tdnet.info/inbs/140120260515537884.pdf
20260515,6993,大黒屋,決算短信,"=HYPERLINK(""https://www.release.tdnet.info/inbs/140120260515537665.pdf"", ""2026年3月期決算短信〔日本基準〕(連結)"")","=HYPERLINK(""pdf_tmp/20260515/6993_1630_大黒屋_2026年3月期決算短信〔日本基準〕(連結).pdf"", ""2026年3月期決算短信〔日本基準〕(連結)"")",,,,,,,,,,,4 6,,,,,6,,,4,,,,,https://www.release.tdnet.info/inbs/140120260515537665.pdf
20260515,7042,アクセスグループ,その他,"=HYPERLINK(""https://www.release.tdnet.info/inbs/140120260514535621.pdf"", ""中期経営計画策定に関するお知らせ"")","=HYPERLINK(""pdf_tmp/20260515/7042_1600_アクセスグループ_中期経営計画策定に関するお知らせ.pdf"", ""中期経営計画策定に関するお知らせ"")",,,,,,,,,,,15 17,,,,,,,,14,,17,,,https://www.release.tdnet.info/inbs/140120260514535621.pdf
20260515,7044,ピアラ,その他,"=HYPERLINK(""https://www.release.tdnet.info/inbs/140120260515536948.pdf"", ""2026年12月期 第1四半期決算補足資料"")","=HYPERLINK(""pdf_tmp/20260515/7044_1530_ピアラ_2026年12月期 第1四半期決算補足資料.pdf"", ""2026年12月期 第1四半期決算補足資料"")",,,,,,,,,,,19 27,,,,,,,,31,,,45,,https://www.release.tdnet.info/inbs/140120260515536948.pdf
20260515,7063,G-Birdman,決算短信,"=HYPERLINK(""https://www.release.tdnet.info/inbs/140120260515538220.pdf"", ""2026年6月期第3四半期決算短信[日本基準](連結)"")","=HYPERLINK(""pdf_tmp/20260515/7063_1530_G-Birdman_2026年6月期第3四半期決算短信[日本基準](連結).pdf"", ""2026年6月期第3四半期決算短信[日本基準](連結)"")",,,,,4,,,,,,4 5 12,,,,,,,,4 14,,,,,https://www.release.tdnet.info/inbs/140120260515538220.pdf
20260515,7072,G-インテM,説明資料,"=HYPERLINK(""https://www.release.tdnet.info/inbs/140120260514535428.pdf"", ""2026年9月期 第2四半期決算説明資料"")","=HYPERLINK(""pdf_tmp/20260515/7072_1530_G-インテM_2026年9月期 第2四半期決算説明資料.pdf"", ""2026年9月期 第2四半期決算説明資料"")",,,,,,22,,,,,11 18,,,,,,,,40,,,,,https://www.release.tdnet.info/inbs/140120260514535428.pdf
20260515,7091,G-LPF,説明資料,"=HYPERLINK(""https://www.release.tdnet.info/inbs/140120260515537334.pdf"", ""2026年3月期決算説明資料"")","=HYPERLINK(""pdf_tmp/20260515/7091_1530_G-LPF_2026年3月期決算説明資料.pdf"", ""2026年3月期決算説明資料"")",,,,9 15 16,,,,,,,,2,16,,,,,,,,,,,https://www.release.tdnet.info/inbs/140120260515537334.pdf
20260515,7118,A-伸和HD,決算短信,"=HYPERLINK(""https://www.release.tdnet.info/inbs/140120260513528026.pdf"", ""2026年3月期 決算短信〔日本基準〕(連結)"")","=HYPERLINK(""pdf_tmp/20260515/7118_1530_A-伸和HD_2026年3月期 決算短信〔日本基準〕(連結).pdf"", ""2026年3月期 決算短信〔日本基準〕(連結)"")",,,4,,4,,,,,,,,4,,,,,,,,,,,https://www.release.tdnet.info/inbs/140120260513528026.pdf
20260515,7119,G-ハルメクHD,決算短信,"=HYPERLINK(""https://www.release.tdnet.info/inbs/140120260514534888.pdf"", ""2026年3月期 決算短信〔IFRS〕(連結)"")","=HYPERLINK(""pdf_tmp/20260515/7119_1530_G-ハルメクHD_2026年3月期 決算短信〔IFRS〕(連結).pdf"", ""2026年3月期 決算短信〔IFRS〕(連結)"")",13,,,,4,,,,,,,,,,,,,,4,,,,,https://www.release.tdnet.info/inbs/140120260514534888.pdf
20260515,7140,G-ペットゴー,決算短信,"=HYPERLINK(""https://www.release.tdnet.info/inbs/140120260514532221.pdf"", ""2026年3月期 決算短信〔日本基準〕(連結)"")","=HYPERLINK(""pdf_tmp/20260515/7140_1540_G-ペットゴー_2026年3月期 決算短信〔日本基準〕(連結).pdf"", ""2026年3月期 決算短信〔日本基準〕(連結)"")",,,4,,,,,,,,4,,,,,,4,,,,,,,https://www.release.tdnet.info/inbs/140120260514532221.pdf
20260515,7162,アストマックス,説明資料,"=HYPERLINK(""https://www.release.tdnet.info/inbs/140120260515538786.pdf"", ""2026年3月期【第14期】決算説明資料"")","=HYPERLINK(""pdf_tmp/20260515/7162_1700_アストマックス_2026年3月期【第14期】決算説明資料.pdf"", ""2026年3月期【第14期】決算説明資料"")",,,,,,,5,5 7 15,,,3 7 16,,,,,,,,,,,,,https://www.release.tdnet.info/inbs/140120260515538786.pdf
20260515,7383,ネットプロHD,その他,"=HYPERLINK(""https://www.release.tdnet.info/inbs/140120260515538445.pdf"", ""[本編書き起こし]2026年3月期 決算説明会"")","=HYPERLINK(""pdf_tmp/20260515/7383_1700_ネットプロHD_[本編書き起こし]2026年3月期 決算説明会.pdf"", ""[本編書き起こし]2026年3月期 決算説明会"")",,,,,,,5,,,5,,,,,,,,,11,,,,,https://www.release.tdnet.info/inbs/140120260515538445.pdf
20260515,7414,小野建,決算短信,"=HYPERLINK(""https://www.release.tdnet.info/inbs/140120260511523486.pdf"", ""2026年3月期 決算短信〔日本基準〕(連結)"")","=HYPERLINK(""pdf_tmp/20260515/7414_1500_小野建_2026年3月期 決算短信〔日本基準〕(連結).pdf"", ""2026年3月期 決算短信〔日本基準〕(連結)"")",,,,,5,,,,,,,,,,,5,,4,,,,,,https://www.release.tdnet.info/inbs/140120260511523486.pdf
20260515,7525,リックス,決算短信,"=HYPERLINK(""https://www.release.tdnet.info/inbs/140120260514533342.pdf"", ""2026年3月期 決算短信[日本基準](連結)"")","=HYPERLINK(""pdf_tmp/20260515/7525_1400_リックス_2026年3月期 決算短信[日本基準](連結).pdf"", ""2026年3月期 決算短信[日本基準](連結)"")",,5,,,,,,,,,,,,,,,5,,4 5,,,,,https://www.release.tdnet.info/inbs/140120260514533342.pdf
20260515,7744,ノーリツ鋼機,説明資料,"=HYPERLINK(""https://www.release.tdnet.info/inbs/140120260514535554.pdf"", ""2026年12月期 第1四半期決算補足説明資料"")","=HYPERLINK(""pdf_tmp/20260515/7744_1530_ノーリツ鋼機_2026年12月期 第1四半期決算補足説明資料.pdf"", ""2026年12月期 第1四半期決算補足説明資料"")",,,,16,,,,,,,20,,,,,,,,,,,13,,https://www.release.tdnet.info/inbs/140120260514535554.pdf
20260515,7782,シンシア,説明資料,"=HYPERLINK(""https://www.release.tdnet.info/inbs/140120260507517773.pdf"", ""2026年12月期 第1四半期決算説明資料"")","=HYPERLINK(""pdf_tmp/20260515/7782_1600_シンシア_2026年12月期 第1四半期決算説明資料.pdf"", ""2026年12月期 第1四半期決算説明資料"")",,,,,,,,,,,6 9 12,,,,,,,,16,,,15,,https://www.release.tdnet.info/inbs/140120260507517773.pdf
20260515,7790,バルコス,決算短信,"=HYPERLINK(""https://www.release.tdnet.info/inbs/140120260515538802.pdf"", ""2026年12月期第1四半期決算短信〔日本基準〕(連結)"")","=HYPERLINK(""pdf_tmp/20260515/7790_1730_バルコス_2026年12月期第1四半期決算短信〔日本基準〕(連結).pdf"", ""2026年12月期第1四半期決算短信〔日本基準〕(連結)"")",,4,,,,,,,,,4 5,,,,,,,,5,,,,,https://www.release.tdnet.info/inbs/140120260515538802.pdf
20260515,7803,G-ブシロード,説明資料,"=HYPERLINK(""https://www.release.tdnet.info/inbs/140120260515538021.pdf"", ""2026年6月期 第3四半期決算説明資料"")","=HYPERLINK(""pdf_tmp/20260515/7803_1530_G-ブシロード_2026年6月期 第3四半期決算説明資料.pdf"", ""2026年6月期 第3四半期決算説明資料"")",,,,,,,2 24 25,,,,13,,,,,,,,,,20,,,https://www.release.tdnet.info/inbs/140120260515538021.pdf
20260515,7823,アートネイチャー,その他,"=HYPERLINK(""https://www.release.tdnet.info/inbs/140120260515536746.pdf"", ""2026年3月期 決算説明会資料"")","=HYPERLINK(""pdf_tmp/20260515/7823_1530_アートネイチャー_2026年3月期 決算説明会資料.pdf"", ""2026年3月期 決算説明会資料"")",,,41 42 43,,,,,,,3 6 7 9 14,3 13 24 28,,,,,,,,,,,,,https://www.release.tdnet.info/inbs/140120260515536746.pdf
20260515,7868,広済堂HD,決算短信,"=HYPERLINK(""https://www.release.tdnet.info/inbs/140120260515537449.pdf"", ""2026年3月期決算短信〔日本基準〕(連結)"")","=HYPERLINK(""pdf_tmp/20260515/7868_1530_広済堂HD_2026年3月期決算短信〔日本基準〕(連結).pdf"", ""2026年3月期決算短信〔日本基準〕(連結)"")",,,,4,,,,,,,4 5,,4,,,,,,,,,,,https://www.release.tdnet.info/inbs/140120260515537449.pdf
20260515,7871,フクビ化学工業,その他,"=HYPERLINK(""https://www.release.tdnet.info/inbs/140120260514533115.pdf"", ""第7次中期経営計画の進捗状況に関するお知らせ"")","=HYPERLINK(""pdf_tmp/20260515/7871_1700_フクビ化学工業_第7次中期経営計画の進捗状況に関するお知らせ.pdf"", ""第7次中期経営計画の進捗状況に関するお知らせ"")",,,3,6,,,,,,5,,,,,,,,,,,,,,https://www.release.tdnet.info/inbs/140120260514533115.pdf
20260515,7872,エステールHD,決算短信,"=HYPERLINK(""https://www.release.tdnet.info/inbs/140120260513529622.pdf"", ""2026年3月期 決算短信〔日本基準〕(連結)"")","=HYPERLINK(""pdf_tmp/20260515/7872_1600_エステールHD_2026年3月期 決算短信〔日本基準〕(連結).pdf"", ""2026年3月期 決算短信〔日本基準〕(連結)"")",,,,5,4,,,,,,,,,,,,,,4,,,,,https://www.release.tdnet.info/inbs/140120260513529622.pdf
20260515,7887,南海プライウッド,決算短信,"=HYPERLINK(""https://www.release.tdnet.info/inbs/140120260514535199.pdf"", ""2026年3月期 決算短信〔日本基準〕(連結)"")","=HYPERLINK(""pdf_tmp/20260515/7887_1600_南海プライウッド_2026年3月期 決算短信〔日本基準〕(連結).pdf"", ""2026年3月期 決算短信〔日本基準〕(連結)"")",,,,,,,,,,,5,,,,,,,,6,,,5 6 20,,https://www.release.tdnet.info/inbs/140120260514535199.pdf
20260515,8091,ニチモウ,決算短信,"=HYPERLINK(""https://www.release.tdnet.info/inbs/140120260514534304.pdf"", ""2026年3月期 決算短信補足説明資料"")","=HYPERLINK(""pdf_tmp/20260515/8091_1600_ニチモウ_2026年3月期 決算短信補足説明資料.pdf"", ""2026年3月期 決算短信補足説明資料"")",,,,3 12 13 15,,,,,,,3,,3,,,,,,,,,,,https://www.release.tdnet.info/inbs/140120260514534304.pdf
20260515,8388,阿波銀,決算短信,"=HYPERLINK(""https://www.release.tdnet.info/inbs/140120260514532429.pdf"", ""2026年3月期 決算短信[日本基準](連結)"")","=HYPERLINK(""pdf_tmp/20260515/8388_1400_阿波銀_2026年3月期 決算短信[日本基準](連結).pdf"", ""2026年3月期 決算短信[日本基準](連結)"")",,,,,,,,,,,42 51 64,45,45,,,,,,,,,,,https://www.release.tdnet.info/inbs/140120260514532429.pdf
20260515,8929,青山財産,説明資料,"=HYPERLINK(""https://www.release.tdnet.info/inbs/140120260515538040.pdf"", ""2026年12月期第1四半期決算説明資料"")","=HYPERLINK(""pdf_tmp/20260515/8929_1530_青山財産_2026年12月期第1四半期決算説明資料.pdf"", ""2026年12月期第1四半期決算説明資料"")",,,,,,,,,,,5 13 28,,23,,,,,,45,,,,,https://www.release.tdnet.info/inbs/140120260515538040.pdf
20260515,9034,南総通運,決算短信,"=HYPERLINK(""https://www.release.tdnet.info/inbs/140120260514535403.pdf"", ""2026年3月期決算短信〔日本基準〕(連結)"")","=HYPERLINK(""pdf_tmp/20260515/9034_1500_南総通運_2026年3月期決算短信〔日本基準〕(連結).pdf"", ""2026年3月期決算短信〔日本基準〕(連結)"")",,,,5 9,7,,,,,,7,,,,,,,,,,,,,https://www.release.tdnet.info/inbs/140120260514535403.pdf
20260515,9048,名鉄,説明資料,"=HYPERLINK(""https://www.release.tdnet.info/inbs/140120260514535528.pdf"", ""2026年3月期 決算説明資料"")","=HYPERLINK(""pdf_tmp/20260515/9048_1500_名鉄_2026年3月期 決算説明資料.pdf"", ""2026年3月期 決算説明資料"")",,,,,,,,,,18,,,,,,9,,,2 7 10 15,,,,,https://www.release.tdnet.info/inbs/140120260514535528.pdf
20260515,9246,G-プロジェクトHD,説明資料,"=HYPERLINK(""https://www.release.tdnet.info/inbs/140120260515536945.pdf"", ""2026年12月期 第1四半期 決算説明資料"")","=HYPERLINK(""pdf_tmp/20260515/9246_1600_G-プロジェクトHD_2026年12月期 第1四半期 決算説明資料.pdf"", ""2026年12月期 第1四半期 決算説明資料"")",,,,,,,25,,,,10,23,,,,,,,,,,,,https://www.release.tdnet.info/inbs/140120260515536945.pdf
20260515,9467,G-アルファポリス,説明資料,"=HYPERLINK(""https://www.release.tdnet.info/inbs/140120260514535720.pdf"", ""2026年3月期 決算説明資料"")","=HYPERLINK(""pdf_tmp/20260515/9467_1530_G-アルファポリス_2026年3月期 決算説明資料.pdf"", ""2026年3月期 決算説明資料"")",,,,,,,,,,4,22,,,,,,,,,,,35,,https://www.release.tdnet.info/inbs/140120260514535720.pdf
20260515,9470,学研HD,その他,"=HYPERLINK(""https://www.release.tdnet.info/inbs/140120260515538422.pdf"", ""株式会社学研ホールディングスによる株式会社レアジョブの完全子会社化に関する株式交換契約締結(簡易株式交換)のお知らせ"")","=HYPERLINK(""pdf_tmp/20260515/9470_1600_学研HD_株式会社学研ホールディングスによる株式会社レアジョブの完全子会社化に関する株式交換契約締結(簡易株式交換)のお知らせ.pdf"", ""株式会社学研ホールディングスによる株式会社レアジョブの完全子会社化に関する株式交換契約締結(簡易株式交換)のお知らせ"")",,,,,,,,5 25,,5 25,7 8 26 28 30,,,,,,,,,,,,,https://www.release.tdnet.info/inbs/140120260515538422.pdf
20260515,9554,G-AViC,説明資料,"=HYPERLINK(""https://www.release.tdnet.info/inbs/140120260515537019.pdf"", ""2026年9月期 第2四半期決算説明資料"")","=HYPERLINK(""pdf_tmp/20260515/9554_1530_G-AViC_2026年9月期 第2四半期決算説明資料.pdf"", ""2026年9月期 第2四半期決算説明資料"")",,,,,,,5 7 10 13 22,,,,14,5 7,,,,,,,,,,,,https://www.release.tdnet.info/inbs/140120260515537019.pdf
20260515,9557,G-エアクロ,予想の修正,"=HYPERLINK(""https://www.release.tdnet.info/inbs/140120260515537453.pdf"", ""2026年6月期通期業績予想の修正に関するお知らせ"")","=HYPERLINK(""pdf_tmp/20260515/9557_1530_G-エアクロ_2026年6月期通期業績予想の修正に関するお知らせ.pdf"", ""2026年6月期通期業績予想の修正に関するお知らせ"")",,,,,,2,,2,,,,,2,,,,,,,,,,,https://www.release.tdnet.info/inbs/140120260515537453.pdf
20260515,9788,ナック,決算短信,"=HYPERLINK(""https://www.release.tdnet.info/inbs/140120260515538403.pdf"", ""2026年3月期 決算短信〔日本基準〕(連結)"")","=HYPERLINK(""pdf_tmp/20260515/9788_1530_ナック_2026年3月期 決算短信〔日本基準〕(連結).pdf"", ""2026年3月期 決算短信〔日本基準〕(連結)"")",,,5,,,,,,,,5 6 7,,,,,,,,5 6 8,,,,,https://www.release.tdnet.info/inbs/140120260515538403.pdf
20260515,142A,G-ジンジブ,決算短信,"=HYPERLINK(""https://www.release.tdnet.info/inbs/140120260515538385.pdf"", ""2026年3月期決算短信〔日本基準〕(非連結)"")","=HYPERLINK(""pdf_tmp/20260515/142A_1600_G-ジンジブ_2026年3月期決算短信〔日本基準〕(非連結).pdf"", ""2026年3月期決算短信〔日本基準〕(非連結)"")",,,,,,,,,,,5,,,,,,,,4 7,,,,,https://www.release.tdnet.info/inbs/140120260515538385.pdf
20260515,145A,G-エルイズビー,説明資料,"=HYPERLINK(""https://www.release.tdnet.info/inbs/140120260515536682.pdf"", ""2026年12月期 第1四半期 決算説明資料"")","=HYPERLINK(""pdf_tmp/20260515/145A_1530_G-エルイズビー_2026年12月期 第1四半期 決算説明資料.pdf"", ""2026年12月期 第1四半期 決算説明資料"")",,,15 44,,,,,,,,70 77,,,,,,,,,,,,,https://www.release.tdnet.info/inbs/140120260515536682.pdf
20260515,147A,G-ソラコム,決算短信,"=HYPERLINK(""https://www.release.tdnet.info/inbs/140120260514536002.pdf"", ""2026年3月期通期決算短信〔日本基準〕(連結)"")","=HYPERLINK(""pdf_tmp/20260515/147A_1230_G-ソラコム_2026年3月期通期決算短信〔日本基準〕(連結).pdf"", ""2026年3月期通期決算短信〔日本基準〕(連結)"")",,,,,,,,,,,4,,,,,,,,4,,,,,https://www.release.tdnet.info/inbs/140120260514536002.pdf
20260515,150A,G-JSH,説明資料,"=HYPERLINK(""https://www.release.tdnet.info/inbs/140120260513531546.pdf"", ""2026年3月期通期決算説明資料抜粋スマホ向け"")","=HYPERLINK(""pdf_tmp/20260515/150A_1530_G-JSH_2026年3月期通期決算説明資料抜粋スマホ向け.pdf"", ""2026年3月期通期決算説明資料抜粋スマホ向け"")",,,,,,,,,,1,2,,,,,,,,,,,,,https://www.release.tdnet.info/inbs/140120260513531546.pdf
20260515,153A,G-カウリス,説明資料,"=HYPERLINK(""https://www.release.tdnet.info/inbs/140120260515536781.pdf"", ""2026年12月期 第1四半期決算説明資料"")","=HYPERLINK(""pdf_tmp/20260515/153A_1530_G-カウリス_2026年12月期 第1四半期決算説明資料.pdf"", ""2026年12月期 第1四半期決算説明資料"")",,,57,,,,,,,,9 45,,,,,,,,,,,,,https://www.release.tdnet.info/inbs/140120260515536781.pdf
20260515,157A,G-Gモンスター,説明資料,"=HYPERLINK(""https://www.release.tdnet.info/inbs/140120260515537729.pdf"", ""2026年6月期3Q決算説明資料"")","=HYPERLINK(""pdf_tmp/20260515/157A_1600_G-Gモンスター_2026年6月期3Q決算説明資料.pdf"", ""2026年6月期3Q決算説明資料"")",,,,,9,,,,,,,,,,,,,,13 35,,,,,https://www.release.tdnet.info/inbs/140120260515537729.pdf
20260515,157A,G-Gモンスター,決算短信,"=HYPERLINK(""https://www.release.tdnet.info/inbs/140120260515536517.pdf"", ""2026年6月期第3四半期決算短信〔日本基準〕(連結)"")","=HYPERLINK(""pdf_tmp/20260515/157A_1600_G-Gモンスター_2026年6月期第3四半期決算短信〔日本基準〕(連結).pdf"", ""2026年6月期第3四半期決算短信〔日本基準〕(連結)"")",,,,,,,,,,,4,,,,,,,,4,,,,,https://www.release.tdnet.info/inbs/140120260515536517.pdf
20260515,160A,アズパートナーズ,説明資料,"=HYPERLINK(""https://www.release.tdnet.info/inbs/140120260515536548.pdf"", ""2026年3月期 通期決算説明資料"")","=HYPERLINK(""pdf_tmp/20260515/160A_1600_アズパートナーズ_2026年3月期 通期決算説明資料.pdf"", ""2026年3月期 通期決算説明資料"")",,,,,39,,,,,,48 52,,,,,,,,,,,,,https://www.release.tdnet.info/inbs/140120260515536548.pdf
20260515,1848,富士ピー・エス,決算短信,"=HYPERLINK(""https://www.release.tdnet.info/inbs/140120260515536536.pdf"", ""2026年3月期 決算短信〔日本基準〕(連結)"")","=HYPERLINK(""pdf_tmp/20260515/1848_1700_富士ピー・エス_2026年3月期 決算短信〔日本基準〕(連結).pdf"", ""2026年3月期 決算短信〔日本基準〕(連結)"")",,,,5 6,,4,,,,,,,,,,,,,,,,,,https://www.release.tdnet.info/inbs/140120260515536536.pdf
20260515,1848,富士ピー・エス,説明資料,"=HYPERLINK(""https://www.release.tdnet.info/inbs/140120260515536755.pdf"", ""2026年3月期 決算説明資料"")","=HYPERLINK(""pdf_tmp/20260515/1848_1700_富士ピー・エス_2026年3月期 決算説明資料.pdf"", ""2026年3月期 決算説明資料"")",,,,3 5,,4,,,,,,,,,,,,,,,,,,https://www.release.tdnet.info/inbs/140120260515536755.pdf
20260515,1861,熊谷組,決算短信,"=HYPERLINK(""https://www.release.tdnet.info/inbs/140120260501516263.pdf"", ""2026年3月期 決算短信〔日本基準〕(連結)"")","=HYPERLINK(""pdf_tmp/20260515/1861_1530_熊谷組_2026年3月期 決算短信〔日本基準〕(連結).pdf"", ""2026年3月期 決算短信〔日本基準〕(連結)"")",,,,6,,,,,,,6,,,,,,,,,,,,,https://www.release.tdnet.info/inbs/140120260501516263.pdf
20260515,2109,DM三井製糖,その他,"=HYPERLINK(""https://www.release.tdnet.info/inbs/140120260514533830.pdf"", ""DM三井グループ中期経営計画の策定に関するお知らせ"")","=HYPERLINK(""pdf_tmp/20260515/2109_1700_DM三井製糖_DM三井グループ中期経営計画の策定に関するお知らせ.pdf"", ""DM三井グループ中期経営計画の策定に関するお知らせ"")",,,,,,,,,,,9,,,,,,,,,,13,,,https://www.release.tdnet.info/inbs/140120260514533830.pdf
20260515,2173,G-博展,説明資料,"=HYPERLINK(""https://www.release.tdnet.info/inbs/140120260515536588.pdf"", ""2026年12月期第1四半期 決算説明資料"")","=HYPERLINK(""pdf_tmp/20260515/2173_1130_G-博展_2026年12月期第1四半期 決算説明資料.pdf"", ""2026年12月期第1四半期 決算説明資料"")",,,,,,,,,,,31,,,,,,,,,,,29,,https://www.release.tdnet.info/inbs/140120260515536588.pdf
20260515,2204,中村屋,決算短信,"=HYPERLINK(""https://www.release.tdnet.info/inbs/140120260512524113.pdf"", ""2026年3月期 決算短信〔日本基準〕(非連結)"")","=HYPERLINK(""pdf_tmp/20260515/2204_1530_中村屋_2026年3月期 決算短信〔日本基準〕(非連結).pdf"", ""2026年3月期 決算短信〔日本基準〕(非連結)"")",,,4,,,,,,,,,,,,,,,,7,,,,,https://www.release.tdnet.info/inbs/140120260512524113.pdf
20260515,2351,ASJ,説明資料,"=HYPERLINK(""https://www.release.tdnet.info/inbs/140120260515537869.pdf"", ""2026年3月期決算補足説明資料"")","=HYPERLINK(""pdf_tmp/20260515/2351_1400_ASJ_2026年3月期決算補足説明資料.pdf"", ""2026年3月期決算補足説明資料"")",,,,,,,,,,,13,4,,,,,,,,,,,,https://www.release.tdnet.info/inbs/140120260515537869.pdf
20260515,2464,Aoba‐BBT,その他,"=HYPERLINK(""https://www.release.tdnet.info/inbs/140120260515538493.pdf"", ""2026年3月期連結業績予想と当期実績値の差異に関するお知らせ"")","=HYPERLINK(""pdf_tmp/20260515/2464_1600_Aoba‐BBT_2026年3月期連結業績予想と当期実績値の差異に関するお知らせ.pdf"", ""2026年3月期連結業績予想と当期実績値の差異に関するお知らせ"")",,,,,,,,,,,2,,,1,,,,,,,,,,https://www.release.tdnet.info/inbs/140120260515538493.pdf
20260515,2586,G-フルッタフルッタ,その他,"=HYPERLINK(""https://www.release.tdnet.info/inbs/140120260515538264.pdf"", ""2026年3月期通期業績予想と実績との差異に関するお知らせ"")","=HYPERLINK(""pdf_tmp/20260515/2586_1530_G-フルッタフルッタ_2026年3月期通期業績予想と実績との差異に関するお知らせ.pdf"", ""2026年3月期通期業績予想と実績との差異に関するお知らせ"")",,,,,,,,,,1,1,,,,,,,,,,,,,https://www.release.tdnet.info/inbs/140120260515538264.pdf
20260515,265A,G-エイチエムコム,説明資料,"=HYPERLINK(""https://www.release.tdnet.info/inbs/140120260515535995.pdf"", ""2026年12月期 第1四半期決算説明資料"")","=HYPERLINK(""pdf_tmp/20260515/265A_1530_G-エイチエムコム_2026年12月期 第1四半期決算説明資料.pdf"", ""2026年12月期 第1四半期決算説明資料"")",,,,,,,,,,,2 5 37 44,2 4 5,,,,,,,,,,,,https://www.release.tdnet.info/inbs/140120260515535995.pdf
20260515,2694,焼肉坂井HD,決算短信,"=HYPERLINK(""https://www.release.tdnet.info/inbs/140120260514533462.pdf"", ""2026年3月期決算短信〔日本基準〕(連結)"")","=HYPERLINK(""pdf_tmp/20260515/2694_1630_焼肉坂井HD_2026年3月期決算短信〔日本基準〕(連結).pdf"", ""2026年3月期決算短信〔日本基準〕(連結)"")",,,,,,,,,,,,,,,,5,5,,,,,,,https://www.release.tdnet.info/inbs/140120260514533462.pdf
20260515,2762,SANKO MF,決算短信,"=HYPERLINK(""https://www.release.tdnet.info/inbs/140120260514535988.pdf"", ""2026年6月期 第3四半期決算短信〔日本基準〕(連結)"")","=HYPERLINK(""pdf_tmp/20260515/2762_1530_SANKO MF_2026年6月期 第3四半期決算短信〔日本基準〕(連結).pdf"", ""2026年6月期 第3四半期決算短信〔日本基準〕(連結)"")",,,,,,,,,,4 13,4 14 15,,,,,,,,,,,,,https://www.release.tdnet.info/inbs/140120260514535988.pdf
20260515,2762,SANKO MF,予想の修正,"=HYPERLINK(""https://www.release.tdnet.info/inbs/140120260410501423.pdf"", ""2026年6月期通期連結業績予想の修正に関するお知らせ"")","=HYPERLINK(""pdf_tmp/20260515/2762_1530_SANKO MF_2026年6月期通期連結業績予想の修正に関するお知らせ.pdf"", ""2026年6月期通期連結業績予想の修正に関するお知らせ"")",,,,,,,,,,2 3,2 3,,,,,,,,,,,,,https://www.release.tdnet.info/inbs/140120260410501423.pdf
20260515,2804,ブルドックソース,決算短信,"=HYPERLINK(""https://www.release.tdnet.info/inbs/140120260514535220.pdf"", ""2026年3月期決算短信〔日本基準〕(連結)"")","=HYPERLINK(""pdf_tmp/20260515/2804_1500_ブルドックソース_2026年3月期決算短信〔日本基準〕(連結).pdf"", ""2026年3月期決算短信〔日本基準〕(連結)"")",,,,,,,,,,,4 6,,,,,,,,,,,6,,https://www.release.tdnet.info/inbs/140120260514535220.pdf
20260515,2819,エバラ食品工業,決算短信,"=HYPERLINK(""https://www.release.tdnet.info/inbs/140120260514534986.pdf"", ""2026年3月期 決算短信〔日本基準〕(連結)"")","=HYPERLINK(""pdf_tmp/20260515/2819_1545_エバラ食品工業_2026年3月期 決算短信〔日本基準〕(連結).pdf"", ""2026年3月期 決算短信〔日本基準〕(連結)"")",,,,,4,,,,,,,,,,,,,,,,,12,,https://www.release.tdnet.info/inbs/140120260514534986.pdf
20260515,285A,キオクシアHD,決算短信,"=HYPERLINK(""https://www.release.tdnet.info/inbs/140120260515537803.pdf"", ""2026年3月期 決算短信〔IFRS〕(連結)"")","=HYPERLINK(""pdf_tmp/20260515/285A_1530_キオクシアHD_2026年3月期 決算短信〔IFRS〕(連結).pdf"", ""2026年3月期 決算短信〔IFRS〕(連結)"")",,,,,,,,,,,6 7,,,,,,5,,,,,,,https://www.release.tdnet.info/inbs/140120260515537803.pdf
20260515,2874,ヨコレイ,予想の修正,"=HYPERLINK(""https://www.release.tdnet.info/inbs/140120260514533535.pdf"", ""2026 年9月期第2四半期業績予想と実績の差異及び通期業績予想の修正 並びに剰余金の配当(中間配当)及び期末配当予想の修正に関するお知らせ"")","=HYPERLINK(""pdf_tmp/20260515/2874_1300_ヨコレイ_2026 年9月期第2四半期業績予想と実績の差異及び通期業績予想の修正 並びに剰余金の配当(中間配当)及び期末配当予想の修正に関するお知らせ.pdf"", ""2026 年9月期第2四半期業績予想と実績の差異及び通期業績予想の修正 並びに剰余金の配当(中間配当)及び期末配当予想の修正に関するお知らせ"")",,,,,,,2,,,,2,,,,,,,,,,,,,https://www.release.tdnet.info/inbs/140120260514533535.pdf
20260515,2874,ヨコレイ,決算短信,"=HYPERLINK(""https://www.release.tdnet.info/inbs/140120260514534339.pdf"", ""2026年9月期 第2四半期(中間期)決算短信〔日本基準〕(連結)"")","=HYPERLINK(""pdf_tmp/20260515/2874_1300_ヨコレイ_2026年9月期 第2四半期(中間期)決算短信〔日本基準〕(連結).pdf"", ""2026年9月期 第2四半期(中間期)決算短信〔日本基準〕(連結)"")",,,,,,,,,,,4,,,,,,,,4,,,,,https://www.release.tdnet.info/inbs/140120260514534339.pdf
20260515,2877,日東ベスト,決算短信,"=HYPERLINK(""https://www.release.tdnet.info/inbs/140120260506517364.pdf"", ""2026年3月期 決算短信〔日本基準〕(連結)"")","=HYPERLINK(""pdf_tmp/20260515/2877_1530_日東ベスト_2026年3月期 決算短信〔日本基準〕(連結).pdf"", ""2026年3月期 決算短信〔日本基準〕(連結)"")",,,4,,4,,,,,,,,,,,,,,,,,,,https://www.release.tdnet.info/inbs/140120260506517364.pdf
20260515,287A,黒田グループ,決算短信,"=HYPERLINK(""https://www.release.tdnet.info/inbs/140120260515536453.pdf"", ""2026年3月期 決算短信〔IFRS〕(連結)"")","=HYPERLINK(""pdf_tmp/20260515/287A_1600_黒田グループ_2026年3月期 決算短信〔IFRS〕(連結).pdf"", ""2026年3月期 決算短信〔IFRS〕(連結)"")",,,,,,,,,,,4 5,,,,,,,,,,,,4,https://www.release.tdnet.info/inbs/140120260515536453.pdf
20260515,290A,G-Syns,説明資料,"=HYPERLINK(""https://www.release.tdnet.info/inbs/140120260515537797.pdf"", ""2026年12月期第1四半期決算説明資料"")","=HYPERLINK(""pdf_tmp/20260515/290A_1530_G-Syns_2026年12月期第1四半期決算説明資料.pdf"", ""2026年12月期第1四半期決算説明資料"")",,25 43,,,,,,,,,52,,,,,,,,,,,,,https://www.release.tdnet.info/inbs/140120260515537797.pdf
20260515,2933,紀文食品,決算短信,"=HYPERLINK(""https://www.release.tdnet.info/inbs/140120260227571994.pdf"", ""2026年3月期 決算短信〔日本基準〕(連結)"")","=HYPERLINK(""pdf_tmp/20260515/2933_1600_紀文食品_2026年3月期 決算短信〔日本基準〕(連結).pdf"", ""2026年3月期 決算短信〔日本基準〕(連結)"")",,,5 7,,,,,,,,,,,,,,,,5,,,,,https://www.release.tdnet.info/inbs/140120260227571994.pdf
20260515,2970,GLC GROUP,説明資料,"=HYPERLINK(""https://www.release.tdnet.info/inbs/140120260515536511.pdf"", ""2026年12月期 第1四半期決算説明資料"")","=HYPERLINK(""pdf_tmp/20260515/2970_1530_GLC GROUP_2026年12月期 第1四半期決算説明資料.pdf"", ""2026年12月期 第1四半期決算説明資料"")",,,14,,,,,,,,,,,,,,,,14,,,,,https://www.release.tdnet.info/inbs/140120260515536511.pdf
20260515,3053,ペッパー,その他,"=HYPERLINK(""https://www.release.tdnet.info/inbs/140120260515538089.pdf"", ""中期経営計画の進捗に関するお知らせ"")","=HYPERLINK(""pdf_tmp/20260515/3053_1600_ペッパー_中期経営計画の進捗に関するお知らせ.pdf"", ""中期経営計画の進捗に関するお知らせ"")",,,,,,,,,,,8,9,,,,,,,,,,,,https://www.release.tdnet.info/inbs/140120260515538089.pdf
20260515,309A,P-コスモス調剤,決算短信,"=HYPERLINK(""https://www.release.tdnet.info/inbs/140120260515537775.pdf"", ""2026年3月期 決算短信〔日本基準〕(連結)"")","=HYPERLINK(""pdf_tmp/20260515/309A_1600_P-コスモス調剤_2026年3月期 決算短信〔日本基準〕(連結).pdf"", ""2026年3月期 決算短信〔日本基準〕(連結)"")",,,,,,,,,,,4,,,,,,,,5,,,,,https://www.release.tdnet.info/inbs/140120260515537775.pdf
20260515,319A,G-技術承継機構,説明資料,"=HYPERLINK(""https://www.release.tdnet.info/inbs/140120260515537639.pdf"", ""2026年12月期第1四半期決算説明資料"")","=HYPERLINK(""pdf_tmp/20260515/319A_1600_G-技術承継機構_2026年12月期第1四半期決算説明資料.pdf"", ""2026年12月期第1四半期決算説明資料"")",,,,,35,,,,,,17,,,,,,,,,,,,,https://www.release.tdnet.info/inbs/140120260515537639.pdf
20260515,3293,アズマハウス,その他,"=HYPERLINK(""https://www.release.tdnet.info/inbs/140120260514532073.pdf"", ""第49期 決算補足資料"")","=HYPERLINK(""pdf_tmp/20260515/3293_1500_アズマハウス_第49期 決算補足資料.pdf"", ""第49期 決算補足資料"")",,,,,,3,,3,,,,,,,,,,,,,,,,https://www.release.tdnet.info/inbs/140120260514532073.pdf
20260515,3300,G-アンビションDX,説明資料,"=HYPERLINK(""https://www.release.tdnet.info/inbs/140120260514534790.pdf"", ""2026年6月期 第3四半期 決算説明資料"")","=HYPERLINK(""pdf_tmp/20260515/3300_1530_G-アンビションDX_2026年6月期 第3四半期 決算説明資料.pdf"", ""2026年6月期 第3四半期 決算説明資料"")",,,,,,,,,,,3 8 10 12 25 27 36 43 51,26,,,,,,,,,,,,https://www.release.tdnet.info/inbs/140120260514534790.pdf
20260515,3323,レカム,決算短信,"=HYPERLINK(""https://www.release.tdnet.info/inbs/140120260515538446.pdf"", ""2026年9月期第2四半期決算短信〔IFRS〕(連結)"")","=HYPERLINK(""pdf_tmp/20260515/3323_1530_レカム_2026年9月期第2四半期決算短信〔IFRS〕(連結).pdf"", ""2026年9月期第2四半期決算短信〔IFRS〕(連結)"")",,,,,5,,,,,,4,,,,,,,,,,,,,https://www.release.tdnet.info/inbs/140120260515538446.pdf
20260515,3323,レカム,説明資料,"=HYPERLINK(""https://www.release.tdnet.info/inbs/140120260515539075.pdf"", ""2026年9月期第2四半期決算説明資料"")","=HYPERLINK(""pdf_tmp/20260515/3323_1900_レカム_2026年9月期第2四半期決算説明資料.pdf"", ""2026年9月期第2四半期決算説明資料"")",,,,,,,,,,4 7 55,6 55 56,,,,,,,,,,,,,https://www.release.tdnet.info/inbs/140120260515539075.pdf
20260515,3346,ヒロタグループHD,決算短信,"=HYPERLINK(""https://www.release.tdnet.info/inbs/140120260515536159.pdf"", ""2026年3月期 決算短信〔日本基準〕(連結)"")","=HYPERLINK(""pdf_tmp/20260515/3346_1530_ヒロタグループHD_2026年3月期 決算短信〔日本基準〕(連結).pdf"", ""2026年3月期 決算短信〔日本基準〕(連結)"")",,,,,,,,,,,4 5 14 19,,,,,5,,,,,,,,https://www.release.tdnet.info/inbs/140120260515536159.pdf
20260515,3358,Trailhead,説明資料,"=HYPERLINK(""https://www.release.tdnet.info/inbs/140120260515536246.pdf"", ""2026年3月期 決算説明資料"")","=HYPERLINK(""pdf_tmp/20260515/3358_1630_Trailhead_2026年3月期 決算説明資料.pdf"", ""2026年3月期 決算説明資料"")",,,,,,,,,,,5 9 15,,,,,,,,22,,,,,https://www.release.tdnet.info/inbs/140120260515536246.pdf
20260515,3372,関門海,決算短信,"=HYPERLINK(""https://www.release.tdnet.info/inbs/140120260511521908.pdf"", ""2026年3月期 決算短信〔日本基準〕(連結)"")","=HYPERLINK(""pdf_tmp/20260515/3372_1600_関門海_2026年3月期 決算短信〔日本基準〕(連結).pdf"", ""2026年3月期 決算短信〔日本基準〕(連結)"")",,,,,,,,,,,5,,,,,,,,4,,,,,https://www.release.tdnet.info/inbs/140120260511521908.pdf
20260515,3397,トリドールHD,その他,"=HYPERLINK(""https://www.release.tdnet.info/inbs/140120260514534805.pdf"", ""通期連結業績予想と実績値との差異および減損損失に関するお知らせ"")","=HYPERLINK(""pdf_tmp/20260515/3397_1300_トリドールHD_通期連結業績予想と実績値との差異および減損損失に関するお知らせ.pdf"", ""通期連結業績予想と実績値との差異および減損損失に関するお知らせ"")",,,,,,2,,,,,1,,,,,,,,,,,,,https://www.release.tdnet.info/inbs/140120260514534805.pdf
20260515,3417,大木ヘルスケア,その他,"=HYPERLINK(""https://www.release.tdnet.info/inbs/140120260514534687.pdf"", ""2026年3月期通期の連結業績予想と実績値との差異に関するお知らせ"")","=HYPERLINK(""pdf_tmp/20260515/3417_1530_大木ヘルスケア_2026年3月期通期の連結業績予想と実績値との差異に関するお知らせ.pdf"", ""2026年3月期通期の連結業績予想と実績値との差異に関するお知らせ"")",,,,1,1,,,,,,,,,,,,,,,,,,,https://www.release.tdnet.info/inbs/140120260514534687.pdf
20260515,352A,G-LOIVE,説明資料,"=HYPERLINK(""https://www.release.tdnet.info/inbs/140120260515537393.pdf"", ""2026年3月期 通期決算説明資料"")","=HYPERLINK(""pdf_tmp/20260515/352A_1536_G-LOIVE_2026年3月期 通期決算説明資料.pdf"", ""2026年3月期 通期決算説明資料"")",,,,,,,,,,,4 12 21,,,,,,,,,,,18,,https://www.release.tdnet.info/inbs/140120260515537393.pdf
20260515,3542,G-VEGA,その他,"=HYPERLINK(""https://www.release.tdnet.info/inbs/140120260514535405.pdf"", ""中期経営計画の見直しに関するお知らせ"")","=HYPERLINK(""pdf_tmp/20260515/3542_1530_G-VEGA_中期経営計画の見直しに関するお知らせ.pdf"", ""中期経営計画の見直しに関するお知らせ"")",,,,,,,1,,,,,,1,,,,,,,,,,,https://www.release.tdnet.info/inbs/140120260514535405.pdf
20260515,3542,G-VEGA,事業計画,"=HYPERLINK(""https://www.release.tdnet.info/inbs/140120260514535392.pdf"", ""事業計画及び成長可能性に関する説明資料"")","=HYPERLINK(""pdf_tmp/20260515/3542_1530_G-VEGA_事業計画及び成長可能性に関する説明資料.pdf"", ""事業計画及び成長可能性に関する説明資料"")",,,,,8 35,,,,,,35,,,,,,,,,,,,,https://www.release.tdnet.info/inbs/140120260514535392.pdf
20260515,3598,山喜,決算短信,"=HYPERLINK(""https://www.release.tdnet.info/inbs/140120260515538063.pdf"", ""2026年3月期 決算短信〔日本基準〕(連結)"")","=HYPERLINK(""pdf_tmp/20260515/3598_1530_山喜_2026年3月期 決算短信〔日本基準〕(連結).pdf"", ""2026年3月期 決算短信〔日本基準〕(連結)"")",,,,,,,,,,,,,,,,6,,,,,,4,,https://www.release.tdnet.info/inbs/140120260515538063.pdf
20260515,3664,G-WIZE,その他,"=HYPERLINK(""https://www.release.tdnet.info/inbs/140120260515538636.pdf"", ""第三者割当による第39回新株予約権(行使価額修正条項付)の発行及び新株予約権の買取契約の締結に関するお知らせ"")","=HYPERLINK(""pdf_tmp/20260515/3664_1615_G-WIZE_第三者割当による第39回新株予約権(行使価額修正条項付)の発行及び新株予約権の買取契約の締結に関するお知らせ.pdf"", ""第三者割当による第39回新株予約権(行使価額修正条項付)の発行及び新株予約権の買取契約の締結に関するお知らせ"")",,,,,4,,,,,,5 20,,,,,,,,,,,,,https://www.release.tdnet.info/inbs/140120260515538636.pdf
20260515,3670,協立情報通信,説明資料,"=HYPERLINK(""https://www.release.tdnet.info/inbs/140120260513529042.pdf"", ""2026年3月期 決算説明資料"")","=HYPERLINK(""pdf_tmp/20260515/3670_1600_協立情報通信_2026年3月期 決算説明資料.pdf"", ""2026年3月期 決算説明資料"")",,,,,,,,,,,7 11 20 30,,,,,,,,40,,,,,https://www.release.tdnet.info/inbs/140120260513529042.pdf
20260515,3691,G-デジタルプラス,決算短信,"=HYPERLINK(""https://www.release.tdnet.info/inbs/140120260515538563.pdf"", ""2026年9月期 第2四半期(中間期)決算短信〔IFRS〕(連結)"")","=HYPERLINK(""pdf_tmp/20260515/3691_1530_G-デジタルプラス_2026年9月期 第2四半期(中間期)決算短信〔IFRS〕(連結).pdf"", ""2026年9月期 第2四半期(中間期)決算短信〔IFRS〕(連結)"")",,,,,,,,,,,6,,,,,,,,,,,4,,https://www.release.tdnet.info/inbs/140120260515538563.pdf
20260515,3691,G-デジタルプラス,説明資料,"=HYPERLINK(""https://www.release.tdnet.info/inbs/140120260515538629.pdf"", ""2026年9月期第2四半期 決算説明資料"")","=HYPERLINK(""pdf_tmp/20260515/3691_1530_G-デジタルプラス_2026年9月期第2四半期 決算説明資料.pdf"", ""2026年9月期第2四半期 決算説明資料"")",,,,,,,,,,8 9 11,11,,,,,,,,,,,,,https://www.release.tdnet.info/inbs/140120260515538629.pdf
20260515,3692,G-FFRI,決算短信,"=HYPERLINK(""https://www.release.tdnet.info/inbs/140120260422508470.pdf"", ""令和8年3月期 決算短信〔日本基準〕(連結)"")","=HYPERLINK(""pdf_tmp/20260515/3692_1530_G-FFRI_令和8年3月期 決算短信〔日本基準〕(連結).pdf"", ""令和8年3月期 決算短信〔日本基準〕(連結)"")",,,,,,,,,,,6,,,,,,4,,,,,,,https://www.release.tdnet.info/inbs/140120260422508470.pdf
20260515,3694,オプティム,決算短信,"=HYPERLINK(""https://www.release.tdnet.info/inbs/140120260514535655.pdf"", ""2026年3月期 決算短信〔日本基準〕(連結)"")","=HYPERLINK(""pdf_tmp/20260515/3694_1550_オプティム_2026年3月期 決算短信〔日本基準〕(連結).pdf"", ""2026年3月期 決算短信〔日本基準〕(連結)"")",,,,,,,,,,,4 6 18,,,,,,,,,,,8,,https://www.release.tdnet.info/inbs/140120260514535655.pdf
20260515,3750,ADR120S,決算短信,"=HYPERLINK(""https://www.release.tdnet.info/inbs/140120260429514066.pdf"", ""2026年3月期 決算短信[日本基準](連結)"")","=HYPERLINK(""pdf_tmp/20260515/3750_1600_ADR120S_2026年3月期 決算短信[日本基準](連結).pdf"", ""2026年3月期 決算短信[日本基準](連結)"")",,,,,,,,,,,5 13,,,,,4,,,,,,,,https://www.release.tdnet.info/inbs/140120260429514066.pdf
20260515,377A,エージェントIGHD,説明資料,"=HYPERLINK(""https://www.release.tdnet.info/inbs/140120260514532998.pdf"", ""2026年12月期 第1四半期決算説明資料(スクリプト付き)"")","=HYPERLINK(""pdf_tmp/20260515/377A_1530_エージェントIGHD_2026年12月期 第1四半期決算説明資料(スクリプト付き).pdf"", ""2026年12月期 第1四半期決算説明資料(スクリプト付き)"")",,,,,,,,,,,3 4 5 15 20,,,,,,,,,,,15,,https://www.release.tdnet.info/inbs/140120260514532998.pdf
20260515,377A,エージェントIGHD,説明資料,"=HYPERLINK(""https://www.release.tdnet.info/inbs/140120260514534937.pdf"", ""2026年12月期 第1四半期決算説明資料"")","=HYPERLINK(""pdf_tmp/20260515/377A_1530_エージェントIGHD_2026年12月期 第1四半期決算説明資料.pdf"", ""2026年12月期 第1四半期決算説明資料"")",,,,,,,,,,,3 4 18,,,,,,,,,,,15,,https://www.release.tdnet.info/inbs/140120260514534937.pdf
20260515,3825,REMIX,その他,"=HYPERLINK(""https://www.release.tdnet.info/inbs/140120260513531270.pdf"", ""2026年3月期の連結業績と前期実績値との差異に関するお知らせ"")","=HYPERLINK(""pdf_tmp/20260515/3825_1200_REMIX_2026年3月期の連結業績と前期実績値との差異に関するお知らせ.pdf"", ""2026年3月期の連結業績と前期実績値との差異に関するお知らせ"")",,,,1,,,,,,,2,,,,,,,,,,,,,https://www.release.tdnet.info/inbs/140120260513531270.pdf
20260515,3844,コムチュア,説明資料,"=HYPERLINK(""https://www.release.tdnet.info/inbs/140120260515537749.pdf"", ""2026年3月期 決算説明資料"")","=HYPERLINK(""pdf_tmp/20260515/3844_1530_コムチュア_2026年3月期 決算説明資料.pdf"", ""2026年3月期 決算説明資料"")",12,,,,,,,,,,26,,,,,,,,,,,,,https://www.release.tdnet.info/inbs/140120260515537749.pdf
20260515,386A,みのや,その他,"=HYPERLINK(""https://www.release.tdnet.info/inbs/140120260512526086.pdf"", ""2026年6月期第3四半期決算において高い関心が予想される事項"")","=HYPERLINK(""pdf_tmp/20260515/386A_1600_みのや_2026年6月期第3四半期決算において高い関心が予想される事項.pdf"", ""2026年6月期第3四半期決算において高い関心が予想される事項"")",,,,,,,,,,2,1,,,,,,,,,,,,,https://www.release.tdnet.info/inbs/140120260512526086.pdf
20260515,3880,大王紙,決算短信,"=HYPERLINK(""https://www.release.tdnet.info/inbs/140120260515536921.pdf"", ""2026年3月期 決算短信〔日本基準〕(連結)"")","=HYPERLINK(""pdf_tmp/20260515/3880_1300_大王紙_2026年3月期 決算短信〔日本基準〕(連結).pdf"", ""2026年3月期 決算短信〔日本基準〕(連結)"")",,,4 5 6,,,,,,,,4,,,,,,,,,,,,,https://www.release.tdnet.info/inbs/140120260515536921.pdf
20260515,3927,フーバーブレイン,その他,"=HYPERLINK(""https://www.release.tdnet.info/inbs/140120260514535701.pdf"", ""2026年3月期 決算補足資料"")","=HYPERLINK(""pdf_tmp/20260515/3927_1130_フーバーブレイン_2026年3月期 決算補足資料.pdf"", ""2026年3月期 決算補足資料"")",,,,,,11,,,,,11 13 15 16,,,,,,,,,,,,,https://www.release.tdnet.info/inbs/140120260514535701.pdf
20260515,3933,チエル,決算短信,"=HYPERLINK(""https://www.release.tdnet.info/inbs/140120260514535706.pdf"", ""2026年3月期決算短信〔日本基準〕(連結)"")","=HYPERLINK(""pdf_tmp/20260515/3933_1600_チエル_2026年3月期決算短信〔日本基準〕(連結).pdf"", ""2026年3月期決算短信〔日本基準〕(連結)"")",,,,,,,,,,,4 6,7,,,,,,,,,,,,https://www.release.tdnet.info/inbs/140120260514535706.pdf
20260515,3965,CAP,決算短信,"=HYPERLINK(""https://www.release.tdnet.info/inbs/140120260514535750.pdf"", ""2026年9月期 第2四半期(中間期)決算短信〔日本基準〕(連結)"")","=HYPERLINK(""pdf_tmp/20260515/3965_1530_CAP_2026年9月期 第2四半期(中間期)決算短信〔日本基準〕(連結).pdf"", ""2026年9月期 第2四半期(中間期)決算短信〔日本基準〕(連結)"")",,,,,,,,,,,5,,,,,,4,,,,,,,https://www.release.tdnet.info/inbs/140120260514535750.pdf
20260515,3989,G-シェアリングT,説明資料,"=HYPERLINK(""https://www.release.tdnet.info/inbs/140120260515537654.pdf"", ""2026年9月期 第2四半期決算説明資料"")","=HYPERLINK(""pdf_tmp/20260515/3989_1530_G-シェアリングT_2026年9月期 第2四半期決算説明資料.pdf"", ""2026年9月期 第2四半期決算説明資料"")",,,,,,,17 18,,,,2 18,,,,,,,,,,,,,https://www.release.tdnet.info/inbs/140120260515537654.pdf
20260515,4021,日産化,説明資料,"=HYPERLINK(""https://www.release.tdnet.info/inbs/140120260514535294.pdf"", ""2026年3月期 決算説明資料"")","=HYPERLINK(""pdf_tmp/20260515/4021_1530_日産化_2026年3月期 決算説明資料.pdf"", ""2026年3月期 決算説明資料"")",,,,,,,25 28 44,,,,19,,,,,,,,,,,,,https://www.release.tdnet.info/inbs/140120260514535294.pdf
20260515,4031,片倉コープアグリ,その他,"=HYPERLINK(""https://www.release.tdnet.info/inbs/140120260514535731.pdf"", ""第111期通期連結業績予想と実績値の差異、及び個別実績の前期実績との差異に関するお知らせ"")","=HYPERLINK(""pdf_tmp/20260515/4031_1400_片倉コープアグリ_第111期通期連結業績予想と実績値の差異、及び個別実績の前期実績との差異に関するお知らせ.pdf"", ""第111期通期連結業績予想と実績値の差異、及び個別実績の前期実績との差異に関するお知らせ"")",,,2,,,,,,,1,,,,,,,,,,,,,,https://www.release.tdnet.info/inbs/140120260514535731.pdf
20260515,406A,P-環境のミカタHD,決算短信,"=HYPERLINK(""https://www.release.tdnet.info/inbs/140120260515538140.pdf"", ""2026年9月期 中間決算短信〔日本基準〕(連結)"")","=HYPERLINK(""pdf_tmp/20260515/406A_1500_P-環境のミカタHD_2026年9月期 中間決算短信〔日本基準〕(連結).pdf"", ""2026年9月期 中間決算短信〔日本基準〕(連結)"")",,,,,,,,,,,,,4,,,4,,,,,,,,https://www.release.tdnet.info/inbs/140120260515538140.pdf
20260515,4099,四国化成HD,決算短信,"=HYPERLINK(""https://www.release.tdnet.info/inbs/140120260514534281.pdf"", ""2026年12月期 第1四半期決算短信[日本基準](連結)"")","=HYPERLINK(""pdf_tmp/20260515/4099_1200_四国化成HD_2026年12月期 第1四半期決算短信[日本基準](連結).pdf"", ""2026年12月期 第1四半期決算短信[日本基準](連結)"")",,,4,,,,,,,,,,,,,,4,,,,,,,https://www.release.tdnet.info/inbs/140120260514534281.pdf
20260515,4100,戸田工,決算短信,"=HYPERLINK(""https://www.release.tdnet.info/inbs/140120260514534959.pdf"", ""2026年3月期 決算短信〔日本基準〕(連結)"")","=HYPERLINK(""pdf_tmp/20260515/4100_1530_戸田工_2026年3月期 決算短信〔日本基準〕(連結).pdf"", ""2026年3月期 決算短信〔日本基準〕(連結)"")",,,,,,,,,,,4,,,,,,,,4,,,,,https://www.release.tdnet.info/inbs/140120260514534959.pdf
20260515,4166,G-かっこ,説明資料,"=HYPERLINK(""https://www.release.tdnet.info/inbs/140120260515536985.pdf"", ""2026年12月期 第1四半期 決算説明資料"")","=HYPERLINK(""pdf_tmp/20260515/4166_1530_G-かっこ_2026年12月期 第1四半期 決算説明資料.pdf"", ""2026年12月期 第1四半期 決算説明資料"")",,,,,,,,,,,16 38 42,,,,,,,,,,,23 28 29,,https://www.release.tdnet.info/inbs/140120260515536985.pdf
20260515,4170,G-KaizenPF,説明資料,"=HYPERLINK(""https://www.release.tdnet.info/inbs/140120260511522464.pdf"", ""2026年12月期第1四半期決算説明資料"")","=HYPERLINK(""pdf_tmp/20260515/4170_1530_G-KaizenPF_2026年12月期第1四半期決算説明資料.pdf"", ""2026年12月期第1四半期決算説明資料"")",,,,,,,,,,,20 45 54,,,,,,,,4,,,,,https://www.release.tdnet.info/inbs/140120260511522464.pdf
20260515,4216,旭有機材,その他,"=HYPERLINK(""https://www.release.tdnet.info/inbs/140120260515536132.pdf"", ""2026年3月期 通期決算補足資料"")","=HYPERLINK(""pdf_tmp/20260515/4216_1600_旭有機材_2026年3月期 通期決算補足資料.pdf"", ""2026年3月期 通期決算補足資料"")",,,5,,,,,,,,,,,,5,,,,,,,,,https://www.release.tdnet.info/inbs/140120260515536132.pdf
20260515,4235,UFHD,決算短信,"=HYPERLINK(""https://www.release.tdnet.info/inbs/140120260515536165.pdf"", ""2026年12月期 第1四半期決算短信〔IFRS〕(連結)"")","=HYPERLINK(""pdf_tmp/20260515/4235_1530_UFHD_2026年12月期 第1四半期決算短信〔IFRS〕(連結).pdf"", ""2026年12月期 第1四半期決算短信〔IFRS〕(連結)"")",,,5,,,,,,,,5,,,,,,,,,,,,,https://www.release.tdnet.info/inbs/140120260515536165.pdf
20260515,4237,フジプレアム,決算短信,"=HYPERLINK(""https://www.release.tdnet.info/inbs/140120260324587722.pdf"", ""令和8年3月期 決算短信〔日本基準〕(連結)"")","=HYPERLINK(""pdf_tmp/20260515/4237_1530_フジプレアム_令和8年3月期 決算短信〔日本基準〕(連結).pdf"", ""令和8年3月期 決算短信〔日本基準〕(連結)"")",,,,,,,,,,,,,,,4,4,,,,,,,,https://www.release.tdnet.info/inbs/140120260324587722.pdf
20260515,4237,フジプレアム,その他,"=HYPERLINK(""https://www.release.tdnet.info/inbs/140120260513527961.pdf"", ""特別損失(固定資産の減損損失、関係会社出資金評価損)の計上及び通期連結業績予想と実績との差異に関するお知らせ"")","=HYPERLINK(""pdf_tmp/20260515/4237_1530_フジプレアム_特別損失(固定資産の減損損失、関係会社出資金評価損)の計上及び通期連結業績予想と実績との差異に関するお知らせ.pdf"", ""特別損失(固定資産の減損損失、関係会社出資金評価損)の計上及び通期連結業績予想と実績との差異に関するお知らせ"")",,,,,,,,,,,1,,,,,1,,,,,,,,https://www.release.tdnet.info/inbs/140120260513527961.pdf
20260515,4260,G-ハイブリッドテク,説明資料,"=HYPERLINK(""https://www.release.tdnet.info/inbs/140120260515538484.pdf"", ""2026年9月期第2四半期決算説明資料"")","=HYPERLINK(""pdf_tmp/20260515/4260_1530_G-ハイブリッドテク_2026年9月期第2四半期決算説明資料.pdf"", ""2026年9月期第2四半期決算説明資料"")",,,,,,,,,,,,,,4,,,,,10,,,,,https://www.release.tdnet.info/inbs/140120260515538484.pdf
20260515,4261,G-アジアクエスト,説明資料,"=HYPERLINK(""https://www.release.tdnet.info/inbs/140120260511523199.pdf"", ""2026年12月期 第1四半期決算説明資料"")","=HYPERLINK(""pdf_tmp/20260515/4261_1530_G-アジアクエスト_2026年12月期 第1四半期決算説明資料.pdf"", ""2026年12月期 第1四半期決算説明資料"")",,,,,,,,,,,10,,,,,,29,,,,,,,https://www.release.tdnet.info/inbs/140120260511523199.pdf
20260515,4275,カーリット,その他,"=HYPERLINK(""https://www.release.tdnet.info/inbs/140120260515538295.pdf"", ""中期経営計画 Challenge2027 ローリングプラン2026 策定のお知らせ"")","=HYPERLINK(""pdf_tmp/20260515/4275_1650_カーリット_中期経営計画 Challenge2027 ローリングプラン2026 策定のお知らせ.pdf"", ""中期経営計画 Challenge2027 ローリングプラン2026 策定のお知らせ"")",,4 8,,,,,,,,,7,,,,,,,,,,,,,https://www.release.tdnet.info/inbs/140120260515538295.pdf
20260515,4372,G-ユミルリンク,説明資料,"=HYPERLINK(""https://www.release.tdnet.info/inbs/140120260515536080.pdf"", ""2026年12月期第1四半期決算説明資料"")","=HYPERLINK(""pdf_tmp/20260515/4372_1130_G-ユミルリンク_2026年12月期第1四半期決算説明資料.pdf"", ""2026年12月期第1四半期決算説明資料"")",,,12 17,,,,,,,,,,,,,,,,,,,34,,https://www.release.tdnet.info/inbs/140120260515536080.pdf
20260515,437A,P-ジェイウェイブ,決算短信,"=HYPERLINK(""https://www.release.tdnet.info/inbs/140120260514534987.pdf"", ""2026年3月期決算短信〔日本基準〕(非連結)"")","=HYPERLINK(""pdf_tmp/20260515/437A_1530_P-ジェイウェイブ_2026年3月期決算短信〔日本基準〕(非連結).pdf"", ""2026年3月期決算短信〔日本基準〕(非連結)"")",,,,,,,,,,,4,,,,,,,,,,,4,,https://www.release.tdnet.info/inbs/140120260514534987.pdf
20260515,4387,G-ZUU,決算短信,"=HYPERLINK(""https://www.release.tdnet.info/inbs/140120260515538869.pdf"", ""2026年3月期 決算短信〔日本基準〕(連結)"")","=HYPERLINK(""pdf_tmp/20260515/4387_1700_G-ZUU_2026年3月期 決算短信〔日本基準〕(連結).pdf"", ""2026年3月期 決算短信〔日本基準〕(連結)"")",,,,,,,,,,,5,,,,,,,,5,,,,,https://www.release.tdnet.info/inbs/140120260515538869.pdf
20260515,4391,G-ロジザード,説明資料,"=HYPERLINK(""https://www.release.tdnet.info/inbs/140120260515537188.pdf"", ""2026年6月期 第3四半期決算説明資料"")","=HYPERLINK(""pdf_tmp/20260515/4391_1540_G-ロジザード_2026年6月期 第3四半期決算説明資料.pdf"", ""2026年6月期 第3四半期決算説明資料"")",,,,,,,,,,7,12 16,,,,,,,,,,,,,https://www.release.tdnet.info/inbs/140120260515537188.pdf
20260515,4425,G-Kudan,その他,"=HYPERLINK(""https://www.release.tdnet.info/inbs/140120260511522803.pdf"", ""2026年3月期 決算説明に関する質疑応答内容の公開のお知らせ"")","=HYPERLINK(""pdf_tmp/20260515/4425_1915_G-Kudan_2026年3月期 決算説明に関する質疑応答内容の公開のお知らせ.pdf"", ""2026年3月期 決算説明に関する質疑応答内容の公開のお知らせ"")",,,,,,,,,,,3,,,,,,,,3,,,,,https://www.release.tdnet.info/inbs/140120260511522803.pdf
20260515,4436,G-ミンカブ,決算短信,"=HYPERLINK(""https://www.release.tdnet.info/inbs/140120260515538433.pdf"", ""2026年3月期 決算短信〔日本基準〕(連結)"")","=HYPERLINK(""pdf_tmp/20260515/4436_1530_G-ミンカブ_2026年3月期 決算短信〔日本基準〕(連結).pdf"", ""2026年3月期 決算短信〔日本基準〕(連結)"")",,,,,4,,,,,,5,,,,,,,,,,,,,https://www.release.tdnet.info/inbs/140120260515538433.pdf
20260515,4448,G-kubell,説明資料,"=HYPERLINK(""https://www.release.tdnet.info/inbs/140120260515537674.pdf"", ""2026年12月期 第1四半期 決算説明資料"")","=HYPERLINK(""pdf_tmp/20260515/4448_1530_G-kubell_2026年12月期 第1四半期 決算説明資料.pdf"", ""2026年12月期 第1四半期 決算説明資料"")",,,109,,,,,,,,2 17 40 57 64,,,,,,,,,,,,,https://www.release.tdnet.info/inbs/140120260515537674.pdf
20260515,4484,G-ランサーズ,説明資料,"=HYPERLINK(""https://www.release.tdnet.info/inbs/140120260514535647.pdf"", ""2026年3月期 通期決算説明資料"")","=HYPERLINK(""pdf_tmp/20260515/4484_1700_G-ランサーズ_2026年3月期 通期決算説明資料.pdf"", ""2026年3月期 通期決算説明資料"")",,,,,,,,,,,2 6 7,,,,,,,,,,,19,,https://www.release.tdnet.info/inbs/140120260514535647.pdf
20260515,4612,日ペイントHD,決算短信,"=HYPERLINK(""https://www.release.tdnet.info/inbs/140120260515537329.pdf"", ""2026年12月期 第1四半期決算短信〔IFRS〕(連結)"")","=HYPERLINK(""pdf_tmp/20260515/4612_1530_日ペイントHD_2026年12月期 第1四半期決算短信〔IFRS〕(連結).pdf"", ""2026年12月期 第1四半期決算短信〔IFRS〕(連結)"")",,,,,4,,,,,,,,,,,,,,,,,4,,https://www.release.tdnet.info/inbs/140120260515537329.pdf
20260515,4634,artience,決算短信,"=HYPERLINK(""https://www.release.tdnet.info/inbs/140120260514532608.pdf"", ""2026年12月期 第1四半期決算短信〔日本基準〕(連結)"")","=HYPERLINK(""pdf_tmp/20260515/4634_1630_artience_2026年12月期 第1四半期決算短信〔日本基準〕(連結).pdf"", ""2026年12月期 第1四半期決算短信〔日本基準〕(連結)"")",,,4 5,,,,,,,,,,,,,,,,4,,,,,https://www.release.tdnet.info/inbs/140120260514532608.pdf
20260515,472A,G-ミラティブ,説明資料,"=HYPERLINK(""https://www.release.tdnet.info/inbs/140120260514536005.pdf"", ""2026年12月期第1四半期決算説明資料"")","=HYPERLINK(""pdf_tmp/20260515/472A_1530_G-ミラティブ_2026年12月期第1四半期決算説明資料.pdf"", ""2026年12月期第1四半期決算説明資料"")",,,,,,,,,,,72,,,,,,,,79,,,,,https://www.release.tdnet.info/inbs/140120260514536005.pdf
20260515,4783,NCD,決算短信,"=HYPERLINK(""https://www.release.tdnet.info/inbs/140120260515537341.pdf"", ""2026年3月期決算短信〔日本基準〕(連結)"")","=HYPERLINK(""pdf_tmp/20260515/4783_1540_NCD_2026年3月期決算短信〔日本基準〕(連結).pdf"", ""2026年3月期決算短信〔日本基準〕(連結)"")",4,,4,,,,,,,,,,,,,,,,,,,,,https://www.release.tdnet.info/inbs/140120260515537341.pdf
20260515,4783,NCD,その他,"=HYPERLINK(""https://www.release.tdnet.info/inbs/140120260515536430.pdf"", ""中期経営計画策定に関するお知らせ"")","=HYPERLINK(""pdf_tmp/20260515/4783_1540_NCD_中期経営計画策定に関するお知らせ.pdf"", ""中期経営計画策定に関するお知らせ"")",,,,,,,,,,5 6,8 35,,,,,,,,,,,,,https://www.release.tdnet.info/inbs/140120260515536430.pdf
20260515,4847,IWI,その他,"=HYPERLINK(""https://www.release.tdnet.info/inbs/140120260515537121.pdf"", ""2026年6月期第3四半期 決算説明会資料"")","=HYPERLINK(""pdf_tmp/20260515/4847_1130_IWI_2026年6月期第3四半期 決算説明会資料.pdf"", ""2026年6月期第3四半期 決算説明会資料"")",,,,,,,,11,,,,,,,,,,,,,24,,,https://www.release.tdnet.info/inbs/140120260515537121.pdf
20260515,4935,リベルタ,決算短信,"=HYPERLINK(""https://www.release.tdnet.info/inbs/140120260515538691.pdf"", ""2026年12月期第1四半期決算短信〔日本基準〕(連結)"")","=HYPERLINK(""pdf_tmp/20260515/4935_1600_リベルタ_2026年12月期第1四半期決算短信〔日本基準〕(連結).pdf"", ""2026年12月期第1四半期決算短信〔日本基準〕(連結)"")",,,,,,,,,,,4,,,,,4,,,,,,,,https://www.release.tdnet.info/inbs/140120260515538691.pdf
20260515,4990,昭和化,その他,"=HYPERLINK(""https://www.release.tdnet.info/inbs/140120260513527624.pdf"", ""中期経営計画策定に関するお知らせ"")","=HYPERLINK(""pdf_tmp/20260515/4990_1400_昭和化_中期経営計画策定に関するお知らせ.pdf"", ""中期経営計画策定に関するお知らせ"")",,,,,,,,,,,,,,,,,,,,6,,12 18,,https://www.release.tdnet.info/inbs/140120260513527624.pdf
20260515,5074,テスホールディングス,説明資料,"=HYPERLINK(""https://www.release.tdnet.info/inbs/140120260515537666.pdf"", ""2026年6月期第3四半期決算説明資料"")","=HYPERLINK(""pdf_tmp/20260515/5074_1500_テスホールディングス_2026年6月期第3四半期決算説明資料.pdf"", ""2026年6月期第3四半期決算説明資料"")",,,,,,,,,,,5 10 39,,,,,,,,10,,,,,https://www.release.tdnet.info/inbs/140120260515537666.pdf
20260515,5103,昭和HD,決算短信,"=HYPERLINK(""https://www.release.tdnet.info/inbs/140120260514534160.pdf"", ""2026年3月期決算短信〔日本基準〕(連結)"")","=HYPERLINK(""pdf_tmp/20260515/5103_1600_昭和HD_2026年3月期決算短信〔日本基準〕(連結).pdf"", ""2026年3月期決算短信〔日本基準〕(連結)"")",,,,,,,,,,,9,,,,,,,,5 6 8 9,,,,,https://www.release.tdnet.info/inbs/140120260514534160.pdf
20260515,5185,フコク,その他,"=HYPERLINK(""https://www.release.tdnet.info/inbs/140120260515538286.pdf"", ""中期経営計画最終年度の業績目標取り下げに関するお知らせ"")","=HYPERLINK(""pdf_tmp/20260515/5185_1600_フコク_中期経営計画最終年度の業績目標取り下げに関するお知らせ.pdf"", ""中期経営計画最終年度の業績目標取り下げに関するお知らせ"")",,,,,,,,,,,1,,,,1,,,,,,,,,https://www.release.tdnet.info/inbs/140120260515538286.pdf
20260515,5210,日山村硝,決算短信,"=HYPERLINK(""https://www.release.tdnet.info/inbs/140120260514535270.pdf"", ""2026年3月期 決算短信〔日本基準〕(連結)"")","=HYPERLINK(""pdf_tmp/20260515/5210_1630_日山村硝_2026年3月期 決算短信〔日本基準〕(連結).pdf"", ""2026年3月期 決算短信〔日本基準〕(連結)"")",,,4,,,,,,,,,,,,,,,,6,,,,,https://www.release.tdnet.info/inbs/140120260514535270.pdf
20260515,5269,日コンクリ,決算短信,"=HYPERLINK(""https://www.release.tdnet.info/inbs/140120260515537450.pdf"", ""2026年3月期決算短信〔日本基準〕(連結)"")","=HYPERLINK(""pdf_tmp/20260515/5269_1400_日コンクリ_2026年3月期決算短信〔日本基準〕(連結).pdf"", ""2026年3月期決算短信〔日本基準〕(連結)"")",,,,,,,,,,,,,,,,,,4,4,,,,,https://www.release.tdnet.info/inbs/140120260515537450.pdf
20260515,5282,ジオスター,決算短信,"=HYPERLINK(""https://www.release.tdnet.info/inbs/140120260513527905.pdf"", ""2026年3月期決算短信〔日本基準〕(連結)"")","=HYPERLINK(""pdf_tmp/20260515/5282_1530_ジオスター_2026年3月期決算短信〔日本基準〕(連結).pdf"", ""2026年3月期決算短信〔日本基準〕(連結)"")",,,,4,,,,,,,5,,,,,,,,,,,,,https://www.release.tdnet.info/inbs/140120260513527905.pdf
20260515,5337,ダントーHD,決算短信,"=HYPERLINK(""https://www.release.tdnet.info/inbs/140120260515536157.pdf"", ""2026年12月期第1四半期決算短信〔日本基準〕(連結)"")","=HYPERLINK(""pdf_tmp/20260515/5337_1530_ダントーHD_2026年12月期第1四半期決算短信〔日本基準〕(連結).pdf"", ""2026年12月期第1四半期決算短信〔日本基準〕(連結)"")",,,,,,,,,,,,,,,,,,,4,,,4,,https://www.release.tdnet.info/inbs/140120260515536157.pdf
20260515,5484,東北鋼,決算短信,"=HYPERLINK(""https://www.release.tdnet.info/inbs/140120260515538576.pdf"", ""2026年3月期 決算短信〔日本基準〕(連結)"")","=HYPERLINK(""pdf_tmp/20260515/5484_1900_東北鋼_2026年3月期 決算短信〔日本基準〕(連結).pdf"", ""2026年3月期 決算短信〔日本基準〕(連結)"")",,,,,,,,,,,,,4,,4,,,,,,,,,https://www.release.tdnet.info/inbs/140120260515538576.pdf
20260515,5579,GSI,決算短信,"=HYPERLINK(""https://www.release.tdnet.info/inbs/140120260515536433.pdf"", ""2026年3月期 決算短信〔日本基準〕(連結)"")","=HYPERLINK(""pdf_tmp/20260515/5579_1500_GSI_2026年3月期 決算短信〔日本基準〕(連結).pdf"", ""2026年3月期 決算短信〔日本基準〕(連結)"")",16,,,,,,,,,,5 7,,,,,,,,,,,,,https://www.release.tdnet.info/inbs/140120260515536433.pdf
20260515,5621,G-ヒューマンT,決算短信,"=HYPERLINK(""https://www.release.tdnet.info/inbs/140120260515536203.pdf"", ""2026年3月期 決算短信〔日本基準〕(連結)"")","=HYPERLINK(""pdf_tmp/20260515/5621_1530_G-ヒューマンT_2026年3月期 決算短信〔日本基準〕(連結).pdf"", ""2026年3月期 決算短信〔日本基準〕(連結)"")",,,,,,4,,,,,4,,,,,,,,,,,,,https://www.release.tdnet.info/inbs/140120260515536203.pdf
20260515,5621,G-ヒューマンT,説明資料,"=HYPERLINK(""https://www.release.tdnet.info/inbs/140120260515536279.pdf"", ""2026年3月期 決算補足説明資料"")","=HYPERLINK(""pdf_tmp/20260515/5621_1530_G-ヒューマンT_2026年3月期 決算補足説明資料.pdf"", ""2026年3月期 決算補足説明資料"")",,,,,,,,,,,,4,,,,,,,,,34 36,,,https://www.release.tdnet.info/inbs/140120260515536279.pdf
20260515,5724,アサカ理研,説明資料,"=HYPERLINK(""https://www.release.tdnet.info/inbs/140120260515536206.pdf"", ""2026年9月期 第2四半期(中間期)決算説明資料"")","=HYPERLINK(""pdf_tmp/20260515/5724_1500_アサカ理研_2026年9月期 第2四半期(中間期)決算説明資料.pdf"", ""2026年9月期 第2四半期(中間期)決算説明資料"")",,,,,,,5,,,,6,,,,,,,,,,,,,https://www.release.tdnet.info/inbs/140120260515536206.pdf
20260515,5970,ジーテクト,決算短信,"=HYPERLINK(""https://www.release.tdnet.info/inbs/140120260515536290.pdf"", ""2026年3月期  決算短信〔日本基準〕(連結)"")","=HYPERLINK(""pdf_tmp/20260515/5970_1630_ジーテクト_2026年3月期 決算短信〔日本基準〕(連結).pdf"", ""2026年3月期  決算短信〔日本基準〕(連結)"")",,4,,,,,,,,,7,,,,,,,,,,,,,https://www.release.tdnet.info/inbs/140120260515536290.pdf
20260515,6036,KeePer技研,決算短信,"=HYPERLINK(""https://www.release.tdnet.info/inbs/140120260515538136.pdf"", ""2026年6月期 第3四半期決算短信[日本基準](非連結)"")","=HYPERLINK(""pdf_tmp/20260515/6036_1600_KeePer技研_2026年6月期 第3四半期決算短信[日本基準](非連結).pdf"", ""2026年6月期 第3四半期決算短信[日本基準](非連結)"")",,,,,,,,,,,4 9,,,,9,,,,,,,,,https://www.release.tdnet.info/inbs/140120260515538136.pdf
20260515,6038,G-イード,説明資料,"=HYPERLINK(""https://www.release.tdnet.info/inbs/140120260515537170.pdf"", ""2026年6月期 第3四半期決算補足説明資料"")","=HYPERLINK(""pdf_tmp/20260515/6038_1530_G-イード_2026年6月期 第3四半期決算補足説明資料.pdf"", ""2026年6月期 第3四半期決算補足説明資料"")",,,,,,,,,,,31 32,,,,,,,,,,36,,,https://www.release.tdnet.info/inbs/140120260515537170.pdf
20260515,6045,G-レントラックス,決算短信,"=HYPERLINK(""https://www.release.tdnet.info/inbs/140120260427511278.pdf"", ""2026年3月期 決算短信〔日本基準〕(連結)"")","=HYPERLINK(""pdf_tmp/20260515/6045_1530_G-レントラックス_2026年3月期 決算短信〔日本基準〕(連結).pdf"", ""2026年3月期 決算短信〔日本基準〕(連結)"")",,,,,,,,,,,1 5,,,,,4,,,,,,,,https://www.release.tdnet.info/inbs/140120260427511278.pdf
20260515,6061,ユニバ園芸,決算短信,"=HYPERLINK(""https://www.release.tdnet.info/inbs/140120260502517135.pdf"", ""令和8年6月期 第3四半期決算短信〔日本基準〕(連結)"")","=HYPERLINK(""pdf_tmp/20260515/6061_1530_ユニバ園芸_令和8年6月期 第3四半期決算短信〔日本基準〕(連結).pdf"", ""令和8年6月期 第3四半期決算短信〔日本基準〕(連結)"")",,,,,,,,,,,2,,,,,,,,4,,,,,https://www.release.tdnet.info/inbs/140120260502517135.pdf
20260515,6071,IBJ,説明資料,"=HYPERLINK(""https://www.release.tdnet.info/inbs/140120260515537920.pdf"", ""2026年12月期1Q 決算説明資料"")","=HYPERLINK(""pdf_tmp/20260515/6071_1530_IBJ_2026年12月期1Q 決算説明資料.pdf"", ""2026年12月期1Q 決算説明資料"")",,,,,,,8,,,,6 27 28 30,,,,,,,,,,,,,https://www.release.tdnet.info/inbs/140120260515537920.pdf
20260515,6081,G-アライドアーキ,説明資料,"=HYPERLINK(""https://www.release.tdnet.info/inbs/140120260515538430.pdf"", ""2026年12月期 第1四半期 決算説明資料"")","=HYPERLINK(""pdf_tmp/20260515/6081_1600_G-アライドアーキ_2026年12月期 第1四半期 決算説明資料.pdf"", ""2026年12月期 第1四半期 決算説明資料"")",,,,,34 40,,,,,,5 8 22,,,,,,,,,,,,,https://www.release.tdnet.info/inbs/140120260515538430.pdf
20260515,6089,ウィルグループ,その他,"=HYPERLINK(""https://www.release.tdnet.info/inbs/140120260515536880.pdf"", ""2026年3月期 決算、中期経営計画説明会資料"")","=HYPERLINK(""pdf_tmp/20260515/6089_1130_ウィルグループ_2026年3月期 決算、中期経営計画説明会資料.pdf"", ""2026年3月期 決算、中期経営計画説明会資料"")",,,,,,,,,,10,4 5 9 10 14 15,,,,,,,,,,,,,https://www.release.tdnet.info/inbs/140120260515536880.pdf
20260515,6092,エンバイオHD,決算短信,"=HYPERLINK(""https://www.release.tdnet.info/inbs/140120260514535448.pdf"", ""2026年3月期 決算短信〔日本基準〕(連結)"")","=HYPERLINK(""pdf_tmp/20260515/6092_1600_エンバイオHD_2026年3月期 決算短信〔日本基準〕(連結).pdf"", ""2026年3月期 決算短信〔日本基準〕(連結)"")",,,,,,,,,,,4 5 7,5,,,,,,,,,,,,https://www.release.tdnet.info/inbs/140120260514535448.pdf
20260515,6092,エンバイオHD,その他,"=HYPERLINK(""https://www.release.tdnet.info/inbs/140120260514535622.pdf"", ""「中期経営計画2030」の策定に関するお知らせ"")","=HYPERLINK(""pdf_tmp/20260515/6092_1600_エンバイオHD_「中期経営計画2030」の策定に関するお知らせ.pdf"", ""「中期経営計画2030」の策定に関するお知らせ"")",,,,,,,,,,9 17,9 25,,,,,,,,,,,,,https://www.release.tdnet.info/inbs/140120260514535622.pdf
20260515,6094,G-フリークアウト,説明資料,"=HYPERLINK(""https://www.release.tdnet.info/inbs/140120260515537721.pdf"", ""2026年9月期 第2四半期決算説明資料"")","=HYPERLINK(""pdf_tmp/20260515/6094_1530_G-フリークアウト_2026年9月期 第2四半期決算説明資料.pdf"", ""2026年9月期 第2四半期決算説明資料"")",,,,,,,4,,,,4 12 15,,,,,,,,,,,,,https://www.release.tdnet.info/inbs/140120260515537721.pdf
20260515,6096,レアジョブ,説明資料,"=HYPERLINK(""https://www.release.tdnet.info/inbs/140120260515536936.pdf"", ""2026年3月期決算補足説明資料"")","=HYPERLINK(""pdf_tmp/20260515/6096_1600_レアジョブ_2026年3月期決算補足説明資料.pdf"", ""2026年3月期決算補足説明資料"")",,,,,,,,,,,4 10 11 12,,,,11,,,,,,,,,https://www.release.tdnet.info/inbs/140120260515536936.pdf
20260515,6098,リクルートHD,その他,"=HYPERLINK(""https://www.release.tdnet.info/inbs/140120260514533479.pdf"", ""2026年3月期通期決算サマリー"")","=HYPERLINK(""pdf_tmp/20260515/6098_1530_リクルートHD_2026年3月期通期決算サマリー.pdf"", ""2026年3月期通期決算サマリー"")",,,,,,,,,,,4,,,,,,,,4,,,,,https://www.release.tdnet.info/inbs/140120260514533479.pdf
20260515,6118,アイダ,その他,"=HYPERLINK(""https://www.release.tdnet.info/inbs/140120260515538702.pdf"", ""新中期経営計画策定に関するお知らせ"")","=HYPERLINK(""pdf_tmp/20260515/6118_1600_アイダ_新中期経営計画策定に関するお知らせ.pdf"", ""新中期経営計画策定に関するお知らせ"")",,,,,,,,,,,5,,,,,,,,5,,,,,https://www.release.tdnet.info/inbs/140120260515538702.pdf
20260515,6144,西部電機,その他,"=HYPERLINK(""https://www.release.tdnet.info/inbs/140120260513529469.pdf"", ""2026年3月期 決算概要"")","=HYPERLINK(""pdf_tmp/20260515/6144_1500_西部電機_2026年3月期 決算概要.pdf"", ""2026年3月期 決算概要"")",,12,,3 5 7,,,,,,,,,,,,,,,,,,,,https://www.release.tdnet.info/inbs/140120260513529469.pdf
20260515,6144,西部電機,決算短信,"=HYPERLINK(""https://www.release.tdnet.info/inbs/140120260513529371.pdf"", ""2026年3月期 決算短信〔日本基準](連結)"")","=HYPERLINK(""pdf_tmp/20260515/6144_1500_西部電機_2026年3月期 決算短信〔日本基準](連結).pdf"", ""2026年3月期 決算短信〔日本基準](連結)"")",,,,4,,,,,,,,,,,,,,,4,,,,,https://www.release.tdnet.info/inbs/140120260513529371.pdf
20260515,6167,冨士ダイス,決算短信,"=HYPERLINK(""https://www.release.tdnet.info/inbs/140120260515537913.pdf"", ""2026年3月期決算短信〔日本基準〕(連結)"")","=HYPERLINK(""pdf_tmp/20260515/6167_1530_冨士ダイス_2026年3月期決算短信〔日本基準〕(連結).pdf"", ""2026年3月期決算短信〔日本基準〕(連結)"")",,,6,,,,,,,,4,,,,,,,,,,,,,https://www.release.tdnet.info/inbs/140120260515537913.pdf
20260515,6174,P-デンタス,決算短信,"=HYPERLINK(""https://www.release.tdnet.info/inbs/140120260514533195.pdf"", ""2026年3月期 決算短信〔日本基準〕(連結)"")","=HYPERLINK(""pdf_tmp/20260515/6174_1600_P-デンタス_2026年3月期 決算短信〔日本基準〕(連結).pdf"", ""2026年3月期 決算短信〔日本基準〕(連結)"")",,,,,,,,,,,5,,,,,,,,4,,,,,https://www.release.tdnet.info/inbs/140120260514533195.pdf
20260515,6218,エンシュウ,決算短信,"=HYPERLINK(""https://www.release.tdnet.info/inbs/140120260513531204.pdf"", ""2026年3月期決算短信〔日本基準〕(連結)"")","=HYPERLINK(""pdf_tmp/20260515/6218_1500_エンシュウ_2026年3月期決算短信〔日本基準〕(連結).pdf"", ""2026年3月期決算短信〔日本基準〕(連結)"")",,,,5,,,,,,,4,,,,,,,,,,,,,https://www.release.tdnet.info/inbs/140120260513531204.pdf
20260515,6218,エンシュウ,その他,"=HYPERLINK(""https://www.release.tdnet.info/inbs/140120260514532302.pdf"", ""中期経営計画の進捗状況に関するお知らせ"")","=HYPERLINK(""pdf_tmp/20260515/6218_1500_エンシュウ_中期経営計画の進捗状況に関するお知らせ.pdf"", ""中期経営計画の進捗状況に関するお知らせ"")",,,,,,,,,,,2,2,,,,,,,,,,,,https://www.release.tdnet.info/inbs/140120260514532302.pdf
20260515,6233,KLASS,説明資料,"=HYPERLINK(""https://www.release.tdnet.info/inbs/140120260513528708.pdf"", ""令和8年9月期第2四半期 決算補足説明資料"")","=HYPERLINK(""pdf_tmp/20260515/6233_1530_KLASS_令和8年9月期第2四半期 決算補足説明資料.pdf"", ""令和8年9月期第2四半期 決算補足説明資料"")",,,,,4,,,,,,15,,,,,,,,,,,,,https://www.release.tdnet.info/inbs/140120260513528708.pdf
20260515,6233,KLASS,決算短信,"=HYPERLINK(""https://www.release.tdnet.info/inbs/140120260513528686.pdf"", ""令和8年9月期第2四半期(中間期)決算短信〔日本基準〕(連結)"")","=HYPERLINK(""pdf_tmp/20260515/6233_1530_KLASS_令和8年9月期第2四半期(中間期)決算短信〔日本基準〕(連結).pdf"", ""令和8年9月期第2四半期(中間期)決算短信〔日本基準〕(連結)"")",,,4,,,,,,,,,,,,,,,,4,,,,,https://www.release.tdnet.info/inbs/140120260513528686.pdf
20260515,6240,ヤマシンフィルタ,決算短信,"=HYPERLINK(""https://www.release.tdnet.info/inbs/140120260515536077.pdf"", ""2026年3月期決算短信〔日本基準〕(連結)"")","=HYPERLINK(""pdf_tmp/20260515/6240_1530_ヤマシンフィルタ_2026年3月期決算短信〔日本基準〕(連結).pdf"", ""2026年3月期決算短信〔日本基準〕(連結)"")",,,,,,,,,,,4 5,,,,,,,,,,,4,,https://www.release.tdnet.info/inbs/140120260515536077.pdf
20260515,6272,レオン自機,説明資料,"=HYPERLINK(""https://www.release.tdnet.info/inbs/140120260514535519.pdf"", ""2026年3月期 決算補足説明資料"")","=HYPERLINK(""pdf_tmp/20260515/6272_1300_レオン自機_2026年3月期 決算補足説明資料.pdf"", ""2026年3月期 決算補足説明資料"")",,,,,,,,,,,9,,,,,,12,,,,,,,https://www.release.tdnet.info/inbs/140120260514535519.pdf
20260515,6276,シリウスV,決算短信,"=HYPERLINK(""https://www.release.tdnet.info/inbs/140120260514535151.pdf"", ""2026年12月期  第1四半期決算短信〔日本基準〕(連結)"")","=HYPERLINK(""pdf_tmp/20260515/6276_1600_シリウスV_2026年12月期 第1四半期決算短信〔日本基準〕(連結).pdf"", ""2026年12月期  第1四半期決算短信〔日本基準〕(連結)"")",,,,,,,,,,,4,,,,,,,,4 5,,,,,https://www.release.tdnet.info/inbs/140120260514535151.pdf
20260515,6287,サトー,説明資料,"=HYPERLINK(""https://www.release.tdnet.info/inbs/140120260515536111.pdf"", ""2026年3月期 決算説明資料"")","=HYPERLINK(""pdf_tmp/20260515/6287_1530_サトー_2026年3月期 決算説明資料.pdf"", ""2026年3月期 決算説明資料"")",,,44,,,,,,,,,,,,,,23,,,,,,,https://www.release.tdnet.info/inbs/140120260515536111.pdf
20260515,6310,井関農,決算短信,"=HYPERLINK(""https://www.release.tdnet.info/inbs/140120260514535671.pdf"", ""2026年12月期 第1四半期決算短信〔日本基準〕(連結)"")","=HYPERLINK(""pdf_tmp/20260515/6310_1530_井関農_2026年12月期 第1四半期決算短信〔日本基準〕(連結).pdf"", ""2026年12月期 第1四半期決算短信〔日本基準〕(連結)"")",,,4,,,,,,,,4,,,,,,,,,,,,,https://www.release.tdnet.info/inbs/140120260514535671.pdf
20260515,6331,菱化工機,その他,"=HYPERLINK(""https://www.release.tdnet.info/inbs/140120260515537151.pdf"", ""「三菱化工機グループ2050経営ビジョン」のアップデートに関するお知らせ(将来業績見通し数値の前倒し及び上方修正等)"")","=HYPERLINK(""pdf_tmp/20260515/6331_1500_菱化工機_「三菱化工機グループ2050経営ビジョン」のアップデートに関するお知らせ(将来業績見通し数値の前倒し及び上方修正等).pdf"", ""「三菱化工機グループ2050経営ビジョン」のアップデートに関するお知らせ(将来業績見通し数値の前倒し及び上方修正等)"")",,,,,,3,1 3,,,,,,,,,,,,,,,,,https://www.release.tdnet.info/inbs/140120260515537151.pdf
20260515,6361,荏原製,決算短信,"=HYPERLINK(""https://www.release.tdnet.info/inbs/140120260514534195.pdf"", ""2026年12月期 第1四半期 決算短信〔IFRS〕(連結)"")","=HYPERLINK(""pdf_tmp/20260515/6361_1530_荏原製_2026年12月期 第1四半期 決算短信〔IFRS〕(連結).pdf"", ""2026年12月期 第1四半期 決算短信〔IFRS〕(連結)"")",,4 6,,,,,,,,,,,,,,,11,,,,,,,https://www.release.tdnet.info/inbs/140120260514534195.pdf
20260515,6365,電業社,説明資料,"=HYPERLINK(""https://www.release.tdnet.info/inbs/140120260514535187.pdf"", ""2026年3月期 決算補足説明資料"")","=HYPERLINK(""pdf_tmp/20260515/6365_1400_電業社_2026年3月期 決算補足説明資料.pdf"", ""2026年3月期 決算補足説明資料"")",,,17,,,,,,,,,,,,,,,,,,,11 13,,https://www.release.tdnet.info/inbs/140120260514535187.pdf
20260515,6365,電業社,その他,"=HYPERLINK(""https://www.release.tdnet.info/inbs/140120260514535188.pdf"", ""「DMW中期経営計画2028」の策定について"")","=HYPERLINK(""pdf_tmp/20260515/6365_1400_電業社_「DMW中期経営計画2028」の策定について.pdf"", ""「DMW中期経営計画2028」の策定について"")",,,24,,,,,,,,7 19,,,,,,,,,,,,,https://www.release.tdnet.info/inbs/140120260514535188.pdf
20260515,6407,CKD,決算短信,"=HYPERLINK(""https://www.release.tdnet.info/inbs/140120260514533306.pdf"", ""2026年3月期決算短信〔日本基準〕(連結)"")","=HYPERLINK(""pdf_tmp/20260515/6407_1620_CKD_2026年3月期決算短信〔日本基準〕(連結).pdf"", ""2026年3月期決算短信〔日本基準〕(連結)"")",,,,,,,,,,,,,,,,,,,18,,,6,,https://www.release.tdnet.info/inbs/140120260514533306.pdf
20260515,6433,ヒーハイスト,決算短信,"=HYPERLINK(""https://www.release.tdnet.info/inbs/140120260515536524.pdf"", ""2026年3月期 決算短信〔日本基準〕(連結)"")","=HYPERLINK(""pdf_tmp/20260515/6433_1500_ヒーハイスト_2026年3月期 決算短信〔日本基準〕(連結).pdf"", ""2026年3月期 決算短信〔日本基準〕(連結)"")",,,,6,,,,,,,,,,,4 6,,,,,,,,,https://www.release.tdnet.info/inbs/140120260515536524.pdf
20260515,6493,NITTAN,決算短信,"=HYPERLINK(""https://www.release.tdnet.info/inbs/140120260514535379.pdf"", ""2026年3月期決算短信〔日本基準〕(連結)"")","=HYPERLINK(""pdf_tmp/20260515/6493_1600_NITTAN_2026年3月期決算短信〔日本基準〕(連結).pdf"", ""2026年3月期決算短信〔日本基準〕(連結)"")",,,,5,,,,,,,,4,,,,,,,,,,,,https://www.release.tdnet.info/inbs/140120260514535379.pdf
20260515,6533,オーケストラHD,決算短信,"=HYPERLINK(""https://www.release.tdnet.info/inbs/140120260514533080.pdf"", ""2026年12月期 第1四半期決算短信〔IFRS〕(連結)"")","=HYPERLINK(""pdf_tmp/20260515/6533_1530_オーケストラHD_2026年12月期 第1四半期決算短信〔IFRS〕(連結).pdf"", ""2026年12月期 第1四半期決算短信〔IFRS〕(連結)"")",,,,,,,,,,,,4,4,,,,,,,,,,,https://www.release.tdnet.info/inbs/140120260514533080.pdf
20260515,6554,G-エスユーエス,その他,"=HYPERLINK(""https://www.release.tdnet.info/inbs/140120260515537926.pdf"", ""2026年9月期 中間期決算説明会資料"")","=HYPERLINK(""pdf_tmp/20260515/6554_1630_G-エスユーエス_2026年9月期 中間期決算説明会資料.pdf"", ""2026年9月期 中間期決算説明会資料"")",,,,,,,,,,,33,29,,,,,,,,,,,,https://www.release.tdnet.info/inbs/140120260515537926.pdf
20260515,6561,G-HANATOUR,説明資料,"=HYPERLINK(""https://www.release.tdnet.info/inbs/140120260514534264.pdf"", ""2026年12月期 第1四半期決算補足説明資料"")","=HYPERLINK(""pdf_tmp/20260515/6561_1600_G-HANATOUR_2026年12月期 第1四半期決算補足説明資料.pdf"", ""2026年12月期 第1四半期決算補足説明資料"")",,,,,,,,,,,,,,,,,,,28 30,,,17,,https://www.release.tdnet.info/inbs/140120260514534264.pdf
20260515,6561,G-HANATOUR,決算短信,"=HYPERLINK(""https://www.release.tdnet.info/inbs/140120260514534141.pdf"", ""2026年12月期第1四半期決算短信〔日本基準〕(連結)"")","=HYPERLINK(""pdf_tmp/20260515/6561_1600_G-HANATOUR_2026年12月期第1四半期決算短信〔日本基準〕(連結).pdf"", ""2026年12月期第1四半期決算短信〔日本基準〕(連結)"")",,,,,,,,,,,,,,,5,5,,,,,,,,https://www.release.tdnet.info/inbs/140120260514534141.pdf
20260515,6564,ミダックHD,説明資料,"=HYPERLINK(""https://www.release.tdnet.info/inbs/140120260514535122.pdf"", ""2026年3月期 決算説明資料"")","=HYPERLINK(""pdf_tmp/20260515/6564_1530_ミダックHD_2026年3月期 決算説明資料.pdf"", ""2026年3月期 決算説明資料"")",,,,11,,,,,,,,,,,,,,,15,,,,,https://www.release.tdnet.info/inbs/140120260514535122.pdf
20260515,6596,P-筑波精工,決算短信,"=HYPERLINK(""https://www.release.tdnet.info/inbs/140120260515537795.pdf"", ""2026年3月期 決算短信〔日本基準〕(非連結)"")","=HYPERLINK(""pdf_tmp/20260515/6596_1530_P-筑波精工_2026年3月期 決算短信〔日本基準〕(非連結).pdf"", ""2026年3月期 決算短信〔日本基準〕(非連結)"")",,,,,6,,,,,,,,,,,,6,,,,,,,https://www.release.tdnet.info/inbs/140120260515537795.pdf
20260515,6615,UMCエレ,決算短信,"=HYPERLINK(""https://www.release.tdnet.info/inbs/140120260515538115.pdf"", ""2026年3月期 決算短信〔日本基準〕(連結)"")","=HYPERLINK(""pdf_tmp/20260515/6615_1530_UMCエレ_2026年3月期 決算短信〔日本基準〕(連結).pdf"", ""2026年3月期 決算短信〔日本基準〕(連結)"")",,,,6,,,,,,,,,,,,,,,6,,,,,https://www.release.tdnet.info/inbs/140120260515538115.pdf
20260515,6633,CGSHD,決算短信,"=HYPERLINK(""https://www.release.tdnet.info/inbs/140120260514532028.pdf"", ""2026年12月期 第1四半期決算短信〔日本基準〕(連結)"")","=HYPERLINK(""pdf_tmp/20260515/6633_1600_CGSHD_2026年12月期 第1四半期決算短信〔日本基準〕(連結).pdf"", ""2026年12月期 第1四半期決算短信〔日本基準〕(連結)"")",,,,,,,,,,,4,,,,,,,,4,,,,,https://www.release.tdnet.info/inbs/140120260514532028.pdf
20260515,6637,寺崎電気,決算短信,"=HYPERLINK(""https://www.release.tdnet.info/inbs/140120260514534941.pdf"", ""2026年3月期  決算短信〔日本基準〕(連結)"")","=HYPERLINK(""pdf_tmp/20260515/6637_1545_寺崎電気_2026年3月期 決算短信〔日本基準〕(連結).pdf"", ""2026年3月期  決算短信〔日本基準〕(連結)"")",,,,,,,,,,,4 5,,,,,,,,4,,,,,https://www.release.tdnet.info/inbs/140120260514534941.pdf
20260515,6651,日東工,決算短信,"=HYPERLINK(""https://www.release.tdnet.info/inbs/140120260512525851.pdf"", ""2026年3月期決算短信〔日本基準〕(連結)"")","=HYPERLINK(""pdf_tmp/20260515/6651_1540_日東工_2026年3月期決算短信〔日本基準〕(連結).pdf"", ""2026年3月期決算短信〔日本基準〕(連結)"")",,,4 6 10,,,,,,,,10,,,,,,,,,,,,,https://www.release.tdnet.info/inbs/140120260512525851.pdf
20260515,6775,TBグループ,決算短信,"=HYPERLINK(""https://www.release.tdnet.info/inbs/140120260503517148.pdf"", ""2026年3月期 決算短信〔日本基準〕(連結)"")","=HYPERLINK(""pdf_tmp/20260515/6775_1700_TBグループ_2026年3月期 決算短信〔日本基準〕(連結).pdf"", ""2026年3月期 決算短信〔日本基準〕(連結)"")",,,,,,,,,,,4,,,,,,,,4,,,,,https://www.release.tdnet.info/inbs/140120260503517148.pdf
20260515,6794,フォスター電,その他,"=HYPERLINK(""https://www.release.tdnet.info/inbs/140120260513530983.pdf"", ""2026年3月期 決算説明会資料"")","=HYPERLINK(""pdf_tmp/20260515/6794_1630_フォスター電_2026年3月期 決算説明会資料.pdf"", ""2026年3月期 決算説明会資料"")",,,,,,13,,,,,,7 13,,,,,,,,,,,,https://www.release.tdnet.info/inbs/140120260513530983.pdf
20260515,6822,大井電気,その他,"=HYPERLINK(""https://www.release.tdnet.info/inbs/140120260515538497.pdf"", ""中期経営計画策定に関するお知らせ"")","=HYPERLINK(""pdf_tmp/20260515/6822_1530_大井電気_中期経営計画策定に関するお知らせ.pdf"", ""中期経営計画策定に関するお知らせ"")",,,,,,,,,,,13,8,,,,,,,,,,,,https://www.release.tdnet.info/inbs/140120260515538497.pdf
20260515,6858,小野測器,決算短信,"=HYPERLINK(""https://www.release.tdnet.info/inbs/140120260515536920.pdf"", ""2026年12月期第1四半期決算短信〔日本基準〕(連結)(公認会計士等による期中レビューの完了)"")","=HYPERLINK(""pdf_tmp/20260515/6858_1400_小野測器_2026年12月期第1四半期決算短信〔日本基準〕(連結)(公認会計士等による期中レビューの完了).pdf"", ""2026年12月期第1四半期決算短信〔日本基準〕(連結)(公認会計士等による期中レビューの完了)"")",,,,,,,,,,,,,,,,,5,,5,,,,,https://www.release.tdnet.info/inbs/140120260515536920.pdf
20260515,6907,ジオマテック,決算短信,"=HYPERLINK(""https://www.release.tdnet.info/inbs/140120260515536681.pdf"", ""2026年3月期 決算短信〔日本基準〕(非連結)"")","=HYPERLINK(""pdf_tmp/20260515/6907_1600_ジオマテック_2026年3月期 決算短信〔日本基準〕(非連結).pdf"", ""2026年3月期 決算短信〔日本基準〕(非連結)"")",,,,,,,,,,,4,,,,,4,,,,,,,,https://www.release.tdnet.info/inbs/140120260515536681.pdf
20260515,7059,コプロHD,決算短信,"=HYPERLINK(""https://www.release.tdnet.info/inbs/140120260514535934.pdf"", ""2026年3月期決算短信〔日本基準〕(連結)"")","=HYPERLINK(""pdf_tmp/20260515/7059_1700_コプロHD_2026年3月期決算短信〔日本基準〕(連結).pdf"", ""2026年3月期決算短信〔日本基準〕(連結)"")",,,,,,,,,,,5 6,,,,,,,,,,,4,,https://www.release.tdnet.info/inbs/140120260514535934.pdf
20260515,7061,G-日本ホスピス,説明資料,"=HYPERLINK(""https://www.release.tdnet.info/inbs/140120260514535306.pdf"", ""2026年12月期 第1四半期決算説明資料"")","=HYPERLINK(""pdf_tmp/20260515/7061_1530_G-日本ホスピス_2026年12月期 第1四半期決算説明資料.pdf"", ""2026年12月期 第1四半期決算説明資料"")",,,6,,,,,,,,7,,,,,,,,,,,,,https://www.release.tdnet.info/inbs/140120260514535306.pdf
20260515,7082,G-ジモティー,説明資料,"=HYPERLINK(""https://www.release.tdnet.info/inbs/140120260514535058.pdf"", ""2026年12月期 第1四半期決算説明資料"")","=HYPERLINK(""pdf_tmp/20260515/7082_1600_G-ジモティー_2026年12月期 第1四半期決算説明資料.pdf"", ""2026年12月期 第1四半期決算説明資料"")",,,,,,,,,,,2 4,27,,,,,,,,,,,,https://www.release.tdnet.info/inbs/140120260514535058.pdf
20260515,7087,ウイルテック,決算短信,"=HYPERLINK(""https://www.release.tdnet.info/inbs/140120260515537828.pdf"", ""2026年3月期 決算短信〔日本基準〕(連結)"")","=HYPERLINK(""pdf_tmp/20260515/7087_1700_ウイルテック_2026年3月期 決算短信〔日本基準〕(連結).pdf"", ""2026年3月期 決算短信〔日本基準〕(連結)"")",,,,,,,,,,,6,,,,,,,,,,,,8,https://www.release.tdnet.info/inbs/140120260515537828.pdf
20260515,7162,アストマックス,決算短信,"=HYPERLINK(""https://www.release.tdnet.info/inbs/140120260515538190.pdf"", ""2026年3月期決算短信〔日本基準〕(連結)"")","=HYPERLINK(""pdf_tmp/20260515/7162_1700_アストマックス_2026年3月期決算短信〔日本基準〕(連結).pdf"", ""2026年3月期決算短信〔日本基準〕(連結)"")",,,,,,,,6,,,4 6 7,,,,,,,,,,,,,https://www.release.tdnet.info/inbs/140120260515538190.pdf
20260515,7181,かんぽ生命保険,その他,"=HYPERLINK(""https://www.release.tdnet.info/inbs/140120260514535820.pdf"", ""「かんぽ生命保険 中期経営計画(2026 年度~2028 年度)」 の策定に関するお知らせ"")","=HYPERLINK(""pdf_tmp/20260515/7181_1530_かんぽ生命保険_「かんぽ生命保険 中期経営計画(2026 年度~2028 年度)」 の策定に関するお知らせ.pdf"", ""「かんぽ生命保険 中期経営計画(2026 年度~2028 年度)」 の策定に関するお知らせ"")",,,,,,,,,,6,37,,,,,,,,,,,,,https://www.release.tdnet.info/inbs/140120260514535820.pdf
20260515,7256,河西工,その他,"=HYPERLINK(""https://www.release.tdnet.info/inbs/140120260515536832.pdf"", ""東京証券取引所への「改善状況報告書」の提出に関するお知らせ"")","=HYPERLINK(""pdf_tmp/20260515/7256_1600_河西工_東京証券取引所への「改善状況報告書」の提出に関するお知らせ.pdf"", ""東京証券取引所への「改善状況報告書」の提出に関するお知らせ"")",,,,,,,,,,,25,,,,,,,,19 21 22,,,,,https://www.release.tdnet.info/inbs/140120260515536832.pdf
20260515,7266,今仙電機,決算短信,"=HYPERLINK(""https://www.release.tdnet.info/inbs/140120260420507001.pdf"", ""2026年3月期 決算短信〔日本基準〕(連結)"")","=HYPERLINK(""pdf_tmp/20260515/7266_1640_今仙電機_2026年3月期 決算短信〔日本基準〕(連結).pdf"", ""2026年3月期 決算短信〔日本基準〕(連結)"")",,,,,,,,,,,4,,,4,,,,,,,,,,https://www.release.tdnet.info/inbs/140120260420507001.pdf
20260515,7280,ミツバ,その他,"=HYPERLINK(""https://www.release.tdnet.info/inbs/140120260514532751.pdf"", ""D種種類株式の部分償還に関するお知らせ"")","=HYPERLINK(""pdf_tmp/20260515/7280_1300_ミツバ_D種種類株式の部分償還に関するお知らせ.pdf"", ""D種種類株式の部分償還に関するお知らせ"")",,,,,,1,,,,,,1 7,,,,,,,,,,,,https://www.release.tdnet.info/inbs/140120260514532751.pdf
20260515,7345,G-アイパートナーズ,決算短信,"=HYPERLINK(""https://www.release.tdnet.info/inbs/140120260515536325.pdf"", ""2026年3月期決算短信〔日本基準〕(連結)"")","=HYPERLINK(""pdf_tmp/20260515/7345_1600_G-アイパートナーズ_2026年3月期決算短信〔日本基準〕(連結).pdf"", ""2026年3月期決算短信〔日本基準〕(連結)"")",,,,,,,,,,,4,,,,,,,,4,,,,,https://www.release.tdnet.info/inbs/140120260515536325.pdf
20260515,7345,G-アイパートナーズ,事業計画,"=HYPERLINK(""https://www.release.tdnet.info/inbs/140120260515536422.pdf"", ""事業計画及び成長可能性に関する事項"")","=HYPERLINK(""pdf_tmp/20260515/7345_1600_G-アイパートナーズ_事業計画及び成長可能性に関する事項.pdf"", ""事業計画及び成長可能性に関する事項"")",,,,,,,,,,,20 21 24 33 34 35 45 51 52,,,,,,,,22 51,,,,,https://www.release.tdnet.info/inbs/140120260515536422.pdf
20260515,7350,おきなわFG,その他,"=HYPERLINK(""https://www.release.tdnet.info/inbs/140120260515536068.pdf"", ""第2次中期経営計画における最終年度目標の上方修正及び剰余金の配当(増配)に関するお知らせ"")","=HYPERLINK(""pdf_tmp/20260515/7350_1200_おきなわFG_第2次中期経営計画における最終年度目標の上方修正及び剰余金の配当(増配)に関するお知らせ.pdf"", ""第2次中期経営計画における最終年度目標の上方修正及び剰余金の配当(増配)に関するお知らせ"")",,,,,,,1 3 4,,,,3,,,,,,,,,,,,,https://www.release.tdnet.info/inbs/140120260515536068.pdf
20260515,7371,G-Zenken,説明資料,"=HYPERLINK(""https://www.release.tdnet.info/inbs/140120260514532931.pdf"", ""2026年6月期第3四半期決算説明資料"")","=HYPERLINK(""pdf_tmp/20260515/7371_1130_G-Zenken_2026年6月期第3四半期決算説明資料.pdf"", ""2026年6月期第3四半期決算説明資料"")",,,,,,,,,,,23,,,,,,,,,27,,,,https://www.release.tdnet.info/inbs/140120260514532931.pdf
20260515,7375,G-リファインバスG,決算短信,"=HYPERLINK(""https://www.release.tdnet.info/inbs/140120260514535234.pdf"", ""2026年6月期第3四半期決算短信〔日本基準〕(連結)"")","=HYPERLINK(""pdf_tmp/20260515/7375_1530_G-リファインバスG_2026年6月期第3四半期決算短信〔日本基準〕(連結).pdf"", ""2026年6月期第3四半期決算短信〔日本基準〕(連結)"")",,,,,,,,,,,4,,,,,,4,,,,,,,https://www.release.tdnet.info/inbs/140120260514535234.pdf
20260515,7383,ネットプロHD,説明資料,"=HYPERLINK(""https://www.release.tdnet.info/inbs/140120260515538349.pdf"", ""2026年3月期 決算説明資料"")","=HYPERLINK(""pdf_tmp/20260515/7383_1530_ネットプロHD_2026年3月期 決算説明資料.pdf"", ""2026年3月期 決算説明資料"")",,,,,,,,,,,53 64,,,,,,,,,,37 52,,,https://www.release.tdnet.info/inbs/140120260515538349.pdf
20260515,7521,ムサシ,決算短信,"=HYPERLINK(""https://www.release.tdnet.info/inbs/140120260513528609.pdf"", ""2026年3月期 決算短信〔日本基準〕(連結)"")","=HYPERLINK(""pdf_tmp/20260515/7521_1530_ムサシ_2026年3月期 決算短信〔日本基準〕(連結).pdf"", ""2026年3月期 決算短信〔日本基準〕(連結)"")",,,,,,,,,,,4,,,,,,,,4,,,,,https://www.release.tdnet.info/inbs/140120260513528609.pdf
20260515,7638,NEW ART,決算短信,"=HYPERLINK(""https://www.release.tdnet.info/inbs/140120260510521130.pdf"", ""2026年3月期決算短信〔日本基準〕(連結)"")","=HYPERLINK(""pdf_tmp/20260515/7638_1730_NEW ART_2026年3月期決算短信〔日本基準〕(連結).pdf"", ""2026年3月期決算短信〔日本基準〕(連結)"")",,,,,,,,,,,6,,,,,,,,,,,4 5 8,,https://www.release.tdnet.info/inbs/140120260510521130.pdf
20260515,7677,ヤシマキザイ,決算短信,"=HYPERLINK(""https://www.release.tdnet.info/inbs/140120260515536545.pdf"", ""2026年3月期決算短信〔日本基準〕(連結)"")","=HYPERLINK(""pdf_tmp/20260515/7677_1600_ヤシマキザイ_2026年3月期決算短信〔日本基準〕(連結).pdf"", ""2026年3月期決算短信〔日本基準〕(連結)"")",,,,,,,,,,,,,,,,,4,,13,,,,,https://www.release.tdnet.info/inbs/140120260515536545.pdf
20260515,7681,レオクラン,説明資料,"=HYPERLINK(""https://www.release.tdnet.info/inbs/140120260515536229.pdf"", ""2026年9月期第2四半期決算補足説明資料"")","=HYPERLINK(""pdf_tmp/20260515/7681_1530_レオクラン_2026年9月期第2四半期決算補足説明資料.pdf"", ""2026年9月期第2四半期決算補足説明資料"")",,,,,,,2,,,,5 7 10,,,,,,,,,,,,,https://www.release.tdnet.info/inbs/140120260515536229.pdf
20260515,7686,ひとまいる,決算短信,"=HYPERLINK(""https://www.release.tdnet.info/inbs/140120260515538265.pdf"", ""2026年3月期 決算短信〔日本基準〕(連結)"")","=HYPERLINK(""pdf_tmp/20260515/7686_1530_ひとまいる_2026年3月期 決算短信〔日本基準〕(連結).pdf"", ""2026年3月期 決算短信〔日本基準〕(連結)"")",,,,4,4,,,,,,,,,,,,,,,,,,,https://www.release.tdnet.info/inbs/140120260515538265.pdf
20260515,7686,ひとまいる,説明資料,"=HYPERLINK(""https://www.release.tdnet.info/inbs/140120260515538376.pdf"", ""2026年3月期 通期 決算補足説明資料"")","=HYPERLINK(""pdf_tmp/20260515/7686_1530_ひとまいる_2026年3月期 通期 決算補足説明資料.pdf"", ""2026年3月期 通期 決算補足説明資料"")",,,,,2 3 6 7 9 11,,2,,,,,,,,,,,,,,,,,https://www.release.tdnet.info/inbs/140120260515538376.pdf
20260515,7709,クボテック,決算短信,"=HYPERLINK(""https://www.release.tdnet.info/inbs/140120260511522155.pdf"", ""2026年3月期 決算短信〔日本基準〕(連結)"")","=HYPERLINK(""pdf_tmp/20260515/7709_1540_クボテック_2026年3月期 決算短信〔日本基準〕(連結).pdf"", ""2026年3月期 決算短信〔日本基準〕(連結)"")",,,,,,,,,,,4 13,,,,,4,,,,,,,,https://www.release.tdnet.info/inbs/140120260511522155.pdf
20260515,7744,ノーリツ鋼機,決算短信,"=HYPERLINK(""https://www.release.tdnet.info/inbs/140120260514535421.pdf"", ""2026年12月期 第1四半期決算短信〔IFRS〕(連結)"")","=HYPERLINK(""pdf_tmp/20260515/7744_1530_ノーリツ鋼機_2026年12月期 第1四半期決算短信〔IFRS〕(連結).pdf"", ""2026年12月期 第1四半期決算短信〔IFRS〕(連結)"")",17,,,,,,,,,,,,,,,5,,,,,,,,https://www.release.tdnet.info/inbs/140120260514535421.pdf
20260515,7746,岡本硝子,その他,"=HYPERLINK(""https://www.release.tdnet.info/inbs/140120260515537382.pdf"", ""第三者割当による第11回新株予約権(行使価額修正条項・停止指定条項付)及び第12回新株予約権の発行に関するお知らせ"")","=HYPERLINK(""pdf_tmp/20260515/7746_1630_岡本硝子_第三者割当による第11回新株予約権(行使価額修正条項・停止指定条項付)及び第12回新株予約権の発行に関するお知らせ.pdf"", ""第三者割当による第11回新株予約権(行使価額修正条項・停止指定条項付)及び第12回新株予約権の発行に関するお知らせ"")",,11,,,,,,8 23 32,,,,,,,,,,,,,,,,https://www.release.tdnet.info/inbs/140120260515537382.pdf
20260515,7747,アサヒインテック,決算短信,"=HYPERLINK(""https://www.release.tdnet.info/inbs/140120260515537588.pdf"", ""2026年6月期第3四半期決算短信〔日本基準〕(連結)"")","=HYPERLINK(""pdf_tmp/20260515/7747_1530_アサヒインテック_2026年6月期第3四半期決算短信〔日本基準〕(連結).pdf"", ""2026年6月期第3四半期決算短信〔日本基準〕(連結)"")",,,,,,,5,,,,4,,,,,,,,,,,,,https://www.release.tdnet.info/inbs/140120260515537588.pdf
20260515,7782,シンシア,決算短信,"=HYPERLINK(""https://www.release.tdnet.info/inbs/140120260422508290.pdf"", ""2026年12月期 第1四半期決算短信〔日本基準〕(連結)"")","=HYPERLINK(""pdf_tmp/20260515/7782_1600_シンシア_2026年12月期 第1四半期決算短信〔日本基準〕(連結).pdf"", ""2026年12月期 第1四半期決算短信〔日本基準〕(連結)"")",,,,,,,,,,,4,,,,,,,,4,,,,,https://www.release.tdnet.info/inbs/140120260422508290.pdf
20260515,7793,G-イメージマジック,説明資料,"=HYPERLINK(""https://www.release.tdnet.info/inbs/140120260514536011.pdf"", ""2026年12月期 第1四半期決算説明資料"")","=HYPERLINK(""pdf_tmp/20260515/7793_1600_G-イメージマジック_2026年12月期 第1四半期決算説明資料.pdf"", ""2026年12月期 第1四半期決算説明資料"")",,,,,,,,,,,20,,,,,,,,,,,23,,https://www.release.tdnet.info/inbs/140120260514536011.pdf
20260515,7800,アミファ,説明資料,"=HYPERLINK(""https://www.release.tdnet.info/inbs/140120260514535268.pdf"", ""2026年9月期第2四半期(中間期) 決算説明資料"")","=HYPERLINK(""pdf_tmp/20260515/7800_1400_アミファ_2026年9月期第2四半期(中間期) 決算説明資料.pdf"", ""2026年9月期第2四半期(中間期) 決算説明資料"")",,,,,,,15,,,,3 4 6 8 9 10,,,,,,,,,,,,,https://www.release.tdnet.info/inbs/140120260514535268.pdf
20260515,7819,粧美堂,決算短信,"=HYPERLINK(""https://www.release.tdnet.info/inbs/140120260514534040.pdf"", ""2026年9月期第2四半期(中間期)決算短信〔日本基準〕(連結)"")","=HYPERLINK(""pdf_tmp/20260515/7819_1500_粧美堂_2026年9月期第2四半期(中間期)決算短信〔日本基準〕(連結).pdf"", ""2026年9月期第2四半期(中間期)決算短信〔日本基準〕(連結)"")",,,,,,,,,,,4,,,,,,,,,,,4,,https://www.release.tdnet.info/inbs/140120260514534040.pdf
20260515,7844,マーベラス,決算短信,"=HYPERLINK(""https://www.release.tdnet.info/inbs/140120260515537811.pdf"", ""2026年3月期 決算短信〔日本基準〕(連結)"")","=HYPERLINK(""pdf_tmp/20260515/7844_1530_マーベラス_2026年3月期 決算短信〔日本基準〕(連結).pdf"", ""2026年3月期 決算短信〔日本基準〕(連結)"")",,,,,,,,,,,5,,4,,,,,,,,,,,https://www.release.tdnet.info/inbs/140120260515537811.pdf
20260515,7844,マーベラス,説明資料,"=HYPERLINK(""https://www.release.tdnet.info/inbs/140120260515538124.pdf"", ""2026年3月期 決算説明資料"")","=HYPERLINK(""pdf_tmp/20260515/7844_1530_マーベラス_2026年3月期 決算説明資料.pdf"", ""2026年3月期 決算説明資料"")",,,,,,,,,,7,7,,,,,,,,,,,,,https://www.release.tdnet.info/inbs/140120260515538124.pdf
20260515,7886,ヤマトモビMfg,決算短信,"=HYPERLINK(""https://www.release.tdnet.info/inbs/140120260515537707.pdf"", ""2026年3月期決算短信補足資料"")","=HYPERLINK(""pdf_tmp/20260515/7886_1530_ヤマトモビMfg_2026年3月期決算短信補足資料.pdf"", ""2026年3月期決算短信補足資料"")",,,,,,,,,,,3,,,,,,,,6 11,,,,,https://www.release.tdnet.info/inbs/140120260515537707.pdf
20260515,7914,共同印,決算短信,"=HYPERLINK(""https://www.release.tdnet.info/inbs/140120260514535260.pdf"", ""2026年3月期 決算短信〔日本基準〕(連結)"")","=HYPERLINK(""pdf_tmp/20260515/7914_1500_共同印_2026年3月期 決算短信〔日本基準〕(連結).pdf"", ""2026年3月期 決算短信〔日本基準〕(連結)"")",,,,,,,,,,,21,,,,,,6,,,,,,,https://www.release.tdnet.info/inbs/140120260514535260.pdf
20260515,7992,セーラー,決算短信,"=HYPERLINK(""https://www.release.tdnet.info/inbs/140120260501516341.pdf"", ""2026年12月期 第1四半期決算短信〔日本基準〕(連結)"")","=HYPERLINK(""pdf_tmp/20260515/7992_1530_セーラー_2026年12月期 第1四半期決算短信〔日本基準〕(連結).pdf"", ""2026年12月期 第1四半期決算短信〔日本基準〕(連結)"")",,,4,,,,,,,,,,,,,,,,5,,,,,https://www.release.tdnet.info/inbs/140120260501516341.pdf
20260515,8025,ツカモト,決算短信,"=HYPERLINK(""https://www.release.tdnet.info/inbs/140120260515536533.pdf"", ""2026年3月期決算短信〔日本基準〕(連結)"")","=HYPERLINK(""pdf_tmp/20260515/8025_1200_ツカモト_2026年3月期決算短信〔日本基準〕(連結).pdf"", ""2026年3月期決算短信〔日本基準〕(連結)"")",,,,,,,,,,,4,,4,,,,,,,,,,,https://www.release.tdnet.info/inbs/140120260515536533.pdf
20260515,8030,中央魚,決算短信,"=HYPERLINK(""https://www.release.tdnet.info/inbs/140120260509521073.pdf"", ""2026年3月期 決算短信[日本基準](連結)"")","=HYPERLINK(""pdf_tmp/20260515/8030_1530_中央魚_2026年3月期 決算短信[日本基準](連結).pdf"", ""2026年3月期 決算短信[日本基準](連結)"")",,,,,4,,,,,,5,,,,,,,,,,,,,https://www.release.tdnet.info/inbs/140120260509521073.pdf
20260515,8066,三谷商,決算短信,"=HYPERLINK(""https://www.release.tdnet.info/inbs/140120260515536933.pdf"", ""2026年3月期 決算短信[日本基準](連結)"")","=HYPERLINK(""pdf_tmp/20260515/8066_1330_三谷商_2026年3月期 決算短信[日本基準](連結).pdf"", ""2026年3月期 決算短信[日本基準](連結)"")",,,,4 5 6,,,,,,,,,,,,,,,6,,,,,https://www.release.tdnet.info/inbs/140120260515536933.pdf
20260515,8066,三谷商,その他,"=HYPERLINK(""https://www.release.tdnet.info/inbs/140120260515537801.pdf"", ""当社株式の大量買付行為への対応策(買収への対応方針)の更新について"")","=HYPERLINK(""pdf_tmp/20260515/8066_1330_三谷商_当社株式の大量買付行為への対応策(買収への対応方針)の更新について.pdf"", ""当社株式の大量買付行為への対応策(買収への対応方針)の更新について"")",,,,,,,,,,,,,,,,,4,,,,4,,,https://www.release.tdnet.info/inbs/140120260515537801.pdf
20260515,8104,クワザワHD,決算短信,"=HYPERLINK(""https://www.release.tdnet.info/inbs/140120260515536418.pdf"", ""2026年3月期 決算短信〔日本基準〕(連結)"")","=HYPERLINK(""pdf_tmp/20260515/8104_1530_クワザワHD_2026年3月期 決算短信〔日本基準〕(連結).pdf"", ""2026年3月期 決算短信〔日本基準〕(連結)"")",,,,,,,,,,,,,,,,,,4,5,,,,,https://www.release.tdnet.info/inbs/140120260515536418.pdf
20260515,8105,BitcoinJPN,決算短信,"=HYPERLINK(""https://www.release.tdnet.info/inbs/140120260424510586.pdf"", ""2026年3月期 決算短信〔日本基準〕(連結)"")","=HYPERLINK(""pdf_tmp/20260515/8105_1530_BitcoinJPN_2026年3月期 決算短信〔日本基準〕(連結).pdf"", ""2026年3月期 決算短信〔日本基準〕(連結)"")",,,,,,,,,,,4,,,,,4,,,,,,,,https://www.release.tdnet.info/inbs/140120260424510586.pdf
20260515,8157,都築電気,その他,"=HYPERLINK(""https://www.release.tdnet.info/inbs/140120260515537371.pdf"", ""2026年3月期 決算補足資料"")","=HYPERLINK(""pdf_tmp/20260515/8157_1230_都築電気_2026年3月期 決算補足資料.pdf"", ""2026年3月期 決算補足資料"")",,,,,,,2,,,,5,,,,,,,,,,,,,https://www.release.tdnet.info/inbs/140120260515537371.pdf
20260515,8157,都築電気,決算短信,"=HYPERLINK(""https://www.release.tdnet.info/inbs/140120260515537036.pdf"", ""2026年3月期決算短信〔日本基準〕(連結)"")","=HYPERLINK(""pdf_tmp/20260515/8157_1230_都築電気_2026年3月期決算短信〔日本基準〕(連結).pdf"", ""2026年3月期決算短信〔日本基準〕(連結)"")",,,,,,,2 7,,,,4,,,,,,,,,,,,,https://www.release.tdnet.info/inbs/140120260515537036.pdf
20260515,8157,都築電気,その他,"=HYPERLINK(""https://www.release.tdnet.info/inbs/140120260515537369.pdf"", ""中期経営計画「Trust & Challenge 2029」策定および長期ビジョンの見直し(上方修正)に関するお知らせ"")","=HYPERLINK(""pdf_tmp/20260515/8157_1230_都築電気_中期経営計画「Trust & Challenge 2029」策定および長期ビジョンの見直し(上方修正)に関するお知らせ.pdf"", ""中期経営計画「Trust & Challenge 2029」策定および長期ビジョンの見直し(上方修正)に関するお知らせ"")",,,,,,,1 2,,,,2,,,,,,,,,,,,,https://www.release.tdnet.info/inbs/140120260515537369.pdf
20260515,8252,丸井G,その他,"=HYPERLINK(""https://www.release.tdnet.info/inbs/140120260515536129.pdf"", ""2026年3月期 決算説明会資料"")","=HYPERLINK(""pdf_tmp/20260515/8252_1630_丸井G_2026年3月期 決算説明会資料.pdf"", ""2026年3月期 決算説明会資料"")",,,,,,,,,,,47,,,,,,,,32,,,,,https://www.release.tdnet.info/inbs/140120260515536129.pdf
20260515,8362,福井銀,決算短信,"=HYPERLINK(""https://www.release.tdnet.info/inbs/140120260514535419.pdf"", ""2026年3月期 決算短信〔日本基準〕(連結)"")","=HYPERLINK(""pdf_tmp/20260515/8362_1300_福井銀_2026年3月期 決算短信〔日本基準〕(連結).pdf"", ""2026年3月期 決算短信〔日本基準〕(連結)"")",,,,,,,,,,,32,,,,,,,,15,,,,,https://www.release.tdnet.info/inbs/140120260514535419.pdf
20260515,8518,アジア投資,決算短信,"=HYPERLINK(""https://www.release.tdnet.info/inbs/140120260515536444.pdf"", ""2026年3月期 決算短信〔日本基準〕(連結)"")","=HYPERLINK(""pdf_tmp/20260515/8518_1200_アジア投資_2026年3月期 決算短信〔日本基準〕(連結).pdf"", ""2026年3月期 決算短信〔日本基準〕(連結)"")",,,,,,,,,,,24,,,,,,,,4,,,,,https://www.release.tdnet.info/inbs/140120260515536444.pdf
20260515,8518,アジア投資,その他,"=HYPERLINK(""https://www.release.tdnet.info/inbs/140120260515536557.pdf"", ""2026年3月期期末決算補足資料(従来連結基準)"")","=HYPERLINK(""pdf_tmp/20260515/8518_1200_アジア投資_2026年3月期期末決算補足資料(従来連結基準).pdf"", ""2026年3月期期末決算補足資料(従来連結基準)"")",,,,,,,,,,8,16,,,,,,,,,,,,,https://www.release.tdnet.info/inbs/140120260515536557.pdf
20260515,8541,愛媛銀,決算短信,"=HYPERLINK(""https://www.release.tdnet.info/inbs/140120260423509474.pdf"", ""2026年3月期 決算短信〔日本基準〕(連結)"")","=HYPERLINK(""pdf_tmp/20260515/8541_1330_愛媛銀_2026年3月期 決算短信〔日本基準〕(連結).pdf"", ""2026年3月期 決算短信〔日本基準〕(連結)"")",,,,,,,,,,,4,,,,,,,,4,,,,,https://www.release.tdnet.info/inbs/140120260423509474.pdf
20260515,8746,unbanked,決算短信,"=HYPERLINK(""https://www.release.tdnet.info/inbs/140120260515538584.pdf"", ""2026年3月期 決算短信〔日本基準〕(連結)"")","=HYPERLINK(""pdf_tmp/20260515/8746_1600_unbanked_2026年3月期 決算短信〔日本基準〕(連結).pdf"", ""2026年3月期 決算短信〔日本基準〕(連結)"")",,,,,,,,,,,4,,,,,,4,,,,,,,https://www.release.tdnet.info/inbs/140120260515538584.pdf
20260515,8750,第一ライフグループ,その他,"=HYPERLINK(""https://www.release.tdnet.info/inbs/140120260513531638.pdf"", ""株式会社第一ライフグループ 2026年3月期 決算概要資料"")","=HYPERLINK(""pdf_tmp/20260515/8750_1430_第一ライフグループ_株式会社第一ライフグループ 2026年3月期 決算概要資料.pdf"", ""株式会社第一ライフグループ 2026年3月期 決算概要資料"")",,,,,,,,,,,4 6 8 10 13 14 21,,,,,,,,5,,,,,https://www.release.tdnet.info/inbs/140120260513531638.pdf
20260515,8769,ARM,決算短信,"=HYPERLINK(""https://www.release.tdnet.info/inbs/140120260421507117.pdf"", ""2026年3月期 決算短信〔日本基準〕(連結)"")","=HYPERLINK(""pdf_tmp/20260515/8769_1530_ARM_2026年3月期 決算短信〔日本基準〕(連結).pdf"", ""2026年3月期 決算短信〔日本基準〕(連結)"")",,,5,,,,,,,,4,,,,,,,,,,,,,https://www.release.tdnet.info/inbs/140120260421507117.pdf
20260515,8771,Eギャランティ,決算短信,"=HYPERLINK(""https://www.release.tdnet.info/inbs/140120260514535939.pdf"", ""2026年3月期 決算短信〔日本基準〕(連結)"")","=HYPERLINK(""pdf_tmp/20260515/8771_1530_Eギャランティ_2026年3月期 決算短信〔日本基準〕(連結).pdf"", ""2026年3月期 決算短信〔日本基準〕(連結)"")",,,,,,,,,,,4,,,,,,,,4,,,,,https://www.release.tdnet.info/inbs/140120260514535939.pdf
20260515,8771,Eギャランティ,説明資料,"=HYPERLINK(""https://www.release.tdnet.info/inbs/140120260515536736.pdf"", ""2026年3月期通期 決算説明資料"")","=HYPERLINK(""pdf_tmp/20260515/8771_1640_Eギャランティ_2026年3月期通期 決算説明資料.pdf"", ""2026年3月期通期 決算説明資料"")",,,,,,,,,,,17 19 23,,,,,,,,10 16,,,,,https://www.release.tdnet.info/inbs/140120260515536736.pdf
20260515,8848,レオパレス21,その他,"=HYPERLINK(""https://www.release.tdnet.info/inbs/140120260515537592.pdf"", ""中期経営計画「New Growth 2028」のアップデートについて"")","=HYPERLINK(""pdf_tmp/20260515/8848_1530_レオパレス21_中期経営計画「New Growth 2028」のアップデートについて.pdf"", ""中期経営計画「New Growth 2028」のアップデートについて"")",,,,,,,1 3 5,,,,,5,,,,,,,,,,,,https://www.release.tdnet.info/inbs/140120260515537592.pdf
20260515,9017,新潟交通,決算短信,"=HYPERLINK(""https://www.release.tdnet.info/inbs/140120260513530646.pdf"", ""2026年3月期 決算短信〔日本基準〕(連結)"")","=HYPERLINK(""pdf_tmp/20260515/9017_1400_新潟交通_2026年3月期 決算短信〔日本基準〕(連結).pdf"", ""2026年3月期 決算短信〔日本基準〕(連結)"")",,,5,,5,,,,,,,,,,,,,,,,,,,https://www.release.tdnet.info/inbs/140120260513530646.pdf
20260515,9042,阪急阪神,説明資料,"=HYPERLINK(""https://www.release.tdnet.info/inbs/140120260514534857.pdf"", ""2026年3月期 決算補足説明資料"")","=HYPERLINK(""pdf_tmp/20260515/9042_1500_阪急阪神_2026年3月期 決算補足説明資料.pdf"", ""2026年3月期 決算補足説明資料"")",,,,,,,,,,,4 30,,,,,,,,31,,,,,https://www.release.tdnet.info/inbs/140120260514534857.pdf
20260515,9048,名鉄,決算短信,"=HYPERLINK(""https://www.release.tdnet.info/inbs/140120260514535412.pdf"", ""2026年3月期 決算短信〔日本基準〕(連結)"")","=HYPERLINK(""pdf_tmp/20260515/9048_1500_名鉄_2026年3月期 決算短信〔日本基準〕(連結).pdf"", ""2026年3月期 決算短信〔日本基準〕(連結)"")",,,,,,,,,,,,,,,,6,,,4 5 6 8,,,,,https://www.release.tdnet.info/inbs/140120260514535412.pdf
20260515,9145,ビーイングHD,説明資料,"=HYPERLINK(""https://www.release.tdnet.info/inbs/140120260515536829.pdf"", ""2026年12月期 第1四半期決算説明資料"")","=HYPERLINK(""pdf_tmp/20260515/9145_1600_ビーイングHD_2026年12月期 第1四半期決算説明資料.pdf"", ""2026年12月期 第1四半期決算説明資料"")",,,,,,,,,,,8 13,,,,,,,,12,,,,,https://www.release.tdnet.info/inbs/140120260515536829.pdf
20260515,9160,オンザページ,説明資料,"=HYPERLINK(""https://www.release.tdnet.info/inbs/140120260514532635.pdf"", ""2026年12月期 第1四半期決算説明資料"")","=HYPERLINK(""pdf_tmp/20260515/9160_1530_オンザページ_2026年12月期 第1四半期決算説明資料.pdf"", ""2026年12月期 第1四半期決算説明資料"")",,,,,,,,,,,,12,,,,,,,,,,44,,https://www.release.tdnet.info/inbs/140120260514532635.pdf
20260515,9193,東汽船,決算短信,"=HYPERLINK(""https://www.release.tdnet.info/inbs/140120260515536228.pdf"", ""2026年3月期 決算短信〔日本基準〕(連結)"")","=HYPERLINK(""pdf_tmp/20260515/9193_1430_東汽船_2026年3月期 決算短信〔日本基準〕(連結).pdf"", ""2026年3月期 決算短信〔日本基準〕(連結)"")",,,,,4 5,,,,,,4 5 8,,,,,,,,,,,,,https://www.release.tdnet.info/inbs/140120260515536228.pdf
20260515,9218,G-メンタルヘルスT,決算短信,"=HYPERLINK(""https://www.release.tdnet.info/inbs/140120260515538471.pdf"", ""2026年12月期第1四半期決算短信〔日本基準〕(連結)"")","=HYPERLINK(""pdf_tmp/20260515/9218_1530_G-メンタルヘルスT_2026年12月期第1四半期決算短信〔日本基準〕(連結).pdf"", ""2026年12月期第1四半期決算短信〔日本基準〕(連結)"")",,,,,,,,4,,,,,,,,,,,4,,,,,https://www.release.tdnet.info/inbs/140120260515538471.pdf
20260515,9247,TREHD,決算短信,"=HYPERLINK(""https://www.release.tdnet.info/inbs/140120260515536744.pdf"", ""2026年3月期 決算短信〔日本基準〕(連結)"")","=HYPERLINK(""pdf_tmp/20260515/9247_1530_TREHD_2026年3月期 決算短信〔日本基準〕(連結).pdf"", ""2026年3月期 決算短信〔日本基準〕(連結)"")",,,,4,,,,,,,4,,,,,,,,,,,,,https://www.release.tdnet.info/inbs/140120260515536744.pdf
20260515,9254,G-ラバブルマーケ,決算短信,"=HYPERLINK(""https://www.release.tdnet.info/inbs/140120260515537321.pdf"", ""2026年3月期 決算短信〔日本基準〕(連結)"")","=HYPERLINK(""pdf_tmp/20260515/9254_1530_G-ラバブルマーケ_2026年3月期 決算短信〔日本基準〕(連結).pdf"", ""2026年3月期 決算短信〔日本基準〕(連結)"")",,,,,,,,,,,14,,,,,,,,,,,4 14,,https://www.release.tdnet.info/inbs/140120260515537321.pdf
20260515,9258,G-CS-C,決算短信,"=HYPERLINK(""https://www.release.tdnet.info/inbs/140120260514535548.pdf"", ""2026年9月期 第2四半期(中間期)決算短信〔日本基準〕(連結)"")","=HYPERLINK(""pdf_tmp/20260515/9258_1530_G-CS-C_2026年9月期 第2四半期(中間期)決算短信〔日本基準〕(連結).pdf"", ""2026年9月期 第2四半期(中間期)決算短信〔日本基準〕(連結)"")",,,,,,,,,,,4,,,,,,,,4,,,,,https://www.release.tdnet.info/inbs/140120260514535548.pdf
20260515,9348,G-ispace,説明資料,"=HYPERLINK(""https://www.release.tdnet.info/inbs/140120260514533501.pdf"", ""2026年3月期 決算説明資料"")","=HYPERLINK(""pdf_tmp/20260515/9348_1545_G-ispace_2026年3月期 決算説明資料.pdf"", ""2026年3月期 決算説明資料"")",,,,,,,,,,6 40 41 42 44 45 46,7 29 30,,,,,,,,,,,,,https://www.release.tdnet.info/inbs/140120260514533501.pdf
20260515,9553,G-マイクロアド,説明資料,"=HYPERLINK(""https://www.release.tdnet.info/inbs/140120260515536339.pdf"", ""2026年9月期 第2四半期決算説明資料"")","=HYPERLINK(""pdf_tmp/20260515/9553_1530_G-マイクロアド_2026年9月期 第2四半期決算説明資料.pdf"", ""2026年9月期 第2四半期決算説明資料"")",,,,,,,5,,,,24,,,,,,,,,,,,,https://www.release.tdnet.info/inbs/140120260515536339.pdf
20260515,9554,G-AViC,決算短信,"=HYPERLINK(""https://www.release.tdnet.info/inbs/140120260515536974.pdf"", ""2026年9月期 第2四半期(中間期)決算短信〔日本基準〕(連結)"")","=HYPERLINK(""pdf_tmp/20260515/9554_1530_G-AViC_2026年9月期 第2四半期(中間期)決算短信〔日本基準〕(連結).pdf"", ""2026年9月期 第2四半期(中間期)決算短信〔日本基準〕(連結)"")",,,,,,,5,,,,11,,,,,,,,,,,,,https://www.release.tdnet.info/inbs/140120260515536974.pdf
20260515,9562,G-ビジネスコーチ,説明資料,"=HYPERLINK(""https://www.release.tdnet.info/inbs/140120260515537307.pdf"", ""2026年9月期第2四半期決算説明資料"")","=HYPERLINK(""pdf_tmp/20260515/9562_1530_G-ビジネスコーチ_2026年9月期第2四半期決算説明資料.pdf"", ""2026年9月期第2四半期決算説明資料"")",,,,,,,,11,,,,30,,,,,,,,,,,,https://www.release.tdnet.info/inbs/140120260515537307.pdf
20260515,9563,G-Atlas,説明資料,"=HYPERLINK(""https://www.release.tdnet.info/inbs/140120260515538391.pdf"", ""2026年12月期第1四半期決算説明資料"")","=HYPERLINK(""pdf_tmp/20260515/9563_1645_G-Atlas_2026年12月期第1四半期決算説明資料.pdf"", ""2026年12月期第1四半期決算説明資料"")",,,,,,,,,,,23,,,,,,,,,,11,,,https://www.release.tdnet.info/inbs/140120260515538391.pdf
20260515,9610,ウィルソンWLW,決算短信,"=HYPERLINK(""https://www.release.tdnet.info/inbs/140120260515537096.pdf"", ""2026年3月期 決算短信〔日本基準〕(連結)"")","=HYPERLINK(""pdf_tmp/20260515/9610_1530_ウィルソンWLW_2026年3月期 決算短信〔日本基準〕(連結).pdf"", ""2026年3月期 決算短信〔日本基準〕(連結)"")",,,,,,,,,,,2 4 5,,,,,,,,4,,,,,https://www.release.tdnet.info/inbs/140120260515537096.pdf
20260515,9610,ウィルソンWLW,その他,"=HYPERLINK(""https://www.release.tdnet.info/inbs/140120260515537106.pdf"", ""2026年3月期 決算補足資料"")","=HYPERLINK(""pdf_tmp/20260515/9610_1530_ウィルソンWLW_2026年3月期 決算補足資料.pdf"", ""2026年3月期 決算補足資料"")",,,,,,,1,,,,4 5,,,,,,,,,,,,,https://www.release.tdnet.info/inbs/140120260515537106.pdf
20260515,9760,進学会HD,決算短信,"=HYPERLINK(""https://www.release.tdnet.info/inbs/140120260515538384.pdf"", ""2026年3月期決算短信〔日本基準〕(連結)"")","=HYPERLINK(""pdf_tmp/20260515/9760_1730_進学会HD_2026年3月期決算短信〔日本基準〕(連結).pdf"", ""2026年3月期決算短信〔日本基準〕(連結)"")",,,,,,,,,,,4,,4,,,,,,,,,,,https://www.release.tdnet.info/inbs/140120260515538384.pdf
20260515,9782,ディーエムエス,説明資料,"=HYPERLINK(""https://www.release.tdnet.info/inbs/140120260513527657.pdf"", ""2026年3月期決算説明資料"")","=HYPERLINK(""pdf_tmp/20260515/9782_1530_ディーエムエス_2026年3月期決算説明資料.pdf"", ""2026年3月期決算説明資料"")",,,,,,,,,,,11,,,,,,,,,,,17 18,,https://www.release.tdnet.info/inbs/140120260513527657.pdf
20260515,9882,イエローハット,その他,"=HYPERLINK(""https://www.release.tdnet.info/inbs/140120260514535063.pdf"", ""(訂正)「株主提案に対する当社取締役会意見に関するお知らせ」の一部訂正に関するお知らせ"")","=HYPERLINK(""pdf_tmp/20260515/9882_1530_イエローハット_(訂正)「株主提案に対する当社取締役会意見に関するお知らせ」の一部訂正に関するお知らせ.pdf"", ""(訂正)「株主提案に対する当社取締役会意見に関するお知らせ」の一部訂正に関するお知らせ"")",,,,,,,,,,,,,,7,,,17,,,,,,,https://www.release.tdnet.info/inbs/140120260514535063.pdf
20260515,9929,平和紙業,その他,"=HYPERLINK(""https://www.release.tdnet.info/inbs/140120260515538163.pdf"", ""中期経営計画の策定に関するお知らせ"")","=HYPERLINK(""pdf_tmp/20260515/9929_1600_平和紙業_中期経営計画の策定に関するお知らせ.pdf"", ""中期経営計画の策定に関するお知らせ"")",,,,,,,,,,,,,,,9,,,,,,,12,,https://www.release.tdnet.info/inbs/140120260515538163.pdf
20260515,9990,サックスバーHD,決算短信,"=HYPERLINK(""https://www.release.tdnet.info/inbs/140120260515536957.pdf"", ""2026年3月期決算短信〔日本基準〕(連結)"")","=HYPERLINK(""pdf_tmp/20260515/9990_1530_サックスバーHD_2026年3月期決算短信〔日本基準〕(連結).pdf"", ""2026年3月期決算短信〔日本基準〕(連結)"")",,,,,5,,,,,,4 5,,,,,,,,,,,,,https://www.release.tdnet.info/inbs/140120260515536957.pdf
20260515,9994,やまや,決算短信,"=HYPERLINK(""https://www.release.tdnet.info/inbs/140120260514535425.pdf"", ""2026年3月期 決算短信〔日本基準〕(連結)"")","=HYPERLINK(""pdf_tmp/20260515/9994_1530_やまや_2026年3月期 決算短信〔日本基準〕(連結).pdf"", ""2026年3月期 決算短信〔日本基準〕(連結)"")",,,,,4,,,,,,,,5,,,,,,,,,,,https://www.release.tdnet.info/inbs/140120260514535425.pdf
20260515,1384,ホクリヨウ,決算短信,"=HYPERLINK(""https://www.release.tdnet.info/inbs/140120260514534504.pdf"", ""2026年3月期 決算短信〔日本基準〕(非連結)"")","=HYPERLINK(""pdf_tmp/20260515/1384_1532_ホクリヨウ_2026年3月期 決算短信〔日本基準〕(非連結).pdf"", ""2026年3月期 決算短信〔日本基準〕(非連結)"")",,,,,4,,,,,,,,,,,,,,,,,,,https://www.release.tdnet.info/inbs/140120260514534504.pdf
20260515,142A,G-ジンジブ,その他,"=HYPERLINK(""https://www.release.tdnet.info/inbs/140120260515538580.pdf"", ""法人税調整額(益)の計上及び2026年3月期通期業績と実績との差異のお知らせ"")","=HYPERLINK(""pdf_tmp/20260515/142A_1600_G-ジンジブ_法人税調整額(益)の計上及び2026年3月期通期業績と実績との差異のお知らせ.pdf"", ""法人税調整額(益)の計上及び2026年3月期通期業績と実績との差異のお知らせ"")",,,,,,,,,,,2,,,,,,,,,,,,,https://www.release.tdnet.info/inbs/140120260515538580.pdf
20260515,1435,robot home,決算短信,"=HYPERLINK(""https://www.release.tdnet.info/inbs/140120260515537853.pdf"", ""2026年12月期 第1四半期決算短信〔日本基準〕(連結)"")","=HYPERLINK(""pdf_tmp/20260515/1435_1700_robot home_2026年12月期 第1四半期決算短信〔日本基準〕(連結).pdf"", ""2026年12月期 第1四半期決算短信〔日本基準〕(連結)"")",,,,,,,,,,,,,,,,,,,,,,4,,https://www.release.tdnet.info/inbs/140120260515537853.pdf
20260515,1438,岐阜造園,決算短信,"=HYPERLINK(""https://www.release.tdnet.info/inbs/140120260515538153.pdf"", ""2026年9月期 第2四半期(中間期)決算短信〔日本基準〕(連結)"")","=HYPERLINK(""pdf_tmp/20260515/1438_1520_岐阜造園_2026年9月期 第2四半期(中間期)決算短信〔日本基準〕(連結).pdf"", ""2026年9月期 第2四半期(中間期)決算短信〔日本基準〕(連結)"")",,,,,,,,,,,,4,,,,,,,,,,,,https://www.release.tdnet.info/inbs/140120260515538153.pdf
20260515,1514,住石HD,決算短信,"=HYPERLINK(""https://www.release.tdnet.info/inbs/140120260430515001.pdf"", ""2026年3月期 決算短信〔日本基準〕(連結)"")","=HYPERLINK(""pdf_tmp/20260515/1514_1530_住石HD_2026年3月期 決算短信〔日本基準〕(連結).pdf"", ""2026年3月期 決算短信〔日本基準〕(連結)"")",,4,,,,,,,,,,,,,,,,,,,,,,https://www.release.tdnet.info/inbs/140120260430515001.pdf
20260515,1711,SDSHD,その他,"=HYPERLINK(""https://www.release.tdnet.info/inbs/140120260515536465.pdf"", ""2026年3月期通期連結業績予想値と実績値との差異に関するお知らせ"")","=HYPERLINK(""pdf_tmp/20260515/1711_1530_SDSHD_2026年3月期通期連結業績予想値と実績値との差異に関するお知らせ.pdf"", ""2026年3月期通期連結業績予想値と実績値との差異に関するお知らせ"")",,,,,,,1,,,,,,,,,,,,,,,,,https://www.release.tdnet.info/inbs/140120260515536465.pdf
20260515,173A,G-ハンモック,決算短信,"=HYPERLINK(""https://www.release.tdnet.info/inbs/140120260514534510.pdf"", ""2026年3月期 決算短信〔日本基準〕(非連結)"")","=HYPERLINK(""pdf_tmp/20260515/173A_1130_G-ハンモック_2026年3月期 決算短信〔日本基準〕(非連結).pdf"", ""2026年3月期 決算短信〔日本基準〕(非連結)"")",,,,,,,,,,,6,,,,,,,,,,,,,https://www.release.tdnet.info/inbs/140120260514534510.pdf
20260515,173A,G-ハンモック,説明資料,"=HYPERLINK(""https://www.release.tdnet.info/inbs/140120260514534603.pdf"", ""2026年3月期 通期決算説明資料"")","=HYPERLINK(""pdf_tmp/20260515/173A_1130_G-ハンモック_2026年3月期 通期決算説明資料.pdf"", ""2026年3月期 通期決算説明資料"")",,,,,,,,,,,56,,,,,,,,,,,,,https://www.release.tdnet.info/inbs/140120260514534603.pdf
20260515,175A,G-ウィルスマート,説明資料,"=HYPERLINK(""https://www.release.tdnet.info/inbs/140120260515538164.pdf"", ""2026年12月期 第1四半期決算説明資料"")","=HYPERLINK(""pdf_tmp/20260515/175A_1600_G-ウィルスマート_2026年12月期 第1四半期決算説明資料.pdf"", ""2026年12月期 第1四半期決算説明資料"")",,,,,,,,,,,,,,,,,,,27,,,,,https://www.release.tdnet.info/inbs/140120260515538164.pdf
20260515,1783,fantasista,決算短信,"=HYPERLINK(""https://www.release.tdnet.info/inbs/140120260515537758.pdf"", ""2026年9月期第2四半期(中間期)決算短信〔日本基準〕(連結)"")","=HYPERLINK(""pdf_tmp/20260515/1783_1600_fantasista_2026年9月期第2四半期(中間期)決算短信〔日本基準〕(連結).pdf"", ""2026年9月期第2四半期(中間期)決算短信〔日本基準〕(連結)"")",,,,,,,,,,,,,,,,4,,,,,,,,https://www.release.tdnet.info/inbs/140120260515537758.pdf
20260515,1808,長谷工,説明資料,"=HYPERLINK(""https://www.release.tdnet.info/inbs/140120260515536432.pdf"", ""2026年3月期 決算説明資料"")","=HYPERLINK(""pdf_tmp/20260515/1808_1530_長谷工_2026年3月期 決算説明資料.pdf"", ""2026年3月期 決算説明資料"")",,,,,,4,,,,,,,,,,,,,,,,,,https://www.release.tdnet.info/inbs/140120260515536432.pdf
20260515,1815,鉄建建設,その他,"=HYPERLINK(""https://www.release.tdnet.info/inbs/140120260514535341.pdf"", ""(訂正)中期経営計画2028のアップデート(数値目標の上方修正および配当方針の変更)に関するお知らせ"")","=HYPERLINK(""pdf_tmp/20260515/1815_0930_鉄建建設_(訂正)中期経営計画2028のアップデート(数値目標の上方修正および配当方針の変更)に関するお知らせ.pdf"", ""(訂正)中期経営計画2028のアップデート(数値目標の上方修正および配当方針の変更)に関するお知らせ"")",,,,,,,1,,,,,,,,,,,,,,,,,https://www.release.tdnet.info/inbs/140120260514535341.pdf
20260515,1844,大盛工,予想の修正,"=HYPERLINK(""https://www.release.tdnet.info/inbs/140120260511523263.pdf"", ""2026年7月期業績予想の修正に関するお知らせ"")","=HYPERLINK(""pdf_tmp/20260515/1844_1700_大盛工_2026年7月期業績予想の修正に関するお知らせ.pdf"", ""2026年7月期業績予想の修正に関するお知らせ"")",,,,,,,,,,,,2,,,,,,,,,,,,https://www.release.tdnet.info/inbs/140120260511523263.pdf
20260515,1860,戸田建,決算短信,"=HYPERLINK(""https://www.release.tdnet.info/inbs/140120260515536352.pdf"", ""2026年3月期 決算短信〔日本基準〕(連結)"")","=HYPERLINK(""pdf_tmp/20260515/1860_1130_戸田建_2026年3月期 決算短信〔日本基準〕(連結).pdf"", ""2026年3月期 決算短信〔日本基準〕(連結)"")",,,,,,,,,,,4,,,,,,,,,,,,,https://www.release.tdnet.info/inbs/140120260515536352.pdf
20260515,1979,大気社,決算短信,"=HYPERLINK(""https://www.release.tdnet.info/inbs/140120260514535039.pdf"", ""2026年3月期決算短信〔日本基準〕(連結)"")","=HYPERLINK(""pdf_tmp/20260515/1979_1500_大気社_2026年3月期決算短信〔日本基準〕(連結).pdf"", ""2026年3月期決算短信〔日本基準〕(連結)"")",,7,,,,,,,,,,,,,,,,,,,,,,https://www.release.tdnet.info/inbs/140120260514535039.pdf
20260515,2121,MIXI,決算短信,"=HYPERLINK(""https://www.release.tdnet.info/inbs/140120260514535353.pdf"", ""2026年3月期決算短信〔日本基準〕(連結)"")","=HYPERLINK(""pdf_tmp/20260515/2121_1530_MIXI_2026年3月期決算短信〔日本基準〕(連結).pdf"", ""2026年3月期決算短信〔日本基準〕(連結)"")",,,,,,,,,,,7,,,,,,,,,,,,,https://www.release.tdnet.info/inbs/140120260514535353.pdf
20260515,2137,A-Hヴェラス,決算短信,"=HYPERLINK(""https://www.release.tdnet.info/inbs/140120260515537278.pdf"", ""2026年3月期 決算短信〔日本基準〕(非連結)"")","=HYPERLINK(""pdf_tmp/20260515/2137_1600_A-Hヴェラス_2026年3月期 決算短信〔日本基準〕(非連結).pdf"", ""2026年3月期 決算短信〔日本基準〕(非連結)"")",,,,,,,,,,,4,,,,,,,,,,,,,https://www.release.tdnet.info/inbs/140120260515537278.pdf
20260515,2158,G-FRONTEO,決算短信,"=HYPERLINK(""https://www.release.tdnet.info/inbs/140120260513529376.pdf"", ""2026年3月期 決算短信〔日本基準〕(連結)"")","=HYPERLINK(""pdf_tmp/20260515/2158_1600_G-FRONTEO_2026年3月期 決算短信〔日本基準〕(連結).pdf"", ""2026年3月期 決算短信〔日本基準〕(連結)"")",,,,,,,,,,,2 5 9 10,,,,,,,,,,,,,https://www.release.tdnet.info/inbs/140120260513529376.pdf
20260515,2183,リニカル,決算短信,"=HYPERLINK(""https://www.release.tdnet.info/inbs/140120260515538732.pdf"", ""2026年3月期 決算短信〔日本基準〕(連結)"")","=HYPERLINK(""pdf_tmp/20260515/2183_1600_リニカル_2026年3月期 決算短信〔日本基準〕(連結).pdf"", ""2026年3月期 決算短信〔日本基準〕(連結)"")",,,,,,,,,,,4,,,,,,,,,,,,,https://www.release.tdnet.info/inbs/140120260515538732.pdf
20260515,2222,寿スピリッツ,その他,"=HYPERLINK(""https://www.release.tdnet.info/inbs/140120260515536069.pdf"", ""2026年3月期決算説明会資料"")","=HYPERLINK(""pdf_tmp/20260515/2222_1200_寿スピリッツ_2026年3月期決算説明会資料.pdf"", ""2026年3月期決算説明会資料"")",,,,,,,,,,,,,,,,,,,4 29,,,,,https://www.release.tdnet.info/inbs/140120260515536069.pdf
20260515,2286,林兼産,説明資料,"=HYPERLINK(""https://www.release.tdnet.info/inbs/140120260514535289.pdf"", ""2026年3月期 決算補足説明資料"")","=HYPERLINK(""pdf_tmp/20260515/2286_1530_林兼産_2026年3月期 決算補足説明資料.pdf"", ""2026年3月期 決算補足説明資料"")",,,,,9,,,,,,,,,,,,,,,,,,,https://www.release.tdnet.info/inbs/140120260514535289.pdf
20260515,2329,東北新社,決算短信,"=HYPERLINK(""https://www.release.tdnet.info/inbs/140120260515537486.pdf"", ""2026年3月期  決算短信〔日本基準〕(連結)"")","=HYPERLINK(""pdf_tmp/20260515/2329_1530_東北新社_2026年3月期 決算短信〔日本基準〕(連結).pdf"", ""2026年3月期  決算短信〔日本基準〕(連結)"")",,,,,,,,,,,3,,,,,,,,,,,,,https://www.release.tdnet.info/inbs/140120260515537486.pdf
20260515,2351,ASJ,決算短信,"=HYPERLINK(""https://www.release.tdnet.info/inbs/140120260515537820.pdf"", ""2026年3月期 決算短信〔IFRS〕(連結)"")","=HYPERLINK(""pdf_tmp/20260515/2351_1400_ASJ_2026年3月期 決算短信〔IFRS〕(連結).pdf"", ""2026年3月期 決算短信〔IFRS〕(連結)"")",,,,,,,,,,,5,,,,,,,,,,,,,https://www.release.tdnet.info/inbs/140120260515537820.pdf
20260515,2415,ヒューマンHD,決算短信,"=HYPERLINK(""https://www.release.tdnet.info/inbs/140120260515536149.pdf"", ""2026年3月期 決算短信〔日本基準〕(連結)"")","=HYPERLINK(""pdf_tmp/20260515/2415_1530_ヒューマンHD_2026年3月期 決算短信〔日本基準〕(連結).pdf"", ""2026年3月期 決算短信〔日本基準〕(連結)"")",,,,,,,,,,,9,,,,,,,,,,,,,https://www.release.tdnet.info/inbs/140120260515536149.pdf
20260515,241A,G-ROXX,その他,"=HYPERLINK(""https://www.release.tdnet.info/inbs/140120260511523313.pdf"", ""2026年9月期第2四半期 決算説明会 Q&Aの公開に関するお知らせ"")","=HYPERLINK(""pdf_tmp/20260515/241A_0800_G-ROXX_2026年9月期第2四半期 決算説明会 Q&Aの公開に関するお知らせ.pdf"", ""2026年9月期第2四半期 決算説明会 Q&Aの公開に関するお知らせ"")",,,,,,,,,,,4,,,,,,,,,,,,,https://www.release.tdnet.info/inbs/140120260511523313.pdf
20260515,241A,G-ROXX,その他,"=HYPERLINK(""https://www.release.tdnet.info/inbs/140120260511523321.pdf"", ""2026年9月期第2四半期 決算説明会 Transcriptの公開に関するお知らせ"")","=HYPERLINK(""pdf_tmp/20260515/241A_0800_G-ROXX_2026年9月期第2四半期 決算説明会 Transcriptの公開に関するお知らせ.pdf"", ""2026年9月期第2四半期 決算説明会 Transcriptの公開に関するお知らせ"")",,,,,,,,,,,2 4 5 6 7,,,,,,,,,,,,,https://www.release.tdnet.info/inbs/140120260511523321.pdf
20260515,2464,Aoba‐BBT,決算短信,"=HYPERLINK(""https://www.release.tdnet.info/inbs/140120260515538370.pdf"", ""2026年3月期 決算短信〔日本基準〕(連結)"")","=HYPERLINK(""pdf_tmp/20260515/2464_1600_Aoba‐BBT_2026年3月期 決算短信〔日本基準〕(連結).pdf"", ""2026年3月期 決算短信〔日本基準〕(連結)"")",,,,,,,,,,,5 6 8,,,,,,,,,,,,,https://www.release.tdnet.info/inbs/140120260515538370.pdf
20260515,2467,VLCセキュリティ,その他,"=HYPERLINK(""https://www.release.tdnet.info/inbs/140120260515538783.pdf"", ""2026年3月期 通期連結業績予想値と実績値との差異に関するお知らせ"")","=HYPERLINK(""pdf_tmp/20260515/2467_1600_VLCセキュリティ_2026年3月期 通期連結業績予想値と実績値との差異に関するお知らせ.pdf"", ""2026年3月期 通期連結業績予想値と実績値との差異に関するお知らせ"")",,,,,,,,,,,1,,,,,,,,,,,,,https://www.release.tdnet.info/inbs/140120260515538783.pdf
20260515,253A,ETSグループ,決算短信,"=HYPERLINK(""https://www.release.tdnet.info/inbs/140120260513528220.pdf"", ""2026年9月期 第2四半期(中間期)決算短信〔日本基準〕(連結)"")","=HYPERLINK(""pdf_tmp/20260515/253A_1200_ETSグループ_2026年9月期 第2四半期(中間期)決算短信〔日本基準〕(連結).pdf"", ""2026年9月期 第2四半期(中間期)決算短信〔日本基準〕(連結)"")",,,,,,,,,,,4,,,,,,,,,,,,,https://www.release.tdnet.info/inbs/140120260513528220.pdf
20260515,254A,AIフュージョンCG,決算短信,"=HYPERLINK(""https://www.release.tdnet.info/inbs/140120260515536566.pdf"", ""2026年3月期 決算短信〔IFRS〕(連結)"")","=HYPERLINK(""pdf_tmp/20260515/254A_1600_AIフュージョンCG_2026年3月期 決算短信〔IFRS〕(連結).pdf"", ""2026年3月期 決算短信〔IFRS〕(連結)"")",,,,,,,,,,,7,,,,,,,,,,,,,https://www.release.tdnet.info/inbs/140120260515536566.pdf
20260515,2585,ライフドリンクC,決算短信,"=HYPERLINK(""https://www.release.tdnet.info/inbs/140120260515538189.pdf"", ""2026年3月期 決算短信[日本基準] (連結)"")","=HYPERLINK(""pdf_tmp/20260515/2585_1600_ライフドリンクC_2026年3月期 決算短信[日本基準] (連結).pdf"", ""2026年3月期 決算短信[日本基準] (連結)"")",,,4 5,,,,,,,,,,,,,,,,,,,,,https://www.release.tdnet.info/inbs/140120260515538189.pdf
20260515,2594,キーコーヒー,資本コストや株価,"=HYPERLINK(""https://www.release.tdnet.info/inbs/140120260515536677.pdf"", ""資本コストや株価を意識した経営の実現に向けた対応についてアップデートのお知らせ"")","=HYPERLINK(""pdf_tmp/20260515/2594_1400_キーコーヒー_資本コストや株価を意識した経営の実現に向けた対応についてアップデートのお知らせ.pdf"", ""資本コストや株価を意識した経営の実現に向けた対応についてアップデートのお知らせ"")",,,,,,,,,,,4,,,,,,,,,,,,,https://www.release.tdnet.info/inbs/140120260515536677.pdf
20260515,2656,ベクターHD,決算短信,"=HYPERLINK(""https://www.release.tdnet.info/inbs/140120260515537466.pdf"", ""2026年3月期決算短信〔日本基準〕(連結)"")","=HYPERLINK(""pdf_tmp/20260515/2656_1530_ベクターHD_2026年3月期決算短信〔日本基準〕(連結).pdf"", ""2026年3月期決算短信〔日本基準〕(連結)"")",,,,,,,,,,,4 6,,,,,,,,,,,,,https://www.release.tdnet.info/inbs/140120260515537466.pdf
20260515,2656,ベクターHD,その他,"=HYPERLINK(""https://www.release.tdnet.info/inbs/140120260515537528.pdf"", ""「継続企業の前提に関する注記」の記載解消に関するお知らせ"")","=HYPERLINK(""pdf_tmp/20260515/2656_1530_ベクターHD_「継続企業の前提に関する注記」の記載解消に関するお知らせ.pdf"", ""「継続企業の前提に関する注記」の記載解消に関するお知らせ"")",,,,,,,,,,,1,,,,,,,,,,,,,https://www.release.tdnet.info/inbs/140120260515537528.pdf
20260515,2708,久世,決算短信,"=HYPERLINK(""https://www.release.tdnet.info/inbs/140120260513528422.pdf"", ""2026年3月期 決算短信〔日本基準〕(連結)"")","=HYPERLINK(""pdf_tmp/20260515/2708_1540_久世_2026年3月期 決算短信〔日本基準〕(連結).pdf"", ""2026年3月期 決算短信〔日本基準〕(連結)"")",,,,,,,,,,,,,,,,4,,,,,,,,https://www.release.tdnet.info/inbs/140120260513528422.pdf
20260515,271A,P-アクセリア,決算短信,"=HYPERLINK(""https://www.release.tdnet.info/inbs/140120260514535970.pdf"", ""2026年3月期  決算短信〔日本基準〕(非連結)"")","=HYPERLINK(""pdf_tmp/20260515/271A_1530_P-アクセリア_2026年3月期 決算短信〔日本基準〕(非連結).pdf"", ""2026年3月期  決算短信〔日本基準〕(非連結)"")",,,,,,,,,,,4,,,,,,,,,,,,,https://www.release.tdnet.info/inbs/140120260514535970.pdf
20260515,2762,SANKO MF,その他,"=HYPERLINK(""https://www.release.tdnet.info/inbs/140120260515538611.pdf"", ""資金使途の変更に関するお知らせ"")","=HYPERLINK(""pdf_tmp/20260515/2762_1600_SANKO MF_資金使途の変更に関するお知らせ.pdf"", ""資金使途の変更に関するお知らせ"")",,,,,,,,,,1,,,,,,,,,,,,,,https://www.release.tdnet.info/inbs/140120260515538611.pdf
20260515,2784,アルフレッサHD,決算短信,"=HYPERLINK(""https://www.release.tdnet.info/inbs/140120260515536054.pdf"", ""2026年3月期 決算短信〔日本基準〕(連結)"")","=HYPERLINK(""pdf_tmp/20260515/2784_1630_アルフレッサHD_2026年3月期 決算短信〔日本基準〕(連結).pdf"", ""2026年3月期 決算短信〔日本基準〕(連結)"")",,,,,,,,,,,4,,,,,,,,,,,,,https://www.release.tdnet.info/inbs/140120260515536054.pdf
20260515,2806,ユタカフーズ,その他,"=HYPERLINK(""https://www.release.tdnet.info/inbs/140120260512526852.pdf"", ""支配株主等に関する事項"")","=HYPERLINK(""pdf_tmp/20260515/2806_1300_ユタカフーズ_支配株主等に関する事項.pdf"", ""支配株主等に関する事項"")",1,,,,,,,,,,,,,,,,,,,,,,,https://www.release.tdnet.info/inbs/140120260512526852.pdf
20260515,2813,和弘食品,その他,"=HYPERLINK(""https://www.release.tdnet.info/inbs/140120260514532102.pdf"", ""2026年3月期 個別業績予想と実績値との差異に関するお知らせ"")","=HYPERLINK(""pdf_tmp/20260515/2813_1300_和弘食品_2026年3月期 個別業績予想と実績値との差異に関するお知らせ.pdf"", ""2026年3月期 個別業績予想と実績値との差異に関するお知らせ"")",,,,,,,,,,,1,,,,,,,,,,,,,https://www.release.tdnet.info/inbs/140120260514532102.pdf
20260515,2813,和弘食品,決算短信,"=HYPERLINK(""https://www.release.tdnet.info/inbs/140120260514531905.pdf"", ""2026年3月期 決算短信〔日本基準〕(連結)"")","=HYPERLINK(""pdf_tmp/20260515/2813_1300_和弘食品_2026年3月期 決算短信〔日本基準〕(連結).pdf"", ""2026年3月期 決算短信〔日本基準〕(連結)"")",,,,,5,,,,,,,,,,,,,,,,,,,https://www.release.tdnet.info/inbs/140120260514531905.pdf
20260515,2875,東洋水産,決算短信,"=HYPERLINK(""https://www.release.tdnet.info/inbs/140120260515536048.pdf"", ""2026年3月期 決算短信〔日本基準〕(連結)"")","=HYPERLINK(""pdf_tmp/20260515/2875_1220_東洋水産_2026年3月期 決算短信〔日本基準〕(連結).pdf"", ""2026年3月期 決算短信〔日本基準〕(連結)"")",,,4,,,,,,,,,,,,,,,,,,,,,https://www.release.tdnet.info/inbs/140120260515536048.pdf
20260515,2875,東洋水産,その他,"=HYPERLINK(""https://www.release.tdnet.info/inbs/140120260515536135.pdf"", ""2026年3月期 決算説明会資料"")","=HYPERLINK(""pdf_tmp/20260515/2875_1220_東洋水産_2026年3月期 決算説明会資料.pdf"", ""2026年3月期 決算説明会資料"")",,,5 9 10 11 15 16 19 25 27 30 31,,,,,,,,,,,,,,,,,,,,,https://www.release.tdnet.info/inbs/140120260515536135.pdf
20260515,2876,デルソーレ,決算短信,"=HYPERLINK(""https://www.release.tdnet.info/inbs/140120260514534861.pdf"", ""2026年3月期 決算短信〔日本基準〕(非連結)"")","=HYPERLINK(""pdf_tmp/20260515/2876_1300_デルソーレ_2026年3月期 決算短信〔日本基準〕(非連結).pdf"", ""2026年3月期 決算短信〔日本基準〕(非連結)"")",,,4,,,,,,,,,,,,,,,,,,,,,https://www.release.tdnet.info/inbs/140120260514534861.pdf
20260515,290A,G-Syns,説明資料,"=HYPERLINK(""https://www.release.tdnet.info/inbs/140120260515537790.pdf"", ""2026年12月期第1四半期決算説明資料 補足説明資料"")","=HYPERLINK(""pdf_tmp/20260515/290A_1530_G-Syns_2026年12月期第1四半期決算説明資料 補足説明資料.pdf"", ""2026年12月期第1四半期決算説明資料 補足説明資料"")",,,,,,,,,,,11,,,,,,,,,,,,,https://www.release.tdnet.info/inbs/140120260515537790.pdf
20260515,2911,旭松食品,決算短信,"=HYPERLINK(""https://www.release.tdnet.info/inbs/140120260514535171.pdf"", ""2026年3月期決算短信〔日本基準〕(連結)"")","=HYPERLINK(""pdf_tmp/20260515/2911_1500_旭松食品_2026年3月期決算短信〔日本基準〕(連結).pdf"", ""2026年3月期決算短信〔日本基準〕(連結)"")",,,4 6,,,,,,,,,,,,,,,,,,,,,https://www.release.tdnet.info/inbs/140120260514535171.pdf
20260515,2962,テクニスコ,決算短信,"=HYPERLINK(""https://www.release.tdnet.info/inbs/140120260513530412.pdf"", ""2026年6月期 第3四半期決算短信〔日本基準〕(連結)"")","=HYPERLINK(""pdf_tmp/20260515/2962_1530_テクニスコ_2026年6月期 第3四半期決算短信〔日本基準〕(連結).pdf"", ""2026年6月期 第3四半期決算短信〔日本基準〕(連結)"")",,,,,,,,,,,,,,,4,,,,,,,,,https://www.release.tdnet.info/inbs/140120260513530412.pdf
20260515,298A,G-GVATECH,決算短信,"=HYPERLINK(""https://www.release.tdnet.info/inbs/140120260420506963.pdf"", ""2026年12月期 第1四半期 決算短信[日本基準](非連結)"")","=HYPERLINK(""pdf_tmp/20260515/298A_1530_G-GVATECH_2026年12月期 第1四半期 決算短信[日本基準](非連結).pdf"", ""2026年12月期 第1四半期 決算短信[日本基準](非連結)"")",,,,,,,,,,,,4,,,,,,,,,,,,https://www.release.tdnet.info/inbs/140120260420506963.pdf
20260515,298A,G-GVATECH,説明資料,"=HYPERLINK(""https://www.release.tdnet.info/inbs/140120260515538298.pdf"", ""2026年12月期 第1四半期決算説明資料"")","=HYPERLINK(""pdf_tmp/20260515/298A_1530_G-GVATECH_2026年12月期 第1四半期決算説明資料.pdf"", ""2026年12月期 第1四半期決算説明資料"")",,,,,,,,,,,22 23 44 47 48,,,,,,,,,,,,,https://www.release.tdnet.info/inbs/140120260515538298.pdf
20260515,2998,G-クリアル,決算短信,"=HYPERLINK(""https://www.release.tdnet.info/inbs/140120260514535462.pdf"", ""2026年3月期決算短信〔日本基準〕(連結)"")","=HYPERLINK(""pdf_tmp/20260515/2998_1530_G-クリアル_2026年3月期決算短信〔日本基準〕(連結).pdf"", ""2026年3月期決算短信〔日本基準〕(連結)"")",,,,,,,,,,,5,,,,,,,,,,,,,https://www.release.tdnet.info/inbs/140120260514535462.pdf
20260515,3041,ビューティカダンHD,決算短信,"=HYPERLINK(""https://www.release.tdnet.info/inbs/140120260515536993.pdf"", ""2026年6月期第3四半期決算短信〔日本基準〕(連結)"")","=HYPERLINK(""pdf_tmp/20260515/3041_1530_ビューティカダンHD_2026年6月期第3四半期決算短信〔日本基準〕(連結).pdf"", ""2026年6月期第3四半期決算短信〔日本基準〕(連結)"")",,,,,,,,,,,,,,,4,,,,,,,,,https://www.release.tdnet.info/inbs/140120260515536993.pdf
20260515,3053,ペッパー,決算短信,"=HYPERLINK(""https://www.release.tdnet.info/inbs/140120260515538050.pdf"", ""2026年12月期 第1四半期決算短信〔日本基準〕(非連結)"")","=HYPERLINK(""pdf_tmp/20260515/3053_1600_ペッパー_2026年12月期 第1四半期決算短信〔日本基準〕(非連結).pdf"", ""2026年12月期 第1四半期決算短信〔日本基準〕(非連結)"")",,,,,,,,,,,4,,,,,,,,,,,,,https://www.release.tdnet.info/inbs/140120260515538050.pdf
20260515,3059,ヒラキ,決算短信,"=HYPERLINK(""https://www.release.tdnet.info/inbs/140120260514535526.pdf"", ""2026年3月期 決算短信〔日本基準〕(連結)"")","=HYPERLINK(""pdf_tmp/20260515/3059_0900_ヒラキ_2026年3月期 決算短信〔日本基準〕(連結).pdf"", ""2026年3月期 決算短信〔日本基準〕(連結)"")",,,,,,,,,,,,,4,,,,,,,,,,,https://www.release.tdnet.info/inbs/140120260514535526.pdf
20260515,3059,ヒラキ,その他,"=HYPERLINK(""https://www.release.tdnet.info/inbs/140120260515536067.pdf"", ""業績予想と実績との差異に関するお知らせ"")","=HYPERLINK(""pdf_tmp/20260515/3059_0900_ヒラキ_業績予想と実績との差異に関するお知らせ.pdf"", ""業績予想と実績との差異に関するお知らせ"")",,,,,,,,,,,,,1,,,,,,,,,,,https://www.release.tdnet.info/inbs/140120260515536067.pdf
20260515,3079,DVx,決算短信,"=HYPERLINK(""https://www.release.tdnet.info/inbs/140120260515537630.pdf"", ""2026年3月期 決算短信〔日本基準〕(連結)"")","=HYPERLINK(""pdf_tmp/20260515/3079_1530_DVx_2026年3月期 決算短信〔日本基準〕(連結).pdf"", ""2026年3月期 決算短信〔日本基準〕(連結)"")",,,,4,,,,,,,,,,,,,,,,,,,,https://www.release.tdnet.info/inbs/140120260515537630.pdf
20260515,3086,Jフロント,その他,"=HYPERLINK(""https://www.release.tdnet.info/inbs/140120260515538088.pdf"", ""2026年4月度 J.フロントリテイリング 連結売上収益報告(IFRS)"")","=HYPERLINK(""pdf_tmp/20260515/3086_1530_Jフロント_2026年4月度 J.フロントリテイリング 連結売上収益報告(IFRS).pdf"", ""2026年4月度 J.フロントリテイリング 連結売上収益報告(IFRS)"")",,,,,,,,,,,1 3,,,,,,,,,,,,,https://www.release.tdnet.info/inbs/140120260515538088.pdf
20260515,3104,富士紡HD,その他,"=HYPERLINK(""https://www.release.tdnet.info/inbs/140120260514535615.pdf"", ""個別決算における関係会社株式評価損の計上に関するお知らせ"")","=HYPERLINK(""pdf_tmp/20260515/3104_1130_富士紡HD_個別決算における関係会社株式評価損の計上に関するお知らせ.pdf"", ""個別決算における関係会社株式評価損の計上に関するお知らせ"")",,,,,,,,,,,,,1,,,,,,,,,,,https://www.release.tdnet.info/inbs/140120260514535615.pdf
20260515,3113,UNIVA・Oak,その他,"=HYPERLINK(""https://www.release.tdnet.info/inbs/140120260514534759.pdf"", ""営業外損益、特別損失及び法人税等調整額の計上、連結業績及び個別業績の前期実績との差異並びに剰余金の配当(無配)に関するお知らせ"")","=HYPERLINK(""pdf_tmp/20260515/3113_1530_UNIVA・Oak_営業外損益、特別損失及び法人税等調整額の計上、連結業績及び個別業績の前期実績との差異並びに剰余金の配当(無配)に関するお知らせ.pdf"", ""営業外損益、特別損失及び法人税等調整額の計上、連結業績及び個別業績の前期実績との差異並びに剰余金の配当(無配)に関するお知らせ"")",,,,,,,,,,,2,,,,,,,,,,,,,https://www.release.tdnet.info/inbs/140120260514534759.pdf
20260515,3133,G-海帆,決算短信,"=HYPERLINK(""https://www.release.tdnet.info/inbs/140120260515538853.pdf"", ""2026年3月期決算短信〔日本基準〕(連結)"")","=HYPERLINK(""pdf_tmp/20260515/3133_1700_G-海帆_2026年3月期決算短信〔日本基準〕(連結).pdf"", ""2026年3月期決算短信〔日本基準〕(連結)"")",,,,,,,,,,,,,,,,4,,,,,,,,https://www.release.tdnet.info/inbs/140120260515538853.pdf
20260515,3133,G-海帆,その他,"=HYPERLINK(""https://www.release.tdnet.info/inbs/140120260515538934.pdf"", ""営業外収益及び営業外費用並びに特別利益及び特別損失の計上に関するお知らせ"")","=HYPERLINK(""pdf_tmp/20260515/3133_1700_G-海帆_営業外収益及び営業外費用並びに特別利益及び特別損失の計上に関するお知らせ.pdf"", ""営業外収益及び営業外費用並びに特別利益及び特別損失の計上に関するお知らせ"")",,,,,,,,,,,,,,,,,,,1,,,,,https://www.release.tdnet.info/inbs/140120260515538934.pdf
20260515,3150,グリムス,決算短信,"=HYPERLINK(""https://www.release.tdnet.info/inbs/140120260515536017.pdf"", ""2026年3月期決算短信補足資料"")","=HYPERLINK(""pdf_tmp/20260515/3150_1600_グリムス_2026年3月期決算短信補足資料.pdf"", ""2026年3月期決算短信補足資料"")",,,,,,,,,,,9,,,,,,,,,,,,,https://www.release.tdnet.info/inbs/140120260515536017.pdf
20260515,3153,八洲電機,決算短信,"=HYPERLINK(""https://www.release.tdnet.info/inbs/140120260514534735.pdf"", ""2026年3月期 決算短信〔日本基準〕(連結)"")","=HYPERLINK(""pdf_tmp/20260515/3153_1330_八洲電機_2026年3月期 決算短信〔日本基準〕(連結).pdf"", ""2026年3月期 決算短信〔日本基準〕(連結)"")",,,,,,,,,,,4,,,,,,,,,,,,,https://www.release.tdnet.info/inbs/140120260514534735.pdf
20260515,3183,ウイン・パートナーズ,決算短信,"=HYPERLINK(""https://www.release.tdnet.info/inbs/140120260513531062.pdf"", ""2026年3月期決算短信〔日本基準〕(連結)"")","=HYPERLINK(""pdf_tmp/20260515/3183_1530_ウイン・パートナーズ_2026年3月期決算短信〔日本基準〕(連結).pdf"", ""2026年3月期決算短信〔日本基準〕(連結)"")",,,,,,,,,,,,,,,,,,,,,,4,,https://www.release.tdnet.info/inbs/140120260513531062.pdf
20260515,3187,G-ミラタップ,決算短信,"=HYPERLINK(""https://www.release.tdnet.info/inbs/140120260514534551.pdf"", ""2026年9月期 第2四半期(中間期)決算短信〔日本基準〕(非連結)"")","=HYPERLINK(""pdf_tmp/20260515/3187_1600_G-ミラタップ_2026年9月期 第2四半期(中間期)決算短信〔日本基準〕(非連結).pdf"", ""2026年9月期 第2四半期(中間期)決算短信〔日本基準〕(非連結)"")",,,,,,,,,,,,,,,,,,,4,,,,,https://www.release.tdnet.info/inbs/140120260514534551.pdf
20260515,326A,P-エアロラボ,その他,"=HYPERLINK(""https://www.release.tdnet.info/inbs/140120260515538554.pdf"", ""個別業績の前期実績との差異に関するお知らせ"")","=HYPERLINK(""pdf_tmp/20260515/326A_1700_P-エアロラボ_個別業績の前期実績との差異に関するお知らせ.pdf"", ""個別業績の前期実績との差異に関するお知らせ"")",,,,,,,,,,,,,,,,2,,,,,,,,https://www.release.tdnet.info/inbs/140120260515538554.pdf
20260515,3277,サンセイランディック,決算短信,"=HYPERLINK(""https://www.release.tdnet.info/inbs/140120260515536622.pdf"", ""2026年12月期第1四半期決算短信補足資料"")","=HYPERLINK(""pdf_tmp/20260515/3277_1400_サンセイランディック_2026年12月期第1四半期決算短信補足資料.pdf"", ""2026年12月期第1四半期決算短信補足資料"")",,,,,,,,,,,7,,,,,,,,,,,,,https://www.release.tdnet.info/inbs/140120260515536622.pdf
20260515,3299,ムゲンエステート,決算短信,"=HYPERLINK(""https://www.release.tdnet.info/inbs/140120260513527737.pdf"", ""2026年12月期第1四半期決算短信〔日本基準〕(連結)"")","=HYPERLINK(""pdf_tmp/20260515/3299_1400_ムゲンエステート_2026年12月期第1四半期決算短信〔日本基準〕(連結).pdf"", ""2026年12月期第1四半期決算短信〔日本基準〕(連結)"")",,,,,,,,,,,,,,,,,,,4,,,,,https://www.release.tdnet.info/inbs/140120260513527737.pdf
20260515,3346,ヒロタグループHD,その他,"=HYPERLINK(""https://www.release.tdnet.info/inbs/140120260515536247.pdf"", ""2026年3月期連結業績予想値と実績値との差異に関するお知らせ"")","=HYPERLINK(""pdf_tmp/20260515/3346_1530_ヒロタグループHD_2026年3月期連結業績予想値と実績値との差異に関するお知らせ.pdf"", ""2026年3月期連結業績予想値と実績値との差異に関するお知らせ"")",,,,,,,,,,,,,,,,,,,2,,,,,https://www.release.tdnet.info/inbs/140120260515536247.pdf
20260515,3358,Trailhead,決算短信,"=HYPERLINK(""https://www.release.tdnet.info/inbs/140120260515536213.pdf"", ""2026年3月期  決算短信〔日本基準〕(連結)"")","=HYPERLINK(""pdf_tmp/20260515/3358_1630_Trailhead_2026年3月期 決算短信〔日本基準〕(連結).pdf"", ""2026年3月期  決算短信〔日本基準〕(連結)"")",,,,,,,,,,,5 6,,,,,,,,,,,,,https://www.release.tdnet.info/inbs/140120260515536213.pdf
20260515,3359,G-cotta,決算短信,"=HYPERLINK(""https://www.release.tdnet.info/inbs/140120260306577288.pdf"", ""2026年9月期 第2四半期(中間期)決算短信〔日本基準〕(連結)"")","=HYPERLINK(""pdf_tmp/20260515/3359_1600_G-cotta_2026年9月期 第2四半期(中間期)決算短信〔日本基準〕(連結).pdf"", ""2026年9月期 第2四半期(中間期)決算短信〔日本基準〕(連結)"")",,,,,,,,,,,,4,,,,,,,,,,,,https://www.release.tdnet.info/inbs/140120260306577288.pdf
20260515,3374,内外テック,決算短信,"=HYPERLINK(""https://www.release.tdnet.info/inbs/140120260514534041.pdf"", ""2026年3月期 決算短信〔日本基準〕(連結)"")","=HYPERLINK(""pdf_tmp/20260515/3374_1545_内外テック_2026年3月期 決算短信〔日本基準〕(連結).pdf"", ""2026年3月期 決算短信〔日本基準〕(連結)"")",,,,4,,,,,,,,,,,,,,,,,,,,https://www.release.tdnet.info/inbs/140120260514534041.pdf
20260515,3388,明治電機,決算短信,"=HYPERLINK(""https://www.release.tdnet.info/inbs/140120260515538227.pdf"", ""2026年3月期 決算短信〔日本基準〕(連結)"")","=HYPERLINK(""pdf_tmp/20260515/3388_1530_明治電機_2026年3月期 決算短信〔日本基準〕(連結).pdf"", ""2026年3月期 決算短信〔日本基準〕(連結)"")",,,,,,,,,,,,,,,,,,,4,,,,,https://www.release.tdnet.info/inbs/140120260515538227.pdf
20260515,3393,スターティアHD,決算短信,"=HYPERLINK(""https://www.release.tdnet.info/inbs/140120260515538141.pdf"", ""2026年3月期決算短信〔日本基準〕(連結"")","=HYPERLINK(""pdf_tmp/20260515/3393_1530_スターティアHD_2026年3月期決算短信〔日本基準〕(連結.pdf"", ""2026年3月期決算短信〔日本基準〕(連結"")",,,,,4,,,,,,,,,,,,,,,,,,,https://www.release.tdnet.info/inbs/140120260515538141.pdf
20260515,3393,スターティアHD,その他,"=HYPERLINK(""https://www.release.tdnet.info/inbs/140120260515538196.pdf"", ""2026年3月期通期 決算補足資料"")","=HYPERLINK(""pdf_tmp/20260515/3393_1530_スターティアHD_2026年3月期通期 決算補足資料.pdf"", ""2026年3月期通期 決算補足資料"")",,,,,,,,,,,14 35,,,,,,,,,,,,,https://www.release.tdnet.info/inbs/140120260515538196.pdf
20260515,3423,エスイー,決算短信,"=HYPERLINK(""https://www.release.tdnet.info/inbs/140120260514535529.pdf"", ""2026年3月期 決算短信〔日本基準〕 (連結)"")","=HYPERLINK(""pdf_tmp/20260515/3423_1200_エスイー_2026年3月期 決算短信〔日本基準〕 (連結).pdf"", ""2026年3月期 決算短信〔日本基準〕 (連結)"")",,,,,,,,,,,,,,,,,,,4,,,,,https://www.release.tdnet.info/inbs/140120260514535529.pdf
20260515,3423,エスイー,説明資料,"=HYPERLINK(""https://www.release.tdnet.info/inbs/140120260514535626.pdf"", ""2026年3月期 決算補足説明資料"")","=HYPERLINK(""pdf_tmp/20260515/3423_1200_エスイー_2026年3月期 決算補足説明資料.pdf"", ""2026年3月期 決算補足説明資料"")",,,,,,,,,,,3 6 7 8 13 18,,,,,,,,,,,,,https://www.release.tdnet.info/inbs/140120260514535626.pdf
20260515,3437,特殊電極,決算短信,"=HYPERLINK(""https://www.release.tdnet.info/inbs/140120260514534543.pdf"", ""2026年3月期  決算短信〔日本基準〕(連結)"")","=HYPERLINK(""pdf_tmp/20260515/3437_1300_特殊電極_2026年3月期 決算短信〔日本基準〕(連結).pdf"", ""2026年3月期  決算短信〔日本基準〕(連結)"")",,,,,,,,,,,,,,,,,,,6,,,,,https://www.release.tdnet.info/inbs/140120260514534543.pdf
20260515,3452,ビーロット,決算短信,"=HYPERLINK(""https://www.release.tdnet.info/inbs/140120260514535101.pdf"", ""2026年12月期 第1四半期決算短信〔日本基準〕(連結)"")","=HYPERLINK(""pdf_tmp/20260515/3452_1530_ビーロット_2026年12月期 第1四半期決算短信〔日本基準〕(連結).pdf"", ""2026年12月期 第1四半期決算短信〔日本基準〕(連結)"")",,,,,,,,,,,,,,,,,,,4,,,,,https://www.release.tdnet.info/inbs/140120260514535101.pdf
20260515,3463,R-いちごホテル,その他,"=HYPERLINK(""https://www.release.tdnet.info/inbs/140120260515537386.pdf"", ""2026年7月期の運用状況および分配予想の上方修正のお知らせ"")","=HYPERLINK(""pdf_tmp/20260515/3463_1530_R-いちごホテル_2026年7月期の運用状況および分配予想の上方修正のお知らせ.pdf"", ""2026年7月期の運用状況および分配予想の上方修正のお知らせ"")",,,,,,,1 2,,,,,,,,,,,,,,,,,https://www.release.tdnet.info/inbs/140120260515537386.pdf
20260515,3463,R-いちごホテル,その他,"=HYPERLINK(""https://www.release.tdnet.info/inbs/140120260515536927.pdf"", ""資産の譲渡のお知らせ(ホテルリブマックス日本橋箱崎)"")","=HYPERLINK(""pdf_tmp/20260515/3463_1530_R-いちごホテル_資産の譲渡のお知らせ(ホテルリブマックス日本橋箱崎).pdf"", ""資産の譲渡のお知らせ(ホテルリブマックス日本橋箱崎)"")",,,,,,,2 5,,,,,,,,,,,,,,,,,https://www.release.tdnet.info/inbs/140120260515536927.pdf
20260515,347A,P-グロースパワー,決算短信,"=HYPERLINK(""https://www.release.tdnet.info/inbs/140120260513530162.pdf"", ""2026年3月期 決算短信〔日本基準〕(非連結)"")","=HYPERLINK(""pdf_tmp/20260515/347A_1530_P-グロースパワー_2026年3月期 決算短信〔日本基準〕(非連結).pdf"", ""2026年3月期 決算短信〔日本基準〕(非連結)"")",,,,,,,,,,,,,,,,,,,5,,,,,https://www.release.tdnet.info/inbs/140120260513530162.pdf
20260515,3495,香陵住販,決算短信,"=HYPERLINK(""https://www.release.tdnet.info/inbs/140120260514532334.pdf"", ""2026年9月期第2四半期(中間期)決算短信〔日本基準〕(連結)"")","=HYPERLINK(""pdf_tmp/20260515/3495_1400_香陵住販_2026年9月期第2四半期(中間期)決算短信〔日本基準〕(連結).pdf"", ""2026年9月期第2四半期(中間期)決算短信〔日本基準〕(連結)"")",,,,,,,,,,,,4,,,,,,,,,,,,https://www.release.tdnet.info/inbs/140120260514532334.pdf
20260515,3542,G-VEGA,決算短信,"=HYPERLINK(""https://www.release.tdnet.info/inbs/140120260514535343.pdf"", ""2026年3月期 決算短信〔日本基準〕(非連結)"")","=HYPERLINK(""pdf_tmp/20260515/3542_1530_G-VEGA_2026年3月期 決算短信〔日本基準〕(非連結).pdf"", ""2026年3月期 決算短信〔日本基準〕(非連結)"")",,,,,,,,,,,4 6,,,,,,,,,,,,,https://www.release.tdnet.info/inbs/140120260514535343.pdf
20260515,3551,ダイニック,その他,"=HYPERLINK(""https://www.release.tdnet.info/inbs/140120260513530151.pdf"", ""剰余金の配当(増配)に関するお知らせ"")","=HYPERLINK(""pdf_tmp/20260515/3551_1100_ダイニック_剰余金の配当(増配)に関するお知らせ.pdf"", ""剰余金の配当(増配)に関するお知らせ"")",,,,,,,,,,,,1,,,,,,,,,,,,https://www.release.tdnet.info/inbs/140120260513530151.pdf
20260515,362A,P-エクシオHD,決算短信,"=HYPERLINK(""https://www.release.tdnet.info/inbs/140120260515538996.pdf"", ""2026年3月期 決算短信〔日本基準〕(連結)"")","=HYPERLINK(""pdf_tmp/20260515/362A_1730_P-エクシオHD_2026年3月期 決算短信〔日本基準〕(連結).pdf"", ""2026年3月期 決算短信〔日本基準〕(連結)"")",,,,,,,,,,,,,,,,4,,,,,,,,https://www.release.tdnet.info/inbs/140120260515538996.pdf
20260515,3640,電算,決算短信,"=HYPERLINK(""https://www.release.tdnet.info/inbs/140120260514535111.pdf"", ""2026年3月期 決算短信〔日本基準〕(連結)"")","=HYPERLINK(""pdf_tmp/20260515/3640_1550_電算_2026年3月期 決算短信〔日本基準〕(連結).pdf"", ""2026年3月期 決算短信〔日本基準〕(連結)"")",,,,,,,,,,,,,,,,,,,,,,4,,https://www.release.tdnet.info/inbs/140120260514535111.pdf
20260515,3640,電算,その他,"=HYPERLINK(""https://www.release.tdnet.info/inbs/140120260514535118.pdf"", ""中期経営計画(2026~2028年度)の策定に関するお知らせ"")","=HYPERLINK(""pdf_tmp/20260515/3640_1550_電算_中期経営計画(2026~2028年度)の策定に関するお知らせ.pdf"", ""中期経営計画(2026~2028年度)の策定に関するお知らせ"")",,,,,,,,,,,,,,,,,,,,,,5 9 10,,https://www.release.tdnet.info/inbs/140120260514535118.pdf
20260515,3641,パピレス,決算短信,"=HYPERLINK(""https://www.release.tdnet.info/inbs/140120260513530544.pdf"", ""2026年3月期 決算短信〔日本基準〕(連結)"")","=HYPERLINK(""pdf_tmp/20260515/3641_1530_パピレス_2026年3月期 決算短信〔日本基準〕(連結).pdf"", ""2026年3月期 決算短信〔日本基準〕(連結)"")",,4 6,,,,,,,,,,,,,,,,,,,,,,https://www.release.tdnet.info/inbs/140120260513530544.pdf
20260515,3641,パピレス,その他,"=HYPERLINK(""https://www.release.tdnet.info/inbs/140120260513530682.pdf"", ""通期業績予想値と実績値の差異に関するお知らせ"")","=HYPERLINK(""pdf_tmp/20260515/3641_1530_パピレス_通期業績予想値と実績値の差異に関するお知らせ.pdf"", ""通期業績予想値と実績値の差異に関するお知らせ"")",,,,,,,,,,1,,,,,,,,,,,,,,https://www.release.tdnet.info/inbs/140120260513530682.pdf
20260515,3652,G-DMP,その他,"=HYPERLINK(""https://www.release.tdnet.info/inbs/140120260515537602.pdf"", ""2026年3月期決算説明会資料"")","=HYPERLINK(""pdf_tmp/20260515/3652_1630_G-DMP_2026年3月期決算説明会資料.pdf"", ""2026年3月期決算説明会資料"")",,,,,,,,,,,10 15 22,,,,,,,,,,,,,https://www.release.tdnet.info/inbs/140120260515537602.pdf
20260515,3661,エムアップHD,決算短信,"=HYPERLINK(""https://www.release.tdnet.info/inbs/140120260514533625.pdf"", ""2026年3月期  決算短信〔日本基準〕(連結)"")","=HYPERLINK(""pdf_tmp/20260515/3661_1530_エムアップHD_2026年3月期 決算短信〔日本基準〕(連結).pdf"", ""2026年3月期  決算短信〔日本基準〕(連結)"")",,,,,,,,,,,5 9,,,,,,,,,,,,,https://www.release.tdnet.info/inbs/140120260514533625.pdf
20260515,3661,エムアップHD,説明資料,"=HYPERLINK(""https://www.release.tdnet.info/inbs/140120260514535892.pdf"", ""2026年3月期 決算補足説明資料"")","=HYPERLINK(""pdf_tmp/20260515/3661_1530_エムアップHD_2026年3月期 決算補足説明資料.pdf"", ""2026年3月期 決算補足説明資料"")",,,,,,,,,,,5,,,,,,,,,,,,,https://www.release.tdnet.info/inbs/140120260514535892.pdf
20260515,3667,enish,説明資料,"=HYPERLINK(""https://www.release.tdnet.info/inbs/140120260515537782.pdf"", ""2026年12月期第1四半期決算説明資料"")","=HYPERLINK(""pdf_tmp/20260515/3667_1600_enish_2026年12月期第1四半期決算説明資料.pdf"", ""2026年12月期第1四半期決算説明資料"")",,,,,19,,,,,,,,,,,,,,,,,,,https://www.release.tdnet.info/inbs/140120260515537782.pdf
20260515,3674,G-オークファン,決算短信,"=HYPERLINK(""https://www.release.tdnet.info/inbs/140120260515537010.pdf"", ""2026年9月期 第2四半期(中間期)決算短信〔日本基準〕(連結)"")","=HYPERLINK(""pdf_tmp/20260515/3674_1400_G-オークファン_2026年9月期 第2四半期(中間期)決算短信〔日本基準〕(連結).pdf"", ""2026年9月期 第2四半期(中間期)決算短信〔日本基準〕(連結)"")",,,5,,,,,,,,,,,,,,,,,,,,,https://www.release.tdnet.info/inbs/140120260515537010.pdf
20260515,3683,サイバーリンクス,決算短信,"=HYPERLINK(""https://www.release.tdnet.info/inbs/140120260515536699.pdf"", ""2026年12月期 第1四半期決算短信〔日本基準〕(連結)"")","=HYPERLINK(""pdf_tmp/20260515/3683_1400_サイバーリンクス_2026年12月期 第1四半期決算短信〔日本基準〕(連結).pdf"", ""2026年12月期 第1四半期決算短信〔日本基準〕(連結)"")",,,,,,,,,,,5,,,,,,,,,,,,,https://www.release.tdnet.info/inbs/140120260515536699.pdf
20260515,3683,サイバーリンクス,説明資料,"=HYPERLINK(""https://www.release.tdnet.info/inbs/140120260515536743.pdf"", ""2026年12月期 第1四半期決算説明資料"")","=HYPERLINK(""pdf_tmp/20260515/3683_1400_サイバーリンクス_2026年12月期 第1四半期決算説明資料.pdf"", ""2026年12月期 第1四半期決算説明資料"")",,,,,,,,,,,44 45 50,,,,,,,,,,,,,https://www.release.tdnet.info/inbs/140120260515536743.pdf
20260515,3692,G-FFRI,決算短信,"=HYPERLINK(""https://www.release.tdnet.info/inbs/140120260514534136.pdf"", ""令和8年3月期 決算短信補足説明資料"")","=HYPERLINK(""pdf_tmp/20260515/3692_1530_G-FFRI_令和8年3月期 決算短信補足説明資料.pdf"", ""令和8年3月期 決算短信補足説明資料"")",,,,,,,,,,,,,,,,,3 28,,,,,,,https://www.release.tdnet.info/inbs/140120260514534136.pdf
20260515,3692,G-FFRI,その他,"=HYPERLINK(""https://www.release.tdnet.info/inbs/140120260515536549.pdf"", ""連結業績予想と実績値との差異および個別業績実績値と前期との差異 に関するお知らせ"")","=HYPERLINK(""pdf_tmp/20260515/3692_1530_G-FFRI_連結業績予想と実績値との差異および個別業績実績値と前期との差異 に関するお知らせ.pdf"", ""連結業績予想と実績値との差異および個別業績実績値と前期との差異 に関するお知らせ"")",,,,,,,,,,,,1,,,,,,,,,,,,https://www.release.tdnet.info/inbs/140120260515536549.pdf
20260515,3694,オプティム,決算短信,"=HYPERLINK(""https://www.release.tdnet.info/inbs/140120260514535725.pdf"", ""2026年3月期通期決算短信補足説明資料"")","=HYPERLINK(""pdf_tmp/20260515/3694_1550_オプティム_2026年3月期通期決算短信補足説明資料.pdf"", ""2026年3月期通期決算短信補足説明資料"")",,,,,,,,,,,3 12 17 22 23,,,,,,,,,,,,,https://www.release.tdnet.info/inbs/140120260514535725.pdf
20260515,3719,AIストーム,決算短信,"=HYPERLINK(""https://www.release.tdnet.info/inbs/140120260501515920.pdf"", ""令和8年12月期第1四半期決算短信〔日本基準〕(非連結)"")","=HYPERLINK(""pdf_tmp/20260515/3719_1600_AIストーム_令和8年12月期第1四半期決算短信〔日本基準〕(非連結).pdf"", ""令和8年12月期第1四半期決算短信〔日本基準〕(非連結)"")",,,,,,,,,,,,,,4,,,,,,,,,,https://www.release.tdnet.info/inbs/140120260501515920.pdf
20260515,3747,インタートレード,決算短信,"=HYPERLINK(""https://www.release.tdnet.info/inbs/140120260511521496.pdf"", ""2026年9月期 第2四半期(中間期)決算短信〔日本基準〕(連結)"")","=HYPERLINK(""pdf_tmp/20260515/3747_1530_インタートレード_2026年9月期 第2四半期(中間期)決算短信〔日本基準〕(連結).pdf"", ""2026年9月期 第2四半期(中間期)決算短信〔日本基準〕(連結)"")",,,,,,,,,,,,,,,,,,,5,,,,,https://www.release.tdnet.info/inbs/140120260511521496.pdf
20260515,3769,GMOPG,決算短信,"=HYPERLINK(""https://www.release.tdnet.info/inbs/140120260513528917.pdf"", ""2026年9月期 第2四半期(中間期)決算短信〔IFRS〕(連結)"")","=HYPERLINK(""pdf_tmp/20260515/3769_1531_GMOPG_2026年9月期 第2四半期(中間期)決算短信〔IFRS〕(連結).pdf"", ""2026年9月期 第2四半期(中間期)決算短信〔IFRS〕(連結)"")",,,,,,,,,,,,,,6,,,,,,,,,,https://www.release.tdnet.info/inbs/140120260513528917.pdf
20260515,3772,ウェルス,説明資料,"=HYPERLINK(""https://www.release.tdnet.info/inbs/140120260515537701.pdf"", ""決算説明資料公表に関するお知らせ"")","=HYPERLINK(""pdf_tmp/20260515/3772_1600_ウェルス_決算説明資料公表に関するお知らせ.pdf"", ""決算説明資料公表に関するお知らせ"")",,,,,,,,,,5 6,,,,,,,,,,,,,,https://www.release.tdnet.info/inbs/140120260515537701.pdf
20260515,3799,キーウェア,決算短信,"=HYPERLINK(""https://www.release.tdnet.info/inbs/140120260515538494.pdf"", ""2026年3月期 決算短信〔日本基準〕(連結)"")","=HYPERLINK(""pdf_tmp/20260515/3799_1530_キーウェア_2026年3月期 決算短信〔日本基準〕(連結).pdf"", ""2026年3月期 決算短信〔日本基準〕(連結)"")",,,,,,,,,,,5,,,,,,,,,,,,,https://www.release.tdnet.info/inbs/140120260515538494.pdf
20260515,3825,REMIX,説明資料,"=HYPERLINK(""https://www.release.tdnet.info/inbs/140120260513531238.pdf"", ""2026年3月期 決算補足説明資料"")","=HYPERLINK(""pdf_tmp/20260515/3825_1200_REMIX_2026年3月期 決算補足説明資料.pdf"", ""2026年3月期 決算補足説明資料"")",,,,,,,,,,,6 16,,,,,,,,,,,,,https://www.release.tdnet.info/inbs/140120260513531238.pdf
20260515,3835,eBASE,決算短信,"=HYPERLINK(""https://www.release.tdnet.info/inbs/140120260513531405.pdf"", ""2026年3月期 決算短信〔日本基準〕(連結)"")","=HYPERLINK(""pdf_tmp/20260515/3835_1600_eBASE_2026年3月期 決算短信〔日本基準〕(連結).pdf"", ""2026年3月期 決算短信〔日本基準〕(連結)"")",,,,,,,,,,,5,,,,,,,,,,,,,https://www.release.tdnet.info/inbs/140120260513531405.pdf
20260515,3841,ジーダット,決算短信,"=HYPERLINK(""https://www.release.tdnet.info/inbs/140120260511521234.pdf"", ""2026年3月期決算短信〔日本基準〕(非連結)"")","=HYPERLINK(""pdf_tmp/20260515/3841_1540_ジーダット_2026年3月期決算短信〔日本基準〕(非連結).pdf"", ""2026年3月期決算短信〔日本基準〕(非連結)"")",,,,,,,,,,,4,,,,,,,,,,,,,https://www.release.tdnet.info/inbs/140120260511521234.pdf
20260515,3845,アイフリーク,決算短信,"=HYPERLINK(""https://www.release.tdnet.info/inbs/140120260514535192.pdf"", ""2026年3月期 決算短信〔日本基準〕(非連結)"")","=HYPERLINK(""pdf_tmp/20260515/3845_1300_アイフリーク_2026年3月期 決算短信〔日本基準〕(非連結).pdf"", ""2026年3月期 決算短信〔日本基準〕(非連結)"")",,,,,,,,,,18,,,,,,,,,,,,,,https://www.release.tdnet.info/inbs/140120260514535192.pdf
20260515,3849,A-NTL,決算短信,"=HYPERLINK(""https://www.release.tdnet.info/inbs/140120260501517034.pdf"", ""2026年3月期 決算短信〔日本基準〕(非連結)"")","=HYPERLINK(""pdf_tmp/20260515/3849_1600_A-NTL_2026年3月期 決算短信〔日本基準〕(非連結).pdf"", ""2026年3月期 決算短信〔日本基準〕(非連結)"")",,,,,,,,,,,6 7,,,,,,,,,,,,,https://www.release.tdnet.info/inbs/140120260501517034.pdf
20260515,3865,北越コーポレーション,決算短信,"=HYPERLINK(""https://www.release.tdnet.info/inbs/140120260515536184.pdf"", ""2026年3月期 決算短信〔日本基準〕(連結)"")","=HYPERLINK(""pdf_tmp/20260515/3865_1500_北越コーポレーション_2026年3月期 決算短信〔日本基準〕(連結).pdf"", ""2026年3月期 決算短信〔日本基準〕(連結)"")",,,4 5,,,,,,,,,,,,,,,,,,,,,https://www.release.tdnet.info/inbs/140120260515536184.pdf
20260515,386A,みのや,決算短信,"=HYPERLINK(""https://www.release.tdnet.info/inbs/140120260512526092.pdf"", ""2026年6月期第3四半期決算短信〔日本基準〕(非連結)"")","=HYPERLINK(""pdf_tmp/20260515/386A_1600_みのや_2026年6月期第3四半期決算短信〔日本基準〕(非連結).pdf"", ""2026年6月期第3四半期決算短信〔日本基準〕(非連結)"")",,,,,,,,,,,,,,,,,,,4,,,,,https://www.release.tdnet.info/inbs/140120260512526092.pdf
20260515,3901,マークラインズ,決算短信,"=HYPERLINK(""https://www.release.tdnet.info/inbs/140120260514535031.pdf"", ""2026年12月期 第1四半期決算短信〔日本基準〕(連結)"")","=HYPERLINK(""pdf_tmp/20260515/3901_1530_マークラインズ_2026年12月期 第1四半期決算短信〔日本基準〕(連結).pdf"", ""2026年12月期 第1四半期決算短信〔日本基準〕(連結)"")",,,4 5,,,,,,,,,,,,,,,,,,,,,https://www.release.tdnet.info/inbs/140120260514535031.pdf
20260515,3901,マークラインズ,説明資料,"=HYPERLINK(""https://www.release.tdnet.info/inbs/140120260514534996.pdf"", ""2026年12月期 第1四半期決算補足説明資料"")","=HYPERLINK(""pdf_tmp/20260515/3901_1530_マークラインズ_2026年12月期 第1四半期決算補足説明資料.pdf"", ""2026年12月期 第1四半期決算補足説明資料"")",,,12 13 16 24,,,,,,,,,,,,,,,,,,,,,https://www.release.tdnet.info/inbs/140120260514534996.pdf
20260515,3905,G-データセクション,決算短信,"=HYPERLINK(""https://www.release.tdnet.info/inbs/140120260515538919.pdf"", ""2026年3月期 決算短信〔日本基準〕(連結)"")","=HYPERLINK(""pdf_tmp/20260515/3905_1710_G-データセクション_2026年3月期 決算短信〔日本基準〕(連結).pdf"", ""2026年3月期 決算短信〔日本基準〕(連結)"")",,,,,,,,,,,6,,,,,,,,,,,,,https://www.release.tdnet.info/inbs/140120260515538919.pdf
20260515,3909,ショーケース,決算短信,"=HYPERLINK(""https://www.release.tdnet.info/inbs/140120260513529754.pdf"", ""2026年3月期 通期決算短信〔日本基準〕(連結)"")","=HYPERLINK(""pdf_tmp/20260515/3909_1215_ショーケース_2026年3月期 通期決算短信〔日本基準〕(連結).pdf"", ""2026年3月期 通期決算短信〔日本基準〕(連結)"")",,,,,,,,,,,5 7,,,,,,,,,,,,,https://www.release.tdnet.info/inbs/140120260513529754.pdf
20260515,3912,モバファク,資本コストや株価,"=HYPERLINK(""https://www.release.tdnet.info/inbs/140120260514533545.pdf"", ""資本コストや株価を意識した経営の実現に向けた対応について(アップデート)"")","=HYPERLINK(""pdf_tmp/20260515/3912_1500_モバファク_資本コストや株価を意識した経営の実現に向けた対応について(アップデート).pdf"", ""資本コストや株価を意識した経営の実現に向けた対応について(アップデート)"")",,,,,,,,,,,18,,,,,,,,,,,,,https://www.release.tdnet.info/inbs/140120260514533545.pdf
20260515,3928,マイネット,その他,"=HYPERLINK(""https://www.release.tdnet.info/inbs/140120260515538358.pdf"", ""2026年12月期 第1四半期 決算説明会資料"")","=HYPERLINK(""pdf_tmp/20260515/3928_1530_マイネット_2026年12月期 第1四半期 決算説明会資料.pdf"", ""2026年12月期 第1四半期 決算説明会資料"")",,,,,,,,,,,3 12 17,,,,,,,,,,,,,https://www.release.tdnet.info/inbs/140120260515538358.pdf
20260515,3933,チエル,その他,"=HYPERLINK(""https://www.release.tdnet.info/inbs/140120260515538054.pdf"", ""2026年3月期の業績予想と実績の差異及び中計経営計画の見直しに関するお知らせ"")","=HYPERLINK(""pdf_tmp/20260515/3933_1600_チエル_2026年3月期の業績予想と実績の差異及び中計経営計画の見直しに関するお知らせ.pdf"", ""2026年3月期の業績予想と実績の差異及び中計経営計画の見直しに関するお知らせ"")",,,,,,,,,,,,2,,,,,,,,,,,,https://www.release.tdnet.info/inbs/140120260515538054.pdf
20260515,3943,大石産業,資本コストや株価,"=HYPERLINK(""https://www.release.tdnet.info/inbs/140120260514534486.pdf"", ""資本コストや株価を意識した経営の実現に向けた対応について(アップデート)"")","=HYPERLINK(""pdf_tmp/20260515/3943_1600_大石産業_資本コストや株価を意識した経営の実現に向けた対応について(アップデート).pdf"", ""資本コストや株価を意識した経営の実現に向けた対応について(アップデート)"")",,,,,,,,,,5,,,,,,,,,,,,,,https://www.release.tdnet.info/inbs/140120260514534486.pdf
20260515,3945,スパバック,決算短信,"=HYPERLINK(""https://www.release.tdnet.info/inbs/140120260401597131.pdf"", ""2026年3月期 決算短信〔日本基準〕(連結)"")","=HYPERLINK(""pdf_tmp/20260515/3945_1600_スパバック_2026年3月期 決算短信〔日本基準〕(連結).pdf"", ""2026年3月期 決算短信〔日本基準〕(連結)"")",,,,4,,,,,,,,,,,,,,,,,,,,https://www.release.tdnet.info/inbs/140120260401597131.pdf
20260515,3976,G-シャノン,決算短信,"=HYPERLINK(""https://www.release.tdnet.info/inbs/140120260515538251.pdf"", ""2026年12月期 第1四半期決算短信〔日本基準〕(連結)"")","=HYPERLINK(""pdf_tmp/20260515/3976_1530_G-シャノン_2026年12月期 第1四半期決算短信〔日本基準〕(連結).pdf"", ""2026年12月期 第1四半期決算短信〔日本基準〕(連結)"")",,,,,,,,,,,4,,,,,,,,,,,,,https://www.release.tdnet.info/inbs/140120260515538251.pdf
20260515,3976,G-シャノン,説明資料,"=HYPERLINK(""https://www.release.tdnet.info/inbs/140120260515538304.pdf"", ""2026年12月期 第1四半期決算補足説明資料"")","=HYPERLINK(""pdf_tmp/20260515/3976_1530_G-シャノン_2026年12月期 第1四半期決算補足説明資料.pdf"", ""2026年12月期 第1四半期決算補足説明資料"")",,,,,,,,,,,10 12,,,,,,,,,,,,,https://www.release.tdnet.info/inbs/140120260515538304.pdf
20260515,3981,ビーグリー,決算短信,"=HYPERLINK(""https://www.release.tdnet.info/inbs/140120260514534686.pdf"", ""2026年12月期 第1四半期決算短信〔日本基準〕(連結)"")","=HYPERLINK(""pdf_tmp/20260515/3981_1530_ビーグリー_2026年12月期 第1四半期決算短信〔日本基準〕(連結).pdf"", ""2026年12月期 第1四半期決算短信〔日本基準〕(連結)"")",,,,,,,,,,,4,,,,,,,,,,,,,https://www.release.tdnet.info/inbs/140120260514534686.pdf
20260515,3998,G-すららネット,決算短信,"=HYPERLINK(""https://www.release.tdnet.info/inbs/140120260515537147.pdf"", ""2026年12月期 第1四半期決算短信〔日本基準〕(連結)"")","=HYPERLINK(""pdf_tmp/20260515/3998_1530_G-すららネット_2026年12月期 第1四半期決算短信〔日本基準〕(連結).pdf"", ""2026年12月期 第1四半期決算短信〔日本基準〕(連結)"")",,,,,,,,,,,,,,,,,,,4,,,,,https://www.release.tdnet.info/inbs/140120260515537147.pdf
20260515,4011,G-ヘッドウォーター,決算短信,"=HYPERLINK(""https://www.release.tdnet.info/inbs/140120260515538706.pdf"", ""2026年12月期 第1四半期決算短信補足資料"")","=HYPERLINK(""pdf_tmp/20260515/4011_1600_G-ヘッドウォーター_2026年12月期 第1四半期決算短信補足資料.pdf"", ""2026年12月期 第1四半期決算短信補足資料"")",,,,,,,,,,,7 16,,,,,,,,,,,,,https://www.release.tdnet.info/inbs/140120260515538706.pdf
20260515,4011,G-ヘッドウォーター,その他,"=HYPERLINK(""https://www.release.tdnet.info/inbs/140120260515537535.pdf"", ""合併により上場廃止となったBBDイニシアティブ株式会社に係る決算開示のお知らせ"")","=HYPERLINK(""pdf_tmp/20260515/4011_1600_G-ヘッドウォーター_合併により上場廃止となったBBDイニシアティブ株式会社に係る決算開示のお知らせ.pdf"", ""合併により上場廃止となったBBDイニシアティブ株式会社に係る決算開示のお知らせ"")",,,,,,,,,,,,,,,,,,,,,,5,,https://www.release.tdnet.info/inbs/140120260515537535.pdf
20260515,4021,日産化,決算短信,"=HYPERLINK(""https://www.release.tdnet.info/inbs/140120260514535254.pdf"", ""2026年3月期 決算短信〔日本基準〕(連結)"")","=HYPERLINK(""pdf_tmp/20260515/4021_1530_日産化_2026年3月期 決算短信〔日本基準〕(連結).pdf"", ""2026年3月期 決算短信〔日本基準〕(連結)"")",,,,,,,,,,,4,,,,,,,,,,,,,https://www.release.tdnet.info/inbs/140120260514535254.pdf
20260515,4051,GMO-FG,決算短信,"=HYPERLINK(""https://www.release.tdnet.info/inbs/140120260430514657.pdf"", ""2026年9月期 第2四半期(中間期)決算短信〔IFRS〕(連結)"")","=HYPERLINK(""pdf_tmp/20260515/4051_1531_GMO-FG_2026年9月期 第2四半期(中間期)決算短信〔IFRS〕(連結).pdf"", ""2026年9月期 第2四半期(中間期)決算短信〔IFRS〕(連結)"")",,,,,,,,,,,4,,,,,,,,,,,,,https://www.release.tdnet.info/inbs/140120260430514657.pdf
20260515,4074,G-ラキール,説明資料,"=HYPERLINK(""https://www.release.tdnet.info/inbs/140120260514535638.pdf"", ""2026年12月期 第1四半期決算説明資料"")","=HYPERLINK(""pdf_tmp/20260515/4074_1300_G-ラキール_2026年12月期 第1四半期決算説明資料.pdf"", ""2026年12月期 第1四半期決算説明資料"")",,,,,,,,,,,10,,,,,,,,,,,,,https://www.release.tdnet.info/inbs/140120260514535638.pdf
20260515,407A,UNICON HD,説明資料,"=HYPERLINK(""https://www.release.tdnet.info/inbs/140120260515537688.pdf"", ""2026年6月期第3四半期決算説明資料"")","=HYPERLINK(""pdf_tmp/20260515/407A_1530_UNICON HD_2026年6月期第3四半期決算説明資料.pdf"", ""2026年6月期第3四半期決算説明資料"")",,,,,,,,,,,45,,,,,,,,,,,,,https://www.release.tdnet.info/inbs/140120260515537688.pdf
20260515,4098,チタン工,決算短信,"=HYPERLINK(""https://www.release.tdnet.info/inbs/140120260416505142.pdf"", ""2026年3月期 決算短信[日本基準](連結)"")","=HYPERLINK(""pdf_tmp/20260515/4098_1500_チタン工_2026年3月期 決算短信[日本基準](連結).pdf"", ""2026年3月期 決算短信[日本基準](連結)"")",,,,,4 5,,,,,,,,,,,,,,,,,,,https://www.release.tdnet.info/inbs/140120260416505142.pdf
20260515,4112,保土谷化,説明資料,"=HYPERLINK(""https://www.release.tdnet.info/inbs/140120260515538586.pdf"", ""2025年度決算説明資料"")","=HYPERLINK(""pdf_tmp/20260515/4112_1700_保土谷化_2025年度決算説明資料.pdf"", ""2025年度決算説明資料"")",,,,,,,,,,,13,,,,,,,,,,,,,https://www.release.tdnet.info/inbs/140120260515538586.pdf
20260515,4112,保土谷化,決算短信,"=HYPERLINK(""https://www.release.tdnet.info/inbs/140120260515538438.pdf"", ""2026年3月期 決算短信〔日本基準〕(連結)"")","=HYPERLINK(""pdf_tmp/20260515/4112_1700_保土谷化_2026年3月期 決算短信〔日本基準〕(連結).pdf"", ""2026年3月期 決算短信〔日本基準〕(連結)"")",,,,,,,,,,,5,,,,,,,,,,,,,https://www.release.tdnet.info/inbs/140120260515538438.pdf
20260515,4113,田岡化学工業,決算短信,"=HYPERLINK(""https://www.release.tdnet.info/inbs/140120260514534923.pdf"", ""2026年3月期決算短信〔日本基準〕(連結)"")","=HYPERLINK(""pdf_tmp/20260515/4113_1500_田岡化学工業_2026年3月期決算短信〔日本基準〕(連結).pdf"", ""2026年3月期決算短信〔日本基準〕(連結)"")",,,,,,,,,,,6,,,,,,,,,,,,,https://www.release.tdnet.info/inbs/140120260514534923.pdf
20260515,4113,田岡化学工業,その他,"=HYPERLINK(""https://www.release.tdnet.info/inbs/140120260514534972.pdf"", ""支配株主等に関する事項について"")","=HYPERLINK(""pdf_tmp/20260515/4113_1500_田岡化学工業_支配株主等に関する事項について.pdf"", ""支配株主等に関する事項について"")",2,,,,,,,,,,,,,,,,,,,,,,,https://www.release.tdnet.info/inbs/140120260514534972.pdf
20260515,4116,大日精化,決算短信,"=HYPERLINK(""https://www.release.tdnet.info/inbs/140120260514535414.pdf"", ""2026年3月期 決算短信〔日本基準〕(連結)"")","=HYPERLINK(""pdf_tmp/20260515/4116_1430_大日精化_2026年3月期 決算短信〔日本基準〕(連結).pdf"", ""2026年3月期 決算短信〔日本基準〕(連結)"")",,,,,,,,,,,,,,,,,,,7,,,,,https://www.release.tdnet.info/inbs/140120260514535414.pdf
20260515,4166,G-かっこ,決算短信,"=HYPERLINK(""https://www.release.tdnet.info/inbs/140120260515536983.pdf"", ""2026年12月期 第1四半期決算短信〔日本基準〕(非連結)"")","=HYPERLINK(""pdf_tmp/20260515/4166_1530_G-かっこ_2026年12月期 第1四半期決算短信〔日本基準〕(非連結).pdf"", ""2026年12月期 第1四半期決算短信〔日本基準〕(非連結)"")",,,,,,,,,,,,,,,,,,,4,,,,,https://www.release.tdnet.info/inbs/140120260515536983.pdf
20260515,4169,G-エネチェンジ,説明資料,"=HYPERLINK(""https://www.release.tdnet.info/inbs/140120260513529566.pdf"", ""2026年3月期 決算説明資料"")","=HYPERLINK(""pdf_tmp/20260515/4169_1200_G-エネチェンジ_2026年3月期 決算説明資料.pdf"", ""2026年3月期 決算説明資料"")",,,,,,,,,,,,,,,,,,,32,,,,,https://www.release.tdnet.info/inbs/140120260513529566.pdf
20260515,4169,G-エネチェンジ,その他,"=HYPERLINK(""https://www.release.tdnet.info/inbs/140120260513529711.pdf"", ""通期連結業績の前期実績値との差異に関するお知らせ"")","=HYPERLINK(""pdf_tmp/20260515/4169_1200_G-エネチェンジ_通期連結業績の前期実績値との差異に関するお知らせ.pdf"", ""通期連結業績の前期実績値との差異に関するお知らせ"")",,,,,,,,,,,1,,,,,,,,,,,,,https://www.release.tdnet.info/inbs/140120260513529711.pdf
20260515,416A,富士ユナイトHD,その他,"=HYPERLINK(""https://www.release.tdnet.info/inbs/140120260515538013.pdf"", ""「2026~2028年度 中期経営計画」策定のお知らせ"")","=HYPERLINK(""pdf_tmp/20260515/416A_1600_富士ユナイトHD_「2026~2028年度 中期経営計画」策定のお知らせ.pdf"", ""「2026~2028年度 中期経営計画」策定のお知らせ"")",,,,,,,,,,11,,,,,,,,,,,,,,https://www.release.tdnet.info/inbs/140120260515538013.pdf
20260515,4178,G-Sイノベーション,決算短信,"=HYPERLINK(""https://www.release.tdnet.info/inbs/140120260513530855.pdf"", ""2026年12月期 第1四半期決算短信(日本基準)(連結)"")","=HYPERLINK(""pdf_tmp/20260515/4178_1530_G-Sイノベーション_2026年12月期 第1四半期決算短信(日本基準)(連結).pdf"", ""2026年12月期 第1四半期決算短信(日本基準)(連結)"")",,,,,,,,,,,,,4,,,,,,,,,,,https://www.release.tdnet.info/inbs/140120260513530855.pdf
20260515,4234,サンエー化研,決算短信,"=HYPERLINK(""https://www.release.tdnet.info/inbs/140120260427511216.pdf"", ""2026年3月期 決算短信〔日本基準〕(連結)"")","=HYPERLINK(""pdf_tmp/20260515/4234_1200_サンエー化研_2026年3月期 決算短信〔日本基準〕(連結).pdf"", ""2026年3月期 決算短信〔日本基準〕(連結)"")",,,,,4,,,,,,,,,,,,,,,,,,,https://www.release.tdnet.info/inbs/140120260427511216.pdf
20260515,4256,G-サインド,決算短信,"=HYPERLINK(""https://www.release.tdnet.info/inbs/140120260514535242.pdf"", ""2026年3月期 決算短信〔日本基準〕(連結)"")","=HYPERLINK(""pdf_tmp/20260515/4256_1540_G-サインド_2026年3月期 決算短信〔日本基準〕(連結).pdf"", ""2026年3月期 決算短信〔日本基準〕(連結)"")",,,,,,,,,,,,,,,,,,,,,,4,,https://www.release.tdnet.info/inbs/140120260514535242.pdf
20260515,4301,アミューズ,決算短信,"=HYPERLINK(""https://www.release.tdnet.info/inbs/140120260514535093.pdf"", ""2026年3月期決算短信[日本基準](連結)"")","=HYPERLINK(""pdf_tmp/20260515/4301_1530_アミューズ_2026年3月期決算短信[日本基準](連結).pdf"", ""2026年3月期決算短信[日本基準](連結)"")",,,,,,,,,,,4 5,,,,,,,,,,,,,https://www.release.tdnet.info/inbs/140120260514535093.pdf
20260515,4324,電通グループ,その他,"=HYPERLINK(""https://www.release.tdnet.info/inbs/140120260515536816.pdf"", ""2026年度第1四半期 決算説明会資料"")","=HYPERLINK(""pdf_tmp/20260515/4324_1545_電通グループ_2026年度第1四半期 決算説明会資料.pdf"", ""2026年度第1四半期 決算説明会資料"")",,,,,,,,,,43,,,,,,,,,,,,,,https://www.release.tdnet.info/inbs/140120260515536816.pdf
20260515,4343,イオンファン,その他,"=HYPERLINK(""https://www.release.tdnet.info/inbs/140120260515537128.pdf"", ""2027年2月期 4月度の売上概況"")","=HYPERLINK(""pdf_tmp/20260515/4343_1530_イオンファン_2027年2月期 4月度の売上概況.pdf"", ""2027年2月期 4月度の売上概況"")",,,,,,,,,,,,3,,,,,,,,,,,,https://www.release.tdnet.info/inbs/140120260515537128.pdf
20260515,4365,松本油脂,決算短信,"=HYPERLINK(""https://www.release.tdnet.info/inbs/140120260514531737.pdf"", ""2026年3月期 決算短信〔日本基準〕(連結)"")","=HYPERLINK(""pdf_tmp/20260515/4365_1530_松本油脂_2026年3月期 決算短信〔日本基準〕(連結).pdf"", ""2026年3月期 決算短信〔日本基準〕(連結)"")",,,,,,,,,,,6,,,,,,,,,,,,,https://www.release.tdnet.info/inbs/140120260514531737.pdf
20260515,4375,G-セーフィー,決算短信,"=HYPERLINK(""https://www.release.tdnet.info/inbs/140120260515536183.pdf"", ""2026年12月期第1四半期 決算短信〔日本基準〕(連結)"")","=HYPERLINK(""pdf_tmp/20260515/4375_1130_G-セーフィー_2026年12月期第1四半期 決算短信〔日本基準〕(連結).pdf"", ""2026年12月期第1四半期 決算短信〔日本基準〕(連結)"")",,,,,,,,,,,,,,,,,,,,,,4,,https://www.release.tdnet.info/inbs/140120260515536183.pdf
20260515,4390,ips,その他,"=HYPERLINK(""https://www.release.tdnet.info/inbs/140120260515537378.pdf"", ""投資家の皆様よりいただいたご質問と回答"")","=HYPERLINK(""pdf_tmp/20260515/4390_1530_ips_投資家の皆様よりいただいたご質問と回答.pdf"", ""投資家の皆様よりいただいたご質問と回答"")",,,,,,,,,,,2,,,,,,,,,,,,,https://www.release.tdnet.info/inbs/140120260515537378.pdf
20260515,4416,G-TrueData,決算短信,"=HYPERLINK(""https://www.release.tdnet.info/inbs/140120260514534884.pdf"", ""2026年3月期 決算短信〔日本基準〕(非連結)"")","=HYPERLINK(""pdf_tmp/20260515/4416_1600_G-TrueData_2026年3月期 決算短信〔日本基準〕(非連結).pdf"", ""2026年3月期 決算短信〔日本基準〕(非連結)"")",,,,,,,,,,,4,,,,,,,,,,,,,https://www.release.tdnet.info/inbs/140120260514534884.pdf
20260515,4444,G-インフォネット,その他,"=HYPERLINK(""https://www.release.tdnet.info/inbs/140120260515537238.pdf"", ""2026年3月期決算説明動画及び書き起こし記事公開に関するお知らせ"")","=HYPERLINK(""pdf_tmp/20260515/4444_1730_G-インフォネット_2026年3月期決算説明動画及び書き起こし記事公開に関するお知らせ.pdf"", ""2026年3月期決算説明動画及び書き起こし記事公開に関するお知らせ"")",,,,,,,,,,,23,,,,,,,,,,,,,https://www.release.tdnet.info/inbs/140120260515537238.pdf
20260515,4445,G-リビンT,説明資料,"=HYPERLINK(""https://www.release.tdnet.info/inbs/140120260514535767.pdf"", ""2026年9月期 第2四半期決算説明資料"")","=HYPERLINK(""pdf_tmp/20260515/4445_1600_G-リビンT_2026年9月期 第2四半期決算説明資料.pdf"", ""2026年9月期 第2四半期決算説明資料"")",,,,,,,11 12,,,,,,,,,,,,,,,,,https://www.release.tdnet.info/inbs/140120260514535767.pdf
20260515,4462,石原ケミカル,決算短信,"=HYPERLINK(""https://www.release.tdnet.info/inbs/140120260514533768.pdf"", ""2026年3月期決算短信〔日本基準〕(連結)"")","=HYPERLINK(""pdf_tmp/20260515/4462_1450_石原ケミカル_2026年3月期決算短信〔日本基準〕(連結).pdf"", ""2026年3月期決算短信〔日本基準〕(連結)"")",,,,,,,,,,,,,,,,,,,,,,5,,https://www.release.tdnet.info/inbs/140120260514533768.pdf
20260515,4476,G-AI CROSS,説明資料,"=HYPERLINK(""https://www.release.tdnet.info/inbs/140120260514534456.pdf"", ""2026年12月期 第1四半期決算説明資料"")","=HYPERLINK(""pdf_tmp/20260515/4476_1530_G-AI CROSS_2026年12月期 第1四半期決算説明資料.pdf"", ""2026年12月期 第1四半期決算説明資料"")",,,,,,,,,,,8,,,,,,,,,,,,,https://www.release.tdnet.info/inbs/140120260514534456.pdf
20260515,4481,ベース,決算短信,"=HYPERLINK(""https://www.release.tdnet.info/inbs/140120260515536831.pdf"", ""2026年12月期 第1四半期決算短信〔日本基準〕(連結)"")","=HYPERLINK(""pdf_tmp/20260515/4481_1530_ベース_2026年12月期 第1四半期決算短信〔日本基準〕(連結).pdf"", ""2026年12月期 第1四半期決算短信〔日本基準〕(連結)"")",,,,,,,,,,,4,,,,,,,,,,,,,https://www.release.tdnet.info/inbs/140120260515536831.pdf
20260515,4484,G-ランサーズ,決算短信,"=HYPERLINK(""https://www.release.tdnet.info/inbs/140120260514535608.pdf"", ""2026年3月期決算短信〔日本基準〕(連結)"")","=HYPERLINK(""pdf_tmp/20260515/4484_1700_G-ランサーズ_2026年3月期決算短信〔日本基準〕(連結).pdf"", ""2026年3月期決算短信〔日本基準〕(連結)"")",,,,,,,,,,,4,,,,,,,,,,,,,https://www.release.tdnet.info/inbs/140120260514535608.pdf
20260515,4484,G-ランサーズ,その他,"=HYPERLINK(""https://www.release.tdnet.info/inbs/140120260514535690.pdf"", ""通期連結業績予想と実績との差異(売上高・営業利益の予想超過及び当期純利益の予想未達)及び期末配当実施維持並びに特別損失の計上に関するお知らせ"")","=HYPERLINK(""pdf_tmp/20260515/4484_1700_G-ランサーズ_通期連結業績予想と実績との差異(売上高・営業利益の予想超過及び当期純利益の予想未達)及び期末配当実施維持並びに特別損失の計上に関するお知らせ.pdf"", ""通期連結業績予想と実績との差異(売上高・営業利益の予想超過及び当期純利益の予想未達)及び期末配当実施維持並びに特別損失の計上に関するお知らせ"")",,,,,,,,,,1,,,,,,,,,,,,,,https://www.release.tdnet.info/inbs/140120260514535690.pdf
20260515,4492,ゼネテック,その他,"=HYPERLINK(""https://www.release.tdnet.info/inbs/140120260510521159.pdf"", ""「中期経営計画2026-2028」策定に関するお知らせ"")","=HYPERLINK(""pdf_tmp/20260515/4492_1600_ゼネテック_「中期経営計画2026-2028」策定に関するお知らせ.pdf"", ""「中期経営計画2026-2028」策定に関するお知らせ"")",,,,,,,,,,5,,,,,,,,,,,,,,https://www.release.tdnet.info/inbs/140120260510521159.pdf
20260515,4493,G-サイバーセキュリ,説明資料,"=HYPERLINK(""https://www.release.tdnet.info/inbs/140120260515537787.pdf"", ""2026年12月期 第1四半期 決算説明資料"")","=HYPERLINK(""pdf_tmp/20260515/4493_1600_G-サイバーセキュリ_2026年12月期 第1四半期 決算説明資料.pdf"", ""2026年12月期 第1四半期 決算説明資料"")",,,6,,,,,,,,,,,,,,,,,,,,,https://www.release.tdnet.info/inbs/140120260515537787.pdf
20260515,4523,エーザイ,その他,"=HYPERLINK(""https://www.release.tdnet.info/inbs/140120260514534104.pdf"", ""2025年度(2026年3月期)通期決算 参考資料"")","=HYPERLINK(""pdf_tmp/20260515/4523_1530_エーザイ_2025年度(2026年3月期)通期決算 参考資料.pdf"", ""2025年度(2026年3月期)通期決算 参考資料"")",,,,,,,,,,,1 3,,,,,,,,,,,,,https://www.release.tdnet.info/inbs/140120260514534104.pdf
20260515,4523,エーザイ,決算短信,"=HYPERLINK(""https://www.release.tdnet.info/inbs/140120260514533726.pdf"", ""2026年3月期 決算短信〔IFRS〕(連結)"")","=HYPERLINK(""pdf_tmp/20260515/4523_1530_エーザイ_2026年3月期 決算短信〔IFRS〕(連結).pdf"", ""2026年3月期 決算短信〔IFRS〕(連結)"")",,,,,,,,,,,4 5 10 11,,,,,,,,,,,,,https://www.release.tdnet.info/inbs/140120260514533726.pdf
20260515,4523,エーザイ,その他,"=HYPERLINK(""https://www.release.tdnet.info/inbs/140120260515537963.pdf"", ""株式報酬制度(役員報酬BIP信託)の継続に関するお知らせ"")","=HYPERLINK(""pdf_tmp/20260515/4523_1540_エーザイ_株式報酬制度(役員報酬BIP信託)の継続に関するお知らせ.pdf"", ""株式報酬制度(役員報酬BIP信託)の継続に関するお知らせ"")",,,,,,,,,,4 7,,,,,,,,,,,,,,https://www.release.tdnet.info/inbs/140120260515537963.pdf
20260515,4531,有機薬,決算短信,"=HYPERLINK(""https://www.release.tdnet.info/inbs/140120260514535732.pdf"", ""2026年3月期決算短信〔日本基準〕(非連結)"")","=HYPERLINK(""pdf_tmp/20260515/4531_1500_有機薬_2026年3月期決算短信〔日本基準〕(非連結).pdf"", ""2026年3月期決算短信〔日本基準〕(非連結)"")",,,,,,,,,,,,,,,,,,,4 5,,,,,https://www.release.tdnet.info/inbs/140120260514535732.pdf
20260515,4543,テルモ,決算短信,"=HYPERLINK(""https://www.release.tdnet.info/inbs/140120260514534636.pdf"", ""2026年3月期 決算短信〔IFRS〕(連結)"")","=HYPERLINK(""pdf_tmp/20260515/4543_1530_テルモ_2026年3月期 決算短信〔IFRS〕(連結).pdf"", ""2026年3月期 決算短信〔IFRS〕(連結)"")",,,,,,,,,,,,,,,,,,,18,,,,,https://www.release.tdnet.info/inbs/140120260514534636.pdf
20260515,4579,G-ラクオリア創薬,その他,"=HYPERLINK(""https://www.release.tdnet.info/inbs/140120260515536841.pdf"", ""2026年12月期(第18期)第1四半期 決算説明会資料"")","=HYPERLINK(""pdf_tmp/20260515/4579_1530_G-ラクオリア創薬_2026年12月期(第18期)第1四半期 決算説明会資料.pdf"", ""2026年12月期(第18期)第1四半期 決算説明会資料"")",,,,,26,,,,,,,,,,,,,,,,,,,https://www.release.tdnet.info/inbs/140120260515536841.pdf
20260515,4597,G-ソレイジア,その他,"=HYPERLINK(""https://www.release.tdnet.info/inbs/140120260513528392.pdf"", ""製品開発品等の事業状況(2026年12月期第1四半期)"")","=HYPERLINK(""pdf_tmp/20260515/4597_1530_G-ソレイジア_製品開発品等の事業状況(2026年12月期第1四半期).pdf"", ""製品開発品等の事業状況(2026年12月期第1四半期)"")",,,,,,,,,,,5,,,,,,,,,,,,,https://www.release.tdnet.info/inbs/140120260513528392.pdf
20260515,4598,G-DELTA-P,決算短信,"=HYPERLINK(""https://www.release.tdnet.info/inbs/140120260515537212.pdf"", ""2026年3月期決算短信〔日本基準〕(非連結)"")","=HYPERLINK(""pdf_tmp/20260515/4598_1535_G-DELTA-P_2026年3月期決算短信〔日本基準〕(非連結).pdf"", ""2026年3月期決算短信〔日本基準〕(非連結)"")",,,,,4,,,,,,,,,,,,,,,,,,,https://www.release.tdnet.info/inbs/140120260515537212.pdf
20260515,4631,DIC,決算短信,"=HYPERLINK(""https://www.release.tdnet.info/inbs/140120260512525809.pdf"", ""2026年12月期 第1四半期決算短信〔日本基準〕(連結)"")","=HYPERLINK(""pdf_tmp/20260515/4631_1200_DIC_2026年12月期 第1四半期決算短信〔日本基準〕(連結).pdf"", ""2026年12月期 第1四半期決算短信〔日本基準〕(連結)"")",,,,,,,,,,,6,,,,,,,,,,,,,https://www.release.tdnet.info/inbs/140120260512525809.pdf
20260515,4651,サニックスHD,説明資料,"=HYPERLINK(""https://www.release.tdnet.info/inbs/140120260515537218.pdf"", ""2026年3月期 決算説明資料"")","=HYPERLINK(""pdf_tmp/20260515/4651_1530_サニックスHD_2026年3月期 決算説明資料.pdf"", ""2026年3月期 決算説明資料"")",,,,,,,,,,,28,,,,,,,,,,,,,https://www.release.tdnet.info/inbs/140120260515537218.pdf
20260515,4659,エイジス,その他,"=HYPERLINK(""https://www.release.tdnet.info/inbs/140120260514535321.pdf"", ""2026年3月期通期業績予想と実績との差異に関するお知らせ"")","=HYPERLINK(""pdf_tmp/20260515/4659_1500_エイジス_2026年3月期通期業績予想と実績との差異に関するお知らせ.pdf"", ""2026年3月期通期業績予想と実績との差異に関するお知らせ"")",,,,,,,,,,,2,,,,,,,,,,,,,https://www.release.tdnet.info/inbs/140120260514535321.pdf
20260515,4718,早稲アカ,その他,"=HYPERLINK(""https://www.release.tdnet.info/inbs/140120260515536606.pdf"", ""役員向け業績連動型株式報酬制度の継続及び一部改定に関するお知らせ"")","=HYPERLINK(""pdf_tmp/20260515/4718_1530_早稲アカ_役員向け業績連動型株式報酬制度の継続及び一部改定に関するお知らせ.pdf"", ""役員向け業績連動型株式報酬制度の継続及び一部改定に関するお知らせ"")",,,,,,,,,,4 5,,,,,,,,,,,,,,https://www.release.tdnet.info/inbs/140120260515536606.pdf
20260515,475A,ギミック,その他,"=HYPERLINK(""https://www.release.tdnet.info/inbs/140120260514535854.pdf"", ""2026年3月期_決算説明動画及び書き起こし記事公開に関するお知らせ"")","=HYPERLINK(""pdf_tmp/20260515/475A_1600_ギミック_2026年3月期_決算説明動画及び書き起こし記事公開に関するお知らせ.pdf"", ""2026年3月期_決算説明動画及び書き起こし記事公開に関するお知らせ"")",,,,,,,,,,,11,,,,,,,,,,,,,https://www.release.tdnet.info/inbs/140120260514535854.pdf
20260515,4766,ピーエイ,決算短信,"=HYPERLINK(""https://www.release.tdnet.info/inbs/140120260429513610.pdf"", ""令和8年12月期第1四半期決算短信〔日本基準〕(連結)"")","=HYPERLINK(""pdf_tmp/20260515/4766_1600_ピーエイ_令和8年12月期第1四半期決算短信〔日本基準〕(連結).pdf"", ""令和8年12月期第1四半期決算短信〔日本基準〕(連結)"")",,,,,,,,,,,4,,,,,,,,,,,,,https://www.release.tdnet.info/inbs/140120260429513610.pdf
20260515,4777,ガーラ,決算短信,"=HYPERLINK(""https://www.release.tdnet.info/inbs/140120260430514644.pdf"", ""2026年12月期 第1四半期決算短信〔日本基準〕(連結)"")","=HYPERLINK(""pdf_tmp/20260515/4777_1615_ガーラ_2026年12月期 第1四半期決算短信〔日本基準〕(連結).pdf"", ""2026年12月期 第1四半期決算短信〔日本基準〕(連結)"")",,,,,,,,,,,4 5,,,,,,,,,,,,,https://www.release.tdnet.info/inbs/140120260430514644.pdf
20260515,4784,GMOインターネット,説明資料,"=HYPERLINK(""https://www.release.tdnet.info/inbs/140120260515537584.pdf"", ""2026年12月期 第1四半期決算説明資料"")","=HYPERLINK(""pdf_tmp/20260515/4784_1531_GMOインターネット_2026年12月期 第1四半期決算説明資料.pdf"", ""2026年12月期 第1四半期決算説明資料"")",,,,,,,,,,,,,,,,,,,,,,37,,https://www.release.tdnet.info/inbs/140120260515537584.pdf
20260515,479A,G-PRONI,その他,"=HYPERLINK(""https://www.release.tdnet.info/inbs/140120260515537173.pdf"", ""資金の借り入れに関するお知らせ"")","=HYPERLINK(""pdf_tmp/20260515/479A_1531_G-PRONI_資金の借り入れに関するお知らせ.pdf"", ""資金の借り入れに関するお知らせ"")",,,,,,,,,,,,,,,,,1,,,,,,,https://www.release.tdnet.info/inbs/140120260515537173.pdf
20260515,4833,G-Defコンサル,決算短信,"=HYPERLINK(""https://www.release.tdnet.info/inbs/140120260514532923.pdf"", ""2026年3月期 決算短信〔日本基準〕(非連結)"")","=HYPERLINK(""pdf_tmp/20260515/4833_1600_G-Defコンサル_2026年3月期 決算短信〔日本基準〕(非連結).pdf"", ""2026年3月期 決算短信〔日本基準〕(非連結)"")",,,,,,,,,,,4 6 7 8,,,,,,,,,,,,,https://www.release.tdnet.info/inbs/140120260514532923.pdf
20260515,4833,G-Defコンサル,その他,"=HYPERLINK(""https://www.release.tdnet.info/inbs/140120260514532943.pdf"", ""個別業績の前年実績との差異に関するお知らせ"")","=HYPERLINK(""pdf_tmp/20260515/4833_1600_G-Defコンサル_個別業績の前年実績との差異に関するお知らせ.pdf"", ""個別業績の前年実績との差異に関するお知らせ"")",,,,,,,,,,,1,,,,,,,,,,,,,https://www.release.tdnet.info/inbs/140120260514532943.pdf
20260515,4845,スカラ,決算短信,"=HYPERLINK(""https://www.release.tdnet.info/inbs/140120260514532136.pdf"", ""2026年6月期 第3四半期決算短信[IFRS](連結)"")","=HYPERLINK(""pdf_tmp/20260515/4845_1530_スカラ_2026年6月期 第3四半期決算短信[IFRS](連結).pdf"", ""2026年6月期 第3四半期決算短信[IFRS](連結)"")",,,,,,,,,,,,5,,,,,,,,,,,,https://www.release.tdnet.info/inbs/140120260514532136.pdf
20260515,4887,サワイグループHD,決算短信,"=HYPERLINK(""https://www.release.tdnet.info/inbs/140120260515537305.pdf"", ""2026年3月期決算短信〔IFRS〕(連結)"")","=HYPERLINK(""pdf_tmp/20260515/4887_1500_サワイグループHD_2026年3月期決算短信〔IFRS〕(連結).pdf"", ""2026年3月期決算短信〔IFRS〕(連結)"")",,5,,,,,,,,,,,,,,,,,,,,,,https://www.release.tdnet.info/inbs/140120260515537305.pdf
20260515,4891,G-ティムス,決算短信,"=HYPERLINK(""https://www.release.tdnet.info/inbs/140120260514534021.pdf"", ""2026年12月期 第1四半期決算短信〔日本基準〕(非連結)"")","=HYPERLINK(""pdf_tmp/20260515/4891_1530_G-ティムス_2026年12月期 第1四半期決算短信〔日本基準〕(非連結).pdf"", ""2026年12月期 第1四半期決算短信〔日本基準〕(非連結)"")",,,,,,,,,,,,,,,,,,,4,,,,,https://www.release.tdnet.info/inbs/140120260514534021.pdf
20260515,4894,G-クオリプス,決算短信,"=HYPERLINK(""https://www.release.tdnet.info/inbs/140120260515538276.pdf"", ""2026年3月期  決算短信〔日本基準〕(連結)"")","=HYPERLINK(""pdf_tmp/20260515/4894_1530_G-クオリプス_2026年3月期 決算短信〔日本基準〕(連結).pdf"", ""2026年3月期  決算短信〔日本基準〕(連結)"")",,,,,,,,,,,,,,,,,,,5,,,,,https://www.release.tdnet.info/inbs/140120260515538276.pdf
20260515,490A,P-センス・トラスト,決算短信,"=HYPERLINK(""https://www.release.tdnet.info/inbs/140120260515538613.pdf"", ""2026年3月期 決算短信〔日本基準〕(非連結)"")","=HYPERLINK(""pdf_tmp/20260515/490A_1600_P-センス・トラスト_2026年3月期 決算短信〔日本基準〕(非連結).pdf"", ""2026年3月期 決算短信〔日本基準〕(非連結)"")",,,,,,,,,,,,,,,,4,,,,,,,,https://www.release.tdnet.info/inbs/140120260515538613.pdf
20260515,4914,高砂香料,決算短信,"=HYPERLINK(""https://www.release.tdnet.info/inbs/140120260514535868.pdf"", ""2026年3月期 決算短信〔日本基準〕(連結)"")","=HYPERLINK(""pdf_tmp/20260515/4914_1600_高砂香料_2026年3月期 決算短信〔日本基準〕(連結).pdf"", ""2026年3月期 決算短信〔日本基準〕(連結)"")",,,,,,,,,,,6,,,,,,,,,,,,,https://www.release.tdnet.info/inbs/140120260514535868.pdf
20260515,4933,Ine,決算短信,"=HYPERLINK(""https://www.release.tdnet.info/inbs/140120260514535631.pdf"", ""2025年12月期 決算短信〔日本基準〕(連結)"")","=HYPERLINK(""pdf_tmp/20260515/4933_1130_Ine_2025年12月期 決算短信〔日本基準〕(連結).pdf"", ""2025年12月期 決算短信〔日本基準〕(連結)"")",,,,,,,,,,,6,,,,,,,,,,,,,https://www.release.tdnet.info/inbs/140120260514535631.pdf
20260515,4933,Ine,説明資料,"=HYPERLINK(""https://www.release.tdnet.info/inbs/140120260514535667.pdf"", ""2025年12月期決算説明資料"")","=HYPERLINK(""pdf_tmp/20260515/4933_1130_Ine_2025年12月期決算説明資料.pdf"", ""2025年12月期決算説明資料"")",,,,,,,,,,,2 5 6 9 10 19 29 32,,,,,,,,,,,,,https://www.release.tdnet.info/inbs/140120260514535667.pdf
20260515,4935,リベルタ,説明資料,"=HYPERLINK(""https://www.release.tdnet.info/inbs/140120260515538511.pdf"", ""2026年12月期第1四半期決算説明資料"")","=HYPERLINK(""pdf_tmp/20260515/4935_1600_リベルタ_2026年12月期第1四半期決算説明資料.pdf"", ""2026年12月期第1四半期決算説明資料"")",,,,,,,,,,,5 10,,,,,,,,,,,,,https://www.release.tdnet.info/inbs/140120260515538511.pdf
20260515,4994,大成ラミックG,決算短信,"=HYPERLINK(""https://www.release.tdnet.info/inbs/140120260514535524.pdf"", ""2026年3月期 決算短信〔日本基準〕(連結)"")","=HYPERLINK(""pdf_tmp/20260515/4994_1500_大成ラミックG_2026年3月期 決算短信〔日本基準〕(連結).pdf"", ""2026年3月期 決算短信〔日本基準〕(連結)"")",,,4,,,,,,,,,,,,,,,,,,,,,https://www.release.tdnet.info/inbs/140120260514535524.pdf
20260515,503A,P-ベルチャイルド,決算短信,"=HYPERLINK(""https://www.release.tdnet.info/inbs/140120260514534654.pdf"", ""2026年3月期 決算短信〔日本基準〕(連結)"")","=HYPERLINK(""pdf_tmp/20260515/503A_1700_P-ベルチャイルド_2026年3月期 決算短信〔日本基準〕(連結).pdf"", ""2026年3月期 決算短信〔日本基準〕(連結)"")",,,,,,,,,,,4,,,,,,,,,,,,,https://www.release.tdnet.info/inbs/140120260514534654.pdf
20260515,5072,P-アートフォース,決算短信,"=HYPERLINK(""https://www.release.tdnet.info/inbs/140120260514535912.pdf"", ""2026年12月期 第1四半期決算短信〔日本基準〕(連結)"")","=HYPERLINK(""pdf_tmp/20260515/5072_1500_P-アートフォース_2026年12月期 第1四半期決算短信〔日本基準〕(連結).pdf"", ""2026年12月期 第1四半期決算短信〔日本基準〕(連結)"")",,,,,,,,,,,4,,,,,,,,,,,,,https://www.release.tdnet.info/inbs/140120260514535912.pdf
20260515,5101,浜ゴム,その他,"=HYPERLINK(""https://www.release.tdnet.info/inbs/140120260513528040.pdf"", ""外部環境変化への対応とYX2026の進捗"")","=HYPERLINK(""pdf_tmp/20260515/5101_1400_浜ゴム_外部環境変化への対応とYX2026の進捗.pdf"", ""外部環境変化への対応とYX2026の進捗"")",,,,,,,3 12,,,,,,,,,,,,,,,,,https://www.release.tdnet.info/inbs/140120260513528040.pdf
20260515,5105,TOYO TIRE,決算短信,"=HYPERLINK(""https://www.release.tdnet.info/inbs/140120260514535056.pdf"", ""2026年12月期 第1四半期決算短信〔日本基準〕(連結)"")","=HYPERLINK(""pdf_tmp/20260515/5105_1100_TOYO TIRE_2026年12月期 第1四半期決算短信〔日本基準〕(連結).pdf"", ""2026年12月期 第1四半期決算短信〔日本基準〕(連結)"")",,,,,4,,,,,,,,,,,,,,,,,,,https://www.release.tdnet.info/inbs/140120260514535056.pdf
20260515,5189,桜ゴム,決算短信,"=HYPERLINK(""https://www.release.tdnet.info/inbs/140120260514535729.pdf"", ""2026年3月期 決算短信〔日本基準〕(連結)"")","=HYPERLINK(""pdf_tmp/20260515/5189_1330_桜ゴム_2026年3月期 決算短信〔日本基準〕(連結).pdf"", ""2026年3月期 決算短信〔日本基準〕(連結)"")",,,,,,,,,,,6,,,,,,,,,,,,,https://www.release.tdnet.info/inbs/140120260514535729.pdf
20260515,5216,倉元,説明資料,"=HYPERLINK(""https://www.release.tdnet.info/inbs/140120260514532206.pdf"", ""2026年12月期 第1四半期決算説明資料"")","=HYPERLINK(""pdf_tmp/20260515/5216_1540_倉元_2026年12月期 第1四半期決算説明資料.pdf"", ""2026年12月期 第1四半期決算説明資料"")",,,,,,,,,,,2 3,,,,,,,,,,,,,https://www.release.tdnet.info/inbs/140120260514532206.pdf
20260515,5237,ノザワ,その他,"=HYPERLINK(""https://www.release.tdnet.info/inbs/140120260514535734.pdf"", ""当社株式等の大規模買付行為に関する対応方針(継続)について"")","=HYPERLINK(""pdf_tmp/20260515/5237_1100_ノザワ_当社株式等の大規模買付行為に関する対応方針(継続)について.pdf"", ""当社株式等の大規模買付行為に関する対応方針(継続)について"")",,,,,,,,,,,,,,,,,,,,,2,,,https://www.release.tdnet.info/inbs/140120260514535734.pdf
20260515,5240,G-monoAI,決算短信,"=HYPERLINK(""https://www.release.tdnet.info/inbs/140120260514532532.pdf"", ""2026年12月期 第1四半期決算短信〔日本基準〕(連結)"")","=HYPERLINK(""pdf_tmp/20260515/5240_1600_G-monoAI_2026年12月期 第1四半期決算短信〔日本基準〕(連結).pdf"", ""2026年12月期 第1四半期決算短信〔日本基準〕(連結)"")",,,,,,,,,,,,,,,,4,,,,,,,,https://www.release.tdnet.info/inbs/140120260514532532.pdf
20260515,5241,日本オーエー研究所,決算短信,"=HYPERLINK(""https://www.release.tdnet.info/inbs/140120260515535997.pdf"", ""2026年12月期第1四半期決算短信〔日本基準〕(非連結)"")","=HYPERLINK(""pdf_tmp/20260515/5241_1600_日本オーエー研究所_2026年12月期第1四半期決算短信〔日本基準〕(非連結).pdf"", ""2026年12月期第1四半期決算短信〔日本基準〕(非連結)"")",,,,,,,,,,,,,,,,,,,4,,,,,https://www.release.tdnet.info/inbs/140120260515535997.pdf
20260515,5242,G-アイズ,説明資料,"=HYPERLINK(""https://www.release.tdnet.info/inbs/140120260513531056.pdf"", ""2026年12月期第1四半期決算説明資料"")","=HYPERLINK(""pdf_tmp/20260515/5242_1530_G-アイズ_2026年12月期第1四半期決算説明資料.pdf"", ""2026年12月期第1四半期決算説明資料"")",,,,,,,,,,,8,,,,,,,,,,,,,https://www.release.tdnet.info/inbs/140120260513531056.pdf
20260515,5252,G-日本ナレッジ,決算短信,"=HYPERLINK(""https://www.release.tdnet.info/inbs/140120260515536387.pdf"", ""2026年3月期 決算短信〔日本基準〕(連結)"")","=HYPERLINK(""pdf_tmp/20260515/5252_1500_G-日本ナレッジ_2026年3月期 決算短信〔日本基準〕(連結).pdf"", ""2026年3月期 決算短信〔日本基準〕(連結)"")",,,,,,,,,,,,,,,,,,,6,,,,,https://www.release.tdnet.info/inbs/140120260515536387.pdf
20260515,5255,G-モンスターラボ,決算短信,"=HYPERLINK(""https://www.release.tdnet.info/inbs/140120260515536440.pdf"", ""2026年12月期 第1四半期決算短信〔IFRS〕(連結)"")","=HYPERLINK(""pdf_tmp/20260515/5255_1600_G-モンスターラボ_2026年12月期 第1四半期決算短信〔IFRS〕(連結).pdf"", ""2026年12月期 第1四半期決算短信〔IFRS〕(連結)"")",,,,,,,,,,,8,,,,,,,,,,,,,https://www.release.tdnet.info/inbs/140120260515536440.pdf
20260515,5255,G-モンスターラボ,説明資料,"=HYPERLINK(""https://www.release.tdnet.info/inbs/140120260515536789.pdf"", ""2026年12月期 第1四半期決算説明資料"")","=HYPERLINK(""pdf_tmp/20260515/5255_1600_G-モンスターラボ_2026年12月期 第1四半期決算説明資料.pdf"", ""2026年12月期 第1四半期決算説明資料"")",,,,,,,,,,,17 18 24,,,,,,,,,,,,,https://www.release.tdnet.info/inbs/140120260515536789.pdf
20260515,5356,美濃窯業,その他,"=HYPERLINK(""https://www.release.tdnet.info/inbs/140120260515536414.pdf"", ""当社株式の大規模買付行為等への対応方針(買収への対応方針)の更新について"")","=HYPERLINK(""pdf_tmp/20260515/5356_1500_美濃窯業_当社株式の大規模買付行為等への対応方針(買収への対応方針)の更新について.pdf"", ""当社株式の大規模買付行為等への対応方針(買収への対応方針)の更新について"")",,,,,,,,,,,,,,,,,,,9,,,,,https://www.release.tdnet.info/inbs/140120260515536414.pdf
20260515,547A,ムニノバHD,その他,"=HYPERLINK(""https://www.release.tdnet.info/inbs/140120260514531803.pdf"", ""上場廃止となった子会社(アイフル株式会社)に関する決算開示について"")","=HYPERLINK(""pdf_tmp/20260515/547A_1530_ムニノバHD_上場廃止となった子会社(アイフル株式会社)に関する決算開示について.pdf"", ""上場廃止となった子会社(アイフル株式会社)に関する決算開示について"")",,,,,,,,,,,,,,,,,,,20,,,,,https://www.release.tdnet.info/inbs/140120260514531803.pdf
20260515,5530,日本システムバンク,予想の修正,"=HYPERLINK(""https://www.release.tdnet.info/inbs/140120260514532297.pdf"", ""通期連結業績予想の修正に関するお知らせ"")","=HYPERLINK(""pdf_tmp/20260515/5530_1530_日本システムバンク_通期連結業績予想の修正に関するお知らせ.pdf"", ""通期連結業績予想の修正に関するお知らせ"")",,,,,,,,,,,,,1,,,,,,,,,,,https://www.release.tdnet.info/inbs/140120260514532297.pdf
20260515,554A,G-バトンズ,決算短信,"=HYPERLINK(""https://www.release.tdnet.info/inbs/140120260515536852.pdf"", ""2026年3月期 決算短信〔日本基準〕(非連結)"")","=HYPERLINK(""pdf_tmp/20260515/554A_1530_G-バトンズ_2026年3月期 決算短信〔日本基準〕(非連結).pdf"", ""2026年3月期 決算短信〔日本基準〕(非連結)"")",,,,,,,,,,,4,,,,,,,,,,,,,https://www.release.tdnet.info/inbs/140120260515536852.pdf
20260515,5571,エキサイトHD,決算短信,"=HYPERLINK(""https://www.release.tdnet.info/inbs/140120260515537242.pdf"", ""2026年3月期 決算短信〔日本基準〕(連結)"")","=HYPERLINK(""pdf_tmp/20260515/5571_1530_エキサイトHD_2026年3月期 決算短信〔日本基準〕(連結).pdf"", ""2026年3月期 決算短信〔日本基準〕(連結)"")",,,,,,,,,,,4,,,,,,,,,,,,,https://www.release.tdnet.info/inbs/140120260515537242.pdf
20260515,5571,エキサイトHD,説明資料,"=HYPERLINK(""https://www.release.tdnet.info/inbs/140120260515537306.pdf"", ""2026年3月期 通期決算説明資料"")","=HYPERLINK(""pdf_tmp/20260515/5571_1530_エキサイトHD_2026年3月期 通期決算説明資料.pdf"", ""2026年3月期 通期決算説明資料"")",,,,,,,,,,5 6,,,,,,,,,,,,,,https://www.release.tdnet.info/inbs/140120260515537306.pdf
20260515,5588,G-ファーストA,説明資料,"=HYPERLINK(""https://www.release.tdnet.info/inbs/140120260515536747.pdf"", ""2026年12月期 第1四半期決算説明資料"")","=HYPERLINK(""pdf_tmp/20260515/5588_1200_G-ファーストA_2026年12月期 第1四半期決算説明資料.pdf"", ""2026年12月期 第1四半期決算説明資料"")",,,,,,,,,,,9,,,,,,,,,,,,,https://www.release.tdnet.info/inbs/140120260515536747.pdf
20260515,5591,G-AVILEN,説明資料,"=HYPERLINK(""https://www.release.tdnet.info/inbs/140120260515537996.pdf"", ""2026年12月期 第1四半期決算説明資料"")","=HYPERLINK(""pdf_tmp/20260515/5591_1530_G-AVILEN_2026年12月期 第1四半期決算説明資料.pdf"", ""2026年12月期 第1四半期決算説明資料"")",,,,,,,,,,,,,,,,,,,28,,,,,https://www.release.tdnet.info/inbs/140120260515537996.pdf
20260515,5619,G-マーソ,決算短信,"=HYPERLINK(""https://www.release.tdnet.info/inbs/140120260512526564.pdf"", ""2026年12月期 第1四半期決算短信〔日本基準〕(連結)"")","=HYPERLINK(""pdf_tmp/20260515/5619_1145_G-マーソ_2026年12月期 第1四半期決算短信〔日本基準〕(連結).pdf"", ""2026年12月期 第1四半期決算短信〔日本基準〕(連結)"")",,,,,,,,,,,4,,,,,,,,,,,,,https://www.release.tdnet.info/inbs/140120260512526564.pdf
20260515,5619,G-マーソ,説明資料,"=HYPERLINK(""https://www.release.tdnet.info/inbs/140120260514535059.pdf"", ""2026年12月期 第1四半期決算説明資料"")","=HYPERLINK(""pdf_tmp/20260515/5619_1145_G-マーソ_2026年12月期 第1四半期決算説明資料.pdf"", ""2026年12月期 第1四半期決算説明資料"")",,,,,,,,,,,4 12 37,,,,,,,,,,,,,https://www.release.tdnet.info/inbs/140120260514535059.pdf
20260515,5620,P-エスピーオー,決算短信,"=HYPERLINK(""https://www.release.tdnet.info/inbs/140120260515536025.pdf"", ""2026年3月期 決算短信〔日本基準〕(連結)"")","=HYPERLINK(""pdf_tmp/20260515/5620_1530_P-エスピーオー_2026年3月期 決算短信〔日本基準〕(連結).pdf"", ""2026年3月期 決算短信〔日本基準〕(連結)"")",,,,,,,,,,,,,,,,4,,,,,,,,https://www.release.tdnet.info/inbs/140120260515536025.pdf
20260515,5699,イボキン,説明資料,"=HYPERLINK(""https://www.release.tdnet.info/inbs/140120260515537621.pdf"", ""2026年12月期第1四半期 決算説明資料"")","=HYPERLINK(""pdf_tmp/20260515/5699_1500_イボキン_2026年12月期第1四半期 決算説明資料.pdf"", ""2026年12月期第1四半期 決算説明資料"")",,,,,,,,,,,19,,,,,,,,,,,,,https://www.release.tdnet.info/inbs/140120260515537621.pdf
20260515,5724,アサカ理研,決算短信,"=HYPERLINK(""https://www.release.tdnet.info/inbs/140120260515536180.pdf"", ""2026年9月期 第2四半期(中間期)決算短信〔日本基準〕(連結)"")","=HYPERLINK(""pdf_tmp/20260515/5724_1500_アサカ理研_2026年9月期 第2四半期(中間期)決算短信〔日本基準〕(連結).pdf"", ""2026年9月期 第2四半期(中間期)決算短信〔日本基準〕(連結)"")",,,,,,,5,,,,,,,,,,,,,,,,,https://www.release.tdnet.info/inbs/140120260515536180.pdf
20260515,5870,G-ナルネット,決算短信,"=HYPERLINK(""https://www.release.tdnet.info/inbs/140120260515537640.pdf"", ""2026年3月期 決算短信〔日本基準〕(非連結)"")","=HYPERLINK(""pdf_tmp/20260515/5870_1530_G-ナルネット_2026年3月期 決算短信〔日本基準〕(非連結).pdf"", ""2026年3月期 決算短信〔日本基準〕(非連結)"")",,,,,,,,,,,4,,,,,,,,,,,,,https://www.release.tdnet.info/inbs/140120260515537640.pdf
20260515,5918,滝上工,その他,"=HYPERLINK(""https://www.release.tdnet.info/inbs/140120260513530298.pdf"", ""「瀧上グループ中期経営計画」の見直しに関するお知らせ"")","=HYPERLINK(""pdf_tmp/20260515/5918_1500_滝上工_「瀧上グループ中期経営計画」の見直しに関するお知らせ.pdf"", ""「瀧上グループ中期経営計画」の見直しに関するお知らせ"")",,,,,,,,,,2,,,,,,,,,,,,,,https://www.release.tdnet.info/inbs/140120260513530298.pdf
20260515,5923,高田機工,その他,"=HYPERLINK(""https://www.release.tdnet.info/inbs/140120260515537335.pdf"", ""長期ビジョン「VISION2035」の策定に関するお知らせ"")","=HYPERLINK(""pdf_tmp/20260515/5923_1300_高田機工_長期ビジョン「VISION2035」の策定に関するお知らせ.pdf"", ""長期ビジョン「VISION2035」の策定に関するお知らせ"")",,,,,,,,,,,13,,,,,,,,,,,,,https://www.release.tdnet.info/inbs/140120260515537335.pdf
20260515,5949,ユニプレス,その他,"=HYPERLINK(""https://www.release.tdnet.info/inbs/140120260515536197.pdf"", ""中期経営方針の策定に関するお知らせ"")","=HYPERLINK(""pdf_tmp/20260515/5949_1600_ユニプレス_中期経営方針の策定に関するお知らせ.pdf"", ""中期経営方針の策定に関するお知らせ"")",,,,,,,,,,,8 16 31,,,,,,,,,,,,,https://www.release.tdnet.info/inbs/140120260515536197.pdf
20260515,5966,京都機械工具,資本コストや株価,"=HYPERLINK(""https://www.release.tdnet.info/inbs/140120260514535147.pdf"", ""新5ヵ年計画 Restart KTC vision 2030の策定並びに資本コストや株価を意識した経営の実現に向けた対応に関するお知らせ"")","=HYPERLINK(""pdf_tmp/20260515/5966_1400_京都機械工具_新5ヵ年計画 Restart KTC vision 2030の策定並びに資本コストや株価を意識した経営の実現に向けた対応に関するお知らせ.pdf"", ""新5ヵ年計画 Restart KTC vision 2030の策定並びに資本コストや株価を意識した経営の実現に向けた対応に関するお知らせ"")",,,,,,,,,,25,,,,,,,,,,,,,,https://www.release.tdnet.info/inbs/140120260514535147.pdf
20260515,5983,イワブチ,説明資料,"=HYPERLINK(""https://www.release.tdnet.info/inbs/140120260515536350.pdf"", ""2026年3月期 決算説明資料(資本コストや株価を意識した経営の実現に向けた対応について)"")","=HYPERLINK(""pdf_tmp/20260515/5983_1545_イワブチ_2026年3月期 決算説明資料(資本コストや株価を意識した経営の実現に向けた対応について).pdf"", ""2026年3月期 決算説明資料(資本コストや株価を意識した経営の実現に向けた対応について)"")",,,6,,,,,,,,,,,,,,,,,,,,,https://www.release.tdnet.info/inbs/140120260515536350.pdf
20260515,5998,アドバネクス,決算短信,"=HYPERLINK(""https://www.release.tdnet.info/inbs/140120260514534308.pdf"", ""2026年3月期 決算短信〔日本基準〕(連結)"")","=HYPERLINK(""pdf_tmp/20260515/5998_1600_アドバネクス_2026年3月期 決算短信〔日本基準〕(連結).pdf"", ""2026年3月期 決算短信〔日本基準〕(連結)"")",,,,,,,,,,,,,,,,,,,4 5,,,,,https://www.release.tdnet.info/inbs/140120260514534308.pdf
20260515,6035,IRJapan HD,その他,"=HYPERLINK(""https://www.release.tdnet.info/inbs/140120260514535334.pdf"", ""株主提案に対する当社取締役会意見に関するお知らせ"")","=HYPERLINK(""pdf_tmp/20260515/6035_1345_IRJapan HD_株主提案に対する当社取締役会意見に関するお知らせ.pdf"", ""株主提案に対する当社取締役会意見に関するお知らせ"")",,,,,,,,,,,2 3,,,,,,,,,,,,,https://www.release.tdnet.info/inbs/140120260514535334.pdf
20260515,6038,G-イード,決算短信,"=HYPERLINK(""https://www.release.tdnet.info/inbs/140120260515537067.pdf"", ""2026年6月期第3四半期決算短信〔日本基準〕(連結)"")","=HYPERLINK(""pdf_tmp/20260515/6038_1530_G-イード_2026年6月期第3四半期決算短信〔日本基準〕(連結).pdf"", ""2026年6月期第3四半期決算短信〔日本基準〕(連結)"")",,,,,,,,,,,,,,,,,,,4,,,,,https://www.release.tdnet.info/inbs/140120260515537067.pdf
20260515,6039,G-日本動物高度医療,決算短信,"=HYPERLINK(""https://www.release.tdnet.info/inbs/140120260515538201.pdf"", ""2026年3月期 決算短信〔日本基準〕(連結)"")","=HYPERLINK(""pdf_tmp/20260515/6039_1600_G-日本動物高度医療_2026年3月期 決算短信〔日本基準〕(連結).pdf"", ""2026年3月期 決算短信〔日本基準〕(連結)"")",,,4,,,,,,,,,,,,,,,,,,,,,https://www.release.tdnet.info/inbs/140120260515538201.pdf
20260515,6054,リブセンス,説明資料,"=HYPERLINK(""https://www.release.tdnet.info/inbs/140120260514534436.pdf"", ""2026年12月期第1四半期決算補足説明資料"")","=HYPERLINK(""pdf_tmp/20260515/6054_1400_リブセンス_2026年12月期第1四半期決算補足説明資料.pdf"", ""2026年12月期第1四半期決算補足説明資料"")",,,,,,,,,,,31,,,,,,,,,,,,,https://www.release.tdnet.info/inbs/140120260514534436.pdf
20260515,6071,IBJ,決算短信,"=HYPERLINK(""https://www.release.tdnet.info/inbs/140120260515537955.pdf"", ""2026年12月期 第1四半期決算短信〔日本基準〕(連結)"")","=HYPERLINK(""pdf_tmp/20260515/6071_1530_IBJ_2026年12月期 第1四半期決算短信〔日本基準〕(連結).pdf"", ""2026年12月期 第1四半期決算短信〔日本基準〕(連結)"")",,,,,,,,,,,4 5,,,,,,,,,,,,,https://www.release.tdnet.info/inbs/140120260515537955.pdf
20260515,6081,G-アライドアーキ,決算短信,"=HYPERLINK(""https://www.release.tdnet.info/inbs/140120260503517144.pdf"", ""2026年12月期 第1四半期決算短信〔日本基準〕(連結)"")","=HYPERLINK(""pdf_tmp/20260515/6081_1600_G-アライドアーキ_2026年12月期 第1四半期決算短信〔日本基準〕(連結).pdf"", ""2026年12月期 第1四半期決算短信〔日本基準〕(連結)"")",,,,,,,,,,,4,,,,,,,,,,,,,https://www.release.tdnet.info/inbs/140120260503517144.pdf
20260515,6092,エンバイオHD,説明資料,"=HYPERLINK(""https://www.release.tdnet.info/inbs/140120260514535573.pdf"", ""2026年3月期決算説明資料"")","=HYPERLINK(""pdf_tmp/20260515/6092_1600_エンバイオHD_2026年3月期決算説明資料.pdf"", ""2026年3月期決算説明資料"")",,,,,,,,,,,8 11 12 14 21 34,,,,,,,,,,,,,https://www.release.tdnet.info/inbs/140120260514535573.pdf
20260515,6098,リクルートHD,その他,"=HYPERLINK(""https://www.release.tdnet.info/inbs/140120260513530588.pdf"", ""2026年3月期 通期決算説明"")","=HYPERLINK(""pdf_tmp/20260515/6098_1530_リクルートHD_2026年3月期 通期決算説明.pdf"", ""2026年3月期 通期決算説明"")",,,,,,,,,,,80,,,,,,,,,,,,,https://www.release.tdnet.info/inbs/140120260513530588.pdf
20260515,6098,リクルートHD,決算短信,"=HYPERLINK(""https://www.release.tdnet.info/inbs/140120260501516040.pdf"", ""2026年3月期決算短信〔IFRS〕(連結)"")","=HYPERLINK(""pdf_tmp/20260515/6098_1530_リクルートHD_2026年3月期決算短信〔IFRS〕(連結).pdf"", ""2026年3月期決算短信〔IFRS〕(連結)"")",,,,,,,,,,,2 15,,,,,,,,,,,,,https://www.release.tdnet.info/inbs/140120260501516040.pdf
20260515,6118,アイダ,決算短信,"=HYPERLINK(""https://www.release.tdnet.info/inbs/140120260515536439.pdf"", ""2026年3月期決算短信〔日本基準〕(連結)"")","=HYPERLINK(""pdf_tmp/20260515/6118_1600_アイダ_2026年3月期決算短信〔日本基準〕(連結).pdf"", ""2026年3月期決算短信〔日本基準〕(連結)"")",,,,,,,,,,,,,,,,,,,4,,,,,https://www.release.tdnet.info/inbs/140120260515536439.pdf
20260515,6145,NITTOKU,その他,"=HYPERLINK(""https://www.release.tdnet.info/inbs/140120260514535516.pdf"", ""2025年3月期 業績予想と実績値との差異に関するお知らせ"")","=HYPERLINK(""pdf_tmp/20260515/6145_1800_NITTOKU_2025年3月期 業績予想と実績値との差異に関するお知らせ.pdf"", ""2025年3月期 業績予想と実績値との差異に関するお知らせ"")",,,,2,,,,,,,,,,,,,,,,,,,,https://www.release.tdnet.info/inbs/140120260514535516.pdf
20260515,6167,冨士ダイス,その他,"=HYPERLINK(""https://www.release.tdnet.info/inbs/140120260515538012.pdf"", ""2026年3月期通期連結業績予想と実績値との差異に関するお知らせ"")","=HYPERLINK(""pdf_tmp/20260515/6167_1530_冨士ダイス_2026年3月期通期連結業績予想と実績値との差異に関するお知らせ.pdf"", ""2026年3月期通期連結業績予想と実績値との差異に関するお知らせ"")",,,,,,,,,,1,,,,,,,,,,,,,,https://www.release.tdnet.info/inbs/140120260515538012.pdf
20260515,6189,グローバルキッズC,説明資料,"=HYPERLINK(""https://www.release.tdnet.info/inbs/140120260515537942.pdf"", ""2026年9月期第2四半期決算説明資料"")","=HYPERLINK(""pdf_tmp/20260515/6189_1530_グローバルキッズC_2026年9月期第2四半期決算説明資料.pdf"", ""2026年9月期第2四半期決算説明資料"")",,,,,,,,,,,4 7 21,,,,,,,,,,,,,https://www.release.tdnet.info/inbs/140120260515537942.pdf
20260515,6191,エアトリ,決算短信,"=HYPERLINK(""https://www.release.tdnet.info/inbs/140120260515537680.pdf"", ""2026年9月期 第2四半期 決算短信(IFRS)(連結)"")","=HYPERLINK(""pdf_tmp/20260515/6191_1530_エアトリ_2026年9月期 第2四半期 決算短信(IFRS)(連結).pdf"", ""2026年9月期 第2四半期 決算短信(IFRS)(連結)"")",,,,,,,,,,,,,,,4,,,,,,,,,https://www.release.tdnet.info/inbs/140120260515537680.pdf
20260515,6198,G-キャリア,決算短信,"=HYPERLINK(""https://www.release.tdnet.info/inbs/140120260515537577.pdf"", ""2026年9月期 第2四半期(中間期)決算短信 〔日本基準〕(連結)"")","=HYPERLINK(""pdf_tmp/20260515/6198_1600_G-キャリア_2026年9月期 第2四半期(中間期)決算短信 〔日本基準〕(連結).pdf"", ""2026年9月期 第2四半期(中間期)決算短信 〔日本基準〕(連結)"")",,,,,,,,,,,4,,,,,,,,,,,,,https://www.release.tdnet.info/inbs/140120260515537577.pdf
20260515,6229,オーケーエム,決算短信,"=HYPERLINK(""https://www.release.tdnet.info/inbs/140120260514535534.pdf"", ""2026年3月期 決算短信〔日本基準〕(連結)"")","=HYPERLINK(""pdf_tmp/20260515/6229_1400_オーケーエム_2026年3月期 決算短信〔日本基準〕(連結).pdf"", ""2026年3月期 決算短信〔日本基準〕(連結)"")",,,,,,,,,,,5,,,,,,,,,,,,,https://www.release.tdnet.info/inbs/140120260514535534.pdf
20260515,6247,日阪製作,その他,"=HYPERLINK(""https://www.release.tdnet.info/inbs/140120260515537824.pdf"", ""通期個別業績の前事業年度実績値と当事業年度実績値との差異に関するお知らせ"")","=HYPERLINK(""pdf_tmp/20260515/6247_1430_日阪製作_通期個別業績の前事業年度実績値と当事業年度実績値との差異に関するお知らせ.pdf"", ""通期個別業績の前事業年度実績値と当事業年度実績値との差異に関するお知らせ"")",,,,,,,,,,,1,,,,,,,,,,,,,https://www.release.tdnet.info/inbs/140120260515537824.pdf
20260515,6265,コンバム,決算短信,"=HYPERLINK(""https://www.release.tdnet.info/inbs/140120260515536415.pdf"", ""2026年12月期 第1四半期決算短信〔日本基準〕(連結)"")","=HYPERLINK(""pdf_tmp/20260515/6265_1530_コンバム_2026年12月期 第1四半期決算短信〔日本基準〕(連結).pdf"", ""2026年12月期 第1四半期決算短信〔日本基準〕(連結)"")",,,,,,,,,,,,,,,4,,,,,,,,,https://www.release.tdnet.info/inbs/140120260515536415.pdf
20260515,6307,サンセイ,決算短信,"=HYPERLINK(""https://www.release.tdnet.info/inbs/140120260514532633.pdf"", ""2026年3月期 決算短信〔日本基準〕(連結)"")","=HYPERLINK(""pdf_tmp/20260515/6307_1530_サンセイ_2026年3月期 決算短信〔日本基準〕(連結).pdf"", ""2026年3月期 決算短信〔日本基準〕(連結)"")",,,,,,2,,,,,,,,,,,,,,,,,,https://www.release.tdnet.info/inbs/140120260514532633.pdf
20260515,6347,プラコー,決算短信,"=HYPERLINK(""https://www.release.tdnet.info/inbs/140120260513527877.pdf"", ""2026年3月期 決算短信〔日本基準〕(連結)"")","=HYPERLINK(""pdf_tmp/20260515/6347_1530_プラコー_2026年3月期 決算短信〔日本基準〕(連結).pdf"", ""2026年3月期 決算短信〔日本基準〕(連結)"")",,,,,,,,,,,5 6,,,,,,,,,,,,,https://www.release.tdnet.info/inbs/140120260513527877.pdf
20260515,6365,電業社,決算短信,"=HYPERLINK(""https://www.release.tdnet.info/inbs/140120260514535157.pdf"", ""2026年3月期 決算短信〔日本基準〕(連結)"")","=HYPERLINK(""pdf_tmp/20260515/6365_1400_電業社_2026年3月期 決算短信〔日本基準〕(連結).pdf"", ""2026年3月期 決算短信〔日本基準〕(連結)"")",,,,,,,,,,19,,,,,,,,,,,,,,https://www.release.tdnet.info/inbs/140120260514535157.pdf
20260515,6463,TPR,決算短信,"=HYPERLINK(""https://www.release.tdnet.info/inbs/140120260515536125.pdf"", ""2026年3月期 決算短信〔日本基準〕(連結)"")","=HYPERLINK(""pdf_tmp/20260515/6463_1500_TPR_2026年3月期 決算短信〔日本基準〕(連結).pdf"", ""2026年3月期 決算短信〔日本基準〕(連結)"")",,,,,,,,,,,5,,,,,,,,,,,,,https://www.release.tdnet.info/inbs/140120260515536125.pdf
20260515,6482,YUSHIN,決算短信,"=HYPERLINK(""https://www.release.tdnet.info/inbs/140120260514533890.pdf"", ""2026年3月期 決算短信〔日本基準〕(連結)"")","=HYPERLINK(""pdf_tmp/20260515/6482_1530_YUSHIN_2026年3月期 決算短信〔日本基準〕(連結).pdf"", ""2026年3月期 決算短信〔日本基準〕(連結)"")",,,,,,,,,,,,,,,,,,5,,,,,,https://www.release.tdnet.info/inbs/140120260514533890.pdf
20260515,6494,NFK-HD,その他,"=HYPERLINK(""https://www.release.tdnet.info/inbs/140120260515536351.pdf"", ""2026年3月期通期業績予想値と実績値との差異に関するお知らせ"")","=HYPERLINK(""pdf_tmp/20260515/6494_1600_NFK-HD_2026年3月期通期業績予想値と実績値との差異に関するお知らせ.pdf"", ""2026年3月期通期業績予想値と実績値との差異に関するお知らせ"")",,,,,,,,,,,1,,,,,,,,,,,,,https://www.release.tdnet.info/inbs/140120260515536351.pdf
20260515,6527,P-ワカ製作所,決算短信,"=HYPERLINK(""https://www.release.tdnet.info/inbs/140120260515537771.pdf"", ""2026年9月期 中間決算短信〔日本基準〕(非連結)"")","=HYPERLINK(""pdf_tmp/20260515/6527_1600_P-ワカ製作所_2026年9月期 中間決算短信〔日本基準〕(非連結).pdf"", ""2026年9月期 中間決算短信〔日本基準〕(非連結)"")",,,4,,,,,,,,,,,,,,,,,,,,,https://www.release.tdnet.info/inbs/140120260515537771.pdf
20260515,6533,オーケストラHD,説明資料,"=HYPERLINK(""https://www.release.tdnet.info/inbs/140120260515536924.pdf"", ""2026年12月期 第1四半期 決算説明資料"")","=HYPERLINK(""pdf_tmp/20260515/6533_1530_オーケストラHD_2026年12月期 第1四半期 決算説明資料.pdf"", ""2026年12月期 第1四半期 決算説明資料"")",,,,,,,,,,21,,,,,,,,,,,,,,https://www.release.tdnet.info/inbs/140120260515536924.pdf
20260515,6545,G-IIF,説明資料,"=HYPERLINK(""https://www.release.tdnet.info/inbs/140120260514532318.pdf"", ""2026年3月期決算補足説明資料"")","=HYPERLINK(""pdf_tmp/20260515/6545_1600_G-IIF_2026年3月期決算補足説明資料.pdf"", ""2026年3月期決算補足説明資料"")",,,,,,,,,,,,,,,,,,,20,,,,,https://www.release.tdnet.info/inbs/140120260514532318.pdf
20260515,6564,ミダックHD,決算短信,"=HYPERLINK(""https://www.release.tdnet.info/inbs/140120260514535096.pdf"", ""2026年3月期 決算短信[日本基準](連結)"")","=HYPERLINK(""pdf_tmp/20260515/6564_1530_ミダックHD_2026年3月期 決算短信[日本基準](連結).pdf"", ""2026年3月期 決算短信[日本基準](連結)"")",,,,4,,,,,,,,,,,,,,,,,,,,https://www.release.tdnet.info/inbs/140120260514535096.pdf
20260515,6573,G-CRAVIA,決算短信,"=HYPERLINK(""https://www.release.tdnet.info/inbs/140120260513530906.pdf"", ""2026年12月期 第1四半期 決算短信〔日本基準〕(連結)"")","=HYPERLINK(""pdf_tmp/20260515/6573_1600_G-CRAVIA_2026年12月期 第1四半期 決算短信〔日本基準〕(連結).pdf"", ""2026年12月期 第1四半期 決算短信〔日本基準〕(連結)"")",,,,,,,,,,,10,,,,,,,,,,,,,https://www.release.tdnet.info/inbs/140120260513530906.pdf
20260515,6579,G-ログリー,説明資料,"=HYPERLINK(""https://www.release.tdnet.info/inbs/140120260515538798.pdf"", ""2026年3月期 通期決算説明資料"")","=HYPERLINK(""pdf_tmp/20260515/6579_1630_G-ログリー_2026年3月期 通期決算説明資料.pdf"", ""2026年3月期 通期決算説明資料"")",,,,,,,,,,,7,,,,,,,,,,,,,https://www.release.tdnet.info/inbs/140120260515538798.pdf
20260515,6580,G-ライトアップ,決算短信,"=HYPERLINK(""https://www.release.tdnet.info/inbs/140120260515538437.pdf"", ""2026年3月期 決算短信〔日本基準〕(連結)"")","=HYPERLINK(""pdf_tmp/20260515/6580_1550_G-ライトアップ_2026年3月期 決算短信〔日本基準〕(連結).pdf"", ""2026年3月期 決算短信〔日本基準〕(連結)"")",,,,,,,,,,,,,,,,,,,5,,,,,https://www.release.tdnet.info/inbs/140120260515538437.pdf
20260515,6580,G-ライトアップ,その他,"=HYPERLINK(""https://www.release.tdnet.info/inbs/140120260515538228.pdf"", ""特別損失の計上、連結業績予想値と決算値との差異及び個別業績と前期実績値との差異に関するお知らせ"")","=HYPERLINK(""pdf_tmp/20260515/6580_1550_G-ライトアップ_特別損失の計上、連結業績予想値と決算値との差異及び個別業績と前期実績値との差異に関するお知らせ.pdf"", ""特別損失の計上、連結業績予想値と決算値との差異及び個別業績と前期実績値との差異に関するお知らせ"")",,,,,,,,,,1,,,,,,,,,,,,,,https://www.release.tdnet.info/inbs/140120260515538228.pdf
20260515,6597,G-HPCシステムズ,決算短信,"=HYPERLINK(""https://www.release.tdnet.info/inbs/140120260515536128.pdf"", ""2026年6月期第3四半期決算短信〔日本基準〕(連結)"")","=HYPERLINK(""pdf_tmp/20260515/6597_1530_G-HPCシステムズ_2026年6月期第3四半期決算短信〔日本基準〕(連結).pdf"", ""2026年6月期第3四半期決算短信〔日本基準〕(連結)"")",,,,4,,,,,,,,,,,,,,,,,,,,https://www.release.tdnet.info/inbs/140120260515536128.pdf
20260515,6630,ヤーマン,決算短信,"=HYPERLINK(""https://www.release.tdnet.info/inbs/140120260514534244.pdf"", ""2026年12月期 第1四半期決算短信〔日本基準〕(連結)"")","=HYPERLINK(""pdf_tmp/20260515/6630_1530_ヤーマン_2026年12月期 第1四半期決算短信〔日本基準〕(連結).pdf"", ""2026年12月期 第1四半期決算短信〔日本基準〕(連結)"")",,,,,,,,,,,4 5,,,,,,,,,,,,,https://www.release.tdnet.info/inbs/140120260514534244.pdf
20260515,6666,リバーエレテク,決算短信,"=HYPERLINK(""https://www.release.tdnet.info/inbs/140120260501517050.pdf"", ""2026年3月期 決算短信〔日本基準〕(連結)"")","=HYPERLINK(""pdf_tmp/20260515/6666_1540_リバーエレテク_2026年3月期 決算短信〔日本基準〕(連結).pdf"", ""2026年3月期 決算短信〔日本基準〕(連結)"")",,,,,,,,,,,4,,,,,,,,,,,,,https://www.release.tdnet.info/inbs/140120260501517050.pdf
20260515,6666,リバーエレテク,その他,"=HYPERLINK(""https://www.release.tdnet.info/inbs/140120260513528039.pdf"", ""2026年3月期通期連結業績予想値と実績値との差異に関するお知らせ"")","=HYPERLINK(""pdf_tmp/20260515/6666_1540_リバーエレテク_2026年3月期通期連結業績予想値と実績値との差異に関するお知らせ.pdf"", ""2026年3月期通期連結業績予想値と実績値との差異に関するお知らせ"")",,,,,,,,,,,1,,,,,,,,,,,,,https://www.release.tdnet.info/inbs/140120260513528039.pdf
20260515,6706,電気興,決算短信,"=HYPERLINK(""https://www.release.tdnet.info/inbs/140120260515538128.pdf"", ""2026年3月期決算短信〔日本基準〕(連結)"")","=HYPERLINK(""pdf_tmp/20260515/6706_1600_電気興_2026年3月期決算短信〔日本基準〕(連結).pdf"", ""2026年3月期決算短信〔日本基準〕(連結)"")",,,,,,,,,,,,,,,,4,,,,,,,,https://www.release.tdnet.info/inbs/140120260515538128.pdf
20260515,6707,サンケン電,その他,"=HYPERLINK(""https://www.release.tdnet.info/inbs/140120260515537726.pdf"", ""2026年3月期 決算説明会資料"")","=HYPERLINK(""pdf_tmp/20260515/6707_1530_サンケン電_2026年3月期 決算説明会資料.pdf"", ""2026年3月期 決算説明会資料"")",,,,,,,,,,,7,,,,,,,,,,,,,https://www.release.tdnet.info/inbs/140120260515537726.pdf
20260515,6736,サン電子,説明資料,"=HYPERLINK(""https://www.release.tdnet.info/inbs/140120260515538205.pdf"", ""2026年3月期 決算補足説明資料"")","=HYPERLINK(""pdf_tmp/20260515/6736_1600_サン電子_2026年3月期 決算補足説明資料.pdf"", ""2026年3月期 決算補足説明資料"")",,,,,,,,,,,,,,,,,,,4,,,,,https://www.release.tdnet.info/inbs/140120260515538205.pdf
20260515,6750,エレコム,決算短信,"=HYPERLINK(""https://www.release.tdnet.info/inbs/140120260331594026.pdf"", ""2026年3月期 決算短信〔日本基準](連結)"")","=HYPERLINK(""pdf_tmp/20260515/6750_1530_エレコム_2026年3月期 決算短信〔日本基準](連結).pdf"", ""2026年3月期 決算短信〔日本基準](連結)"")",,,4 6,,,,,,,,,,,,,,,,,,,,,https://www.release.tdnet.info/inbs/140120260331594026.pdf
20260515,6777,santecHD,決算短信,"=HYPERLINK(""https://www.release.tdnet.info/inbs/140120260515536599.pdf"", ""2026年3月期決算短信〔日本基準〕(連結)"")","=HYPERLINK(""pdf_tmp/20260515/6777_1540_santecHD_2026年3月期決算短信〔日本基準〕(連結).pdf"", ""2026年3月期決算短信〔日本基準〕(連結)"")",,,,,,,,,,,4,,,,,,,,,,,,,https://www.release.tdnet.info/inbs/140120260515536599.pdf
20260515,6820,アイコム,決算短信,"=HYPERLINK(""https://www.release.tdnet.info/inbs/140120260515536144.pdf"", ""2026年3月期決算短信〔日本基準〕(連結)"")","=HYPERLINK(""pdf_tmp/20260515/6820_1530_アイコム_2026年3月期決算短信〔日本基準〕(連結).pdf"", ""2026年3月期決算短信〔日本基準〕(連結)"")",,,,,,,,,,,,,,,,,,5,,,,,,https://www.release.tdnet.info/inbs/140120260515536144.pdf
20260515,6820,アイコム,その他,"=HYPERLINK(""https://www.release.tdnet.info/inbs/140120260515536179.pdf"", ""2026年3月期通期連結業績予想と実績との差異及び剰余金の配当に関するお知らせ"")","=HYPERLINK(""pdf_tmp/20260515/6820_1530_アイコム_2026年3月期通期連結業績予想と実績との差異及び剰余金の配当に関するお知らせ.pdf"", ""2026年3月期通期連結業績予想と実績との差異及び剰余金の配当に関するお知らせ"")",,,,,,1,,,,,,,,,,,,,,,,,,https://www.release.tdnet.info/inbs/140120260515536179.pdf
20260515,6822,大井電気,決算短信,"=HYPERLINK(""https://www.release.tdnet.info/inbs/140120260515538434.pdf"", ""2026年3月期 決算短信〔日本基準〕(連結)"")","=HYPERLINK(""pdf_tmp/20260515/6822_1530_大井電気_2026年3月期 決算短信〔日本基準〕(連結).pdf"", ""2026年3月期 決算短信〔日本基準〕(連結)"")",,,,,,,,,,,4,,,,,,,,,,,,,https://www.release.tdnet.info/inbs/140120260515538434.pdf
20260515,6836,プラット,決算短信,"=HYPERLINK(""https://www.release.tdnet.info/inbs/140120260514535814.pdf"", ""2026年3月期 決算短信〔日本基準〕(連結)"")","=HYPERLINK(""pdf_tmp/20260515/6836_1600_プラット_2026年3月期 決算短信〔日本基準〕(連結).pdf"", ""2026年3月期 決算短信〔日本基準〕(連結)"")",,,,,,,,,,,2,,,,,,,,,,,,,https://www.release.tdnet.info/inbs/140120260514535814.pdf
20260515,6836,プラット,その他,"=HYPERLINK(""https://www.release.tdnet.info/inbs/140120260514535817.pdf"", ""通期連結業績予想と実績値との差異に関するお知らせ"")","=HYPERLINK(""pdf_tmp/20260515/6836_1600_プラット_通期連結業績予想と実績値との差異に関するお知らせ.pdf"", ""通期連結業績予想と実績値との差異に関するお知らせ"")",,,,,,,,,,,1,,,,,,,,,,,,,https://www.release.tdnet.info/inbs/140120260514535817.pdf
20260515,6840,AKIBA,決算短信,"=HYPERLINK(""https://www.release.tdnet.info/inbs/140120260514535010.pdf"", ""2026年3月期 決算短信〔日本基準〕(連結)"")","=HYPERLINK(""pdf_tmp/20260515/6840_1600_AKIBA_2026年3月期 決算短信〔日本基準〕(連結).pdf"", ""2026年3月期 決算短信〔日本基準〕(連結)"")",,,,,,,,,,,5,,,,,,,,,,,,,https://www.release.tdnet.info/inbs/140120260514535010.pdf
20260515,6907,ジオマテック,その他,"=HYPERLINK(""https://www.release.tdnet.info/inbs/140120260515536641.pdf"", ""繰延税金資産の計上及び業績予想と実績値との差異に関するお知らせ"")","=HYPERLINK(""pdf_tmp/20260515/6907_1600_ジオマテック_繰延税金資産の計上及び業績予想と実績値との差異に関するお知らせ.pdf"", ""繰延税金資産の計上及び業績予想と実績値との差異に関するお知らせ"")",,,,,,,,,,,,1,,,,,,,,,,,,https://www.release.tdnet.info/inbs/140120260515536641.pdf
20260515,6943,NKK,決算短信,"=HYPERLINK(""https://www.release.tdnet.info/inbs/140120260424510300.pdf"", ""2026年3月期 決算短信〔日本基準〕(連結)"")","=HYPERLINK(""pdf_tmp/20260515/6943_1600_NKK_2026年3月期 決算短信〔日本基準〕(連結).pdf"", ""2026年3月期 決算短信〔日本基準〕(連結)"")",,,,,,,,,,,,,,,2 4,,,,,,,,,https://www.release.tdnet.info/inbs/140120260424510300.pdf
20260515,6964,サンコー,決算短信,"=HYPERLINK(""https://www.release.tdnet.info/inbs/140120260507517862.pdf"", ""2026年3月期 決算短信〔日本基準〕(連結)"")","=HYPERLINK(""pdf_tmp/20260515/6964_1600_サンコー_2026年3月期 決算短信〔日本基準〕(連結).pdf"", ""2026年3月期 決算短信〔日本基準〕(連結)"")",,,,,,,,,,,,4,,,,,,,,,,,,https://www.release.tdnet.info/inbs/140120260507517862.pdf
20260515,6982,リード,決算短信,"=HYPERLINK(""https://www.release.tdnet.info/inbs/140120260515536079.pdf"", ""2026年3月期 決算短信 [日本基準](非連結)"")","=HYPERLINK(""pdf_tmp/20260515/6982_1200_リード_2026年3月期 決算短信 [日本基準](非連結).pdf"", ""2026年3月期 決算短信 [日本基準](非連結)"")",,,,,,,,,,,,,,,,,,,4 6,,,,,https://www.release.tdnet.info/inbs/140120260515536079.pdf
20260515,6994,指月電,説明資料,"=HYPERLINK(""https://www.release.tdnet.info/inbs/140120260501515833.pdf"", ""2026年3月期(2025年度)通期 決算説明資料"")","=HYPERLINK(""pdf_tmp/20260515/6994_1300_指月電_2026年3月期(2025年度)通期 決算説明資料.pdf"", ""2026年3月期(2025年度)通期 決算説明資料"")",,,,4 8,,,,,,,,,,,,,,,,,,,,https://www.release.tdnet.info/inbs/140120260501515833.pdf
20260515,6995,東海理電,決算短信,"=HYPERLINK(""https://www.release.tdnet.info/inbs/140120260515536211.pdf"", ""(訂正・数値データ訂正)「2026年3月期第1四半期決算短信〔日本基準〕(連結)」の一部訂正について"")","=HYPERLINK(""pdf_tmp/20260515/6995_1500_東海理電_(訂正・数値データ訂正)「2026年3月期第1四半期決算短信〔日本基準〕(連結)」の一部訂正について.pdf"", ""(訂正・数値データ訂正)「2026年3月期第1四半期決算短信〔日本基準〕(連結)」の一部訂正について"")",,,,,5,,,,,,,,,,,,,,,,,,,https://www.release.tdnet.info/inbs/140120260515536211.pdf
20260515,6995,東海理電,決算短信,"=HYPERLINK(""https://www.release.tdnet.info/inbs/140120260515536400.pdf"", ""2026年3月期決算短信〔日本基準〕(連結)"")","=HYPERLINK(""pdf_tmp/20260515/6995_1500_東海理電_2026年3月期決算短信〔日本基準〕(連結).pdf"", ""2026年3月期決算短信〔日本基準〕(連結)"")",,,,,,,,,,,4,,,,,,,,,,,,,https://www.release.tdnet.info/inbs/140120260515536400.pdf
20260515,7037,テノ.,決算短信,"=HYPERLINK(""https://www.release.tdnet.info/inbs/140120260515536479.pdf"", ""2026年12月期 第1四半期決算短信〔日本基準〕(連結)"")","=HYPERLINK(""pdf_tmp/20260515/7037_1230_テノ._2026年12月期 第1四半期決算短信〔日本基準〕(連結).pdf"", ""2026年12月期 第1四半期決算短信〔日本基準〕(連結)"")",,,5,,,,,,,,,,,,,,,,,,,,,https://www.release.tdnet.info/inbs/140120260515536479.pdf
20260515,7039,G-ブリッジグループ,決算短信,"=HYPERLINK(""https://www.release.tdnet.info/inbs/140120260515536772.pdf"", ""2026年12月期 第1四半期決算短信〔日本基準〕(連結)"")","=HYPERLINK(""pdf_tmp/20260515/7039_1200_G-ブリッジグループ_2026年12月期 第1四半期決算短信〔日本基準〕(連結).pdf"", ""2026年12月期 第1四半期決算短信〔日本基準〕(連結)"")",,,,,,,,,,,4,,,,,,,,,,,,,https://www.release.tdnet.info/inbs/140120260515536772.pdf
20260515,7042,アクセスグループ,決算短信,"=HYPERLINK(""https://www.release.tdnet.info/inbs/140120260514535568.pdf"", ""2026年3月期決算短信〔日本基準〕(連結)"")","=HYPERLINK(""pdf_tmp/20260515/7042_1600_アクセスグループ_2026年3月期決算短信〔日本基準〕(連結).pdf"", ""2026年3月期決算短信〔日本基準〕(連結)"")",,,,,,,,4,,,,,,,,,,,,,,,,https://www.release.tdnet.info/inbs/140120260514535568.pdf
20260515,7042,アクセスグループ,説明資料,"=HYPERLINK(""https://www.release.tdnet.info/inbs/140120260514535572.pdf"", ""2026年3月期決算説明資料"")","=HYPERLINK(""pdf_tmp/20260515/7042_1600_アクセスグループ_2026年3月期決算説明資料.pdf"", ""2026年3月期決算説明資料"")",,,,,,,,,,,4,,,,,,,,,,,,,https://www.release.tdnet.info/inbs/140120260514535572.pdf
20260515,7059,コプロHD,説明資料,"=HYPERLINK(""https://www.release.tdnet.info/inbs/140120260515538357.pdf"", ""2026年3月期通期決算説明資料"")","=HYPERLINK(""pdf_tmp/20260515/7059_1700_コプロHD_2026年3月期通期決算説明資料.pdf"", ""2026年3月期通期決算説明資料"")",,,,,,,,,,,4 17,,,,,,,,,,,,,https://www.release.tdnet.info/inbs/140120260515538357.pdf
20260515,7060,ギークス,説明資料,"=HYPERLINK(""https://www.release.tdnet.info/inbs/140120260514535431.pdf"", ""2026年3月期通期決算説明資料 スマホ向けサマリ版"")","=HYPERLINK(""pdf_tmp/20260515/7060_1500_ギークス_2026年3月期通期決算説明資料 スマホ向けサマリ版.pdf"", ""2026年3月期通期決算説明資料 スマホ向けサマリ版"")",,,,,,,,,,,1,,,,,,,,,,,,,https://www.release.tdnet.info/inbs/140120260514535431.pdf
20260515,7082,G-ジモティー,決算短信,"=HYPERLINK(""https://www.release.tdnet.info/inbs/140120260514535026.pdf"", ""2026年12月期 第1四半期決算短信〔日本基準〕(非連結)"")","=HYPERLINK(""pdf_tmp/20260515/7082_1600_G-ジモティー_2026年12月期 第1四半期決算短信〔日本基準〕(非連結).pdf"", ""2026年12月期 第1四半期決算短信〔日本基準〕(非連結)"")",,,,,,,,,,,4,,,,,,,,,,,,,https://www.release.tdnet.info/inbs/140120260514535026.pdf
20260515,7087,ウイルテック,その他,"=HYPERLINK(""https://www.release.tdnet.info/inbs/140120260515538041.pdf"", ""通期業績予想との差異及び剰余金の配当に関するお知らせ"")","=HYPERLINK(""pdf_tmp/20260515/7087_1700_ウイルテック_通期業績予想との差異及び剰余金の配当に関するお知らせ.pdf"", ""通期業績予想との差異及び剰余金の配当に関するお知らせ"")",,,,,,,,,,,2,,,,,,,,,,,,,https://www.release.tdnet.info/inbs/140120260515538041.pdf
20260515,7119,G-ハルメクHD,その他,"=HYPERLINK(""https://www.release.tdnet.info/inbs/140120260514535328.pdf"", ""剰余金の配当(増配)に関するお知らせ"")","=HYPERLINK(""pdf_tmp/20260515/7119_1530_G-ハルメクHD_剰余金の配当(増配)に関するお知らせ.pdf"", ""剰余金の配当(増配)に関するお知らせ"")",,,,,,,,,,,1,,,,,,,,,,,,,https://www.release.tdnet.info/inbs/140120260514535328.pdf
20260515,7132,P-フローバル,決算短信,"=HYPERLINK(""https://www.release.tdnet.info/inbs/140120260514535925.pdf"", ""2026年3月期  決算短信〔日本基準〕(連結)"")","=HYPERLINK(""pdf_tmp/20260515/7132_1500_P-フローバル_2026年3月期 決算短信〔日本基準〕(連結).pdf"", ""2026年3月期  決算短信〔日本基準〕(連結)"")",,,4,,,,,,,,,,,,,,,,,,,,,https://www.release.tdnet.info/inbs/140120260514535925.pdf
20260515,7140,G-ペットゴー,説明資料,"=HYPERLINK(""https://www.release.tdnet.info/inbs/140120260514532222.pdf"", ""2026年3月期 決算説明資料"")","=HYPERLINK(""pdf_tmp/20260515/7140_1540_G-ペットゴー_2026年3月期 決算説明資料.pdf"", ""2026年3月期 決算説明資料"")",,,,,,,,,,,,,,,,,,,,,,46,,https://www.release.tdnet.info/inbs/140120260514532222.pdf
20260515,7150,島根銀行,決算短信,"=HYPERLINK(""https://www.release.tdnet.info/inbs/140120260514531925.pdf"", ""2026年3月期決算短信〔日本基準〕(連結)"")","=HYPERLINK(""pdf_tmp/20260515/7150_1530_島根銀行_2026年3月期決算短信〔日本基準〕(連結).pdf"", ""2026年3月期決算短信〔日本基準〕(連結)"")",,,,,,,,,,,,,,,,,,,5,,,,,https://www.release.tdnet.info/inbs/140120260514531925.pdf
20260515,7181,かんぽ生命保険,その他,"=HYPERLINK(""https://www.release.tdnet.info/inbs/140120260514535768.pdf"", ""2025年度決算のお知らせ"")","=HYPERLINK(""pdf_tmp/20260515/7181_1530_かんぽ生命保険_2025年度決算のお知らせ.pdf"", ""2025年度決算のお知らせ"")",,,,,,,,,,,,,,,,,,,8 24 35 49 61 71,,,,,https://www.release.tdnet.info/inbs/140120260514535768.pdf
20260515,7182,ゆうちょ銀行,説明資料,"=HYPERLINK(""https://www.release.tdnet.info/inbs/140120260514534357.pdf"", ""2026年3月期決算説明資料"")","=HYPERLINK(""pdf_tmp/20260515/7182_1530_ゆうちょ銀行_2026年3月期決算説明資料.pdf"", ""2026年3月期決算説明資料"")",,,,,,,15 17,,,,,,,,,,,,,,,,,https://www.release.tdnet.info/inbs/140120260514534357.pdf
20260515,7182,ゆうちょ銀行,その他,"=HYPERLINK(""https://www.release.tdnet.info/inbs/140120260514535770.pdf"", ""「中期経営計画(2026~2028年度)」の策定に関するお知らせ"")","=HYPERLINK(""pdf_tmp/20260515/7182_1530_ゆうちょ銀行_「中期経営計画(2026~2028年度)」の策定に関するお知らせ.pdf"", ""「中期経営計画(2026~2028年度)」の策定に関するお知らせ"")",,,,,,,,,,,3 14 30,,,,,,,,,,,,,https://www.release.tdnet.info/inbs/140120260514535770.pdf
20260515,7217,テイン,決算短信,"=HYPERLINK(""https://www.release.tdnet.info/inbs/140120260515536977.pdf"", ""2026年3月期 決算短信〔日本基準〕(連結)"")","=HYPERLINK(""pdf_tmp/20260515/7217_1600_テイン_2026年3月期 決算短信〔日本基準〕(連結).pdf"", ""2026年3月期 決算短信〔日本基準〕(連結)"")",,,,5,,,,,,,,,,,,,,,,,,,,https://www.release.tdnet.info/inbs/140120260515536977.pdf
20260515,7217,テイン,その他,"=HYPERLINK(""https://www.release.tdnet.info/inbs/140120260515537274.pdf"", ""2026年3月期決算参考資料"")","=HYPERLINK(""pdf_tmp/20260515/7217_1600_テイン_2026年3月期決算参考資料.pdf"", ""2026年3月期決算参考資料"")",,,,2,,,,,,,,,,,,,,,,,,,,https://www.release.tdnet.info/inbs/140120260515537274.pdf
20260515,7246,プレス工,予想の修正,"=HYPERLINK(""https://www.release.tdnet.info/inbs/140120260513529616.pdf"", ""2026年3月期期末配当予想の修正(増配)に関するお知らせ"")","=HYPERLINK(""pdf_tmp/20260515/7246_1500_プレス工_2026年3月期期末配当予想の修正(増配)に関するお知らせ.pdf"", ""2026年3月期期末配当予想の修正(増配)に関するお知らせ"")",,,,,,,1,,,,,,,,,,,,,,,,,https://www.release.tdnet.info/inbs/140120260513529616.pdf
20260515,7246,プレス工,決算短信,"=HYPERLINK(""https://www.release.tdnet.info/inbs/140120260513529498.pdf"", ""2026年3月期決算短信〔日本基準〕(連結)"")","=HYPERLINK(""pdf_tmp/20260515/7246_1500_プレス工_2026年3月期決算短信〔日本基準〕(連結).pdf"", ""2026年3月期決算短信〔日本基準〕(連結)"")",,,,,,,,,,,,,,,,,4,,,,,,,https://www.release.tdnet.info/inbs/140120260513529498.pdf
20260515,7256,河西工,決算短信,"=HYPERLINK(""https://www.release.tdnet.info/inbs/140120260515536721.pdf"", ""2026年3月期 決算短信〔日本基準〕(連結)"")","=HYPERLINK(""pdf_tmp/20260515/7256_1500_河西工_2026年3月期 決算短信〔日本基準〕(連結).pdf"", ""2026年3月期 決算短信〔日本基準〕(連結)"")",,,,,,,,,,,5,,,,,,,,,,,,,https://www.release.tdnet.info/inbs/140120260515536721.pdf
20260515,7256,河西工,その他,"=HYPERLINK(""https://www.release.tdnet.info/inbs/140120260515536735.pdf"", ""個別業績の前期実績値との差異に関するお知らせ"")","=HYPERLINK(""pdf_tmp/20260515/7256_1500_河西工_個別業績の前期実績値との差異に関するお知らせ.pdf"", ""個別業績の前期実績値との差異に関するお知らせ"")",,,,,,,,,,,1,,,,,,,,,,,,,https://www.release.tdnet.info/inbs/140120260515536735.pdf
20260515,7270,SUBARU,その他,"=HYPERLINK(""https://www.release.tdnet.info/inbs/140120260515537338.pdf"", ""2026年3月期決算 アナリスト向け説明会資料"")","=HYPERLINK(""pdf_tmp/20260515/7270_1300_SUBARU_2026年3月期決算 アナリスト向け説明会資料.pdf"", ""2026年3月期決算 アナリスト向け説明会資料"")",,,,,,,,,,,2,,,,,,,,,,,,,https://www.release.tdnet.info/inbs/140120260515537338.pdf
20260515,7272,ヤマハ発,その他,"=HYPERLINK(""https://www.release.tdnet.info/inbs/140120260514534575.pdf"", ""2026年12月期 第1四半期連結業績の概要について"")","=HYPERLINK(""pdf_tmp/20260515/7272_1400_ヤマハ発_2026年12月期 第1四半期連結業績の概要について.pdf"", ""2026年12月期 第1四半期連結業績の概要について"")",,,,,,,,,,,,,,,2,,,,,,,,,https://www.release.tdnet.info/inbs/140120260514534575.pdf
20260515,7273,イクヨ,決算短信,"=HYPERLINK(""https://www.release.tdnet.info/inbs/140120260515536488.pdf"", ""2026年3月期 決算短信〔日本基準〕(連結)"")","=HYPERLINK(""pdf_tmp/20260515/7273_1810_イクヨ_2026年3月期 決算短信〔日本基準〕(連結).pdf"", ""2026年3月期 決算短信〔日本基準〕(連結)"")",,,,4,,,,,,,,,,,,,,,,,,,,https://www.release.tdnet.info/inbs/140120260515536488.pdf
20260515,7273,イクヨ,その他,"=HYPERLINK(""https://www.release.tdnet.info/inbs/140120260515538624.pdf"", ""2026年3月期通期連結業績予想と実績値との差異及び個別業績と前期実績値との差異に関するお知らせ"")","=HYPERLINK(""pdf_tmp/20260515/7273_1810_イクヨ_2026年3月期通期連結業績予想と実績値との差異及び個別業績と前期実績値との差異に関するお知らせ.pdf"", ""2026年3月期通期連結業績予想と実績値との差異及び個別業績と前期実績値との差異に関するお知らせ"")",,,,,,,,,,,,,1,,,,,,,,,,,https://www.release.tdnet.info/inbs/140120260515538624.pdf
20260515,7280,ミツバ,決算短信,"=HYPERLINK(""https://www.release.tdnet.info/inbs/140120260514532041.pdf"", ""2026年3月期 決算短信〔日本基準〕(連結)"")","=HYPERLINK(""pdf_tmp/20260515/7280_1300_ミツバ_2026年3月期 決算短信〔日本基準〕(連結).pdf"", ""2026年3月期 決算短信〔日本基準〕(連結)"")",,,,,,,,,,,,,,,5,,,,,,,,,https://www.release.tdnet.info/inbs/140120260514532041.pdf
20260515,7280,ミツバ,説明資料,"=HYPERLINK(""https://www.release.tdnet.info/inbs/140120260514535114.pdf"", ""2026年3月期決算補足説明資料"")","=HYPERLINK(""pdf_tmp/20260515/7280_1300_ミツバ_2026年3月期決算補足説明資料.pdf"", ""2026年3月期決算補足説明資料"")",,,,,,,,,,,2,,,,,,,,,,,,,https://www.release.tdnet.info/inbs/140120260514535114.pdf
20260515,7280,ミツバ,その他,"=HYPERLINK(""https://www.release.tdnet.info/inbs/140120260514532560.pdf"", ""株主還元方針に関するお知らせ"")","=HYPERLINK(""pdf_tmp/20260515/7280_1300_ミツバ_株主還元方針に関するお知らせ.pdf"", ""株主還元方針に関するお知らせ"")",,,,,,,,,,,,7,,,,,,,,,,,,https://www.release.tdnet.info/inbs/140120260514532560.pdf
20260515,7287,日本精機,決算短信,"=HYPERLINK(""https://www.release.tdnet.info/inbs/140120260514535176.pdf"", ""2026年3月期 決算短信〔IFRS〕(連結)"")","=HYPERLINK(""pdf_tmp/20260515/7287_1530_日本精機_2026年3月期 決算短信〔IFRS〕(連結).pdf"", ""2026年3月期 決算短信〔IFRS〕(連結)"")",,,,,,,,,,,5,,,,,,,,,,,,,https://www.release.tdnet.info/inbs/140120260514535176.pdf
20260515,7294,ヨロズ,決算短信,"=HYPERLINK(""https://www.release.tdnet.info/inbs/140120260515536152.pdf"", ""2026年3月期決算短信〔日本基準〕(連結)"")","=HYPERLINK(""pdf_tmp/20260515/7294_1530_ヨロズ_2026年3月期決算短信〔日本基準〕(連結).pdf"", ""2026年3月期決算短信〔日本基準〕(連結)"")",,,,,,,,,,,4,,,,,,,,,,,,,https://www.release.tdnet.info/inbs/140120260515536152.pdf
20260515,7294,ヨロズ,その他,"=HYPERLINK(""https://www.release.tdnet.info/inbs/140120260515536455.pdf"", ""2026年3月期通期連結業績予想と実績値との差異(上方修正)及び剰余金の配当(増配)に関するお知らせ"")","=HYPERLINK(""pdf_tmp/20260515/7294_1530_ヨロズ_2026年3月期通期連結業績予想と実績値との差異(上方修正)及び剰余金の配当(増配)に関するお知らせ.pdf"", ""2026年3月期通期連結業績予想と実績値との差異(上方修正)及び剰余金の配当(増配)に関するお知らせ"")",,,,,,,1,,,,,,,,,,,,,,,,,https://www.release.tdnet.info/inbs/140120260515536455.pdf
20260515,7294,ヨロズ,その他,"=HYPERLINK(""https://www.release.tdnet.info/inbs/140120260515536523.pdf"", ""個別決算における貸倒引当金繰入額の計上に関するお知らせ"")","=HYPERLINK(""pdf_tmp/20260515/7294_1530_ヨロズ_個別決算における貸倒引当金繰入額の計上に関するお知らせ.pdf"", ""個別決算における貸倒引当金繰入額の計上に関するお知らせ"")",,,,,,,,,,,,,,,,,,,1,,,,,https://www.release.tdnet.info/inbs/140120260515536523.pdf
20260515,7320,G-Solvvy,決算短信,"=HYPERLINK(""https://www.release.tdnet.info/inbs/140120260515536546.pdf"", ""2026年6月期 第3四半期決算短信〔日本基準〕(連結)"")","=HYPERLINK(""pdf_tmp/20260515/7320_1530_G-Solvvy_2026年6月期 第3四半期決算短信〔日本基準〕(連結).pdf"", ""2026年6月期 第3四半期決算短信〔日本基準〕(連結)"")",,,,,,,,,,,4,,,,,,,,,,,,,https://www.release.tdnet.info/inbs/140120260515536546.pdf
20260515,7320,G-Solvvy,その他,"=HYPERLINK(""https://www.release.tdnet.info/inbs/140120260515536558.pdf"", ""株式会社ジャックスとの資本業務提携に向けた基本合意書締結に関するお知らせ"")","=HYPERLINK(""pdf_tmp/20260515/7320_1530_G-Solvvy_株式会社ジャックスとの資本業務提携に向けた基本合意書締結に関するお知らせ.pdf"", ""株式会社ジャックスとの資本業務提携に向けた基本合意書締結に関するお知らせ"")",,,,,,,,,,,1,,,,,,,,,,,,,https://www.release.tdnet.info/inbs/140120260515536558.pdf
20260515,7325,G-アイリック,決算短信,"=HYPERLINK(""https://www.release.tdnet.info/inbs/140120260515537858.pdf"", ""2026年6月期 第3四半期決算短信〔日本基準〕(連結)"")","=HYPERLINK(""pdf_tmp/20260515/7325_1530_G-アイリック_2026年6月期 第3四半期決算短信〔日本基準〕(連結).pdf"", ""2026年6月期 第3四半期決算短信〔日本基準〕(連結)"")",,,,,,,,,,,,4,,,,,,,,,,,,https://www.release.tdnet.info/inbs/140120260515537858.pdf
20260515,7345,G-アイパートナーズ,説明資料,"=HYPERLINK(""https://www.release.tdnet.info/inbs/140120260515536417.pdf"", ""2026年3月期決算説明資料"")","=HYPERLINK(""pdf_tmp/20260515/7345_1600_G-アイパートナーズ_2026年3月期決算説明資料.pdf"", ""2026年3月期決算説明資料"")",,,,,,,,,,,13 16 32 42,,,,,,,,,,,,,https://www.release.tdnet.info/inbs/140120260515536417.pdf
20260515,7345,G-アイパートナーズ,その他,"=HYPERLINK(""https://www.release.tdnet.info/inbs/140120260515536378.pdf"", ""2026年3月通期連結業績と前期実績との差異及び剰余金の配当に関するお知らせ"")","=HYPERLINK(""pdf_tmp/20260515/7345_1600_G-アイパートナーズ_2026年3月通期連結業績と前期実績との差異及び剰余金の配当に関するお知らせ.pdf"", ""2026年3月通期連結業績と前期実績との差異及び剰余金の配当に関するお知らせ"")",,,,,,,,,,,1,,,,,,,,,,,,,https://www.release.tdnet.info/inbs/140120260515536378.pdf
20260515,7354,DmMiX,決算短信,"=HYPERLINK(""https://www.release.tdnet.info/inbs/140120260515537221.pdf"", ""2026年12月期 第1四半期決算短信〔IFRS〕(連結)"")","=HYPERLINK(""pdf_tmp/20260515/7354_1530_DmMiX_2026年12月期 第1四半期決算短信〔IFRS〕(連結).pdf"", ""2026年12月期 第1四半期決算短信〔IFRS〕(連結)"")",,,,4,,,,,,,,,,,,,,,,,,,,https://www.release.tdnet.info/inbs/140120260515537221.pdf
20260515,7369,G-メイホーHD,決算短信,"=HYPERLINK(""https://www.release.tdnet.info/inbs/140120260515536498.pdf"", ""2026年6月期第3四半期決算短信〔日本基準〕(連結)"")","=HYPERLINK(""pdf_tmp/20260515/7369_1300_G-メイホーHD_2026年6月期第3四半期決算短信〔日本基準〕(連結).pdf"", ""2026年6月期第3四半期決算短信〔日本基準〕(連結)"")",,,,,,,,,,,5 6,,,,,,,,,,,,,https://www.release.tdnet.info/inbs/140120260515536498.pdf
20260515,7369,G-メイホーHD,説明資料,"=HYPERLINK(""https://www.release.tdnet.info/inbs/140120260515536676.pdf"", ""2026年6月期第3四半期決算説明資料"")","=HYPERLINK(""pdf_tmp/20260515/7369_1300_G-メイホーHD_2026年6月期第3四半期決算説明資料.pdf"", ""2026年6月期第3四半期決算説明資料"")",,,,,,,,,,,,,,,,,10,,,,,,,https://www.release.tdnet.info/inbs/140120260515536676.pdf
20260515,7371,G-Zenken,決算短信,"=HYPERLINK(""https://www.release.tdnet.info/inbs/140120260514532803.pdf"", ""2026年6月期第3四半期決算短信〔日本基準〕(連結)"")","=HYPERLINK(""pdf_tmp/20260515/7371_1130_G-Zenken_2026年6月期第3四半期決算短信〔日本基準〕(連結).pdf"", ""2026年6月期第3四半期決算短信〔日本基準〕(連結)"")",,,,,,,,,,,,,,,,,4,,,,,,,https://www.release.tdnet.info/inbs/140120260514532803.pdf
20260515,7376,G-BCC,説明資料,"=HYPERLINK(""https://www.release.tdnet.info/inbs/140120260514534593.pdf"", ""2026年9月期第2四半期決算説明資料"")","=HYPERLINK(""pdf_tmp/20260515/7376_1300_G-BCC_2026年9月期第2四半期決算説明資料.pdf"", ""2026年9月期第2四半期決算説明資料"")",,,,,,,,,,,12 13,,,,,,,,,,,,,https://www.release.tdnet.info/inbs/140120260514534593.pdf
20260515,7384,プロクレアHD,決算短信,"=HYPERLINK(""https://www.release.tdnet.info/inbs/140120260513530951.pdf"", ""2026年3月期 決算短信〔日本基準〕(連結)"")","=HYPERLINK(""pdf_tmp/20260515/7384_1530_プロクレアHD_2026年3月期 決算短信〔日本基準〕(連結).pdf"", ""2026年3月期 決算短信〔日本基準〕(連結)"")",,,,4,,,,,,,,,,,,,,,,,,,,https://www.release.tdnet.info/inbs/140120260513530951.pdf
20260515,7389,あいちFG,決算短信,"=HYPERLINK(""https://www.release.tdnet.info/inbs/140120260429514064.pdf"", ""2026年3月期 決算短信〔日本基準〕(連結)"")","=HYPERLINK(""pdf_tmp/20260515/7389_1520_あいちFG_2026年3月期 決算短信〔日本基準〕(連結).pdf"", ""2026年3月期 決算短信〔日本基準〕(連結)"")",,,,,,,,,,,27 28,,,,,,,,,,,,,https://www.release.tdnet.info/inbs/140120260429514064.pdf
20260515,7523,アールビバン,決算短信,"=HYPERLINK(""https://www.release.tdnet.info/inbs/140120260506517377.pdf"", ""2026年3月期決算短信〔日本基準〕(連結)"")","=HYPERLINK(""pdf_tmp/20260515/7523_1500_アールビバン_2026年3月期決算短信〔日本基準〕(連結).pdf"", ""2026年3月期決算短信〔日本基準〕(連結)"")",,,,,,,,,,,4,,,,,,,,,,,,,https://www.release.tdnet.info/inbs/140120260506517377.pdf
20260515,7524,マルシェ,決算短信,"=HYPERLINK(""https://www.release.tdnet.info/inbs/140120260515538127.pdf"", ""2026年3月期決算短信〔日本基準〕(非連結)"")","=HYPERLINK(""pdf_tmp/20260515/7524_1510_マルシェ_2026年3月期決算短信〔日本基準〕(非連結).pdf"", ""2026年3月期決算短信〔日本基準〕(非連結)"")",,,,,,,,,,,,,,,,5,,,,,,,,https://www.release.tdnet.info/inbs/140120260515538127.pdf
20260515,7524,マルシェ,その他,"=HYPERLINK(""https://www.release.tdnet.info/inbs/140120260515538191.pdf"", ""2026年3月期通期業績予想値と実績値との差異に関するお知らせ"")","=HYPERLINK(""pdf_tmp/20260515/7524_1510_マルシェ_2026年3月期通期業績予想値と実績値との差異に関するお知らせ.pdf"", ""2026年3月期通期業績予想値と実績値との差異に関するお知らせ"")",,,,,,,,,,1,,,,,,,,,,,,,,https://www.release.tdnet.info/inbs/140120260515538191.pdf
20260515,7527,システムソフト,決算短信,"=HYPERLINK(""https://www.release.tdnet.info/inbs/140120260515537006.pdf"", ""2026年9月期 第2四半期(中間期)決算短信[日本基準](連結)"")","=HYPERLINK(""pdf_tmp/20260515/7527_1600_システムソフト_2026年9月期 第2四半期(中間期)決算短信[日本基準](連結).pdf"", ""2026年9月期 第2四半期(中間期)決算短信[日本基準](連結)"")",,,,,,,,,,,4,,,,,,,,,,,,,https://www.release.tdnet.info/inbs/140120260515537006.pdf
20260515,7555,大田花き,決算短信,"=HYPERLINK(""https://www.release.tdnet.info/inbs/140120260506517343.pdf"", ""2026年3月期 決算短信〔日本基準〕(連結)"")","=HYPERLINK(""pdf_tmp/20260515/7555_1430_大田花き_2026年3月期 決算短信〔日本基準〕(連結).pdf"", ""2026年3月期 決算短信〔日本基準〕(連結)"")",,,,,,,,,,,,,,,,,,,5,,,,,https://www.release.tdnet.info/inbs/140120260506517343.pdf
20260515,7571,ヤマノHD,その他,"=HYPERLINK(""https://www.release.tdnet.info/inbs/140120260514533762.pdf"", ""2026年3月期業績予想と実績値の差異に関するお知らせ"")","=HYPERLINK(""pdf_tmp/20260515/7571_1530_ヤマノHD_2026年3月期業績予想と実績値の差異に関するお知らせ.pdf"", ""2026年3月期業績予想と実績値の差異に関するお知らせ"")",,,,,,,,,,,2,,,,,,,,,,,,,https://www.release.tdnet.info/inbs/140120260514533762.pdf
20260515,7571,ヤマノHD,決算短信,"=HYPERLINK(""https://www.release.tdnet.info/inbs/140120260514533725.pdf"", ""2026年3月期決算短信〔日本基準〕(連結)"")","=HYPERLINK(""pdf_tmp/20260515/7571_1530_ヤマノHD_2026年3月期決算短信〔日本基準〕(連結).pdf"", ""2026年3月期決算短信〔日本基準〕(連結)"")",,,5,,,,,,,,,,,,,,,,,,,,,https://www.release.tdnet.info/inbs/140120260514533725.pdf
20260515,7593,VTHD,決算短信,"=HYPERLINK(""https://www.release.tdnet.info/inbs/140120260514535422.pdf"", ""2026年3月期 決算短信〔IFRS〕(連結)"")","=HYPERLINK(""pdf_tmp/20260515/7593_1600_VTHD_2026年3月期 決算短信〔IFRS〕(連結).pdf"", ""2026年3月期 決算短信〔IFRS〕(連結)"")",,,,,6,,,,,,,,,,,,,,,,,,,https://www.release.tdnet.info/inbs/140120260514535422.pdf
20260515,7595,アルゴグラフ,決算短信,"=HYPERLINK(""https://www.release.tdnet.info/inbs/140120260512525426.pdf"", ""2026年3月期決算短信〔日本基準〕(連結)"")","=HYPERLINK(""pdf_tmp/20260515/7595_1545_アルゴグラフ_2026年3月期決算短信〔日本基準〕(連結).pdf"", ""2026年3月期決算短信〔日本基準〕(連結)"")",,,,,,,,,,,6,,,,,,,,,,,,,https://www.release.tdnet.info/inbs/140120260512525426.pdf
20260515,7596,魚力,決算短信,"=HYPERLINK(""https://www.release.tdnet.info/inbs/140120260515537287.pdf"", ""2026年3月期 決算短信〔日本基準〕(連結)"")","=HYPERLINK(""pdf_tmp/20260515/7596_1530_魚力_2026年3月期 決算短信〔日本基準〕(連結).pdf"", ""2026年3月期 決算短信〔日本基準〕(連結)"")",,,,,,,,,,,4,,,,,,,,,,,,,https://www.release.tdnet.info/inbs/140120260515537287.pdf
20260515,7596,魚力,その他,"=HYPERLINK(""https://www.release.tdnet.info/inbs/140120260515537454.pdf"", ""2026年3月期通期業績予想と実績との差異に関するお知らせ"")","=HYPERLINK(""pdf_tmp/20260515/7596_1530_魚力_2026年3月期通期業績予想と実績との差異に関するお知らせ.pdf"", ""2026年3月期通期業績予想と実績との差異に関するお知らせ"")",,,,,,,,,,,,1,,,,,,,,,,,,https://www.release.tdnet.info/inbs/140120260515537454.pdf
20260515,7699,G-OPS,決算短信,"=HYPERLINK(""https://www.release.tdnet.info/inbs/140120260514534563.pdf"", ""2026年3月期 決算短信〔SFRS〕(連結)"")","=HYPERLINK(""pdf_tmp/20260515/7699_1700_G-OPS_2026年3月期 決算短信〔SFRS〕(連結).pdf"", ""2026年3月期 決算短信〔SFRS〕(連結)"")",,,,,,,,,,,6,,,,,,,,,,,,,https://www.release.tdnet.info/inbs/140120260514534563.pdf
20260515,7707,G-PSS,予想の修正,"=HYPERLINK(""https://www.release.tdnet.info/inbs/140120260514533020.pdf"", ""特別利益の計上及び2026年6月期通期連結業績予想の修正に関するお知らせ"")","=HYPERLINK(""pdf_tmp/20260515/7707_1600_G-PSS_特別利益の計上及び2026年6月期通期連結業績予想の修正に関するお知らせ.pdf"", ""特別利益の計上及び2026年6月期通期連結業績予想の修正に関するお知らせ"")",,,,,,,1,,,,,,,,,,,,,,,,,https://www.release.tdnet.info/inbs/140120260514533020.pdf
20260515,7727,オーバル,決算短信,"=HYPERLINK(""https://www.release.tdnet.info/inbs/140120260515536266.pdf"", ""2026年3月期決算短信〔日本基準〕(連結)"")","=HYPERLINK(""pdf_tmp/20260515/7727_1600_オーバル_2026年3月期決算短信〔日本基準〕(連結).pdf"", ""2026年3月期決算短信〔日本基準〕(連結)"")",,,,,,,,,,,4,,,,,,,,,,,,,https://www.release.tdnet.info/inbs/140120260515536266.pdf
20260515,7747,アサヒインテック,説明資料,"=HYPERLINK(""https://www.release.tdnet.info/inbs/140120260515537677.pdf"", ""2026年6月期第3四半期決算説明資料"")","=HYPERLINK(""pdf_tmp/20260515/7747_1530_アサヒインテック_2026年6月期第3四半期決算説明資料.pdf"", ""2026年6月期第3四半期決算説明資料"")",,,,,,,,,,,3,,,,,,,,,,,,,https://www.release.tdnet.info/inbs/140120260515537677.pdf
20260515,7749,メディキット,決算短信,"=HYPERLINK(""https://www.release.tdnet.info/inbs/140120260514535694.pdf"", ""2026年3月期 決算短信〔日本基準〕(連結)"")","=HYPERLINK(""pdf_tmp/20260515/7749_1600_メディキット_2026年3月期 決算短信〔日本基準〕(連結).pdf"", ""2026年3月期 決算短信〔日本基準〕(連結)"")",,,,,,,,,,,,,,,,,,,4,,,,,https://www.release.tdnet.info/inbs/140120260514535694.pdf
20260515,7781,平山,決算短信,"=HYPERLINK(""https://www.release.tdnet.info/inbs/140120260512525200.pdf"", ""2026年6月期第3四半期決算短信〔日本基準〕(連結)"")","=HYPERLINK(""pdf_tmp/20260515/7781_1600_平山_2026年6月期第3四半期決算短信〔日本基準〕(連結).pdf"", ""2026年6月期第3四半期決算短信〔日本基準〕(連結)"")",,,,,,,,,,,,,,,,,,,4,,,,,https://www.release.tdnet.info/inbs/140120260512525200.pdf
20260515,7790,バルコス,その他,"=HYPERLINK(""https://www.release.tdnet.info/inbs/140120260515539024.pdf"", ""連結業績予想の上方修正及び特別利益の計上に関するお知らせ"")","=HYPERLINK(""pdf_tmp/20260515/7790_1730_バルコス_連結業績予想の上方修正及び特別利益の計上に関するお知らせ.pdf"", ""連結業績予想の上方修正及び特別利益の計上に関するお知らせ"")",,,,,,,1 2,,,,,,,,,,,,,,,,,https://www.release.tdnet.info/inbs/140120260515539024.pdf
20260515,7800,アミファ,決算短信,"=HYPERLINK(""https://www.release.tdnet.info/inbs/140120260514534625.pdf"", ""2026年9月期第2四半期(中間期)決算短信〔日本基準〕(非連結)"")","=HYPERLINK(""pdf_tmp/20260515/7800_1400_アミファ_2026年9月期第2四半期(中間期)決算短信〔日本基準〕(非連結).pdf"", ""2026年9月期第2四半期(中間期)決算短信〔日本基準〕(非連結)"")",,,,,,,,,,,4,,,,,,,,,,,,,https://www.release.tdnet.info/inbs/140120260514534625.pdf
20260515,7809,壽屋,決算短信,"=HYPERLINK(""https://www.release.tdnet.info/inbs/140120260515536168.pdf"", ""2026年6月期 第3四半期決算短信〔日本基準〕(連結)"")","=HYPERLINK(""pdf_tmp/20260515/7809_1530_壽屋_2026年6月期 第3四半期決算短信〔日本基準〕(連結).pdf"", ""2026年6月期 第3四半期決算短信〔日本基準〕(連結)"")",,,,,,,,,,,,,,,,4,,,,,,,,https://www.release.tdnet.info/inbs/140120260515536168.pdf
20260515,7812,クレステック,決算短信,"=HYPERLINK(""https://www.release.tdnet.info/inbs/140120260514534616.pdf"", ""2026年6月期 第3四半期決算短信〔日本基準〕(連結)"")","=HYPERLINK(""pdf_tmp/20260515/7812_1531_クレステック_2026年6月期 第3四半期決算短信〔日本基準〕(連結).pdf"", ""2026年6月期 第3四半期決算短信〔日本基準〕(連結)"")",,,,,,,,,,,,,,,,,,,4,,,,,https://www.release.tdnet.info/inbs/140120260514534616.pdf
20260515,7820,ニホンフラッシュ,決算短信,"=HYPERLINK(""https://www.release.tdnet.info/inbs/140120260514535737.pdf"", ""2026年3月期 決算短信〔日本基準〕(連結)"")","=HYPERLINK(""pdf_tmp/20260515/7820_1500_ニホンフラッシュ_2026年3月期 決算短信〔日本基準〕(連結).pdf"", ""2026年3月期 決算短信〔日本基準〕(連結)"")",,,,,,,,,,,,,,,,,,,4,,,,,https://www.release.tdnet.info/inbs/140120260514535737.pdf
20260515,7823,アートネイチャー,決算短信,"=HYPERLINK(""https://www.release.tdnet.info/inbs/140120260514535879.pdf"", ""2026年3月期 決算短信〔日本基準〕(連結)"")","=HYPERLINK(""pdf_tmp/20260515/7823_1530_アートネイチャー_2026年3月期 決算短信〔日本基準〕(連結).pdf"", ""2026年3月期 決算短信〔日本基準〕(連結)"")",,,,,,,,,,,,,,,,4,,,,,,,,https://www.release.tdnet.info/inbs/140120260514535879.pdf
20260515,7868,広済堂HD,その他,"=HYPERLINK(""https://www.release.tdnet.info/inbs/140120260515537506.pdf"", ""2026年3月期決算説明会資料"")","=HYPERLINK(""pdf_tmp/20260515/7868_1530_広済堂HD_2026年3月期決算説明会資料.pdf"", ""2026年3月期決算説明会資料"")",,,,,,,,,,,5 11 35,,,,,,,,,,,,,https://www.release.tdnet.info/inbs/140120260515537506.pdf
20260515,7874,レック,決算短信,"=HYPERLINK(""https://www.release.tdnet.info/inbs/140120260515538807.pdf"", ""2026年3月期決算短信〔日本基準〕(連結)"")","=HYPERLINK(""pdf_tmp/20260515/7874_1700_レック_2026年3月期決算短信〔日本基準〕(連結).pdf"", ""2026年3月期決算短信〔日本基準〕(連結)"")",,,,,,,,,,,,,,,,,,,4 6,,,,,https://www.release.tdnet.info/inbs/140120260515538807.pdf
20260515,7886,ヤマトモビMfg,決算短信,"=HYPERLINK(""https://www.release.tdnet.info/inbs/140120260515537587.pdf"", ""2026年3月期決算短信〔日本基準〕(連結)"")","=HYPERLINK(""pdf_tmp/20260515/7886_1530_ヤマトモビMfg_2026年3月期決算短信〔日本基準〕(連結).pdf"", ""2026年3月期決算短信〔日本基準〕(連結)"")",,,,,,,,,,,,,,,,,,,5,,,,,https://www.release.tdnet.info/inbs/140120260515537587.pdf
20260515,7914,共同印,説明資料,"=HYPERLINK(""https://www.release.tdnet.info/inbs/140120260515537572.pdf"", ""2026年3月期 決算説明資料"")","=HYPERLINK(""pdf_tmp/20260515/7914_1500_共同印_2026年3月期 決算説明資料.pdf"", ""2026年3月期 決算説明資料"")",,,,5 7,,,,,,,,,,,,,,,,,,,,https://www.release.tdnet.info/inbs/140120260515537572.pdf
20260515,7922,三光産業,決算短信,"=HYPERLINK(""https://www.release.tdnet.info/inbs/140120260515536848.pdf"", ""2026年3月期 決算短信〔日本基準〕(連結)"")","=HYPERLINK(""pdf_tmp/20260515/7922_1500_三光産業_2026年3月期 決算短信〔日本基準〕(連結).pdf"", ""2026年3月期 決算短信〔日本基準〕(連結)"")",,,,,,,,,,,,,,,,,,,4,,,,,https://www.release.tdnet.info/inbs/140120260515536848.pdf
20260515,7922,三光産業,その他,"=HYPERLINK(""https://www.release.tdnet.info/inbs/140120260514534989.pdf"", ""営業外収益、特別損失の計上及び連結業績予想と実績値との差異並びに個別業績の前期実績値との差異に関するお知らせ"")","=HYPERLINK(""pdf_tmp/20260515/7922_1500_三光産業_営業外収益、特別損失の計上及び連結業績予想と実績値との差異並びに個別業績の前期実績値との差異に関するお知らせ.pdf"", ""営業外収益、特別損失の計上及び連結業績予想と実績値との差異並びに個別業績の前期実績値との差異に関するお知らせ"")",,,,,,,,,,,,2,,,,,,,,,,,,https://www.release.tdnet.info/inbs/140120260514534989.pdf
20260515,7925,前沢化成,決算短信,"=HYPERLINK(""https://www.release.tdnet.info/inbs/140120260513528205.pdf"", ""2026年3月期 決算短信〔日本基準〕(連結)"")","=HYPERLINK(""pdf_tmp/20260515/7925_1600_前沢化成_2026年3月期 決算短信〔日本基準〕(連結).pdf"", ""2026年3月期 決算短信〔日本基準〕(連結)"")",,,4,,,,,,,,,,,,,,,,,,,,,https://www.release.tdnet.info/inbs/140120260513528205.pdf
20260515,7932,ニッピ,決算短信,"=HYPERLINK(""https://www.release.tdnet.info/inbs/140120260514534882.pdf"", ""2026年3月期決算短信〔日本基準〕(連結)"")","=HYPERLINK(""pdf_tmp/20260515/7932_1530_ニッピ_2026年3月期決算短信〔日本基準〕(連結).pdf"", ""2026年3月期決算短信〔日本基準〕(連結)"")",,,,,,,,,,5,,,,,,,,,,,,,,https://www.release.tdnet.info/inbs/140120260514534882.pdf
20260515,7957,フジコピアン,決算短信,"=HYPERLINK(""https://www.release.tdnet.info/inbs/140120260515536331.pdf"", ""2026年12月期第1四半期決算短信〔日本基準〕(連結)"")","=HYPERLINK(""pdf_tmp/20260515/7957_1530_フジコピアン_2026年12月期第1四半期決算短信〔日本基準〕(連結).pdf"", ""2026年12月期第1四半期決算短信〔日本基準〕(連結)"")",,,,,,,,,,,,,,,,4,,,,,,,,https://www.release.tdnet.info/inbs/140120260515536331.pdf
20260515,7995,バルカー,決算短信,"=HYPERLINK(""https://www.release.tdnet.info/inbs/140120260514532873.pdf"", ""2026年3月期 決算短信〔日本基準〕(連結)"")","=HYPERLINK(""pdf_tmp/20260515/7995_1530_バルカー_2026年3月期 決算短信〔日本基準〕(連結).pdf"", ""2026年3月期 決算短信〔日本基準〕(連結)"")",,,,,,,,,,,,,,,,,,,5 6,,,,,https://www.release.tdnet.info/inbs/140120260514532873.pdf
20260515,8006,ユアサフナ,決算短信,"=HYPERLINK(""https://www.release.tdnet.info/inbs/140120260513530790.pdf"", ""2026年3月期 決算短信〔日本基準〕(連結)"")","=HYPERLINK(""pdf_tmp/20260515/8006_1500_ユアサフナ_2026年3月期 決算短信〔日本基準〕(連結).pdf"", ""2026年3月期 決算短信〔日本基準〕(連結)"")",,,,,4,,,,,,,,,,,,,,,,,,,https://www.release.tdnet.info/inbs/140120260513530790.pdf
20260515,8018,三共生興,決算短信,"=HYPERLINK(""https://www.release.tdnet.info/inbs/140120260507518500.pdf"", ""2026年3月期 決算短信〔日本基準〕(連結)"")","=HYPERLINK(""pdf_tmp/20260515/8018_1100_三共生興_2026年3月期 決算短信〔日本基準〕(連結).pdf"", ""2026年3月期 決算短信〔日本基準〕(連結)"")",,,,,,,,,,,,,18,,,,,,,,,,,https://www.release.tdnet.info/inbs/140120260507518500.pdf
20260515,8018,三共生興,その他,"=HYPERLINK(""https://www.release.tdnet.info/inbs/140120260512526411.pdf"", ""中期経営計画の見直しに関するお知らせ"")","=HYPERLINK(""pdf_tmp/20260515/8018_1100_三共生興_中期経営計画の見直しに関するお知らせ.pdf"", ""中期経営計画の見直しに関するお知らせ"")",,,,,,1,,,,,,,,,,,,,,,,,,https://www.release.tdnet.info/inbs/140120260512526411.pdf
20260515,8023,DAIKOXT,説明資料,"=HYPERLINK(""https://www.release.tdnet.info/inbs/140120260513528038.pdf"", ""2026年3月期 決算説明資料"")","=HYPERLINK(""pdf_tmp/20260515/8023_1530_DAIKOXT_2026年3月期 決算説明資料.pdf"", ""2026年3月期 決算説明資料"")",,,,,,,,,,,,,,,,,,,,,,26 27 28,,https://www.release.tdnet.info/inbs/140120260513528038.pdf
20260515,8025,ツカモト,説明資料,"=HYPERLINK(""https://www.release.tdnet.info/inbs/140120260515536728.pdf"", ""2026年3月期 決算説明資料"")","=HYPERLINK(""pdf_tmp/20260515/8025_1200_ツカモト_2026年3月期 決算説明資料.pdf"", ""2026年3月期 決算説明資料"")",,,,,,,,,,12 13 14,,,,,,,,,,,,,,https://www.release.tdnet.info/inbs/140120260515536728.pdf
20260515,8030,中央魚,その他,"=HYPERLINK(""https://www.release.tdnet.info/inbs/140120260515538479.pdf"", ""中期経営計画の策定に関するお知らせ"")","=HYPERLINK(""pdf_tmp/20260515/8030_1530_中央魚_中期経営計画の策定に関するお知らせ.pdf"", ""中期経営計画の策定に関するお知らせ"")",,,,,,,,,,,,,,,,,,,,,,11,,https://www.release.tdnet.info/inbs/140120260515538479.pdf
20260515,8101,GSIクレオス,決算短信,"=HYPERLINK(""https://www.release.tdnet.info/inbs/140120260513531364.pdf"", ""2026年3月期 決算短信〔日本基準〕(連結)"")","=HYPERLINK(""pdf_tmp/20260515/8101_1430_GSIクレオス_2026年3月期 決算短信〔日本基準〕(連結).pdf"", ""2026年3月期 決算短信〔日本基準〕(連結)"")",,,5,,,,,,,,,,,,,,,,,,,,,https://www.release.tdnet.info/inbs/140120260513531364.pdf
20260515,8101,GSIクレオス,その他,"=HYPERLINK(""https://www.release.tdnet.info/inbs/140120260513531413.pdf"", ""2026年3月期 決算補足資料"")","=HYPERLINK(""pdf_tmp/20260515/8101_1430_GSIクレオス_2026年3月期 決算補足資料.pdf"", ""2026年3月期 決算補足資料"")",,,5,,,,,,,,,,,,,,,,,,,,,https://www.release.tdnet.info/inbs/140120260513531413.pdf
20260515,8105,BitcoinJPN,その他,"=HYPERLINK(""https://www.release.tdnet.info/inbs/140120260513527901.pdf"", ""2026年3月期通期連結業績予想数値と実績値の差異に関するお知らせ"")","=HYPERLINK(""pdf_tmp/20260515/8105_1530_BitcoinJPN_2026年3月期通期連結業績予想数値と実績値の差異に関するお知らせ.pdf"", ""2026年3月期通期連結業績予想数値と実績値の差異に関するお知らせ"")",,,,,,,,,,,2,,,,,,,,,,,,,https://www.release.tdnet.info/inbs/140120260513527901.pdf
20260515,8118,キング,その他,"=HYPERLINK(""https://www.release.tdnet.info/inbs/140120260514532522.pdf"", ""株主提案に関する書面の受領および当社取締役会意見に関するお知らせ"")","=HYPERLINK(""pdf_tmp/20260515/8118_1530_キング_株主提案に関する書面の受領および当社取締役会意見に関するお知らせ.pdf"", ""株主提案に関する書面の受領および当社取締役会意見に関するお知らせ"")",,,,,,,,,,,,,,,,,,,2 13,,,,,https://www.release.tdnet.info/inbs/140120260514532522.pdf
20260515,8144,デンキョーグループ,決算短信,"=HYPERLINK(""https://www.release.tdnet.info/inbs/140120260514534964.pdf"", ""2026年3月期 決算短信〔日本基準〕(連結)"")","=HYPERLINK(""pdf_tmp/20260515/8144_1530_デンキョーグループ_2026年3月期 決算短信〔日本基準〕(連結).pdf"", ""2026年3月期 決算短信〔日本基準〕(連結)"")",,,,,4,,,,,,,,,,,,,,,,,,,https://www.release.tdnet.info/inbs/140120260514534964.pdf
20260515,8153,モスフード,決算短信,"=HYPERLINK(""https://www.release.tdnet.info/inbs/140120260512525368.pdf"", ""2026年3月期決算短信〔日本基準〕(連結)"")","=HYPERLINK(""pdf_tmp/20260515/8153_1530_モスフード_2026年3月期決算短信〔日本基準〕(連結).pdf"", ""2026年3月期決算短信〔日本基準〕(連結)"")",,,,,,,,,,,,5,,,,,,,,,,,,https://www.release.tdnet.info/inbs/140120260512525368.pdf
20260515,8163,SRSHD,決算短信,"=HYPERLINK(""https://www.release.tdnet.info/inbs/140120260514532121.pdf"", ""令和8年3月期決算短信〔日本基準〕(連結)"")","=HYPERLINK(""pdf_tmp/20260515/8163_1400_SRSHD_令和8年3月期決算短信〔日本基準〕(連結).pdf"", ""令和8年3月期決算短信〔日本基準〕(連結)"")",,,4,,,,,,,,,,,,,,,,,,,,,https://www.release.tdnet.info/inbs/140120260514532121.pdf
20260515,8252,丸井G,決算短信,"=HYPERLINK(""https://www.release.tdnet.info/inbs/140120260515536094.pdf"", ""2026年3月期 決算短信〔日本基準〕(連結)"")","=HYPERLINK(""pdf_tmp/20260515/8252_1530_丸井G_2026年3月期 決算短信〔日本基準〕(連結).pdf"", ""2026年3月期 決算短信〔日本基準〕(連結)"")",,,,,,,,,,,24 26,,,,,,,,,,,,,https://www.release.tdnet.info/inbs/140120260515536094.pdf
20260515,8253,クレセゾン,決算短信,"=HYPERLINK(""https://www.release.tdnet.info/inbs/140120260515537365.pdf"", ""2026年3月期 決算短信〔IFRS〕(連結)"")","=HYPERLINK(""pdf_tmp/20260515/8253_1530_クレセゾン_2026年3月期 決算短信〔IFRS〕(連結).pdf"", ""2026年3月期 決算短信〔IFRS〕(連結)"")",,,,,,,,,,,,,,,,,,,,,,5,,https://www.release.tdnet.info/inbs/140120260515537365.pdf
20260515,8306,三菱UFJ,その他,"=HYPERLINK(""https://www.release.tdnet.info/inbs/140120260515538305.pdf"", ""中期経営計画における財務目標の修正について"")","=HYPERLINK(""pdf_tmp/20260515/8306_1615_三菱UFJ_中期経営計画における財務目標の修正について.pdf"", ""中期経営計画における財務目標の修正について"")",,,,,,,1,,,,,,,,,,,,,,,,,https://www.release.tdnet.info/inbs/140120260515538305.pdf
20260515,8344,山形銀,決算短信,"=HYPERLINK(""https://www.release.tdnet.info/inbs/140120260511522707.pdf"", ""2026年3月期 決算短信〔日本基準〕(連結)"")","=HYPERLINK(""pdf_tmp/20260515/8344_1530_山形銀_2026年3月期 決算短信〔日本基準〕(連結).pdf"", ""2026年3月期 決算短信〔日本基準〕(連結)"")",,,,,,,,,,,,,,,,,,,4,,,,,https://www.release.tdnet.info/inbs/140120260511522707.pdf
20260515,8346,東邦銀,決算短信,"=HYPERLINK(""https://www.release.tdnet.info/inbs/140120260514535790.pdf"", ""2026年3月期決算短信〔日本基準〕(連結)"")","=HYPERLINK(""pdf_tmp/20260515/8346_1200_東邦銀_2026年3月期決算短信〔日本基準〕(連結).pdf"", ""2026年3月期決算短信〔日本基準〕(連結)"")",,,,,,,,,,,24,,,,,,,,,,,,,https://www.release.tdnet.info/inbs/140120260514535790.pdf
20260515,8361,大垣銀,決算短信,"=HYPERLINK(""https://www.release.tdnet.info/inbs/140120260514535698.pdf"", ""2026年3月期 決算短信〔日本基準〕(連結)"")","=HYPERLINK(""pdf_tmp/20260515/8361_1600_大垣銀_2026年3月期 決算短信〔日本基準〕(連結).pdf"", ""2026年3月期 決算短信〔日本基準〕(連結)"")",,,,,,,,,,,,,,,,,,,4,,,,,https://www.release.tdnet.info/inbs/140120260514535698.pdf
20260515,8362,福井銀,説明資料,"=HYPERLINK(""https://www.release.tdnet.info/inbs/140120260514535646.pdf"", ""2026年3月期 決算説明資料"")","=HYPERLINK(""pdf_tmp/20260515/8362_1300_福井銀_2026年3月期 決算説明資料.pdf"", ""2026年3月期 決算説明資料"")",,,,,,,,,,,10 11 21,,,,,,,,,,,,,https://www.release.tdnet.info/inbs/140120260514535646.pdf
20260515,8381,山陰合銀,決算短信,"=HYPERLINK(""https://www.release.tdnet.info/inbs/140120260514535441.pdf"", ""2026年3月期 決算短信〔日本基準〕(連結)"")","=HYPERLINK(""pdf_tmp/20260515/8381_1300_山陰合銀_2026年3月期 決算短信〔日本基準〕(連結).pdf"", ""2026年3月期 決算短信〔日本基準〕(連結)"")",,,,,,,,,,,,,,,,,,,34,,,,,https://www.release.tdnet.info/inbs/140120260514535441.pdf
20260515,8411,みずほ,決算短信,"=HYPERLINK(""https://www.release.tdnet.info/inbs/140120260513531608.pdf"", ""2026年3月期 決算短信〔日本基準〕(連結)"")","=HYPERLINK(""pdf_tmp/20260515/8411_1530_みずほ_2026年3月期 決算短信〔日本基準〕(連結).pdf"", ""2026年3月期 決算短信〔日本基準〕(連結)"")",,,,,,,,,,,,,,,,,,,2 23,,,,,https://www.release.tdnet.info/inbs/140120260513531608.pdf
20260515,8411,みずほ,その他,"=HYPERLINK(""https://www.release.tdnet.info/inbs/140120260515537007.pdf"", ""自己株式取得に係る事項の決定および自己株式消却に係る事項の決定に関するお知らせ"")","=HYPERLINK(""pdf_tmp/20260515/8411_1530_みずほ_自己株式取得に係る事項の決定および自己株式消却に係る事項の決定に関するお知らせ.pdf"", ""自己株式取得に係る事項の決定および自己株式消却に係る事項の決定に関するお知らせ"")",,,,,,,,,,,,,,,,,,,2,,,,,https://www.release.tdnet.info/inbs/140120260515537007.pdf
20260515,8518,アジア投資,その他,"=HYPERLINK(""https://www.release.tdnet.info/inbs/140120260515536554.pdf"", ""連結業績の前期実績との差異に関するお知らせ"")","=HYPERLINK(""pdf_tmp/20260515/8518_1200_アジア投資_連結業績の前期実績との差異に関するお知らせ.pdf"", ""連結業績の前期実績との差異に関するお知らせ"")",,,,,,,,,,,,,,,,,,,1,,,,,https://www.release.tdnet.info/inbs/140120260515536554.pdf
20260515,8585,オリコ,決算短信,"=HYPERLINK(""https://www.release.tdnet.info/inbs/140120260514535969.pdf"", ""2026年3月期 決算短信〔日本基準〕(連結)"")","=HYPERLINK(""pdf_tmp/20260515/8585_1530_オリコ_2026年3月期 決算短信〔日本基準〕(連結).pdf"", ""2026年3月期 決算短信〔日本基準〕(連結)"")",,,,5,,,,,,,,,,,,,,,,,,,,https://www.release.tdnet.info/inbs/140120260514535969.pdf
20260515,8585,オリコ,その他,"=HYPERLINK(""https://www.release.tdnet.info/inbs/140120260515538158.pdf"", ""株主提案に対する当社取締役会意見に関するお知らせ"")","=HYPERLINK(""pdf_tmp/20260515/8585_1530_オリコ_株主提案に対する当社取締役会意見に関するお知らせ.pdf"", ""株主提案に対する当社取締役会意見に関するお知らせ"")",,,,,,,,,,4 7,,,,,,,,,,,,,,https://www.release.tdnet.info/inbs/140120260515538158.pdf
20260515,8593,三菱HCキャピタル,決算短信,"=HYPERLINK(""https://www.release.tdnet.info/inbs/140120260515536577.pdf"", ""2026年3月期 決算短信〔日本基準〕(連結)"")","=HYPERLINK(""pdf_tmp/20260515/8593_1530_三菱HCキャピタル_2026年3月期 決算短信〔日本基準〕(連結).pdf"", ""2026年3月期 決算短信〔日本基準〕(連結)"")",,,,,,,,,,,,,,,,,,,9,,,,,https://www.release.tdnet.info/inbs/140120260515536577.pdf
20260515,8593,三菱HCキャピタル,予想の修正,"=HYPERLINK(""https://www.release.tdnet.info/inbs/140120260514535958.pdf"", ""期末配当予想の修正(増配)に関するお知らせ"")","=HYPERLINK(""pdf_tmp/20260515/8593_1530_三菱HCキャピタル_期末配当予想の修正(増配)に関するお知らせ.pdf"", ""期末配当予想の修正(増配)に関するお知らせ"")",,,,,,,,,,,1,,,,,,,,,,,,,https://www.release.tdnet.info/inbs/140120260514535958.pdf
20260515,8713,フィデアHD,決算短信,"=HYPERLINK(""https://www.release.tdnet.info/inbs/140120260513531132.pdf"", ""2026年3月期 決算短信〔日本基準〕(連結)"")","=HYPERLINK(""pdf_tmp/20260515/8713_1230_フィデアHD_2026年3月期 決算短信〔日本基準〕(連結).pdf"", ""2026年3月期 決算短信〔日本基準〕(連結)"")",,,,,,,,,,,,27,,,,,,,,,,,,https://www.release.tdnet.info/inbs/140120260513531132.pdf
20260515,8713,フィデアHD,その他,"=HYPERLINK(""https://www.release.tdnet.info/inbs/140120260514534379.pdf"", ""第6次中期経営計画の策定について"")","=HYPERLINK(""pdf_tmp/20260515/8713_1230_フィデアHD_第6次中期経営計画の策定について.pdf"", ""第6次中期経営計画の策定について"")",,,,,,,,,,,,,,,,,,,4 7 14,,,,,https://www.release.tdnet.info/inbs/140120260514534379.pdf
20260515,8737,あかつき本社,決算短信,"=HYPERLINK(""https://www.release.tdnet.info/inbs/140120260515536277.pdf"", ""2026年3月期 決算短信〔日本基準〕(連結)"")","=HYPERLINK(""pdf_tmp/20260515/8737_1530_あかつき本社_2026年3月期 決算短信〔日本基準〕(連結).pdf"", ""2026年3月期 決算短信〔日本基準〕(連結)"")",,,,,,,,,,,4,,,,,,,,,,,,,https://www.release.tdnet.info/inbs/140120260515536277.pdf
20260515,8737,あかつき本社,その他,"=HYPERLINK(""https://www.release.tdnet.info/inbs/140120260515536382.pdf"", ""連結子会社(あかつき証券株式会社)の2026年3月期決算について"")","=HYPERLINK(""pdf_tmp/20260515/8737_1530_あかつき本社_連結子会社(あかつき証券株式会社)の2026年3月期決算について.pdf"", ""連結子会社(あかつき証券株式会社)の2026年3月期決算について"")",,,,,,,,,,,5,,,,,,,,,,,,,https://www.release.tdnet.info/inbs/140120260515536382.pdf
20260515,8750,第一ライフグループ,その他,"=HYPERLINK(""https://www.release.tdnet.info/inbs/140120260514535953.pdf"", ""2026年3月期 決算補足資料 (第一ネオ生命保険株式会社分)"")","=HYPERLINK(""pdf_tmp/20260515/8750_1430_第一ライフグループ_2026年3月期 決算補足資料 (第一ネオ生命保険株式会社分).pdf"", ""2026年3月期 決算補足資料 (第一ネオ生命保険株式会社分)"")",,,,,,,,,,,,,,,,,,,19,,,,,https://www.release.tdnet.info/inbs/140120260514535953.pdf
20260515,8750,第一ライフグループ,その他,"=HYPERLINK(""https://www.release.tdnet.info/inbs/140120260514535948.pdf"", ""2026年3月期 決算補足資料 (第一フロンティア生命保険株式会社分)"")","=HYPERLINK(""pdf_tmp/20260515/8750_1430_第一ライフグループ_2026年3月期 決算補足資料 (第一フロンティア生命保険株式会社分).pdf"", ""2026年3月期 決算補足資料 (第一フロンティア生命保険株式会社分)"")",,,,,,,,,,,,,,,,,,,5 22,,,,,https://www.release.tdnet.info/inbs/140120260514535948.pdf
20260515,8750,第一ライフグループ,その他,"=HYPERLINK(""https://www.release.tdnet.info/inbs/140120260514535945.pdf"", ""2026年3月期 決算補足資料 (第一生命保険株式会社分)"")","=HYPERLINK(""pdf_tmp/20260515/8750_1430_第一ライフグループ_2026年3月期 決算補足資料 (第一生命保険株式会社分).pdf"", ""2026年3月期 決算補足資料 (第一生命保険株式会社分)"")",,,,,,,,,,,,,,,,,,,29 36,,,,,https://www.release.tdnet.info/inbs/140120260514535945.pdf
20260515,8795,T&DHD,その他,"=HYPERLINK(""https://www.release.tdnet.info/inbs/140120260515536653.pdf"", ""2025年3月期決算補足資料(大同生命保険株式会社)"")","=HYPERLINK(""pdf_tmp/20260515/8795_1400_T&DHD_2025年3月期決算補足資料(大同生命保険株式会社).pdf"", ""2025年3月期決算補足資料(大同生命保険株式会社)"")",,,,,,,,,,,,,,,,,,,29 32 38 51 64 67 73 84,,,,,https://www.release.tdnet.info/inbs/140120260515536653.pdf
20260515,8795,T&DHD,その他,"=HYPERLINK(""https://www.release.tdnet.info/inbs/140120260515536662.pdf"", ""2026年3月期決算補足資料(T&Dフィナンシャル生命保険株式会社)"")","=HYPERLINK(""pdf_tmp/20260515/8795_1400_T&DHD_2026年3月期決算補足資料(T&Dフィナンシャル生命保険株式会社).pdf"", ""2026年3月期決算補足資料(T&Dフィナンシャル生命保険株式会社)"")",,,,,,,,,,,,,,,,,,,18 24 36,,,,,https://www.release.tdnet.info/inbs/140120260515536662.pdf
20260515,8795,T&DHD,その他,"=HYPERLINK(""https://www.release.tdnet.info/inbs/140120260515536613.pdf"", ""2026年3月期決算補足資料(太陽生命保険株式会社)"")","=HYPERLINK(""pdf_tmp/20260515/8795_1400_T&DHD_2026年3月期決算補足資料(太陽生命保険株式会社).pdf"", ""2026年3月期決算補足資料(太陽生命保険株式会社)"")",,,,,,,,,,,,,,,,,,,28 35 45 55 63 70,,,,,https://www.release.tdnet.info/inbs/140120260515536613.pdf
20260515,8836,RISE,その他,"=HYPERLINK(""https://www.release.tdnet.info/inbs/140120260515536431.pdf"", ""JTMホールディングスによる当社株式公開買付けに関する賛同、応募中立の意見表明、連結子会社異動を伴う株式譲渡、優先株式に係る剰余金の配当に関するお知らせJTMホールディング株による当社株式に対する公開買付けに関する賛同及び応募中立の意見表明、連結子会社の異動を伴う株式譲渡及び優先株式に係る剰余金の配当"")","=HYPERLINK(""pdf_tmp/20260515/8836_1530_RISE_JTMホールディングスによる当社株式公開買付けに関する賛同、応募中立の意見表明、連結子会社異動を伴う株式譲渡、優先株式に係る剰余金の配当に関するお知らせJTMホー.pdf"", ""JTMホールディングスによる当社株式公開買付けに関する賛同、応募中立の意見表明、連結子会社異動を伴う株式譲渡、優先株式に係る剰余金の配当に関するお知らせJTMホールディング株による当社株式に対する公開買付けに関する賛同及び応募中立の意見表明、連結子会社の異動を伴う株式譲渡及び優先株式に係る剰余金の配当"")",,,,,,,,,,,19,,,,,,,,,,,,,https://www.release.tdnet.info/inbs/140120260515536431.pdf
20260515,8848,レオパレス21,その他,"=HYPERLINK(""https://www.release.tdnet.info/inbs/140120260515537480.pdf"", ""2026年3月期 プレゼンテーション資料"")","=HYPERLINK(""pdf_tmp/20260515/8848_1530_レオパレス21_2026年3月期 プレゼンテーション資料.pdf"", ""2026年3月期 プレゼンテーション資料"")",,,,,,,,,,,5 8 16 18,,,,,,,,,,,,,https://www.release.tdnet.info/inbs/140120260515537480.pdf
20260515,8929,青山財産,決算短信,"=HYPERLINK(""https://www.release.tdnet.info/inbs/140120260515538024.pdf"", ""2026年12月期 第1四半期決算短信〔日本基準〕(連結)"")","=HYPERLINK(""pdf_tmp/20260515/8929_1530_青山財産_2026年12月期 第1四半期決算短信〔日本基準〕(連結).pdf"", ""2026年12月期 第1四半期決算短信〔日本基準〕(連結)"")",,,,,,,,,,,4,,,,,,,,,,,,,https://www.release.tdnet.info/inbs/140120260515538024.pdf
20260515,9041,近鉄GHD,決算短信,"=HYPERLINK(""https://www.release.tdnet.info/inbs/140120260514534144.pdf"", ""2026年3月期 決算短信〔日本基準〕(連結)"")","=HYPERLINK(""pdf_tmp/20260515/9041_1530_近鉄GHD_2026年3月期 決算短信〔日本基準〕(連結).pdf"", ""2026年3月期 決算短信〔日本基準〕(連結)"")",,,,,,,,,,,,,,,,,,,4,,,,,https://www.release.tdnet.info/inbs/140120260514534144.pdf
20260515,9042,阪急阪神,決算短信,"=HYPERLINK(""https://www.release.tdnet.info/inbs/140120260325588565.pdf"", ""2026年3月期 決算短信〔日本基準〕(連結)"")","=HYPERLINK(""pdf_tmp/20260515/9042_1500_阪急阪神_2026年3月期 決算短信〔日本基準〕(連結).pdf"", ""2026年3月期 決算短信〔日本基準〕(連結)"")",,,,,,,,,,,4 7,,,,,,,,,,,,,https://www.release.tdnet.info/inbs/140120260325588565.pdf
20260515,9145,ビーイングHD,決算短信,"=HYPERLINK(""https://www.release.tdnet.info/inbs/140120260515536734.pdf"", ""2026年12月期 第1四半期決算短信〔日本基準〕(連結)"")","=HYPERLINK(""pdf_tmp/20260515/9145_1600_ビーイングHD_2026年12月期 第1四半期決算短信〔日本基準〕(連結).pdf"", ""2026年12月期 第1四半期決算短信〔日本基準〕(連結)"")",,,,,,,,,,,,,,,,4,,,,,,,,https://www.release.tdnet.info/inbs/140120260515536734.pdf
20260515,9162,G-ブリーチ,決算短信,"=HYPERLINK(""https://www.release.tdnet.info/inbs/140120260515537180.pdf"", ""2026年6月期 第3四半期決算短信〔日本基準〕(連結)"")","=HYPERLINK(""pdf_tmp/20260515/9162_1530_G-ブリーチ_2026年6月期 第3四半期決算短信〔日本基準〕(連結).pdf"", ""2026年6月期 第3四半期決算短信〔日本基準〕(連結)"")",,,,,,,,,,,,,,,,4,,,,,,,,https://www.release.tdnet.info/inbs/140120260515537180.pdf
20260515,9165,G-クオルテック,説明資料,"=HYPERLINK(""https://www.release.tdnet.info/inbs/140120260514533355.pdf"", ""2026年6月期 第3四半期決算説明資料"")","=HYPERLINK(""pdf_tmp/20260515/9165_1530_G-クオルテック_2026年6月期 第3四半期決算説明資料.pdf"", ""2026年6月期 第3四半期決算説明資料"")",,,,,,,,,,,6,,,,,,,,,,,,,https://www.release.tdnet.info/inbs/140120260514533355.pdf
20260515,9204,G-スカイマーク,予想の修正,"=HYPERLINK(""https://www.release.tdnet.info/inbs/140120260512526802.pdf"", ""営業外収益、特別利益、法人税等調整額の計上及び2026年3月期業績予想値と実績値との差異ならびに配当予想の修正に関するお知らせ"")","=HYPERLINK(""pdf_tmp/20260515/9204_1530_G-スカイマーク_営業外収益、特別利益、法人税等調整額の計上及び2026年3月期業績予想値と実績値との差異ならびに配当予想の修正に関するお知らせ.pdf"", ""営業外収益、特別利益、法人税等調整額の計上及び2026年3月期業績予想値と実績値との差異ならびに配当予想の修正に関するお知らせ"")",,,,,,,,,,,2,,,,,,,,,,,,,https://www.release.tdnet.info/inbs/140120260512526802.pdf
20260515,9211,G-エフ・コード,決算短信,"=HYPERLINK(""https://www.release.tdnet.info/inbs/140120260515537873.pdf"", ""2026年12月期第1四半期決算短信〔IFRS〕(連結)"")","=HYPERLINK(""pdf_tmp/20260515/9211_1600_G-エフ・コード_2026年12月期第1四半期決算短信〔IFRS〕(連結).pdf"", ""2026年12月期第1四半期決算短信〔IFRS〕(連結)"")",,,,,,,,,,,13,,,,,,,,,,,,,https://www.release.tdnet.info/inbs/140120260515537873.pdf
20260515,9211,G-エフ・コード,説明資料,"=HYPERLINK(""https://www.release.tdnet.info/inbs/140120260515537883.pdf"", ""2026年12月期 第1四半期 決算説明資料"")","=HYPERLINK(""pdf_tmp/20260515/9211_1630_G-エフ・コード_2026年12月期 第1四半期 決算説明資料.pdf"", ""2026年12月期 第1四半期 決算説明資料"")",,,,,,,,,,,6 26,,,,,,,,,,,,,https://www.release.tdnet.info/inbs/140120260515537883.pdf
20260515,9220,エフビー介護サービス,決算短信,"=HYPERLINK(""https://www.release.tdnet.info/inbs/140120260515537901.pdf"", ""2026年3月期 決算短信〔日本基準〕(連結)"")","=HYPERLINK(""pdf_tmp/20260515/9220_1530_エフビー介護サービス_2026年3月期 決算短信〔日本基準〕(連結).pdf"", ""2026年3月期 決算短信〔日本基準〕(連結)"")",,,,,,,,,,,,,,,,,,,4,,,,,https://www.release.tdnet.info/inbs/140120260515537901.pdf
20260515,9225,G-ブリッジコンサル,その他,"=HYPERLINK(""https://www.release.tdnet.info/inbs/140120260515538014.pdf"", ""2026年9月期 第2四半期 決算説明補足資料"")","=HYPERLINK(""pdf_tmp/20260515/9225_1530_G-ブリッジコンサル_2026年9月期 第2四半期 決算説明補足資料.pdf"", ""2026年9月期 第2四半期 決算説明補足資料"")",,,,,,,,,,,,12,,,,,,,,,,,,https://www.release.tdnet.info/inbs/140120260515538014.pdf
20260515,9245,G-リベロ,説明資料,"=HYPERLINK(""https://www.release.tdnet.info/inbs/140120260514534775.pdf"", ""2026年12月期 第1四半期決算説明資料 スマホ向けサマリ版"")","=HYPERLINK(""pdf_tmp/20260515/9245_1200_G-リベロ_2026年12月期 第1四半期決算説明資料 スマホ向けサマリ版.pdf"", ""2026年12月期 第1四半期決算説明資料 スマホ向けサマリ版"")",,,,,,,,,,,2,,,,,,,,,,,,,https://www.release.tdnet.info/inbs/140120260514534775.pdf
20260515,9249,日本エコシステム,決算短信,"=HYPERLINK(""https://www.release.tdnet.info/inbs/140120260513530259.pdf"", ""2026年9月期第2四半期(中間期)決算短信〔日本基準〕(連結)"")","=HYPERLINK(""pdf_tmp/20260515/9249_1620_日本エコシステム_2026年9月期第2四半期(中間期)決算短信〔日本基準〕(連結).pdf"", ""2026年9月期第2四半期(中間期)決算短信〔日本基準〕(連結)"")",,,,,,,,,,,,,,,,4,,,,,,,,https://www.release.tdnet.info/inbs/140120260513530259.pdf
20260515,9254,G-ラバブルマーケ,説明資料,"=HYPERLINK(""https://www.release.tdnet.info/inbs/140120260515537406.pdf"", ""2026年3月期通期 決算説明資料"")","=HYPERLINK(""pdf_tmp/20260515/9254_1530_G-ラバブルマーケ_2026年3月期通期 決算説明資料.pdf"", ""2026年3月期通期 決算説明資料"")",,,,,,,,,,,10 16,,,,,,,,,,,,,https://www.release.tdnet.info/inbs/140120260515537406.pdf
20260515,9258,G-CS-C,説明資料,"=HYPERLINK(""https://www.release.tdnet.info/inbs/140120260514535560.pdf"", ""2026年9月期 第2四半期決算説明資料"")","=HYPERLINK(""pdf_tmp/20260515/9258_1530_G-CS-C_2026年9月期 第2四半期決算説明資料.pdf"", ""2026年9月期 第2四半期決算説明資料"")",,,,,,,,,,,20,,,,,,,,,,,,,https://www.release.tdnet.info/inbs/140120260514535560.pdf
20260515,9268,オプティマス,決算短信,"=HYPERLINK(""https://www.release.tdnet.info/inbs/140120260511521258.pdf"", ""2026年3月期 決算短信〔IFRS〕(連結)"")","=HYPERLINK(""pdf_tmp/20260515/9268_1530_オプティマス_2026年3月期 決算短信〔IFRS〕(連結).pdf"", ""2026年3月期 決算短信〔IFRS〕(連結)"")",,,,,,,,,,,,,,,,,,,24,,,,,https://www.release.tdnet.info/inbs/140120260511521258.pdf
20260515,9311,アサガミ,決算短信,"=HYPERLINK(""https://www.release.tdnet.info/inbs/140120260514532689.pdf"", ""2026年3月期 決算短信〔日本基準〕(連結)"")","=HYPERLINK(""pdf_tmp/20260515/9311_1530_アサガミ_2026年3月期 決算短信〔日本基準〕(連結).pdf"", ""2026年3月期 決算短信〔日本基準〕(連結)"")",,,,,,,,,,,15,,,,,,,,,,,,,https://www.release.tdnet.info/inbs/140120260514532689.pdf
20260515,9322,川西倉庫,資本コストや株価,"=HYPERLINK(""https://www.release.tdnet.info/inbs/140120260514534156.pdf"", ""資本コストや株価を意識した経営の実現に向けた対応について(アップデート版)の公表について"")","=HYPERLINK(""pdf_tmp/20260515/9322_1400_川西倉庫_資本コストや株価を意識した経営の実現に向けた対応について(アップデート版)の公表について.pdf"", ""資本コストや株価を意識した経営の実現に向けた対応について(アップデート版)の公表について"")",,,,,,,,,,,5,,,,,,,,,,,,,https://www.release.tdnet.info/inbs/140120260514534156.pdf
20260515,9326,G-関通HD,その他,"=HYPERLINK(""https://www.release.tdnet.info/inbs/140120260515538303.pdf"", ""会社分割(簡易吸収分割)に関するお知らせ"")","=HYPERLINK(""pdf_tmp/20260515/9326_1600_G-関通HD_会社分割(簡易吸収分割)に関するお知らせ.pdf"", ""会社分割(簡易吸収分割)に関するお知らせ"")",,,,,,,,,,,1,,,,,,,,,,,,,https://www.release.tdnet.info/inbs/140120260515538303.pdf
20260515,9348,G-ispace,決算短信,"=HYPERLINK(""https://www.release.tdnet.info/inbs/140120260514533513.pdf"", ""2026年3月期 決算短信〔日本基準〕(連結)"")","=HYPERLINK(""pdf_tmp/20260515/9348_1545_G-ispace_2026年3月期 決算短信〔日本基準〕(連結).pdf"", ""2026年3月期 決算短信〔日本基準〕(連結)"")",,,,,,,,,,,4,,,,,,,,,,,,,https://www.release.tdnet.info/inbs/140120260514533513.pdf
20260515,9380,東海運,決算短信,"=HYPERLINK(""https://www.release.tdnet.info/inbs/140120260513531067.pdf"", ""2026年3月期 決算短信〔日本基準〕(連結)"")","=HYPERLINK(""pdf_tmp/20260515/9380_1400_東海運_2026年3月期 決算短信〔日本基準〕(連結).pdf"", ""2026年3月期 決算短信〔日本基準〕(連結)"")",,,,,,,,,,,5,,,,,,,,,,,,,https://www.release.tdnet.info/inbs/140120260513531067.pdf
20260515,9417,スマートバリュー,決算短信,"=HYPERLINK(""https://www.release.tdnet.info/inbs/140120260515537097.pdf"", ""2026年6月期 第3四半期決算短信〔日本基準〕(連結)"")","=HYPERLINK(""pdf_tmp/20260515/9417_1530_スマートバリュー_2026年6月期 第3四半期決算短信〔日本基準〕(連結).pdf"", ""2026年6月期 第3四半期決算短信〔日本基準〕(連結)"")",,,,,,,,,,,4,,,,,,,,,,,,,https://www.release.tdnet.info/inbs/140120260515537097.pdf
20260515,9449,GMO,決算短信,"=HYPERLINK(""https://www.release.tdnet.info/inbs/140120260515536019.pdf"", ""2026年12月期第1四半期決算短信〔IFRS〕(連結)"")","=HYPERLINK(""pdf_tmp/20260515/9449_1531_GMO_2026年12月期第1四半期決算短信〔IFRS〕(連結).pdf"", ""2026年12月期第1四半期決算短信〔IFRS〕(連結)"")",,,,,,,,,,,,,,,,,,,,,5,,,https://www.release.tdnet.info/inbs/140120260515536019.pdf
20260515,9467,G-アルファポリス,決算短信,"=HYPERLINK(""https://www.release.tdnet.info/inbs/140120260514535547.pdf"", ""2026年3月期 決算短信〔日本基準〕(連結)"")","=HYPERLINK(""pdf_tmp/20260515/9467_1530_G-アルファポリス_2026年3月期 決算短信〔日本基準〕(連結).pdf"", ""2026年3月期 決算短信〔日本基準〕(連結)"")",,,,,,,,,,,4 6,,,,,,,,,,,,,https://www.release.tdnet.info/inbs/140120260514535547.pdf
20260515,9470,学研HD,決算短信,"=HYPERLINK(""https://www.release.tdnet.info/inbs/140120260515536260.pdf"", ""2026年9月期 第2四半期(中間期)決算短信〔日本基準〕(連結)"")","=HYPERLINK(""pdf_tmp/20260515/9470_1530_学研HD_2026年9月期 第2四半期(中間期)決算短信〔日本基準〕(連結).pdf"", ""2026年9月期 第2四半期(中間期)決算短信〔日本基準〕(連結)"")",,,7,,,,,,,,,,,,,,,,,,,,,https://www.release.tdnet.info/inbs/140120260515536260.pdf
20260515,9475,昭文社HD,その他,"=HYPERLINK(""https://www.release.tdnet.info/inbs/140120260515537714.pdf"", ""2026 年 3 月期通期連結業績予想と実績値との差異及び 個別業績の前期実績値との差異のお知らせ"")","=HYPERLINK(""pdf_tmp/20260515/9475_1430_昭文社HD_2026 年 3 月期通期連結業績予想と実績値との差異及び 個別業績の前期実績値との差異のお知らせ.pdf"", ""2026 年 3 月期通期連結業績予想と実績値との差異及び 個別業績の前期実績値との差異のお知らせ"")",,,,,,,,,,,,,,,,1,,,,,,,,https://www.release.tdnet.info/inbs/140120260515537714.pdf
20260515,9475,昭文社HD,決算短信,"=HYPERLINK(""https://www.release.tdnet.info/inbs/140120260512524795.pdf"", ""2026年3月期 決算短信〔日本基準〕(連結)"")","=HYPERLINK(""pdf_tmp/20260515/9475_1430_昭文社HD_2026年3月期 決算短信〔日本基準〕(連結).pdf"", ""2026年3月期 決算短信〔日本基準〕(連結)"")",,,,,,,,,,,,,,,,4,,,,,,,,https://www.release.tdnet.info/inbs/140120260512524795.pdf
20260515,9537,北陸瓦斯,その他,"=HYPERLINK(""https://www.release.tdnet.info/inbs/140120260514535929.pdf"", ""業績予想の差異に関するお知らせ"")","=HYPERLINK(""pdf_tmp/20260515/9537_1530_北陸瓦斯_業績予想の差異に関するお知らせ.pdf"", ""業績予想の差異に関するお知らせ"")",,,,,,,,,,,,1,,,,,,,,,,,,https://www.release.tdnet.info/inbs/140120260514535929.pdf
20260515,9552,クオンツ総研HD,決算短信,"=HYPERLINK(""https://www.release.tdnet.info/inbs/140120260515537877.pdf"", ""2026年9月期 第2四半期(中間期)決算短信〔IFRS〕(連結)"")","=HYPERLINK(""pdf_tmp/20260515/9552_1530_クオンツ総研HD_2026年9月期 第2四半期(中間期)決算短信〔IFRS〕(連結).pdf"", ""2026年9月期 第2四半期(中間期)決算短信〔IFRS〕(連結)"")",,,,,,,,,,,,,,,,,,,17,,,,,https://www.release.tdnet.info/inbs/140120260515537877.pdf
20260515,9553,G-マイクロアド,予想の修正,"=HYPERLINK(""https://www.release.tdnet.info/inbs/140120260515536240.pdf"", ""通期連結業績予想の修正に関するお知らせ"")","=HYPERLINK(""pdf_tmp/20260515/9553_1530_G-マイクロアド_通期連結業績予想の修正に関するお知らせ.pdf"", ""通期連結業績予想の修正に関するお知らせ"")",,,,,,,,2,,,,,,,,,,,,,,,,https://www.release.tdnet.info/inbs/140120260515536240.pdf
20260515,9562,G-ビジネスコーチ,予想の修正,"=HYPERLINK(""https://www.release.tdnet.info/inbs/140120260515537664.pdf"", ""上期連結業績予想と実績との差異、通期連結業績予想の修正に関するお知らせ"")","=HYPERLINK(""pdf_tmp/20260515/9562_1530_G-ビジネスコーチ_上期連結業績予想と実績との差異、通期連結業績予想の修正に関するお知らせ.pdf"", ""上期連結業績予想と実績との差異、通期連結業績予想の修正に関するお知らせ"")",,,,,,,,,,,,,2,,,,,,,,,,,https://www.release.tdnet.info/inbs/140120260515537664.pdf
20260515,9605,東映,説明資料,"=HYPERLINK(""https://www.release.tdnet.info/inbs/140120260514535440.pdf"", ""2026年3月期連結決算 説明資料"")","=HYPERLINK(""pdf_tmp/20260515/9605_1530_東映_2026年3月期連結決算 説明資料.pdf"", ""2026年3月期連結決算 説明資料"")",,,,,,,,,,,2 3 9,,,,,,,,,,,,,https://www.release.tdnet.info/inbs/140120260514535440.pdf
20260515,9616,共立メンテ,決算短信,"=HYPERLINK(""https://www.release.tdnet.info/inbs/140120260515536241.pdf"", ""2026年3月期決算短信〔日本基準〕(連結)"")","=HYPERLINK(""pdf_tmp/20260515/9616_1530_共立メンテ_2026年3月期決算短信〔日本基準〕(連結).pdf"", ""2026年3月期決算短信〔日本基準〕(連結)"")",,,,,,,,,,,5,,,,,,,,,,,,,https://www.release.tdnet.info/inbs/140120260515536241.pdf
20260515,9635,武蔵野興,決算短信,"=HYPERLINK(""https://www.release.tdnet.info/inbs/140120260515536296.pdf"", ""2026年3月期決算短信〔日本基準〕(連結)"")","=HYPERLINK(""pdf_tmp/20260515/9635_1600_武蔵野興_2026年3月期決算短信〔日本基準〕(連結).pdf"", ""2026年3月期決算短信〔日本基準〕(連結)"")",,,,,4,,,,,,,,,,,,,,,,,,,https://www.release.tdnet.info/inbs/140120260515536296.pdf
20260515,9663,ナガワ,決算短信,"=HYPERLINK(""https://www.release.tdnet.info/inbs/140120260513531169.pdf"", ""2026年3月期決算短信〔日本基準〕(非連結)"")","=HYPERLINK(""pdf_tmp/20260515/9663_1300_ナガワ_2026年3月期決算短信〔日本基準〕(非連結).pdf"", ""2026年3月期決算短信〔日本基準〕(非連結)"")",,,,,,,,,,,,,,,,,,,6,,,,,https://www.release.tdnet.info/inbs/140120260513531169.pdf
20260515,9760,進学会HD,その他,"=HYPERLINK(""https://www.release.tdnet.info/inbs/140120260515538348.pdf"", ""連結業績予想と実績値との差異に関するお知らせ"")","=HYPERLINK(""pdf_tmp/20260515/9760_1730_進学会HD_連結業績予想と実績値との差異に関するお知らせ.pdf"", ""連結業績予想と実績値との差異に関するお知らせ"")",,,,,,,,,,,1,,,,,,,,,,,,,https://www.release.tdnet.info/inbs/140120260515538348.pdf
20260515,9791,ビケンテクノ,決算短信,"=HYPERLINK(""https://www.release.tdnet.info/inbs/140120260515537277.pdf"", ""2026年3月期 決算短信〔日本基準〕(連結)"")","=HYPERLINK(""pdf_tmp/20260515/9791_1600_ビケンテクノ_2026年3月期 決算短信〔日本基準〕(連結).pdf"", ""2026年3月期 決算短信〔日本基準〕(連結)"")",,,,,,,,,,,,,,,,,,,5,,,,,https://www.release.tdnet.info/inbs/140120260515537277.pdf
20260515,9791,ビケンテクノ,説明資料,"=HYPERLINK(""https://www.release.tdnet.info/inbs/140120260515537623.pdf"", ""2026年3月期 決算説明資料"")","=HYPERLINK(""pdf_tmp/20260515/9791_1600_ビケンテクノ_2026年3月期 決算説明資料.pdf"", ""2026年3月期 決算説明資料"")",,,,,,,,,,,,,,,,,,,19,,,,,https://www.release.tdnet.info/inbs/140120260515537623.pdf
20260515,9816,ストライダーズ,決算短信,"=HYPERLINK(""https://www.release.tdnet.info/inbs/140120260514535518.pdf"", ""2026年3月期決算短信〔日本基準〕(連結)"")","=HYPERLINK(""pdf_tmp/20260515/9816_1540_ストライダーズ_2026年3月期決算短信〔日本基準〕(連結).pdf"", ""2026年3月期決算短信〔日本基準〕(連結)"")",,,,,,,,,,,,,,,,4 5,,,,,,,,https://www.release.tdnet.info/inbs/140120260514535518.pdf
20260515,9927,ワットマン,決算短信,"=HYPERLINK(""https://www.release.tdnet.info/inbs/140120260515537844.pdf"", ""2026年3月期決算短信〔日本基準〕(連結)"")","=HYPERLINK(""pdf_tmp/20260515/9927_1530_ワットマン_2026年3月期決算短信〔日本基準〕(連結).pdf"", ""2026年3月期決算短信〔日本基準〕(連結)"")",,,,,,,,,,,,,,,,,,,4,,,,,https://www.release.tdnet.info/inbs/140120260515537844.pdf
20260515,9928,ミロク情報,決算短信,"=HYPERLINK(""https://www.release.tdnet.info/inbs/140120260515536638.pdf"", ""2026年3月期 決算短信〔日本基準〕(連結)"")","=HYPERLINK(""pdf_tmp/20260515/9928_1600_ミロク情報_2026年3月期 決算短信〔日本基準〕(連結).pdf"", ""2026年3月期 決算短信〔日本基準〕(連結)"")",,,,,,,,,,,4,,,,,,,,,,,,,https://www.release.tdnet.info/inbs/140120260515536638.pdf
20260515,9930,北沢産業,決算短信,"=HYPERLINK(""https://www.release.tdnet.info/inbs/140120260515538084.pdf"", ""2026年3月期 決算短信〔日本基準〕(連結)"")","=HYPERLINK(""pdf_tmp/20260515/9930_1600_北沢産業_2026年3月期 決算短信〔日本基準〕(連結).pdf"", ""2026年3月期 決算短信〔日本基準〕(連結)"")",,,,,,,,,,,,,,,,,,,4,,,,,https://www.release.tdnet.info/inbs/140120260515538084.pdf
20260515,9934,因幡電産,決算短信,"=HYPERLINK(""https://www.release.tdnet.info/inbs/140120260513528592.pdf"", ""2026年3月期決算短信〔日本基準〕(連結)"")","=HYPERLINK(""pdf_tmp/20260515/9934_1130_因幡電産_2026年3月期決算短信〔日本基準〕(連結).pdf"", ""2026年3月期決算短信〔日本基準〕(連結)"")",,,4,,,,,,,,,,,,,,,,,,,,,https://www.release.tdnet.info/inbs/140120260513528592.pdf
20260515,9936,王将フード,説明資料,"=HYPERLINK(""https://www.release.tdnet.info/inbs/140120260515537885.pdf"", ""2026年3月期 決算補足説明資料"")","=HYPERLINK(""pdf_tmp/20260515/9936_1530_王将フード_2026年3月期 決算補足説明資料.pdf"", ""2026年3月期 決算補足説明資料"")",,,3,,,,,,,,,,,,,,,,,,,,,https://www.release.tdnet.info/inbs/140120260515537885.pdf
20260515,9936,王将フード,決算短信,"=HYPERLINK(""https://www.release.tdnet.info/inbs/140120260423509585.pdf"", ""2026年3月期決算短信〔日本基準〕(連結)"")","=HYPERLINK(""pdf_tmp/20260515/9936_1530_王将フード_2026年3月期決算短信〔日本基準〕(連結).pdf"", ""2026年3月期決算短信〔日本基準〕(連結)"")",,,,,,,,,,,6,,,,,,,,,,,,,https://www.release.tdnet.info/inbs/140120260423509585.pdf
20260515,9989,サンドラッグ,決算短信,"=HYPERLINK(""https://www.release.tdnet.info/inbs/140120260514535555.pdf"", ""2026年3月期 決算短信[日本基準](連結)"")","=HYPERLINK(""pdf_tmp/20260515/9989_1530_サンドラッグ_2026年3月期 決算短信[日本基準](連結).pdf"", ""2026年3月期 決算短信[日本基準](連結)"")",,,,,,,,,,,,,,,,,,4,,,,,,https://www.release.tdnet.info/inbs/140120260514535555.pdf
