日付,コード,会社名,分類,表題（リンク_TDnet）,表題（リンク_ローカル）,価格交渉,増産,価格改定,価格転嫁,値上,想定以上,上方修正,下方修正,想定以下,未達,大幅,計画を上,計画を下,計画以,需要回復,需要の回復,需要が増,需要が低,悪化,グローバルニッチトップ,トップシェア,シェア拡大,レアアース,URL（生）
20260717,2930,北の達人,その他,"=HYPERLINK(""https://www.release.tdnet.info/inbs/140120260717596171.pdf"", ""機関投資家・アナリスト向け決算説明会を開催いたしました"")","=HYPERLINK(""pdf_tmp/20260717/2930_1830_北の達人_機関投資家・アナリスト向け決算説明会を開催いたしました.pdf"", ""機関投資家・アナリスト向け決算説明会を開催いたしました"")",,,,,,17,,,,20,5 9 27 34 38 42 43 58 72,9 27,,,,,,,43 47 61 66,,,,,https://www.release.tdnet.info/inbs/140120260717596171.pdf
20260717,3967,G-エルテス,その他,"=HYPERLINK(""https://www.release.tdnet.info/inbs/140120260717595895.pdf"", ""2027年2月期 第1四半期 決算説明会動画及び書き起こしの公開のお知らせ"")","=HYPERLINK(""pdf_tmp/20260717/3967_1600_G-エルテス_2027年2月期 第1四半期 決算説明会動画及び書き起こしの公開のお知らせ.pdf"", ""2027年2月期 第1四半期 決算説明会動画及び書き起こしの公開のお知らせ"")",,,,,11,,,,,,3 15,3 14 22,13,,,,,,,,,,,https://www.release.tdnet.info/inbs/140120260717595895.pdf
20260717,5026,G-トリプルアイズ,その他,"=HYPERLINK(""https://www.release.tdnet.info/inbs/140120260717596128.pdf"", ""トリプルアイズ 2026年8月期第3四半期決算説明会 書き起こし公開のお知らせ"")","=HYPERLINK(""pdf_tmp/20260717/5026_1700_G-トリプルアイズ_トリプルアイズ 2026年8月期第3四半期決算説明会 書き起こし公開のお知らせ.pdf"", ""トリプルアイズ 2026年8月期第3四半期決算説明会 書き起こし公開のお知らせ"")",,,,,,,,,,,3 4 5 7 9 16 23,,,,,,,,13,,10 15,,,https://www.release.tdnet.info/inbs/140120260717596128.pdf
20260717,2411,ゲンダイAG,決算短信,"=HYPERLINK(""https://www.release.tdnet.info/inbs/140120260717595907.pdf"", ""2027年3月期 第1四半期決算短信〔日本基準〕(連結)"")","=HYPERLINK(""pdf_tmp/20260717/2411_1530_ゲンダイAG_2027年3月期 第1四半期決算短信〔日本基準〕(連結).pdf"", ""2027年3月期 第1四半期決算短信〔日本基準〕(連結)"")",,,,,,,,,,,4,,,,,4,,,,,,,,https://www.release.tdnet.info/inbs/140120260717595907.pdf
20260717,2411,ゲンダイAG,説明資料,"=HYPERLINK(""https://www.release.tdnet.info/inbs/140120260717595911.pdf"", ""2027年3月期第1四半期決算説明資料"")","=HYPERLINK(""pdf_tmp/20260717/2411_1530_ゲンダイAG_2027年3月期第1四半期決算説明資料.pdf"", ""2027年3月期第1四半期決算説明資料"")",,,,,,3,,,,,5 7 9,,,,,,,,,,,,,https://www.release.tdnet.info/inbs/140120260717595911.pdf
20260717,2979,R-SOSiLA物流,決算短信,"=HYPERLINK(""https://www.release.tdnet.info/inbs/140120260716595473.pdf"", ""2026年5月期 決算短信(REIT)"")","=HYPERLINK(""pdf_tmp/20260717/2979_1530_R-SOSiLA物流_2026年5月期 決算短信(REIT).pdf"", ""2026年5月期 決算短信(REIT)"")",,,,,,,,,,,9,,,,,,,,9,,,,,https://www.release.tdnet.info/inbs/140120260716595473.pdf
20260717,323A,G-フライヤー,その他,"=HYPERLINK(""https://www.release.tdnet.info/inbs/140120260717595982.pdf"", ""2027年2月期第1四半期決算に関する質疑応答(要旨)"")","=HYPERLINK(""pdf_tmp/20260717/323A_1600_G-フライヤー_2027年2月期第1四半期決算に関する質疑応答(要旨).pdf"", ""2027年2月期第1四半期決算に関する質疑応答(要旨)"")",,,,,,,,,,,1,,,,,,,,2,,,,,https://www.release.tdnet.info/inbs/140120260717595982.pdf
20260717,339A,G-プログレス,その他,"=HYPERLINK(""https://www.release.tdnet.info/inbs/140120260716595371.pdf"", ""2027年2月期 第1四半期 決算説明会 質疑応答要旨"")","=HYPERLINK(""pdf_tmp/20260717/339A_1530_G-プログレス_2027年2月期 第1四半期 決算説明会 質疑応答要旨.pdf"", ""2027年2月期 第1四半期 決算説明会 質疑応答要旨"")",,,,,,,,,,,1,,,,,,,,1,,,,,https://www.release.tdnet.info/inbs/140120260716595371.pdf
20260717,3907,シリコンスタジオ,説明資料,"=HYPERLINK(""https://www.release.tdnet.info/inbs/140120260716595012.pdf"", ""2026年11月期 第2四半期 決算説明資料"")","=HYPERLINK(""pdf_tmp/20260717/3907_1200_シリコンスタジオ_2026年11月期 第2四半期 決算説明資料.pdf"", ""2026年11月期 第2四半期 決算説明資料"")",,,,,,,,,,,6,,,,,,,,4,,,,,https://www.release.tdnet.info/inbs/140120260716595012.pdf
20260717,4169,G-エネチェンジ,その他,"=HYPERLINK(""https://www.release.tdnet.info/inbs/140120260717595581.pdf"", ""よくある質問と回答(2026年7月)"")","=HYPERLINK(""pdf_tmp/20260717/4169_1530_G-エネチェンジ_よくある質問と回答(2026年7月).pdf"", ""よくある質問と回答(2026年7月)"")",,,,,,,,,,,2,,,,,,2,,,,,,,https://www.release.tdnet.info/inbs/140120260717595581.pdf
20260717,5933,アルインコ,説明資料,"=HYPERLINK(""https://www.release.tdnet.info/inbs/140120260717595972.pdf"", ""2027年3月期 第1四半期 決算補足説明資料"")","=HYPERLINK(""pdf_tmp/20260717/5933_1530_アルインコ_2027年3月期 第1四半期 決算補足説明資料.pdf"", ""2027年3月期 第1四半期 決算補足説明資料"")",,,,,5,,,,,,2,,,,,,,,,,,,,https://www.release.tdnet.info/inbs/140120260717595972.pdf
20260717,5933,アルインコ,決算短信,"=HYPERLINK(""https://www.release.tdnet.info/inbs/140120260717595946.pdf"", ""2027年3月期 第1四半期決算短信〔日本基準〕(連結)"")","=HYPERLINK(""pdf_tmp/20260717/5933_1530_アルインコ_2027年3月期 第1四半期決算短信〔日本基準〕(連結).pdf"", ""2027年3月期 第1四半期決算短信〔日本基準〕(連結)"")",,,,,5,,,,,,4,,,,,,,,,,,,,https://www.release.tdnet.info/inbs/140120260717595946.pdf
20260717,7686,ひとまいる,その他,"=HYPERLINK(""https://www.release.tdnet.info/inbs/140120260716595438.pdf"", ""株主優待制度の変更(拡充)のお知らせ"")","=HYPERLINK(""pdf_tmp/20260717/7686_1300_ひとまいる_株主優待制度の変更(拡充)のお知らせ.pdf"", ""株主優待制度の変更(拡充)のお知らせ"")",,,,,,,,,,,1,,,,,,,,,,3,,,https://www.release.tdnet.info/inbs/140120260716595438.pdf
20260717,8976,R-大和OF,説明資料,"=HYPERLINK(""https://www.release.tdnet.info/inbs/140120260717595598.pdf"", ""2026年5月期(第41期) 決算会説明資料"")","=HYPERLINK(""pdf_tmp/20260717/8976_1530_R-大和OF_2026年5月期(第41期) 決算会説明資料.pdf"", ""2026年5月期(第41期) 決算会説明資料"")",,,,,,,3,,,,20,,,,,,,,,,,,,https://www.release.tdnet.info/inbs/140120260717595598.pdf
20260717,8985,R-JHR,説明資料,"=HYPERLINK(""https://www.release.tdnet.info/inbs/140120260717595645.pdf"", ""本日公表のプレスリリースに関する補足説明資料"")","=HYPERLINK(""pdf_tmp/20260717/8985_1530_R-JHR_本日公表のプレスリリースに関する補足説明資料.pdf"", ""本日公表のプレスリリースに関する補足説明資料"")",,,,,,,,,,,4,,,,,,,,8,,,,,https://www.release.tdnet.info/inbs/140120260717595645.pdf
20260717,2180,サニーサイドアップ,その他,"=HYPERLINK(""https://www.release.tdnet.info/inbs/140120260715594883.pdf"", ""株式併合、単元株式数の定めの廃止及び定款の一部変更に関する臨時株主総会開催のお知らせ"")","=HYPERLINK(""pdf_tmp/20260717/2180_1600_サニーサイドアップ_株式併合、単元株式数の定めの廃止及び定款の一部変更に関する臨時株主総会開催のお知らせ.pdf"", ""株式併合、単元株式数の定めの廃止及び定款の一部変更に関する臨時株主総会開催のお知らせ"")",,,,,,,,,,,23 24,,,,,,,,,,,,,https://www.release.tdnet.info/inbs/140120260715594883.pdf
20260717,2934,G-Jフロンティア,その他,"=HYPERLINK(""https://www.release.tdnet.info/inbs/140120260716595452.pdf"", ""2026年5月期 通期決算説明会書き起こし記事の公表について"")","=HYPERLINK(""pdf_tmp/20260717/2934_0952_G-Jフロンティア_2026年5月期 通期決算説明会書き起こし記事の公表について.pdf"", ""2026年5月期 通期決算説明会書き起こし記事の公表について"")",,,,,,,,,,,4 12 16,,,,,,,,,,,,,https://www.release.tdnet.info/inbs/140120260716595452.pdf
20260717,3329,東和フード,その他,"=HYPERLINK(""https://www.release.tdnet.info/inbs/140120260717595941.pdf"", ""第二次中期経営計画の進捗に関するお知らせ"")","=HYPERLINK(""pdf_tmp/20260717/3329_1400_東和フード_第二次中期経営計画の進捗に関するお知らせ.pdf"", ""第二次中期経営計画の進捗に関するお知らせ"")",,,,,,,,,,,12,,,,,,,,,,,,,https://www.release.tdnet.info/inbs/140120260717595941.pdf
20260717,3537,昭栄薬品,資本コストや株価,"=HYPERLINK(""https://www.release.tdnet.info/inbs/140120260716594890.pdf"", ""資本コストや株価を意識した経営の実現に向けた対応について(アップデート)"")","=HYPERLINK(""pdf_tmp/20260717/3537_1530_昭栄薬品_資本コストや株価を意識した経営の実現に向けた対応について(アップデート).pdf"", ""資本コストや株価を意識した経営の実現に向けた対応について(アップデート)"")",,,,,,,,,,,,,,,,,,,8,,,,,https://www.release.tdnet.info/inbs/140120260716594890.pdf
20260717,3943,大石産業,その他,"=HYPERLINK(""https://www.release.tdnet.info/inbs/140120260716595449.pdf"", ""海外連結子会社の解散に関するお知らせ"")","=HYPERLINK(""pdf_tmp/20260717/3943_1600_大石産業_海外連結子会社の解散に関するお知らせ.pdf"", ""海外連結子会社の解散に関するお知らせ"")",,,,,,,,,,,1,,,,,,,,,,,,,https://www.release.tdnet.info/inbs/140120260716595449.pdf
20260717,5423,東製鉄,決算短信,"=HYPERLINK(""https://www.release.tdnet.info/inbs/140120260717595643.pdf"", ""2027年3月期第1四半期決算短信〔日本基準〕(非連結)"")","=HYPERLINK(""pdf_tmp/20260717/5423_1400_東製鉄_2027年3月期第1四半期決算短信〔日本基準〕(非連結).pdf"", ""2027年3月期第1四半期決算短信〔日本基準〕(非連結)"")",,,,,4,,,,,,,,,,,,,,,,,,,https://www.release.tdnet.info/inbs/140120260717595643.pdf
20260717,5527,G-propetec,その他,"=HYPERLINK(""https://www.release.tdnet.info/inbs/140120260716595310.pdf"", ""2026年11月期第2四半期決算説明会書き起こし"")","=HYPERLINK(""pdf_tmp/20260717/5527_1500_G-propetec_2026年11月期第2四半期決算説明会書き起こし.pdf"", ""2026年11月期第2四半期決算説明会書き起こし"")",,,,,,,,,,,20,,,,,,,,,,,,,https://www.release.tdnet.info/inbs/140120260716595310.pdf
20260717,6656,INSPEC,資本コストや株価,"=HYPERLINK(""https://www.release.tdnet.info/inbs/140120260717596005.pdf"", ""資本コストや株価を意識した経営の実現に向けた対応について(アップデート)"")","=HYPERLINK(""pdf_tmp/20260717/6656_1530_INSPEC_資本コストや株価を意識した経営の実現に向けた対応について(アップデート).pdf"", ""資本コストや株価を意識した経営の実現に向けた対応について(アップデート)"")",,,,,,,,,,,,,2,,,,,,,,,,,https://www.release.tdnet.info/inbs/140120260717596005.pdf
20260717,7175,今村証券,その他,"=HYPERLINK(""https://www.release.tdnet.info/inbs/140120260717595771.pdf"", ""2027年3月期 第1四半期決算速報値に関するお知らせ"")","=HYPERLINK(""pdf_tmp/20260717/7175_1530_今村証券_2027年3月期 第1四半期決算速報値に関するお知らせ.pdf"", ""2027年3月期 第1四半期決算速報値に関するお知らせ"")",,,,,,,,,,,1,,,,,,,,,,,,,https://www.release.tdnet.info/inbs/140120260717595771.pdf
20260717,7685,G-BUYSELL,月次,"=HYPERLINK(""https://www.release.tdnet.info/inbs/140120260717595889.pdf"", ""2026年6月月次に関するお知らせ"")","=HYPERLINK(""pdf_tmp/20260717/7685_1530_G-BUYSELL_2026年6月月次に関するお知らせ.pdf"", ""2026年6月月次に関するお知らせ"")",,,,,,,,,,,,2,,,,,,,,,,,,https://www.release.tdnet.info/inbs/140120260717595889.pdf
20260716,8105,BitcoinJPN,その他,"=HYPERLINK(""https://www.release.tdnet.info/inbs/140120260716595340.pdf"", ""第三者割当による第1回無担保転換社債型新株予約権付社債(転換価額修正条項付)及び第2回新株予約権(行使価額修正条項付)の発行に関するお知らせ"")","=HYPERLINK(""pdf_tmp/20260716/8105_1600_BitcoinJPN_第三者割当による第1回無担保転換社債型新株予約権付社債(転換価額修正条項付)及び第2回新株予約権(行使価額修正条項付)の発行に関するお知らせ.pdf"", ""第三者割当による第1回無担保転換社債型新株予約権付社債(転換価額修正条項付)及び第2回新株予約権(行使価額修正条項付)の発行に関するお知らせ"")",,,,,,,,12 28,,,7 11 12 22 26 31,,26,,,,,,28,,,,8 14 16 26 31,https://www.release.tdnet.info/inbs/140120260716595340.pdf
20260716,7725,インターアクション,その他,"=HYPERLINK(""https://www.release.tdnet.info/inbs/140120260716595147.pdf"", ""2026年5月期決算説明会資料(スピーチ原稿付き)"")","=HYPERLINK(""pdf_tmp/20260716/7725_1600_インターアクション_2026年5月期決算説明会資料(スピーチ原稿付き).pdf"", ""2026年5月期決算説明会資料(スピーチ原稿付き)"")",,,,,,,,,,,7 9 21,,,,15,3 7 15,,,,,,,,https://www.release.tdnet.info/inbs/140120260716595147.pdf
20260716,3077,ホリイフード,その他,"=HYPERLINK(""https://www.release.tdnet.info/inbs/140120260716595091.pdf"", ""2026年11月期第2四半期決算説明会資料"")","=HYPERLINK(""pdf_tmp/20260716/3077_1140_ホリイフード_2026年11月期第2四半期決算説明会資料.pdf"", ""2026年11月期第2四半期決算説明会資料"")",,,,,,,5 18 19 34 36,,,,4 14 19 21 34 36,,,,,,,,,,,,,https://www.release.tdnet.info/inbs/140120260716595091.pdf
20260716,7725,インターアクション,その他,"=HYPERLINK(""https://www.release.tdnet.info/inbs/140120260716595149.pdf"", ""2026年5月期決算説明会 質疑応答(要旨)"")","=HYPERLINK(""pdf_tmp/20260716/7725_1600_インターアクション_2026年5月期決算説明会 質疑応答(要旨).pdf"", ""2026年5月期決算説明会 質疑応答(要旨)"")",,,,,,,1,,,,,,,,,,3,,,,,,,https://www.release.tdnet.info/inbs/140120260716595149.pdf
20260716,3547,ユニシアHD,説明資料,"=HYPERLINK(""https://www.release.tdnet.info/inbs/140120260716594945.pdf"", ""2026年11月期 第2四半期決算補足説明資料"")","=HYPERLINK(""pdf_tmp/20260716/3547_1100_ユニシアHD_2026年11月期 第2四半期決算補足説明資料.pdf"", ""2026年11月期 第2四半期決算補足説明資料"")",,,,,,,18,,,,,,,,,,,,,,,,,https://www.release.tdnet.info/inbs/140120260716594945.pdf
20260716,4809,パラカ,予想の修正,"=HYPERLINK(""https://www.release.tdnet.info/inbs/140120260701586503.pdf"", ""通期業績予想の修正及び配当予想の修正(増配)に関するお知らせ"")","=HYPERLINK(""pdf_tmp/20260716/4809_1230_パラカ_通期業績予想の修正及び配当予想の修正(増配)に関するお知らせ.pdf"", ""通期業績予想の修正及び配当予想の修正(増配)に関するお知らせ"")",,,,,,,2,,,,,,,,,,,,,,,,,https://www.release.tdnet.info/inbs/140120260701586503.pdf
20260716,509A,I-Gライト・再エネ,決算短信,"=HYPERLINK(""https://www.release.tdnet.info/inbs/140120260716595505.pdf"", ""2026年5月期 決算短信(インフラファンド)"")","=HYPERLINK(""pdf_tmp/20260716/509A_1950_I-Gライト・再エネ_2026年5月期 決算短信(インフラファンド).pdf"", ""2026年5月期 決算短信(インフラファンド)"")",,,,,,,,,,,6,,,,,,,,,,,,,https://www.release.tdnet.info/inbs/140120260716595505.pdf
20260716,5990,スーパーツール,決算短信,"=HYPERLINK(""https://www.release.tdnet.info/inbs/140120260702586553.pdf"", ""2027年3月期第1四半期決算短信〔日本基準〕(連結)"")","=HYPERLINK(""pdf_tmp/20260716/5990_1540_スーパーツール_2027年3月期第1四半期決算短信〔日本基準〕(連結).pdf"", ""2027年3月期第1四半期決算短信〔日本基準〕(連結)"")",,,,,,,,,,,4,,,,,,,,,,,,,https://www.release.tdnet.info/inbs/140120260702586553.pdf
20260716,7808,CSランバー,決算短信,"=HYPERLINK(""https://www.release.tdnet.info/inbs/140120260716595189.pdf"", ""2026年5月期 決算短信〔日本基準〕(連結)"")","=HYPERLINK(""pdf_tmp/20260716/7808_1530_CSランバー_2026年5月期 決算短信〔日本基準〕(連結).pdf"", ""2026年5月期 決算短信〔日本基準〕(連結)"")",,,,,4,,,,,,,,,,,,,,,,,,,https://www.release.tdnet.info/inbs/140120260716595189.pdf
20260716,8624,いちよし,その他,"=HYPERLINK(""https://www.release.tdnet.info/inbs/140120260715593831.pdf"", ""2027年3月期第1四半期連結決算速報値に関するお知らせ"")","=HYPERLINK(""pdf_tmp/20260716/8624_1200_いちよし_2027年3月期第1四半期連結決算速報値に関するお知らせ.pdf"", ""2027年3月期第1四半期連結決算速報値に関するお知らせ"")",,,,,,,,,,,1,,,,,,,,,,,,,https://www.release.tdnet.info/inbs/140120260715593831.pdf
20260716,8977,R-阪急阪神,その他,"=HYPERLINK(""https://www.release.tdnet.info/inbs/140120260716595212.pdf"", ""2026年5月期 決算説明会資料"")","=HYPERLINK(""pdf_tmp/20260716/8977_1530_R-阪急阪神_2026年5月期 決算説明会資料.pdf"", ""2026年5月期 決算説明会資料"")",,,,,,,,,,,21,,,,,,,,,,,,,https://www.release.tdnet.info/inbs/140120260716595212.pdf
20260716,9941,太洋物産,月次,"=HYPERLINK(""https://www.release.tdnet.info/inbs/140120260716595401.pdf"", ""2026年9月期 6月度 月次業績(売上高)速報"")","=HYPERLINK(""pdf_tmp/20260716/9941_1800_太洋物産_2026年9月期 6月度 月次業績(売上高)速報.pdf"", ""2026年9月期 6月度 月次業績(売上高)速報"")",,,,,,,,,,,3,,,,,,,,,,,,,https://www.release.tdnet.info/inbs/140120260716595401.pdf
20260715,205A,G-ロゴスHD,説明資料,"=HYPERLINK(""https://www.release.tdnet.info/inbs/140120260714593626.pdf"", ""2026年5月期 決算説明資料"")","=HYPERLINK(""pdf_tmp/20260715/205A_1530_G-ロゴスHD_2026年5月期 決算説明資料.pdf"", ""2026年5月期 決算説明資料"")",,,,8,,3,,,,,,3 13,,,,,,,17,,42,46,,https://www.release.tdnet.info/inbs/140120260714593626.pdf
20260715,2930,北の達人,説明資料,"=HYPERLINK(""https://www.release.tdnet.info/inbs/140120260715593920.pdf"", ""2027年2月期 第1四半期決算補足説明資料"")","=HYPERLINK(""pdf_tmp/20260715/2930_1530_北の達人_2027年2月期 第1四半期決算補足説明資料.pdf"", ""2027年2月期 第1四半期決算補足説明資料"")",,,,,,15,,,,18,4 7 25 32 36 40 41,7 25,,,,,,,41 45,,,,,https://www.release.tdnet.info/inbs/140120260715593920.pdf
20260715,3201,ニッケ,説明資料,"=HYPERLINK(""https://www.release.tdnet.info/inbs/140120260615570483.pdf"", ""2026年11月期 第2四半期決算説明資料"")","=HYPERLINK(""pdf_tmp/20260715/3201_1500_ニッケ_2026年11月期 第2四半期決算説明資料.pdf"", ""2026年11月期 第2四半期決算説明資料"")",19,,10,19,,,20,,,,,,,,,,,,41,,,,,https://www.release.tdnet.info/inbs/140120260615570483.pdf
20260715,523A,G-セイワHD,説明資料,"=HYPERLINK(""https://www.release.tdnet.info/inbs/140120260715594458.pdf"", ""2026年5月期 決算説明資料"")","=HYPERLINK(""pdf_tmp/20260715/523A_1530_G-セイワHD_2026年5月期 決算説明資料.pdf"", ""2026年5月期 決算説明資料"")",37,13,,,,,,,,43,8 13 14 15 16 19 31,,,,,,,,25 42,,,,,https://www.release.tdnet.info/inbs/140120260715594458.pdf
20260715,7730,マニー,決算短信,"=HYPERLINK(""https://www.release.tdnet.info/inbs/140120260629583866.pdf"", ""2026年8月期第3四半期決算短信〔日本基準〕(連結)"")","=HYPERLINK(""pdf_tmp/20260715/7730_1530_マニー_2026年8月期第3四半期決算短信〔日本基準〕(連結).pdf"", ""2026年8月期第3四半期決算短信〔日本基準〕(連結)"")",,,,,5,4,1 4 7,,,,5 6,4,,,,,,,,,,,,https://www.release.tdnet.info/inbs/140120260629583866.pdf
20260715,150A,G-JSH,事業計画,"=HYPERLINK(""https://www.release.tdnet.info/inbs/140120260710591578.pdf"", ""第11期連結業績予想修正と中期事業計画開示に関する説明資料(事業計画及び成長可能性に関する事項)"")","=HYPERLINK(""pdf_tmp/20260715/150A_1600_G-JSH_第11期連結業績予想修正と中期事業計画開示に関する説明資料(事業計画及び成長可能性に関する事項).pdf"", ""第11期連結業績予想修正と中期事業計画開示に関する説明資料(事業計画及び成長可能性に関する事項)"")",,,,,12 46 51,,4 5 6 82 83 84,,,,4 6 8 25 82 84 86,,,,,,,,64 65,,,,,https://www.release.tdnet.info/inbs/140120260710591578.pdf
20260715,2404,鉄人化HD,決算短信,"=HYPERLINK(""https://www.release.tdnet.info/inbs/140120260715594587.pdf"", ""2026年8月期第3四半期決算短信〔日本基準〕(連結)"")","=HYPERLINK(""pdf_tmp/20260715/2404_1530_鉄人化HD_2026年8月期第3四半期決算短信〔日本基準〕(連結).pdf"", ""2026年8月期第3四半期決算短信〔日本基準〕(連結)"")",,,,,,6,,,,,4 5,6,,,,,6,,,,,,,https://www.release.tdnet.info/inbs/140120260715594587.pdf
20260715,280A,G-TMH,その他,"=HYPERLINK(""https://www.release.tdnet.info/inbs/140120260714593615.pdf"", ""2026年11月期 第2四半期(中間期)連結決算補足資料"")","=HYPERLINK(""pdf_tmp/20260715/280A_1600_G-TMH_2026年11月期 第2四半期(中間期)連結決算補足資料.pdf"", ""2026年11月期 第2四半期(中間期)連結決算補足資料"")",,,,,,,,7,,5,21,,,,,,,,14,,,,,https://www.release.tdnet.info/inbs/140120260714593615.pdf
20260715,3697,SHIFT,説明資料,"=HYPERLINK(""https://www.release.tdnet.info/inbs/140120260715594664.pdf"", ""2026年8月期 第3四半期決算説明資料"")","=HYPERLINK(""pdf_tmp/20260715/3697_1530_SHIFT_2026年8月期 第3四半期決算説明資料.pdf"", ""2026年8月期 第3四半期決算説明資料"")",,,,,,,2 7,7,,,2 27 31 33 39,,,,,,,,2,,,,,https://www.release.tdnet.info/inbs/140120260715594664.pdf
20260715,4577,ダイト,説明資料,"=HYPERLINK(""https://www.release.tdnet.info/inbs/140120260715594155.pdf"", ""2026年5月期 決算説明資料"")","=HYPERLINK(""pdf_tmp/20260715/4577_1700_ダイト_2026年5月期 決算説明資料.pdf"", ""2026年5月期 決算説明資料"")",,,,,,,4,17,,8,4 12 16 19 30,,,,,,,,,,,,,https://www.release.tdnet.info/inbs/140120260715594155.pdf
20260715,5026,G-トリプルアイズ,説明資料,"=HYPERLINK(""https://www.release.tdnet.info/inbs/140120260715594218.pdf"", ""2026年8月期第3四半期決算説明資料"")","=HYPERLINK(""pdf_tmp/20260715/5026_1530_G-トリプルアイズ_2026年8月期第3四半期決算説明資料.pdf"", ""2026年8月期第3四半期決算説明資料"")",,,,,,,26,26,,,3 60 64,,,,,,,,5,,,,,https://www.release.tdnet.info/inbs/140120260715594218.pdf
20260715,7879,ノダ,決算短信,"=HYPERLINK(""https://www.release.tdnet.info/inbs/140120260715594158.pdf"", ""2026年11月期 第2四半期(中間期)決算短信〔日本基準〕(連結)"")","=HYPERLINK(""pdf_tmp/20260715/7879_1600_ノダ_2026年11月期 第2四半期(中間期)決算短信〔日本基準〕(連結).pdf"", ""2026年11月期 第2四半期(中間期)決算短信〔日本基準〕(連結)"")",,,,4,,,,,,,,,,,,,,4,4,,,4,,https://www.release.tdnet.info/inbs/140120260715594158.pdf
20260715,1430,ファーストコーポ,説明資料,"=HYPERLINK(""https://www.release.tdnet.info/inbs/140120260714592919.pdf"", ""2026年5月期 決算説明資料"")","=HYPERLINK(""pdf_tmp/20260715/1430_1300_ファーストコーポ_2026年5月期 決算説明資料.pdf"", ""2026年5月期 決算説明資料"")",,,,10,,,24 25,,,,,25 29,,,,,,,,,,,,https://www.release.tdnet.info/inbs/140120260714592919.pdf
20260715,1887,日本国土開発,決算短信,"=HYPERLINK(""https://www.release.tdnet.info/inbs/140120260714593584.pdf"", ""2026年5月期決算短信〔日本基準〕(連結)"")","=HYPERLINK(""pdf_tmp/20260715/1887_1525_日本国土開発_2026年5月期決算短信〔日本基準〕(連結).pdf"", ""2026年5月期決算短信〔日本基準〕(連結)"")",,,,,,,5,,,,4,4,,,,,,,,,,,,https://www.release.tdnet.info/inbs/140120260714593584.pdf
20260715,197A,タウンズ,その他,"=HYPERLINK(""https://www.release.tdnet.info/inbs/140120260715594265.pdf"", ""中期経営計画の更新に関するお知らせ"")","=HYPERLINK(""pdf_tmp/20260715/197A_1830_タウンズ_中期経営計画の更新に関するお知らせ.pdf"", ""中期経営計画の更新に関するお知らせ"")",,,,,,,,3,,,44,,,,,,,,,,,3 6 18 27 35 39,,https://www.release.tdnet.info/inbs/140120260715594265.pdf
20260715,277A,グロービング,その他,"=HYPERLINK(""https://www.release.tdnet.info/inbs/140120260715593887.pdf"", ""2026年5月期 決算説明会資料"")","=HYPERLINK(""pdf_tmp/20260715/277A_1530_グロービング_2026年5月期 決算説明会資料.pdf"", ""2026年5月期 決算説明会資料"")",,,,,42,,,,,,57,,,,,,,,14 60,,,,,https://www.release.tdnet.info/inbs/140120260715593887.pdf
20260715,2884,ヨシムラ・F・HD,説明資料,"=HYPERLINK(""https://www.release.tdnet.info/inbs/140120260715593757.pdf"", ""2027年2月期 第1四半期決算説明資料"")","=HYPERLINK(""pdf_tmp/20260715/2884_1600_ヨシムラ・F・HD_2027年2月期 第1四半期決算説明資料.pdf"", ""2027年2月期 第1四半期決算説明資料"")",,,5 6,,,,,,,,5 6,,,,,,,,,,43,,,https://www.release.tdnet.info/inbs/140120260715593757.pdf
20260715,3021,PCNET,説明資料,"=HYPERLINK(""https://www.release.tdnet.info/inbs/140120260714593550.pdf"", ""2026年5月期 決算説明資料"")","=HYPERLINK(""pdf_tmp/20260715/3021_1530_PCNET_2026年5月期 決算説明資料.pdf"", ""2026年5月期 決算説明資料"")",,,,,,,,,,,8 19 22,,,,,20,,,,,34,,,https://www.release.tdnet.info/inbs/140120260714593550.pdf
20260715,369A,G-エータイ,説明資料,"=HYPERLINK(""https://www.release.tdnet.info/inbs/140120260715593804.pdf"", ""2026年8月期第3四半期 決算説明資料"")","=HYPERLINK(""pdf_tmp/20260715/369A_1530_G-エータイ_2026年8月期第3四半期 決算説明資料.pdf"", ""2026年8月期第3四半期 決算説明資料"")",,,40,,40,,,,,,,,,,,,,,16,,,,,https://www.release.tdnet.info/inbs/140120260715593804.pdf
20260715,372A,レント,説明資料,"=HYPERLINK(""https://www.release.tdnet.info/inbs/140120260713592328.pdf"", ""2026年5月期 決算説明資料"")","=HYPERLINK(""pdf_tmp/20260715/372A_1530_レント_2026年5月期 決算説明資料.pdf"", ""2026年5月期 決算説明資料"")",,,,,,,,,,,33,,,,,,8,,,,,2 8 15 19,,https://www.release.tdnet.info/inbs/140120260713592328.pdf
20260715,373A,G-リップス,説明資料,"=HYPERLINK(""https://www.release.tdnet.info/inbs/140120260715593763.pdf"", ""2026年8月期 第3四半期決算説明資料"")","=HYPERLINK(""pdf_tmp/20260715/373A_1600_G-リップス_2026年8月期 第3四半期決算説明資料.pdf"", ""2026年8月期 第3四半期決算説明資料"")",,,4,,,,,,,,,,,,,,,,,,26,23 25 26 27,,https://www.release.tdnet.info/inbs/140120260715593763.pdf
20260715,3915,テラスカイ,説明資料,"=HYPERLINK(""https://www.release.tdnet.info/inbs/140120260715593884.pdf"", ""2027年2月期 第1四半期 決算説明資料"")","=HYPERLINK(""pdf_tmp/20260715/3915_1530_テラスカイ_2027年2月期 第1四半期 決算説明資料.pdf"", ""2027年2月期 第1四半期 決算説明資料"")",,,,,,,,,,,4 6 57,5,,,,,16,,,,,,,https://www.release.tdnet.info/inbs/140120260715593884.pdf
20260715,414A,G-オーバーラップ,説明資料,"=HYPERLINK(""https://www.release.tdnet.info/inbs/140120260715594140.pdf"", ""2026年8月期 第3四半期決算説明資料"")","=HYPERLINK(""pdf_tmp/20260715/414A_1630_G-オーバーラップ_2026年8月期 第3四半期決算説明資料.pdf"", ""2026年8月期 第3四半期決算説明資料"")",,,,,,25,,,,24,16 24 31,,,,,,,,,,,,,https://www.release.tdnet.info/inbs/140120260715594140.pdf
20260715,418A,ウリドキ,説明資料,"=HYPERLINK(""https://www.release.tdnet.info/inbs/140120260714593571.pdf"", ""2026年11月期第2四半期決算説明資料"")","=HYPERLINK(""pdf_tmp/20260715/418A_1530_ウリドキ_2026年11月期第2四半期決算説明資料.pdf"", ""2026年11月期第2四半期決算説明資料"")",,,,,,,16 17,,,,,,,,,,,,41,,,4 6 9,,https://www.release.tdnet.info/inbs/140120260714593571.pdf
20260715,4413,ボードルア,説明資料,"=HYPERLINK(""https://www.release.tdnet.info/inbs/140120260715594509.pdf"", ""2027年2月期第1四半期 決算補足説明資料"")","=HYPERLINK(""pdf_tmp/20260715/4413_1600_ボードルア_2027年2月期第1四半期 決算補足説明資料.pdf"", ""2027年2月期第1四半期 決算補足説明資料"")",,,,,,,25,,,,,23,,,,,8,,,,,,,https://www.release.tdnet.info/inbs/140120260715594509.pdf
20260715,4490,G-ビザスク,説明資料,"=HYPERLINK(""https://www.release.tdnet.info/inbs/140120260715594556.pdf"", ""2027年2月期 第1四半期決算説明資料"")","=HYPERLINK(""pdf_tmp/20260715/4490_1530_G-ビザスク_2027年2月期 第1四半期決算説明資料.pdf"", ""2027年2月期 第1四半期決算説明資料"")",,,,,,3,,,,,2 13 26,,,,,,,,,,,16 40,,https://www.release.tdnet.info/inbs/140120260715594556.pdf
20260715,5025,G-マーキュリー,説明資料,"=HYPERLINK(""https://www.release.tdnet.info/inbs/140120260714593580.pdf"", ""2027年2月期 第1四半期決算説明資料"")","=HYPERLINK(""pdf_tmp/20260715/5025_1530_G-マーキュリー_2027年2月期 第1四半期決算説明資料.pdf"", ""2027年2月期 第1四半期決算説明資料"")",,,19,,,,,,,,13 15 19,11,,,,,,,,,,,,https://www.release.tdnet.info/inbs/140120260714593580.pdf
20260715,589A,G-ネイス,説明資料,"=HYPERLINK(""https://www.release.tdnet.info/inbs/140120260715593990.pdf"", ""2026年8月期 第3四半期決算補足説明資料"")","=HYPERLINK(""pdf_tmp/20260715/589A_1600_G-ネイス_2026年8月期 第3四半期決算補足説明資料.pdf"", ""2026年8月期 第3四半期決算補足説明資料"")",,,14,,2 7 14,,,,,,2 6,,,,,,,,,,,,,https://www.release.tdnet.info/inbs/140120260715593990.pdf
20260715,6058,ベクトル,説明資料,"=HYPERLINK(""https://www.release.tdnet.info/inbs/140120260715594142.pdf"", ""2027年2月期 第1四半期決算説明資料"")","=HYPERLINK(""pdf_tmp/20260715/6058_1530_ベクトル_2027年2月期 第1四半期決算説明資料.pdf"", ""2027年2月期 第1四半期決算説明資料"")",,,,,,8,,,,,5 6,,,,,,,,6 31 32 63,,,,,https://www.release.tdnet.info/inbs/140120260715594142.pdf
20260715,6224,G-JRC,説明資料,"=HYPERLINK(""https://www.release.tdnet.info/inbs/140120260715594278.pdf"", ""2027年2月期 第1四半期 決算説明資料"")","=HYPERLINK(""pdf_tmp/20260715/6224_1530_G-JRC_2027年2月期 第1四半期 決算説明資料.pdf"", ""2027年2月期 第1四半期 決算説明資料"")",,,,,,,,,,11 12,21,,10,,,,,,,,,,,https://www.release.tdnet.info/inbs/140120260715594278.pdf
20260715,6495,宮入バル,その他,"=HYPERLINK(""https://www.release.tdnet.info/inbs/140120260714593219.pdf"", ""第三者割当による行使価額修正条項付株式会社宮入バルブ製作所第3回新株予約権(停止要請条項付)の発行に関するお知らせ"")","=HYPERLINK(""pdf_tmp/20260715/6495_1600_宮入バル_第三者割当による行使価額修正条項付株式会社宮入バルブ製作所第3回新株予約権(停止要請条項付)の発行に関するお知らせ.pdf"", ""第三者割当による行使価額修正条項付株式会社宮入バルブ製作所第3回新株予約権(停止要請条項付)の発行に関するお知らせ"")",,3,,,,,,4 5,,,3,,,,,,,,,,,,,https://www.release.tdnet.info/inbs/140120260714593219.pdf
20260715,6522,G-アスタリスク,説明資料,"=HYPERLINK(""https://www.release.tdnet.info/inbs/140120260708589933.pdf"", ""2026年8月期 第3四半期決算説明資料"")","=HYPERLINK(""pdf_tmp/20260715/6522_1530_G-アスタリスク_2026年8月期 第3四半期決算説明資料.pdf"", ""2026年8月期 第3四半期決算説明資料"")",,,,,,,,,,,6 8 9 10 16,,14 16 18,,,,,,,,,11 14,,https://www.release.tdnet.info/inbs/140120260708589933.pdf
20260715,6890,フェローテック,資本コストや株価,"=HYPERLINK(""https://www.release.tdnet.info/inbs/140120260715594358.pdf"", ""資本コストや株価を意識した経営の実現に向けたに取り組みついて"")","=HYPERLINK(""pdf_tmp/20260715/6890_1530_フェローテック_資本コストや株価を意識した経営の実現に向けたに取り組みついて.pdf"", ""資本コストや株価を意識した経営の実現に向けたに取り組みついて"")",,10,,,,,,,,,6 9 14,,,,,,,,6 7,,,,,https://www.release.tdnet.info/inbs/140120260715594358.pdf
20260715,7351,G-グッドパッチ,説明資料,"=HYPERLINK(""https://www.release.tdnet.info/inbs/140120260714593694.pdf"", ""2026年8月期 第3四半期決算説明資料"")","=HYPERLINK(""pdf_tmp/20260715/7351_1530_G-グッドパッチ_2026年8月期 第3四半期決算説明資料.pdf"", ""2026年8月期 第3四半期決算説明資料"")",,,,,,,,,,,17 25,6 17,11,,,,,,,,,,,https://www.release.tdnet.info/inbs/140120260714593694.pdf
20260715,7719,東京衡機,決算短信,"=HYPERLINK(""https://www.release.tdnet.info/inbs/140120260715594340.pdf"", ""2027年2月期 第1四半期決算短信〔日本基準〕(連結)"")","=HYPERLINK(""pdf_tmp/20260715/7719_1600_東京衡機_2027年2月期 第1四半期決算短信〔日本基準〕(連結).pdf"", ""2027年2月期 第1四半期決算短信〔日本基準〕(連結)"")",,,,,,,,,,,,5,5,,,,,,,,,4 5,,https://www.release.tdnet.info/inbs/140120260715594340.pdf
20260715,8167,リテールパートナーズ,決算短信,"=HYPERLINK(""https://www.release.tdnet.info/inbs/140120260713592288.pdf"", ""2027年2月期 第1四半期決算短信[日本基準](連結)"")","=HYPERLINK(""pdf_tmp/20260715/8167_1500_リテールパートナーズ_2027年2月期 第1四半期決算短信[日本基準](連結).pdf"", ""2027年2月期 第1四半期決算短信[日本基準](連結)"")",,7,,,4,,,,,,4,,,,,,,,,,,,,https://www.release.tdnet.info/inbs/140120260713592288.pdf
20260715,1430,ファーストコーポ,決算短信,"=HYPERLINK(""https://www.release.tdnet.info/inbs/140120260714592848.pdf"", ""2026年5月期 決算短信〔日本基準〕(連結)"")","=HYPERLINK(""pdf_tmp/20260715/1430_1300_ファーストコーポ_2026年5月期 決算短信〔日本基準〕(連結).pdf"", ""2026年5月期 決算短信〔日本基準〕(連結)"")",,,,7,,,,,,,4,,,,,,,,,,,,,https://www.release.tdnet.info/inbs/140120260714592848.pdf
20260715,205A,G-ロゴスHD,決算短信,"=HYPERLINK(""https://www.release.tdnet.info/inbs/140120260714593623.pdf"", ""2026年5月期 決算短信〔日本基準〕(連結)"")","=HYPERLINK(""pdf_tmp/20260715/205A_1530_G-ロゴスHD_2026年5月期 決算短信〔日本基準〕(連結).pdf"", ""2026年5月期 決算短信〔日本基準〕(連結)"")",,,,6,,,,,,,4,,,,,,,,,,,,,https://www.release.tdnet.info/inbs/140120260714593623.pdf
20260715,2164,地域新聞社,決算短信,"=HYPERLINK(""https://www.release.tdnet.info/inbs/140120260715594525.pdf"", ""2026年8月期第3四半期決算短信〔日本基準〕(非連結)"")","=HYPERLINK(""pdf_tmp/20260715/2164_1530_地域新聞社_2026年8月期第3四半期決算短信〔日本基準〕(非連結).pdf"", ""2026年8月期第3四半期決算短信〔日本基準〕(非連結)"")",,,,,,,,,,,,,,,,4,,,4,,,,,https://www.release.tdnet.info/inbs/140120260715594525.pdf
20260715,280A,G-TMH,決算短信,"=HYPERLINK(""https://www.release.tdnet.info/inbs/140120260714593417.pdf"", ""2026年11月期  第2四半期(中間期)決算短信〔日本基準〕(連結)"")","=HYPERLINK(""pdf_tmp/20260715/280A_1600_G-TMH_2026年11月期 第2四半期(中間期)決算短信〔日本基準〕(連結).pdf"", ""2026年11月期  第2四半期(中間期)決算短信〔日本基準〕(連結)"")",,,,,,,,,,,4,,,,,,,,4,,,,,https://www.release.tdnet.info/inbs/140120260714593417.pdf
20260715,2930,北の達人,決算短信,"=HYPERLINK(""https://www.release.tdnet.info/inbs/140120260714593431.pdf"", ""2027年2月期 第1四半期決算短信〔日本基準〕(連結)"")","=HYPERLINK(""pdf_tmp/20260715/2930_1530_北の達人_2027年2月期 第1四半期決算短信〔日本基準〕(連結).pdf"", ""2027年2月期 第1四半期決算短信〔日本基準〕(連結)"")",,,,,,,,,,,5 8 9,,,,,,,,7,,,,,https://www.release.tdnet.info/inbs/140120260714593431.pdf
20260715,2934,G-Jフロンティア,決算短信,"=HYPERLINK(""https://www.release.tdnet.info/inbs/140120260715594521.pdf"", ""2026年5月期 決算短信[日本基準](連結)"")","=HYPERLINK(""pdf_tmp/20260715/2934_1530_G-Jフロンティア_2026年5月期 決算短信[日本基準](連結).pdf"", ""2026年5月期 決算短信[日本基準](連結)"")",,,5,,5,,,,,,,,,,,,,,,,,,,https://www.release.tdnet.info/inbs/140120260715594521.pdf
20260715,2934,G-Jフロンティア,その他,"=HYPERLINK(""https://www.release.tdnet.info/inbs/140120260715594568.pdf"", ""2026年5月期通期決算 2027年5月期通期計画について"")","=HYPERLINK(""pdf_tmp/20260715/2934_1530_G-Jフロンティア_2026年5月期通期決算 2027年5月期通期計画について.pdf"", ""2026年5月期通期決算 2027年5月期通期計画について"")",,,,,,,,,,,9 19,,,,,,,,11,,,,,https://www.release.tdnet.info/inbs/140120260715594568.pdf
20260715,3021,PCNET,決算短信,"=HYPERLINK(""https://www.release.tdnet.info/inbs/140120260715594536.pdf"", ""2026年5月期 決算短信〔日本基準〕(連結)"")","=HYPERLINK(""pdf_tmp/20260715/3021_1530_PCNET_2026年5月期 決算短信〔日本基準〕(連結).pdf"", ""2026年5月期 決算短信〔日本基準〕(連結)"")",,,,,,,,,,,7,,,,,7 9,,,,,,,,https://www.release.tdnet.info/inbs/140120260715594536.pdf
20260715,3189,ANAP,決算短信,"=HYPERLINK(""https://www.release.tdnet.info/inbs/140120260715594380.pdf"", ""2026年8月期第3四半期決算短信〔日本基準〕(連結)"")","=HYPERLINK(""pdf_tmp/20260715/3189_1630_ANAP_2026年8月期第3四半期決算短信〔日本基準〕(連結).pdf"", ""2026年8月期第3四半期決算短信〔日本基準〕(連結)"")",,,,,4,,,,,,13,,,,,,,,,,,,,https://www.release.tdnet.info/inbs/140120260715594380.pdf
20260715,325A,G-TENTIAL,説明資料,"=HYPERLINK(""https://www.release.tdnet.info/inbs/140120260715594323.pdf"", ""2026年8月期 第3四半期決算説明資料"")","=HYPERLINK(""pdf_tmp/20260715/325A_1530_G-TENTIAL_2026年8月期 第3四半期決算説明資料.pdf"", ""2026年8月期 第3四半期決算説明資料"")",,,,,,,,,,,28,21,,,,,,,,,,,,https://www.release.tdnet.info/inbs/140120260715594323.pdf
20260715,3440,日創グループ,その他,"=HYPERLINK(""https://www.release.tdnet.info/inbs/140120260715594630.pdf"", ""2026年8月期 第3四半期決算説明会資料"")","=HYPERLINK(""pdf_tmp/20260715/3440_1530_日創グループ_2026年8月期 第3四半期決算説明会資料.pdf"", ""2026年8月期 第3四半期決算説明会資料"")",,,,,,,,14,,,5 8 11,,,,,,,,,,,,,https://www.release.tdnet.info/inbs/140120260715594630.pdf
20260715,3479,G-TKP,その他,"=HYPERLINK(""https://www.release.tdnet.info/inbs/140120260715594513.pdf"", ""2027年2月期第1四半期決算説明会資料"")","=HYPERLINK(""pdf_tmp/20260715/3479_1530_G-TKP_2027年2月期第1四半期決算説明会資料.pdf"", ""2027年2月期第1四半期決算説明会資料"")",,,4,,,,,,,,7 10,,,,,,,,,,,,,https://www.release.tdnet.info/inbs/140120260715594513.pdf
20260715,3558,G-ジェイドグループ,その他,"=HYPERLINK(""https://www.release.tdnet.info/inbs/140120260714593373.pdf"", ""2027年2月期 第1四半期決算説明会資料"")","=HYPERLINK(""pdf_tmp/20260715/3558_1530_G-ジェイドグループ_2027年2月期 第1四半期決算説明会資料.pdf"", ""2027年2月期 第1四半期決算説明会資料"")",,,,,,,,,,,3 4 6 16 37,,,,,,,,,,,14,,https://www.release.tdnet.info/inbs/140120260714593373.pdf
20260715,3608,TSI HD,その他,"=HYPERLINK(""https://www.release.tdnet.info/inbs/140120260714593669.pdf"", ""2027年2月期 第1四半期決算説明会資料"")","=HYPERLINK(""pdf_tmp/20260715/3608_1000_TSI HD_2027年2月期 第1四半期決算説明会資料.pdf"", ""2027年2月期 第1四半期決算説明会資料"")",,,,,,,,,,,5 6 7,,,,,,,,7,,,,,https://www.release.tdnet.info/inbs/140120260714593669.pdf
20260715,367A,プリモGHD,説明資料,"=HYPERLINK(""https://www.release.tdnet.info/inbs/140120260715594356.pdf"", ""2026年8月期第3四半期決算説明資料"")","=HYPERLINK(""pdf_tmp/20260715/367A_1530_プリモGHD_2026年8月期第3四半期決算説明資料.pdf"", ""2026年8月期第3四半期決算説明資料"")",,,,,16 36,,,,,,46,,,,,,,,,,,,,https://www.release.tdnet.info/inbs/140120260715594356.pdf
20260715,3697,SHIFT,決算短信,"=HYPERLINK(""https://www.release.tdnet.info/inbs/140120260715594578.pdf"", ""2026年8月期 第3四半期決算短信〔日本基準〕(連結)"")","=HYPERLINK(""pdf_tmp/20260715/3697_1530_SHIFT_2026年8月期 第3四半期決算短信〔日本基準〕(連結).pdf"", ""2026年8月期 第3四半期決算短信〔日本基準〕(連結)"")",,,,,,,,,,,5,,,,,,,,6,,,,,https://www.release.tdnet.info/inbs/140120260715594578.pdf
20260715,3697,SHIFT,予想の修正,"=HYPERLINK(""https://www.release.tdnet.info/inbs/140120260715594600.pdf"", ""業績予想の修正、営業外費用及び特別損失の計上に関するお知らせ"")","=HYPERLINK(""pdf_tmp/20260715/3697_1530_SHIFT_業績予想の修正、営業外費用及び特別損失の計上に関するお知らせ.pdf"", ""業績予想の修正、営業外費用及び特別損失の計上に関するお知らせ"")",,,,,,,1,1,,,,,,,,,,,,,,,,https://www.release.tdnet.info/inbs/140120260715594600.pdf
20260715,3826,SI,決算短信,"=HYPERLINK(""https://www.release.tdnet.info/inbs/140120260715594002.pdf"", ""2027年2月期  第1四半期決算短信〔日本基準〕(連結)"")","=HYPERLINK(""pdf_tmp/20260715/3826_1530_SI_2027年2月期 第1四半期決算短信〔日本基準〕(連結).pdf"", ""2027年2月期  第1四半期決算短信〔日本基準〕(連結)"")",,,,,,,,,,,4,5,,,,,,,,,,,,https://www.release.tdnet.info/inbs/140120260715594002.pdf
20260715,3935,エディア,説明資料,"=HYPERLINK(""https://www.release.tdnet.info/inbs/140120260715594284.pdf"", ""2027年2月期  第1四半期決算説明資料"")","=HYPERLINK(""pdf_tmp/20260715/3935_1530_エディア_2027年2月期 第1四半期決算説明資料.pdf"", ""2027年2月期  第1四半期決算説明資料"")",,,,,,,,,,,16,,,,,,,,,,,29,,https://www.release.tdnet.info/inbs/140120260715594284.pdf
20260715,3940,ノムラシステム,予想の修正,"=HYPERLINK(""https://www.release.tdnet.info/inbs/140120260709590538.pdf"", ""2026年12月期第2四半期(中間期)業績予想の修正に関するお知らせ"")","=HYPERLINK(""pdf_tmp/20260715/3940_1430_ノムラシステム_2026年12月期第2四半期(中間期)業績予想の修正に関するお知らせ.pdf"", ""2026年12月期第2四半期(中間期)業績予想の修正に関するお知らせ"")",,,,,,,,,,,,1,1,,,,,,,,,,,https://www.release.tdnet.info/inbs/140120260709590538.pdf
20260715,4197,アスマーク,説明資料,"=HYPERLINK(""https://www.release.tdnet.info/inbs/140120260714593331.pdf"", ""2026年11月期第2四半期決算説明資料"")","=HYPERLINK(""pdf_tmp/20260715/4197_1600_アスマーク_2026年11月期第2四半期決算説明資料.pdf"", ""2026年11月期第2四半期決算説明資料"")",,,,,,,,,,,43,,,,,,9,,,,,,,https://www.release.tdnet.info/inbs/140120260714593331.pdf
20260715,4433,ヒトコムHD,決算短信,"=HYPERLINK(""https://www.release.tdnet.info/inbs/140120260714592684.pdf"", ""2026年8月期 第3四半期決算短信〔日本基準〕(連結)"")","=HYPERLINK(""pdf_tmp/20260715/4433_1530_ヒトコムHD_2026年8月期 第3四半期決算短信〔日本基準〕(連結).pdf"", ""2026年8月期 第3四半期決算短信〔日本基準〕(連結)"")",,,,,,,,,,,4,,,,,,,,4,,,,,https://www.release.tdnet.info/inbs/140120260714592684.pdf
20260715,4439,東名,説明資料,"=HYPERLINK(""https://www.release.tdnet.info/inbs/140120260713591960.pdf"", ""2026年8月期 第3四半期決算補足説明資料"")","=HYPERLINK(""pdf_tmp/20260715/4439_1300_東名_2026年8月期 第3四半期決算補足説明資料.pdf"", ""2026年8月期 第3四半期決算補足説明資料"")",,,,47,,,,,,,11 15 25 40,,,,,,,,,,,,,https://www.release.tdnet.info/inbs/140120260713591960.pdf
20260715,5078,セレコーポレーション,決算短信,"=HYPERLINK(""https://www.release.tdnet.info/inbs/140120260701586418.pdf"", ""2027年2月期 第1四半期決算短信〔日本基準〕(連結)"")","=HYPERLINK(""pdf_tmp/20260715/5078_1400_セレコーポレーション_2027年2月期 第1四半期決算短信〔日本基準〕(連結).pdf"", ""2027年2月期 第1四半期決算短信〔日本基準〕(連結)"")",5,,,5,,,,,,,,,,,,,,,,,,,,https://www.release.tdnet.info/inbs/140120260701586418.pdf
20260715,523A,G-セイワHD,その他,"=HYPERLINK(""https://www.release.tdnet.info/inbs/140120260715594632.pdf"", ""2026年5月期決算 IR関連Q&Aに関するお知らせ"")","=HYPERLINK(""pdf_tmp/20260715/523A_1530_G-セイワHD_2026年5月期決算 IR関連Q&Aに関するお知らせ.pdf"", ""2026年5月期決算 IR関連Q&Aに関するお知らせ"")",,,,3,,,,,,,,1,,,,,,,,,,,,https://www.release.tdnet.info/inbs/140120260715594632.pdf
20260715,5574,G-ABEJA,説明資料,"=HYPERLINK(""https://www.release.tdnet.info/inbs/140120260715594186.pdf"", ""2026年8月期 第3四半期 決算説明資料"")","=HYPERLINK(""pdf_tmp/20260715/5574_1530_G-ABEJA_2026年8月期 第3四半期 決算説明資料.pdf"", ""2026年8月期 第3四半期 決算説明資料"")",,,,,,,10 11,,,,10 33 56 73,,,,,,,,,,,,,https://www.release.tdnet.info/inbs/140120260715594186.pdf
20260715,5817,JMACS,決算短信,"=HYPERLINK(""https://www.release.tdnet.info/inbs/140120260715593902.pdf"", ""2027年2月期 第1四半期決算短信〔日本基準〕(非連結)"")","=HYPERLINK(""pdf_tmp/20260715/5817_1400_JMACS_2027年2月期 第1四半期決算短信〔日本基準〕(非連結).pdf"", ""2027年2月期 第1四半期決算短信〔日本基準〕(非連結)"")",,,,,,,,,,,4,,,,,,,,4,,,,,https://www.release.tdnet.info/inbs/140120260715593902.pdf
20260715,597A,P-and US,その他,"=HYPERLINK(""https://www.release.tdnet.info/inbs/140120260714593235.pdf"", ""東京証券取引所 TOKYO PRO Market 及び 福岡証券取引所 Fukuoka PRO Market 上場に伴う当社決算情報等のお知らせ"")","=HYPERLINK(""pdf_tmp/20260715/597A_0800_P-and US_東京証券取引所 TOKYO PRO Market 及び 福岡証券取引所 Fukuoka PRO Market 上場に伴う当社決算情報等のお知らせ.pdf"", ""東京証券取引所 TOKYO PRO Market 及び 福岡証券取引所 Fukuoka PRO Market 上場に伴う当社決算情報等のお知らせ"")",,,,,,,,,,,2 7,,,,,,,,2,,,,,https://www.release.tdnet.info/inbs/140120260714593235.pdf
20260715,6047,Gunosy,決算短信,"=HYPERLINK(""https://www.release.tdnet.info/inbs/140120260715594095.pdf"", ""2026年5月期 決算短信〔日本基準〕(連結)"")","=HYPERLINK(""pdf_tmp/20260715/6047_1530_Gunosy_2026年5月期 決算短信〔日本基準〕(連結).pdf"", ""2026年5月期 決算短信〔日本基準〕(連結)"")",,,,,,,,,,4,4,,,,,,,,,,,,,https://www.release.tdnet.info/inbs/140120260715594095.pdf
20260715,6047,Gunosy,説明資料,"=HYPERLINK(""https://www.release.tdnet.info/inbs/140120260715594110.pdf"", ""2026年5月期 決算説明資料"")","=HYPERLINK(""pdf_tmp/20260715/6047_1530_Gunosy_2026年5月期 決算説明資料.pdf"", ""2026年5月期 決算説明資料"")",,,,,13,,,,,,,,,,,,,,54,,,,,https://www.release.tdnet.info/inbs/140120260715594110.pdf
20260715,6532,ベイカレント,その他,"=HYPERLINK(""https://www.release.tdnet.info/inbs/140120260708589954.pdf"", ""2027年2月期 第1四半期決算補足資料"")","=HYPERLINK(""pdf_tmp/20260715/6532_1530_ベイカレント_2027年2月期 第1四半期決算補足資料.pdf"", ""2027年2月期 第1四半期決算補足資料"")",,,,,,,,,,,,3 4 5,,,,,28,,,,,,,https://www.release.tdnet.info/inbs/140120260708589954.pdf
20260715,6866,日置電,決算短信,"=HYPERLINK(""https://www.release.tdnet.info/inbs/140120260715594249.pdf"", ""2026年12月期 第2四半期(中間期)決算短信〔日本基準〕(連結)"")","=HYPERLINK(""pdf_tmp/20260715/6866_1530_日置電_2026年12月期 第2四半期(中間期)決算短信〔日本基準〕(連結).pdf"", ""2026年12月期 第2四半期(中間期)決算短信〔日本基準〕(連結)"")",,,,,,,,,,,4 5,,,,,,4 5,,,,,,,https://www.release.tdnet.info/inbs/140120260715594249.pdf
20260715,7065,ユーピーアール,決算短信,"=HYPERLINK(""https://www.release.tdnet.info/inbs/140120260715593864.pdf"", ""2026年8月期  第3四半期決算短信〔日本基準〕(連結)"")","=HYPERLINK(""pdf_tmp/20260715/7065_1230_ユーピーアール_2026年8月期 第3四半期決算短信〔日本基準〕(連結).pdf"", ""2026年8月期  第3四半期決算短信〔日本基準〕(連結)"")",,,,4,,,,,,,,,4,,,,,,,,,,,https://www.release.tdnet.info/inbs/140120260715593864.pdf
20260715,7360,G-オンデック,説明資料,"=HYPERLINK(""https://www.release.tdnet.info/inbs/140120260714593639.pdf"", ""2026年11月期 第2四半期決算説明資料"")","=HYPERLINK(""pdf_tmp/20260715/7360_1530_G-オンデック_2026年11月期 第2四半期決算説明資料.pdf"", ""2026年11月期 第2四半期決算説明資料"")",,,,,11,,,,,,8 13 34,,,,,,,,,,,,,https://www.release.tdnet.info/inbs/140120260714593639.pdf
20260715,7610,テイツー,その他,"=HYPERLINK(""https://www.release.tdnet.info/inbs/140120260715594355.pdf"", ""2027年2月期第1四半期決算説明会資料"")","=HYPERLINK(""pdf_tmp/20260715/7610_1600_テイツー_2027年2月期第1四半期決算説明会資料.pdf"", ""2027年2月期第1四半期決算説明会資料"")",,,9 10,,,,,,,,11,,,,,,,,,,,,,https://www.release.tdnet.info/inbs/140120260715594355.pdf
20260715,7818,トランザクション,決算短信,"=HYPERLINK(""https://www.release.tdnet.info/inbs/140120260715593915.pdf"", ""2026年8月期 第3四半期決算短信補足説明資料"")","=HYPERLINK(""pdf_tmp/20260715/7818_1530_トランザクション_2026年8月期 第3四半期決算短信補足説明資料.pdf"", ""2026年8月期 第3四半期決算短信補足説明資料"")",9,,,,2 9,,,,,,,,,,,,,,,,,,,https://www.release.tdnet.info/inbs/140120260715593915.pdf
20260715,7818,トランザクション,決算短信,"=HYPERLINK(""https://www.release.tdnet.info/inbs/140120260714593638.pdf"", ""2026年8月期第3四半期決算短信〔日本基準〕(連結)"")","=HYPERLINK(""pdf_tmp/20260715/7818_1530_トランザクション_2026年8月期第3四半期決算短信〔日本基準〕(連結).pdf"", ""2026年8月期第3四半期決算短信〔日本基準〕(連結)"")",,,,,,,,,,,7,,,,,,,,4,,,,,https://www.release.tdnet.info/inbs/140120260714593638.pdf
20260715,8783,abc,予想の修正,"=HYPERLINK(""https://www.release.tdnet.info/inbs/140120260715594348.pdf"", ""2026年8月期 連結業績予想の修正に関するお知らせ"")","=HYPERLINK(""pdf_tmp/20260715/8783_1600_abc_2026年8月期 連結業績予想の修正に関するお知らせ.pdf"", ""2026年8月期 連結業績予想の修正に関するお知らせ"")",,,,,,,,,,2,,,1,,,,,,,,,,,https://www.release.tdnet.info/inbs/140120260715594348.pdf
20260715,8887,シーラHD,説明資料,"=HYPERLINK(""https://www.release.tdnet.info/inbs/140120260715594526.pdf"", ""2026年5月期通期決算説明資料"")","=HYPERLINK(""pdf_tmp/20260715/8887_1530_シーラHD_2026年5月期通期決算説明資料.pdf"", ""2026年5月期通期決算説明資料"")",,,,,,,5,,,,,,,,,,,,41,,,,,https://www.release.tdnet.info/inbs/140120260715594526.pdf
20260715,8960,R-ユナイテド,説明資料,"=HYPERLINK(""https://www.release.tdnet.info/inbs/140120260714593564.pdf"", ""2026年5月期(第45期)決算説明資料"")","=HYPERLINK(""pdf_tmp/20260715/8960_1530_R-ユナイテド_2026年5月期(第45期)決算説明資料.pdf"", ""2026年5月期(第45期)決算説明資料"")",,,,,,,5,,,,9 10 15 22 58,,,,,,,,,,,,,https://www.release.tdnet.info/inbs/140120260714593564.pdf
20260715,9252,G-ラストワンマイル,説明資料,"=HYPERLINK(""https://www.release.tdnet.info/inbs/140120260713592541.pdf"", ""2026年8月期第3四半期決算説明資料"")","=HYPERLINK(""pdf_tmp/20260715/9252_1600_G-ラストワンマイル_2026年8月期第3四半期決算説明資料.pdf"", ""2026年8月期第3四半期決算説明資料"")",,,,,,,,,,,14 15 20 28,,14 15 20,,,,,,,,,,,https://www.release.tdnet.info/inbs/140120260713592541.pdf
20260715,9517,イーレックス,事業計画,"=HYPERLINK(""https://www.release.tdnet.info/inbs/140120260715594650.pdf"", ""2027年3月期 新事業計画説明資料"")","=HYPERLINK(""pdf_tmp/20260715/9517_1600_イーレックス_2027年3月期 新事業計画説明資料.pdf"", ""2027年3月期 新事業計画説明資料"")",,,,,,,,,,,3,,,,,,1,,,,,,,https://www.release.tdnet.info/inbs/140120260715594650.pdf
20260715,1407,ウエストHD,決算短信,"=HYPERLINK(""https://www.release.tdnet.info/inbs/140120260715593815.pdf"", ""2026年8月期 第3四半期決算短信〔日本基準〕(連結)"")","=HYPERLINK(""pdf_tmp/20260715/1407_1000_ウエストHD_2026年8月期 第3四半期決算短信〔日本基準〕(連結).pdf"", ""2026年8月期 第3四半期決算短信〔日本基準〕(連結)"")",,,,,,,,,,4,,,,,,,,,,,,,,https://www.release.tdnet.info/inbs/140120260715593815.pdf
20260715,1418,インターライフ,決算短信,"=HYPERLINK(""https://www.release.tdnet.info/inbs/140120260714593097.pdf"", ""2027年2月期 第1四半期決算短信〔日本基準〕(連結)"")","=HYPERLINK(""pdf_tmp/20260715/1418_1600_インターライフ_2027年2月期 第1四半期決算短信〔日本基準〕(連結).pdf"", ""2027年2月期 第1四半期決算短信〔日本基準〕(連結)"")",,,,,,,,,,,,,,4,,,,,,,,,,https://www.release.tdnet.info/inbs/140120260714593097.pdf
20260715,157A,G-Gモンスター,その他,"=HYPERLINK(""https://www.release.tdnet.info/inbs/140120260715594603.pdf"", ""第三者割当により発行される第7回新株予約権、第8回新株予約権及び第9回新株予約権の発行並びに行使許可条項付第三者割当契約の締結に関するお知らせ"")","=HYPERLINK(""pdf_tmp/20260715/157A_1600_G-Gモンスター_第三者割当により発行される第7回新株予約権、第8回新株予約権及び第9回新株予約権の発行並びに行使許可条項付第三者割当契約の締結に関するお知らせ.pdf"", ""第三者割当により発行される第7回新株予約権、第8回新株予約権及び第9回新株予約権の発行並びに行使許可条項付第三者割当契約の締結に関するお知らせ"")",,,,,,,,,,,5,,,,,,,,,,,,,https://www.release.tdnet.info/inbs/140120260715594603.pdf
20260715,1887,日本国土開発,その他,"=HYPERLINK(""https://www.release.tdnet.info/inbs/140120260714593569.pdf"", ""2026年5月期通期連結業績予想と実績値との差異(上方修正)及び剰余金の配当(増配)、特別利益及び特別損失の計上に関するお知らせ"")","=HYPERLINK(""pdf_tmp/20260715/1887_1525_日本国土開発_2026年5月期通期連結業績予想と実績値との差異(上方修正)及び剰余金の配当(増配)、特別利益及び特別損失の計上に関するお知らせ.pdf"", ""2026年5月期通期連結業績予想と実績値との差異(上方修正)及び剰余金の配当(増配)、特別利益及び特別損失の計上に関するお知らせ"")",,,,,,,1,,,,,,,,,,,,,,,,,https://www.release.tdnet.info/inbs/140120260714593569.pdf
20260715,2337,いちご,説明資料,"=HYPERLINK(""https://www.release.tdnet.info/inbs/140120260715594535.pdf"", ""2027年2月期 第1四半期 決算説明資料"")","=HYPERLINK(""pdf_tmp/20260715/2337_1530_いちご_2027年2月期 第1四半期 決算説明資料.pdf"", ""2027年2月期 第1四半期 決算説明資料"")",,,,,,,,,,,22 36 63,,,,,,,,,,,,,https://www.release.tdnet.info/inbs/140120260715594535.pdf
20260715,2337,いちご,決算短信,"=HYPERLINK(""https://www.release.tdnet.info/inbs/140120260715593827.pdf"", ""2027年2月期 第1四半期決算短信〔日本基準〕(連結)"")","=HYPERLINK(""pdf_tmp/20260715/2337_1530_いちご_2027年2月期 第1四半期決算短信〔日本基準〕(連結).pdf"", ""2027年2月期 第1四半期決算短信〔日本基準〕(連結)"")",,,,,,,,,,,6,,,,,,,,,,,,,https://www.release.tdnet.info/inbs/140120260715593827.pdf
20260715,2437,シンワワイズ,決算短信,"=HYPERLINK(""https://www.release.tdnet.info/inbs/140120260715594364.pdf"", ""2026年5月期 決算短信〔日本基準〕(連結)"")","=HYPERLINK(""pdf_tmp/20260715/2437_1530_シンワワイズ_2026年5月期 決算短信〔日本基準〕(連結).pdf"", ""2026年5月期 決算短信〔日本基準〕(連結)"")",,,,,,,,,,,,,,,,,,,4,,,,,https://www.release.tdnet.info/inbs/140120260715594364.pdf
20260715,2437,シンワワイズ,その他,"=HYPERLINK(""https://www.release.tdnet.info/inbs/140120260713591975.pdf"", ""棚卸資産評価損(売上原価)の計上、特別損失の計上及び2026年5月期通期連結業績予想と実績値との差異並びに剰余金の配当(無配)に関するお知らせ"")","=HYPERLINK(""pdf_tmp/20260715/2437_1530_シンワワイズ_棚卸資産評価損(売上原価)の計上、特別損失の計上及び2026年5月期通期連結業績予想と実績値との差異並びに剰余金の配当(無配)に関するお知らせ.pdf"", ""棚卸資産評価損(売上原価)の計上、特別損失の計上及び2026年5月期通期連結業績予想と実績値との差異並びに剰余金の配当(無配)に関するお知らせ"")",,,,,,,,,,,2,,,,,,,,,,,,,https://www.release.tdnet.info/inbs/140120260713591975.pdf
20260715,244A,G-グロースエクスパ,決算短信,"=HYPERLINK(""https://www.release.tdnet.info/inbs/140120260715594546.pdf"", ""2026年8月期第3四半期決算短信〔日本基準〕(連結)"")","=HYPERLINK(""pdf_tmp/20260715/244A_1600_G-グロースエクスパ_2026年8月期第3四半期決算短信〔日本基準〕(連結).pdf"", ""2026年8月期第3四半期決算短信〔日本基準〕(連結)"")",,,,,,,,5,,,,,,,,,,,,,,,,https://www.release.tdnet.info/inbs/140120260715594546.pdf
20260715,267A,P-トワライズ,予想の修正,"=HYPERLINK(""https://www.release.tdnet.info/inbs/140120260715593894.pdf"", ""配当予想の修正(増配)に関するお知らせ"")","=HYPERLINK(""pdf_tmp/20260715/267A_1500_P-トワライズ_配当予想の修正(増配)に関するお知らせ.pdf"", ""配当予想の修正(増配)に関するお知らせ"")",,,,,,,1,,,,,,,,,,,,,,,,,https://www.release.tdnet.info/inbs/140120260715593894.pdf
20260715,2798,Y’s,予想の修正,"=HYPERLINK(""https://www.release.tdnet.info/inbs/140120260715594554.pdf"", ""特別利益(負ののれん発生益)の計上並びに2027年2月期第2四半期(中間期)及び通期連結業績予想の修正に関するお知らせ"")","=HYPERLINK(""pdf_tmp/20260715/2798_1600_Y’s_特別利益(負ののれん発生益)の計上並びに2027年2月期第2四半期(中間期)及び通期連結業績予想の修正に関するお知らせ.pdf"", ""特別利益(負ののれん発生益)の計上並びに2027年2月期第2四半期(中間期)及び通期連結業績予想の修正に関するお知らせ"")",,,,,,,2,,,,,,,,,,,,,,,,,https://www.release.tdnet.info/inbs/140120260715594554.pdf
20260715,2884,ヨシムラ・F・HD,決算短信,"=HYPERLINK(""https://www.release.tdnet.info/inbs/140120260715593756.pdf"", ""2027年2月期 第1四半期決算短信〔日本基準〕(連結)"")","=HYPERLINK(""pdf_tmp/20260715/2884_1600_ヨシムラ・F・HD_2027年2月期 第1四半期決算短信〔日本基準〕(連結).pdf"", ""2027年2月期 第1四半期決算短信〔日本基準〕(連結)"")",,,4,,,,,,,,,,,,,,,,,,,,,https://www.release.tdnet.info/inbs/140120260715593756.pdf
20260715,2927,AFC-HD,決算短信,"=HYPERLINK(""https://www.release.tdnet.info/inbs/140120260603561920.pdf"", ""2026年8月期 第3四半期決算短信〔日本基準〕(連結)"")","=HYPERLINK(""pdf_tmp/20260715/2927_1530_AFC-HD_2026年8月期 第3四半期決算短信〔日本基準〕(連結).pdf"", ""2026年8月期 第3四半期決算短信〔日本基準〕(連結)"")",,,,,,,7,,,,,,,,,,,,,,,,,https://www.release.tdnet.info/inbs/140120260603561920.pdf
20260715,2936,G-ベースフード,決算短信,"=HYPERLINK(""https://www.release.tdnet.info/inbs/140120260715593969.pdf"", ""2027年2月期 第1四半期決算短信〔日本基準〕 (非連結)"")","=HYPERLINK(""pdf_tmp/20260715/2936_1530_G-ベースフード_2027年2月期 第1四半期決算短信〔日本基準〕 (非連結).pdf"", ""2027年2月期 第1四半期決算短信〔日本基準〕 (非連結)"")",,,,,,,,,,,4,,,,,,,,,,,,,https://www.release.tdnet.info/inbs/140120260715593969.pdf
20260715,2936,G-ベースフード,説明資料,"=HYPERLINK(""https://www.release.tdnet.info/inbs/140120260715594053.pdf"", ""2027年度2月期 第1四半期決算説明資料"")","=HYPERLINK(""pdf_tmp/20260715/2936_1530_G-ベースフード_2027年度2月期 第1四半期決算説明資料.pdf"", ""2027年度2月期 第1四半期決算説明資料"")",,,,,11,,,,,,,,,,,,,,,,,,,https://www.release.tdnet.info/inbs/140120260715594053.pdf
20260715,3077,ホリイフード,予想の修正,"=HYPERLINK(""https://www.release.tdnet.info/inbs/140120260715594280.pdf"", ""2026年11月期通期連結業績予想の修正(上方修正)に関するお知らせ"")","=HYPERLINK(""pdf_tmp/20260715/3077_1400_ホリイフード_2026年11月期通期連結業績予想の修正(上方修正)に関するお知らせ.pdf"", ""2026年11月期通期連結業績予想の修正(上方修正)に関するお知らせ"")",,,,,,,1,,,,,,,,,,,,,,,,,https://www.release.tdnet.info/inbs/140120260715594280.pdf
20260715,3086,Jフロント,その他,"=HYPERLINK(""https://www.release.tdnet.info/inbs/140120260715594445.pdf"", ""2026年6月度 J.フロントリテイリング 連結売上収益報告(IFRS)"")","=HYPERLINK(""pdf_tmp/20260715/3086_1530_Jフロント_2026年6月度 J.フロントリテイリング 連結売上収益報告(IFRS).pdf"", ""2026年6月度 J.フロントリテイリング 連結売上収益報告(IFRS)"")",,,,,,,,,,,1 3,,,,,,,,,,,,,https://www.release.tdnet.info/inbs/140120260715594445.pdf
20260715,3133,G-海帆,その他,"=HYPERLINK(""https://www.release.tdnet.info/inbs/140120260715594354.pdf"", ""簡易株式交換によるスペーム株式会社の完全子会社化に関するお知らせ"")","=HYPERLINK(""pdf_tmp/20260715/3133_1530_G-海帆_簡易株式交換によるスペーム株式会社の完全子会社化に関するお知らせ.pdf"", ""簡易株式交換によるスペーム株式会社の完全子会社化に関するお知らせ"")",,,,,,,,,,,,,,,,,,,2 9,,,,,https://www.release.tdnet.info/inbs/140120260715594354.pdf
20260715,3174,ハピネス&D,決算短信,"=HYPERLINK(""https://www.release.tdnet.info/inbs/140120260715594020.pdf"", ""2026年8月期 第3四半期決算短信〔日本基準〕(連結)"")","=HYPERLINK(""pdf_tmp/20260715/3174_1540_ハピネス&D_2026年8月期 第3四半期決算短信〔日本基準〕(連結).pdf"", ""2026年8月期 第3四半期決算短信〔日本基準〕(連結)"")",,,,,,,,,,,,,,,,,,,4,,,,,https://www.release.tdnet.info/inbs/140120260715594020.pdf
20260715,3201,ニッケ,決算短信,"=HYPERLINK(""https://www.release.tdnet.info/inbs/140120260615570502.pdf"", ""2026年11月期 第2四半期(中間期)決算短信〔日本基準〕(連結)"")","=HYPERLINK(""pdf_tmp/20260715/3201_1500_ニッケ_2026年11月期 第2四半期(中間期)決算短信〔日本基準〕(連結).pdf"", ""2026年11月期 第2四半期(中間期)決算短信〔日本基準〕(連結)"")",,,5,,,,,,,,,,,,,,,,,,,,,https://www.release.tdnet.info/inbs/140120260615570502.pdf
20260715,339A,G-プログレス,その他,"=HYPERLINK(""https://www.release.tdnet.info/inbs/140120260712591773.pdf"", ""2027年2月期 第1四半期 決算説明会 プレゼンテーションスクリプト"")","=HYPERLINK(""pdf_tmp/20260715/339A_1530_G-プログレス_2027年2月期 第1四半期 決算説明会 プレゼンテーションスクリプト.pdf"", ""2027年2月期 第1四半期 決算説明会 プレゼンテーションスクリプト"")",,,,,,,,,,,,,3,,,,,,,,,,,https://www.release.tdnet.info/inbs/140120260712591773.pdf
20260715,340A,G-ジグザグ,その他,"=HYPERLINK(""https://www.release.tdnet.info/inbs/140120260715594390.pdf"", ""2026年5月期第4四半期決算説明動画文字おこし"")","=HYPERLINK(""pdf_tmp/20260715/340A_1530_G-ジグザグ_2026年5月期第4四半期決算説明動画文字おこし.pdf"", ""2026年5月期第4四半期決算説明動画文字おこし"")",,,,,,,,,,,23,,,,,,,,,,,,,https://www.release.tdnet.info/inbs/140120260715594390.pdf
20260715,3440,日創グループ,決算短信,"=HYPERLINK(""https://www.release.tdnet.info/inbs/140120260714593290.pdf"", ""2026年8月期 第3四半期決算短信〔日本基準〕(連結)"")","=HYPERLINK(""pdf_tmp/20260715/3440_1530_日創グループ_2026年8月期 第3四半期決算短信〔日本基準〕(連結).pdf"", ""2026年8月期 第3四半期決算短信〔日本基準〕(連結)"")",,,,,,,,,,,4,,,,,,,,,,,,,https://www.release.tdnet.info/inbs/140120260714593290.pdf
20260715,3440,日創グループ,予想の修正,"=HYPERLINK(""https://www.release.tdnet.info/inbs/140120260715594119.pdf"", ""2026年8月期通期連結業績予想の修正に関するお知らせ"")","=HYPERLINK(""pdf_tmp/20260715/3440_1530_日創グループ_2026年8月期通期連結業績予想の修正に関するお知らせ.pdf"", ""2026年8月期通期連結業績予想の修正に関するお知らせ"")",,,,,,,,1,,,,,,,,,,,,,,,,https://www.release.tdnet.info/inbs/140120260715594119.pdf
20260715,3449,テクノフレックス,予想の修正,"=HYPERLINK(""https://www.release.tdnet.info/inbs/140120260714592956.pdf"", ""業績予想の修正に関するお知らせ"")","=HYPERLINK(""pdf_tmp/20260715/3449_1530_テクノフレックス_業績予想の修正に関するお知らせ.pdf"", ""業績予想の修正に関するお知らせ"")",,,,,,,,,,,,2,,,,,,,,,,,,https://www.release.tdnet.info/inbs/140120260714592956.pdf
20260715,3479,G-TKP,決算短信,"=HYPERLINK(""https://www.release.tdnet.info/inbs/140120260715594163.pdf"", ""2027年2月期 第1四半期決算短信〔日本基準〕(連結)"")","=HYPERLINK(""pdf_tmp/20260715/3479_1530_G-TKP_2027年2月期 第1四半期決算短信〔日本基準〕(連結).pdf"", ""2027年2月期 第1四半期決算短信〔日本基準〕(連結)"")",,,,,,,,,,,,,,,,,,,,,,17,,https://www.release.tdnet.info/inbs/140120260715594163.pdf
20260715,3548,バロック,説明資料,"=HYPERLINK(""https://www.release.tdnet.info/inbs/140120260713592420.pdf"", ""2027年2月期 第1四半期決算補足説明資料"")","=HYPERLINK(""pdf_tmp/20260715/3548_1530_バロック_2027年2月期 第1四半期決算補足説明資料.pdf"", ""2027年2月期 第1四半期決算補足説明資料"")",,,,,,,,,,,3,,,,,,,,,,,,,https://www.release.tdnet.info/inbs/140120260713592420.pdf
20260715,3557,G-U&C,決算短信,"=HYPERLINK(""https://www.release.tdnet.info/inbs/140120260715594769.pdf"", ""2027年2月期 第1四半期決算短信[日本基準](非連結)"")","=HYPERLINK(""pdf_tmp/20260715/3557_1715_G-U&C_2027年2月期 第1四半期決算短信[日本基準](非連結).pdf"", ""2027年2月期 第1四半期決算短信[日本基準](非連結)"")",,,4,,,,,,,,,,,,,,,,,,,,,https://www.release.tdnet.info/inbs/140120260715594769.pdf
20260715,3558,G-ジェイドグループ,決算短信,"=HYPERLINK(""https://www.release.tdnet.info/inbs/140120260714593363.pdf"", ""2027年2月期 第1四半期決算短信〔日本基準〕(連結)"")","=HYPERLINK(""pdf_tmp/20260715/3558_1530_G-ジェイドグループ_2027年2月期 第1四半期決算短信〔日本基準〕(連結).pdf"", ""2027年2月期 第1四半期決算短信〔日本基準〕(連結)"")",,,,,,,,,,,4,,,,,,,,,,,,,https://www.release.tdnet.info/inbs/140120260714593363.pdf
20260715,369A,G-エータイ,決算短信,"=HYPERLINK(""https://www.release.tdnet.info/inbs/140120260714593643.pdf"", ""2026年8月期第3四半期決算短信〔日本基準〕(非連結)"")","=HYPERLINK(""pdf_tmp/20260715/369A_1530_G-エータイ_2026年8月期第3四半期決算短信〔日本基準〕(非連結).pdf"", ""2026年8月期第3四半期決算短信〔日本基準〕(非連結)"")",,,,,,,,,,,,,,,,4,,,,,,,,https://www.release.tdnet.info/inbs/140120260714593643.pdf
20260715,372A,レント,決算短信,"=HYPERLINK(""https://www.release.tdnet.info/inbs/140120260713592297.pdf"", ""2026年5月期 決算短信〔日本基準〕(連結)"")","=HYPERLINK(""pdf_tmp/20260715/372A_1530_レント_2026年5月期 決算短信〔日本基準〕(連結).pdf"", ""2026年5月期 決算短信〔日本基準〕(連結)"")",,,,,,,,,,,,,,,,,,,,,,5,,https://www.release.tdnet.info/inbs/140120260713592297.pdf
20260715,374A,P-樋口総合研究所,決算短信,"=HYPERLINK(""https://www.release.tdnet.info/inbs/140120260714593524.pdf"", ""2026年5月期 決算短信〔日本基準〕(非連結)"")","=HYPERLINK(""pdf_tmp/20260715/374A_1600_P-樋口総合研究所_2026年5月期 決算短信〔日本基準〕(非連結).pdf"", ""2026年5月期 決算短信〔日本基準〕(非連結)"")",,,,,,,,,,,,,4,,,,,,,,,,,https://www.release.tdnet.info/inbs/140120260714593524.pdf
20260715,3791,IGポート,決算短信,"=HYPERLINK(""https://www.release.tdnet.info/inbs/140120260715594257.pdf"", ""2026年5月期 決算短信〔日本基準〕(連結)"")","=HYPERLINK(""pdf_tmp/20260715/3791_1530_IGポート_2026年5月期 決算短信〔日本基準〕(連結).pdf"", ""2026年5月期 決算短信〔日本基準〕(連結)"")",,,,,,,,,,,4,,,,,,,,,,,,,https://www.release.tdnet.info/inbs/140120260715594257.pdf
20260715,4016,MITHD,説明資料,"=HYPERLINK(""https://www.release.tdnet.info/inbs/140120260715594126.pdf"", ""2026年11月期第2四半期(中間期)決算補足説明資料"")","=HYPERLINK(""pdf_tmp/20260715/4016_1600_MITHD_2026年11月期第2四半期(中間期)決算補足説明資料.pdf"", ""2026年11月期第2四半期(中間期)決算補足説明資料"")",,,,,,,,,,,16,,,,,,,,,,,,,https://www.release.tdnet.info/inbs/140120260715594126.pdf
20260715,4017,G-クリーマ,説明資料,"=HYPERLINK(""https://www.release.tdnet.info/inbs/140120260715593957.pdf"", ""2027年2月期 第1四半期決算説明資料"")","=HYPERLINK(""pdf_tmp/20260715/4017_1530_G-クリーマ_2027年2月期 第1四半期決算説明資料.pdf"", ""2027年2月期 第1四半期決算説明資料"")",,,,,,,,,,,2 30 31,,,,,,,,,,,,,https://www.release.tdnet.info/inbs/140120260715593957.pdf
20260715,418A,ウリドキ,決算短信,"=HYPERLINK(""https://www.release.tdnet.info/inbs/140120260714593549.pdf"", ""2026年11月期第2四半期決算短信〔日本基準〕(非連結)"")","=HYPERLINK(""pdf_tmp/20260715/418A_1530_ウリドキ_2026年11月期第2四半期決算短信〔日本基準〕(非連結).pdf"", ""2026年11月期第2四半期決算短信〔日本基準〕(非連結)"")",,,,,,,5,,,,,,,,,,,,,,,,,https://www.release.tdnet.info/inbs/140120260714593549.pdf
20260715,418A,ウリドキ,予想の修正,"=HYPERLINK(""https://www.release.tdnet.info/inbs/140120260714593577.pdf"", ""業績予想の修正に関するお知らせ"")","=HYPERLINK(""pdf_tmp/20260715/418A_1530_ウリドキ_業績予想の修正に関するお知らせ.pdf"", ""業績予想の修正に関するお知らせ"")",,,,,,,1,,,,,,,,,,,,,,,,,https://www.release.tdnet.info/inbs/140120260714593577.pdf
20260715,4343,イオンファン,その他,"=HYPERLINK(""https://www.release.tdnet.info/inbs/140120260715594466.pdf"", ""2027年2月期 6月度の売上概況"")","=HYPERLINK(""pdf_tmp/20260715/4343_1530_イオンファン_2027年2月期 6月度の売上概況.pdf"", ""2027年2月期 6月度の売上概況"")",,,,,,,,,,,,3,,,,,,,,,,,,https://www.release.tdnet.info/inbs/140120260715594466.pdf
20260715,4433,ヒトコムHD,予想の修正,"=HYPERLINK(""https://www.release.tdnet.info/inbs/140120260714592730.pdf"", ""2026年8月期 通期連結業績予想の修正に関するお知らせ"")","=HYPERLINK(""pdf_tmp/20260715/4433_1530_ヒトコムHD_2026年8月期 通期連結業績予想の修正に関するお知らせ.pdf"", ""2026年8月期 通期連結業績予想の修正に関するお知らせ"")",,,,,,,,,,,,,,,,,,,1,,,,,https://www.release.tdnet.info/inbs/140120260714592730.pdf
20260715,4434,サーバーワークス,説明資料,"=HYPERLINK(""https://www.release.tdnet.info/inbs/140120260714593114.pdf"", ""2027年2月期 第1四半期決算説明資料"")","=HYPERLINK(""pdf_tmp/20260715/4434_1530_サーバーワークス_2027年2月期 第1四半期決算説明資料.pdf"", ""2027年2月期 第1四半期決算説明資料"")",,,,,,,,,,,4 5 6 15 20,,,,,,,,,,,,,https://www.release.tdnet.info/inbs/140120260714593114.pdf
20260715,4439,東名,決算短信,"=HYPERLINK(""https://www.release.tdnet.info/inbs/140120260713591957.pdf"", ""2026年8月期 第3四半期決算短信〔日本基準〕(連結)"")","=HYPERLINK(""pdf_tmp/20260715/4439_1300_東名_2026年8月期 第3四半期決算短信〔日本基準〕(連結).pdf"", ""2026年8月期 第3四半期決算短信〔日本基準〕(連結)"")",,,,,,,,,,,4 5,,,,,,,,,,,,,https://www.release.tdnet.info/inbs/140120260713591957.pdf
20260715,4552,JCRファーマ,その他,"=HYPERLINK(""https://www.release.tdnet.info/inbs/140120260714593541.pdf"", ""デュシェンヌ型筋ジストロフィー治療薬givinostatの国内開発計画に関するお知らせ"")","=HYPERLINK(""pdf_tmp/20260715/4552_0830_JCRファーマ_デュシェンヌ型筋ジストロフィー治療薬givinostatの国内開発計画に関するお知らせ.pdf"", ""デュシェンヌ型筋ジストロフィー治療薬givinostatの国内開発計画に関するお知らせ"")",,,,,,,,,,,,,,,,,,,2,,,,,https://www.release.tdnet.info/inbs/140120260714593541.pdf
20260715,5025,G-マーキュリー,決算短信,"=HYPERLINK(""https://www.release.tdnet.info/inbs/140120260714593625.pdf"", ""2027年2月期第1四半期決算短信〔日本基準〕(非連結)"")","=HYPERLINK(""pdf_tmp/20260715/5025_1530_G-マーキュリー_2027年2月期第1四半期決算短信〔日本基準〕(非連結).pdf"", ""2027年2月期第1四半期決算短信〔日本基準〕(非連結)"")",,,4,,,,,,,,,,,,,,,,,,,,,https://www.release.tdnet.info/inbs/140120260714593625.pdf
20260715,507A,P-デジタルナレッジ,決算短信,"=HYPERLINK(""https://www.release.tdnet.info/inbs/140120260708589874.pdf"", ""2026年11月期 中間決算短信〔日本基準〕(連結)"")","=HYPERLINK(""pdf_tmp/20260715/507A_1600_P-デジタルナレッジ_2026年11月期 中間決算短信〔日本基準〕(連結).pdf"", ""2026年11月期 中間決算短信〔日本基準〕(連結)"")",,,,,,,,,,,,,,,,,,,4,,,,,https://www.release.tdnet.info/inbs/140120260708589874.pdf
20260715,523A,G-セイワHD,決算短信,"=HYPERLINK(""https://www.release.tdnet.info/inbs/140120260715594433.pdf"", ""2026年5月期 決算短信〔IFRS〕(連結)"")","=HYPERLINK(""pdf_tmp/20260715/523A_1530_G-セイワHD_2026年5月期 決算短信〔IFRS〕(連結).pdf"", ""2026年5月期 決算短信〔IFRS〕(連結)"")",,,,4,,,,,,,,,,,,,,,,,,,,https://www.release.tdnet.info/inbs/140120260715594433.pdf
20260715,5341,ASAHI EITO,決算短信,"=HYPERLINK(""https://www.release.tdnet.info/inbs/140120260714593537.pdf"", ""2026年11月期 第2四半期(中間期)決算短信〔日本基準〕(連結)"")","=HYPERLINK(""pdf_tmp/20260715/5341_1600_ASAHI EITO_2026年11月期 第2四半期(中間期)決算短信〔日本基準〕(連結).pdf"", ""2026年11月期 第2四半期(中間期)決算短信〔日本基準〕(連結)"")",,,,,,,,,,,6 12,,,,,,,,,,,,,https://www.release.tdnet.info/inbs/140120260714593537.pdf
20260715,5581,P-カイテクノロジー,決算短信,"=HYPERLINK(""https://www.release.tdnet.info/inbs/140120260715593751.pdf"", ""2026年8月期第3四半期決算短信〔日本基準〕(連結)"")","=HYPERLINK(""pdf_tmp/20260715/5581_1530_P-カイテクノロジー_2026年8月期第3四半期決算短信〔日本基準〕(連結).pdf"", ""2026年8月期第3四半期決算短信〔日本基準〕(連結)"")",,,,,,,,,,4,,,,,,,,,,,,,,https://www.release.tdnet.info/inbs/140120260715593751.pdf
20260715,597A,P-and US,その他,"=HYPERLINK(""https://www.release.tdnet.info/inbs/140120260714593247.pdf"", ""TOKYO PRO Market 上場目的の開示に関するお知らせ"")","=HYPERLINK(""pdf_tmp/20260715/597A_0800_P-and US_TOKYO PRO Market 上場目的の開示に関するお知らせ.pdf"", ""TOKYO PRO Market 上場目的の開示に関するお知らせ"")",,,,,,,,,,,,,,,,,,,,,,1,,https://www.release.tdnet.info/inbs/140120260714593247.pdf
20260715,598A,G-チャットプラス,事業計画,"=HYPERLINK(""https://www.release.tdnet.info/inbs/140120260714593119.pdf"", ""事業計画及び成長可能性に関する説明資料"")","=HYPERLINK(""pdf_tmp/20260715/598A_0800_G-チャットプラス_事業計画及び成長可能性に関する説明資料.pdf"", ""事業計画及び成長可能性に関する説明資料"")",,,,,,,,,,,45 54,,,,,,,,,,,,,https://www.release.tdnet.info/inbs/140120260714593119.pdf
20260715,6044,三機サービス,説明資料,"=HYPERLINK(""https://www.release.tdnet.info/inbs/140120260714593515.pdf"", ""2026年5月期通期決算説明資料"")","=HYPERLINK(""pdf_tmp/20260715/6044_1800_三機サービス_2026年5月期通期決算説明資料.pdf"", ""2026年5月期通期決算説明資料"")",,,,,,,,,,,7,,,,,,,,,,,,,https://www.release.tdnet.info/inbs/140120260714593515.pdf
20260715,6044,三機サービス,その他,"=HYPERLINK(""https://www.release.tdnet.info/inbs/140120260715593822.pdf"", ""株式会社三機サービスとシンメンテホールディングス株式会社との経営統合契約及び株式交換契約の締結等に関するお知らせ"")","=HYPERLINK(""pdf_tmp/20260715/6044_1800_三機サービス_株式会社三機サービスとシンメンテホールディングス株式会社との経営統合契約及び株式交換契約の締結等に関するお知らせ.pdf"", ""株式会社三機サービスとシンメンテホールディングス株式会社との経営統合契約及び株式交換契約の締結等に関するお知らせ"")",,,,,,,,,,,11 12 13,,,,,,,,,,,,,https://www.release.tdnet.info/inbs/140120260715593822.pdf
20260715,6076,アメイズ,決算短信,"=HYPERLINK(""https://www.release.tdnet.info/inbs/140120260709590238.pdf"", ""令和8年11月期 第2四半期(中間期)決算短信〔日本基準〕(非連結)"")","=HYPERLINK(""pdf_tmp/20260715/6076_1530_アメイズ_令和8年11月期 第2四半期(中間期)決算短信〔日本基準〕(非連結).pdf"", ""令和8年11月期 第2四半期(中間期)決算短信〔日本基準〕(非連結)"")",,,4,,,,,,,,,,,,,,,,,,,,,https://www.release.tdnet.info/inbs/140120260709590238.pdf
20260715,6085,G-アーキテクツSJ,決算短信,"=HYPERLINK(""https://www.release.tdnet.info/inbs/140120260715594752.pdf"", ""2027年2月期 第1四半期決算短信〔日本基準〕(連結)"")","=HYPERLINK(""pdf_tmp/20260715/6085_1715_G-アーキテクツSJ_2027年2月期 第1四半期決算短信〔日本基準〕(連結).pdf"", ""2027年2月期 第1四半期決算短信〔日本基準〕(連結)"")",,,,,,,,,,,4,,,,,,,,,,,,,https://www.release.tdnet.info/inbs/140120260715594752.pdf
20260715,6086,G-シンメンテHD,決算短信,"=HYPERLINK(""https://www.release.tdnet.info/inbs/140120260625580586.pdf"", ""2027年2月期 第1四半期決算短信〔日本基準〕(連結)"")","=HYPERLINK(""pdf_tmp/20260715/6086_1800_G-シンメンテHD_2027年2月期 第1四半期決算短信〔日本基準〕(連結).pdf"", ""2027年2月期 第1四半期決算短信〔日本基準〕(連結)"")",,,,,,,,,,,,,,,,,4,,,,,,,https://www.release.tdnet.info/inbs/140120260625580586.pdf
20260715,6086,G-シンメンテHD,その他,"=HYPERLINK(""https://www.release.tdnet.info/inbs/140120260715594252.pdf"", ""株式会社三機サービスとシンメンテホールディングス株式会社との経営統合契約及び株式交換契約の締結等に関するお知らせ"")","=HYPERLINK(""pdf_tmp/20260715/6086_1800_G-シンメンテHD_株式会社三機サービスとシンメンテホールディングス株式会社との経営統合契約及び株式交換契約の締結等に関するお知らせ.pdf"", ""株式会社三機サービスとシンメンテホールディングス株式会社との経営統合契約及び株式交換契約の締結等に関するお知らせ"")",,,,,,,,,,,11 13,,,,,,,,,,,,,https://www.release.tdnet.info/inbs/140120260715594252.pdf
20260715,6150,タケダ機械,決算短信,"=HYPERLINK(""https://www.release.tdnet.info/inbs/140120260713592611.pdf"", ""2026年5月期 決算短信〔日本基準〕(連結)"")","=HYPERLINK(""pdf_tmp/20260715/6150_1500_タケダ機械_2026年5月期 決算短信〔日本基準〕(連結).pdf"", ""2026年5月期 決算短信〔日本基準〕(連結)"")",,,,,,,,,,,,,,,,,,,4,,,,,https://www.release.tdnet.info/inbs/140120260713592611.pdf
20260715,6182,G-メタリアル,説明資料,"=HYPERLINK(""https://www.release.tdnet.info/inbs/140120260715594425.pdf"", ""2027年2月期 第1四半期業績説明資料(2026年3月~2026年5月)"")","=HYPERLINK(""pdf_tmp/20260715/6182_1530_G-メタリアル_2027年2月期 第1四半期業績説明資料(2026年3月~2026年5月).pdf"", ""2027年2月期 第1四半期業績説明資料(2026年3月~2026年5月)"")",,,,,,,,,,,9 11 46 47 50 55 57 62 64 79,,,,,,,,,,,,,https://www.release.tdnet.info/inbs/140120260715594425.pdf
20260715,6182,G-メタリアル,決算短信,"=HYPERLINK(""https://www.release.tdnet.info/inbs/140120260715594318.pdf"", ""2027年2月期 第1四半期決算短信〔日本基準〕(連結)"")","=HYPERLINK(""pdf_tmp/20260715/6182_1530_G-メタリアル_2027年2月期 第1四半期決算短信〔日本基準〕(連結).pdf"", ""2027年2月期 第1四半期決算短信〔日本基準〕(連結)"")",,,,,,,,,,,6,,,,,,,,,,,,,https://www.release.tdnet.info/inbs/140120260715594318.pdf
20260715,6199,セラク,決算短信,"=HYPERLINK(""https://www.release.tdnet.info/inbs/140120260715594349.pdf"", ""2026年8月期 第3四半期決算短信〔日本基準〕(連結)"")","=HYPERLINK(""pdf_tmp/20260715/6199_1530_セラク_2026年8月期 第3四半期決算短信〔日本基準〕(連結).pdf"", ""2026年8月期 第3四半期決算短信〔日本基準〕(連結)"")",,,,,,,,,,,,,,,,4,,,,,,,,https://www.release.tdnet.info/inbs/140120260715594349.pdf
20260715,6199,セラク,説明資料,"=HYPERLINK(""https://www.release.tdnet.info/inbs/140120260715594357.pdf"", ""2026年8月期第3四半期 株式会社セラク決算説明資料"")","=HYPERLINK(""pdf_tmp/20260715/6199_1530_セラク_2026年8月期第3四半期 株式会社セラク決算説明資料.pdf"", ""2026年8月期第3四半期 株式会社セラク決算説明資料"")",,,,,,,,,,7 8,,,,,,,,,,,,,,https://www.release.tdnet.info/inbs/140120260715594357.pdf
20260715,6505,東洋電,決算短信,"=HYPERLINK(""https://www.release.tdnet.info/inbs/140120260714593677.pdf"", ""2026年5月期 決算短信〔日本基準〕(連結)"")","=HYPERLINK(""pdf_tmp/20260715/6505_1600_東洋電_2026年5月期 決算短信〔日本基準〕(連結).pdf"", ""2026年5月期 決算短信〔日本基準〕(連結)"")",,,,,,,,,,,,,,,,,,,,,,,4 6,https://www.release.tdnet.info/inbs/140120260714593677.pdf
20260715,6505,東洋電,その他,"=HYPERLINK(""https://www.release.tdnet.info/inbs/140120260714593680.pdf"", ""2026年5月期 通期連結業績予想と実績との差異および剰余金の配当に関するお知らせ"")","=HYPERLINK(""pdf_tmp/20260715/6505_1600_東洋電_2026年5月期 通期連結業績予想と実績との差異および剰余金の配当に関するお知らせ.pdf"", ""2026年5月期 通期連結業績予想と実績との差異および剰余金の配当に関するお知らせ"")",,,,,,1,,,,,,,,,,,,,,,,,,https://www.release.tdnet.info/inbs/140120260714593680.pdf
20260715,6505,東洋電,その他,"=HYPERLINK(""https://www.release.tdnet.info/inbs/140120260714593681.pdf"", ""中期経営計画の策定に関するお知らせ"")","=HYPERLINK(""pdf_tmp/20260715/6505_1600_東洋電_中期経営計画の策定に関するお知らせ.pdf"", ""中期経営計画の策定に関するお知らせ"")",,,,,,,,,,,,,1,,,,,,,,,,,https://www.release.tdnet.info/inbs/140120260714593681.pdf
20260715,6558,G-クックビズ,説明資料,"=HYPERLINK(""https://www.release.tdnet.info/inbs/140120260714592970.pdf"", ""2026年11月期 第2四半期 決算説明資料"")","=HYPERLINK(""pdf_tmp/20260715/6558_1530_G-クックビズ_2026年11月期 第2四半期 決算説明資料.pdf"", ""2026年11月期 第2四半期 決算説明資料"")",,,,,,,,,,,6 18,,,,,,,,,,,,,https://www.release.tdnet.info/inbs/140120260714592970.pdf
20260715,6572,オープンG,説明資料,"=HYPERLINK(""https://www.release.tdnet.info/inbs/140120260715594056.pdf"", ""2027年2月期 第1四半期決算説明資料"")","=HYPERLINK(""pdf_tmp/20260715/6572_1600_オープンG_2027年2月期 第1四半期決算説明資料.pdf"", ""2027年2月期 第1四半期決算説明資料"")",,,,,,,,,,,,,,,,,,,,,,11,,https://www.release.tdnet.info/inbs/140120260715594056.pdf
20260715,6625,JALCO HD,その他,"=HYPERLINK(""https://www.release.tdnet.info/inbs/140120260715593892.pdf"", ""第三者割当による第1回無担保転換社債型新株予約権付社債の発行に係る払込完了に関するお知らせ"")","=HYPERLINK(""pdf_tmp/20260715/6625_1000_JALCO HD_第三者割当による第1回無担保転換社債型新株予約権付社債の発行に係る払込完了に関するお知らせ.pdf"", ""第三者割当による第1回無担保転換社債型新株予約権付社債の発行に係る払込完了に関するお知らせ"")",,,,,,,,2,,,,,,,,,,,,,,,,https://www.release.tdnet.info/inbs/140120260715593892.pdf
20260715,7035,anfac,決算短信,"=HYPERLINK(""https://www.release.tdnet.info/inbs/140120260715594175.pdf"", ""2026年8月期 第3四半期決算短信〔日本基準〕(連結)"")","=HYPERLINK(""pdf_tmp/20260715/7035_1600_anfac_2026年8月期 第3四半期決算短信〔日本基準〕(連結).pdf"", ""2026年8月期 第3四半期決算短信〔日本基準〕(連結)"")",,,,,,,,,,,16,,,,,,,,,,,,,https://www.release.tdnet.info/inbs/140120260715594175.pdf
20260715,7063,G-Birdman,その他,"=HYPERLINK(""https://www.release.tdnet.info/inbs/140120260715594849.pdf"", ""(開示事項の経過)株式会社マーベリックの株式取得(子会社化)の日程の一部見直しに関するお知らせ"")","=HYPERLINK(""pdf_tmp/20260715/7063_1900_G-Birdman_(開示事項の経過)株式会社マーベリックの株式取得(子会社化)の日程の一部見直しに関するお知らせ.pdf"", ""(開示事項の経過)株式会社マーベリックの株式取得(子会社化)の日程の一部見直しに関するお知らせ"")",,,,,,,,,,,1,,,,,,,,,,,,,https://www.release.tdnet.info/inbs/140120260715594849.pdf
20260715,7074,G-247HD,説明資料,"=HYPERLINK(""https://www.release.tdnet.info/inbs/140120260715594190.pdf"", ""2026年11月期 第2四半期(中間期)決算補足説明資料"")","=HYPERLINK(""pdf_tmp/20260715/7074_1600_G-247HD_2026年11月期 第2四半期(中間期)決算補足説明資料.pdf"", ""2026年11月期 第2四半期(中間期)決算補足説明資料"")",,,,,,,,,,,6,,,,,,,,,,,,,https://www.release.tdnet.info/inbs/140120260715594190.pdf
20260715,7352,G-TWOSTONE,説明資料,"=HYPERLINK(""https://www.release.tdnet.info/inbs/140120260715594281.pdf"", ""2026年8月期 第3四半期決算説明資料"")","=HYPERLINK(""pdf_tmp/20260715/7352_1530_G-TWOSTONE_2026年8月期 第3四半期決算説明資料.pdf"", ""2026年8月期 第3四半期決算説明資料"")",,,,,,,,,,,4 6 25 43 81,,,,,,,,,,,,,https://www.release.tdnet.info/inbs/140120260715594281.pdf
20260715,7388,FPパートナー,予想の修正,"=HYPERLINK(""https://www.release.tdnet.info/inbs/140120260709590767.pdf"", ""通期業績予想の修正及び期末配当予想の据え置きに関するお知らせ"")","=HYPERLINK(""pdf_tmp/20260715/7388_1530_FPパートナー_通期業績予想の修正及び期末配当予想の据え置きに関するお知らせ.pdf"", ""通期業績予想の修正及び期末配当予想の据え置きに関するお知らせ"")",,,,,,,,2,,,,,,,,,,,,,,,,https://www.release.tdnet.info/inbs/140120260709590767.pdf
20260715,7515,マルヨシセンター,決算短信,"=HYPERLINK(""https://www.release.tdnet.info/inbs/140120260611568083.pdf"", ""2027年2月期 第1四半期決算短信〔日本基準〕(連結)"")","=HYPERLINK(""pdf_tmp/20260715/7515_1530_マルヨシセンター_2027年2月期 第1四半期決算短信〔日本基準〕(連結).pdf"", ""2027年2月期 第1四半期決算短信〔日本基準〕(連結)"")",,,,,,,,,,,4,,,,,,,,,,,,,https://www.release.tdnet.info/inbs/140120260611568083.pdf
20260715,7610,テイツー,決算短信,"=HYPERLINK(""https://www.release.tdnet.info/inbs/140120260714593621.pdf"", ""2027年2月期第1四半期決算短信〔日本基準〕(連結)"")","=HYPERLINK(""pdf_tmp/20260715/7610_1600_テイツー_2027年2月期第1四半期決算短信〔日本基準〕(連結).pdf"", ""2027年2月期第1四半期決算短信〔日本基準〕(連結)"")",,,4,,,,,,,,,,,,,,,,,,,,,https://www.release.tdnet.info/inbs/140120260714593621.pdf
20260715,7730,マニー,その他,"=HYPERLINK(""https://www.release.tdnet.info/inbs/140120260619574493.pdf"", ""通期業績予想の上方修正に関するお知らせ"")","=HYPERLINK(""pdf_tmp/20260715/7730_1530_マニー_通期業績予想の上方修正に関するお知らせ.pdf"", ""通期業績予想の上方修正に関するお知らせ"")",,,,,,,1,,,,,,,,,,,,,,,,,https://www.release.tdnet.info/inbs/140120260619574493.pdf
20260715,8254,さいか屋,決算短信,"=HYPERLINK(""https://www.release.tdnet.info/inbs/140120260715594387.pdf"", ""2026年8月期 第3四半期決算短信[日本基準](連結)"")","=HYPERLINK(""pdf_tmp/20260715/8254_1535_さいか屋_2026年8月期 第3四半期決算短信[日本基準](連結).pdf"", ""2026年8月期 第3四半期決算短信[日本基準](連結)"")",,,,,,,4,,,,,,,,,,,,,,,,,https://www.release.tdnet.info/inbs/140120260715594387.pdf
20260715,8254,さいか屋,その他,"=HYPERLINK(""https://www.release.tdnet.info/inbs/140120260715594404.pdf"", ""固定資産の取得に関するお知らせ"")","=HYPERLINK(""pdf_tmp/20260715/8254_1850_さいか屋_固定資産の取得に関するお知らせ.pdf"", ""固定資産の取得に関するお知らせ"")",,,,,,,,,,,1,,,,,,,,,,,,,https://www.release.tdnet.info/inbs/140120260715594404.pdf
20260715,8614,東洋証,その他,"=HYPERLINK(""https://www.release.tdnet.info/inbs/140120260715593849.pdf"", ""2027年3月期第1四半期連結決算速報値に関するお知らせ"")","=HYPERLINK(""pdf_tmp/20260715/8614_1200_東洋証_2027年3月期第1四半期連結決算速報値に関するお知らせ.pdf"", ""2027年3月期第1四半期連結決算速報値に関するお知らせ"")",,,,,,,,,,,1,,,,,,,,,,,,,https://www.release.tdnet.info/inbs/140120260715593849.pdf
20260715,8960,R-ユナイテド,決算短信,"=HYPERLINK(""https://www.release.tdnet.info/inbs/140120260714593548.pdf"", ""2026年5月期 決算短信(REIT)"")","=HYPERLINK(""pdf_tmp/20260715/8960_1530_R-ユナイテド_2026年5月期 決算短信(REIT).pdf"", ""2026年5月期 決算短信(REIT)"")",,,,,,,,,,,4,,,,,,,,,,,,,https://www.release.tdnet.info/inbs/140120260714593548.pdf
20260715,9212,G-GEI,その他,"=HYPERLINK(""https://www.release.tdnet.info/inbs/140120260715593711.pdf"", ""中長期ビジョン策定に関するお知らせ"")","=HYPERLINK(""pdf_tmp/20260715/9212_1800_G-GEI_中長期ビジョン策定に関するお知らせ.pdf"", ""中長期ビジョン策定に関するお知らせ"")",,,,,,,,,,,10,,,,,,,,,,,,,https://www.release.tdnet.info/inbs/140120260715593711.pdf
20260715,9238,G-バリューC,説明資料,"=HYPERLINK(""https://www.release.tdnet.info/inbs/140120260714593652.pdf"", ""株式会社IMK Linciaとの業務提携推進に関する補足説明資料"")","=HYPERLINK(""pdf_tmp/20260715/9238_1530_G-バリューC_株式会社IMK Linciaとの業務提携推進に関する補足説明資料.pdf"", ""株式会社IMK Linciaとの業務提携推進に関する補足説明資料"")",,,,,,,,,,,12,,,,,,,,,,,,,https://www.release.tdnet.info/inbs/140120260714593652.pdf
20260715,9250,G-GRCS,説明資料,"=HYPERLINK(""https://www.release.tdnet.info/inbs/140120260715594460.pdf"", ""2026年11月期 第2四半期決算説明資料"")","=HYPERLINK(""pdf_tmp/20260715/9250_1530_G-GRCS_2026年11月期 第2四半期決算説明資料.pdf"", ""2026年11月期 第2四半期決算説明資料"")",,,,,,,,,,,,9,,,,,,,,,,,,https://www.release.tdnet.info/inbs/140120260715594460.pdf
20260715,9286,I-エネクスインフラ,説明資料,"=HYPERLINK(""https://www.release.tdnet.info/inbs/140120260715593854.pdf"", ""2026年5月期 決算説明資料"")","=HYPERLINK(""pdf_tmp/20260715/9286_1600_I-エネクスインフラ_2026年5月期 決算説明資料.pdf"", ""2026年5月期 決算説明資料"")",,,,,,,,,,,,,,,,,,,14 29,,,,,https://www.release.tdnet.info/inbs/140120260715593854.pdf
20260715,9381,エーアイテイー,決算短信,"=HYPERLINK(""https://www.release.tdnet.info/inbs/140120260629583603.pdf"", ""2027年2月期 第1四半期決算短信〔日本基準〕(連結)"")","=HYPERLINK(""pdf_tmp/20260715/9381_1200_エーアイテイー_2027年2月期 第1四半期決算短信〔日本基準〕(連結).pdf"", ""2027年2月期 第1四半期決算短信〔日本基準〕(連結)"")",,,,4,,,,,,,,,,,,,,,,,,,,https://www.release.tdnet.info/inbs/140120260629583603.pdf
20260715,9388,Q-パパネッツ,決算短信,"=HYPERLINK(""https://www.release.tdnet.info/inbs/140120260715594434.pdf"", ""2027年2月期 第1四半期決算短信[日本基準](非連結)"")","=HYPERLINK(""pdf_tmp/20260715/9388_1530_Q-パパネッツ_2027年2月期 第1四半期決算短信[日本基準](非連結).pdf"", ""2027年2月期 第1四半期決算短信[日本基準](非連結)"")",,,4,,,,,,,,,,,,,,,,,,,,,https://www.release.tdnet.info/inbs/140120260715594434.pdf
20260714,274A,ガーデン,説明資料,"=HYPERLINK(""https://www.release.tdnet.info/inbs/140120260714592925.pdf"", ""2027年2月期第1四半期決算説明資料"")","=HYPERLINK(""pdf_tmp/20260714/274A_1530_ガーデン_2027年2月期第1四半期決算説明資料.pdf"", ""2027年2月期第1四半期決算説明資料"")",26,,,,14 26,,,,,,40 43,13,,,,,,,,,,17,,https://www.release.tdnet.info/inbs/140120260714592925.pdf
20260714,3967,G-エルテス,説明資料,"=HYPERLINK(""https://www.release.tdnet.info/inbs/140120260714593057.pdf"", ""2027年2月期 第1四半期 決算説明資料"")","=HYPERLINK(""pdf_tmp/20260714/3967_1600_G-エルテス_2027年2月期 第1四半期 決算説明資料.pdf"", ""2027年2月期 第1四半期 決算説明資料"")",,,,,,32,,48,,,18,4 11 14 16,,,,,,,,,39 42 43,,,https://www.release.tdnet.info/inbs/140120260714593057.pdf
20260714,228A,G-オプロ,説明資料,"=HYPERLINK(""https://www.release.tdnet.info/inbs/140120260714593186.pdf"", ""2026年11月期 第2四半期決算説明資料"")","=HYPERLINK(""pdf_tmp/20260714/228A_1530_G-オプロ_2026年11月期 第2四半期決算説明資料.pdf"", ""2026年11月期 第2四半期決算説明資料"")",,,81,,,,,,,26,14 18 73,,14 16,,,,,,,,,,,https://www.release.tdnet.info/inbs/140120260714593186.pdf
20260714,2882,イートアンドHD,その他,"=HYPERLINK(""https://www.release.tdnet.info/inbs/140120260714593410.pdf"", ""第三者割当により発行される第9回新株予約権に関するお知らせ"")","=HYPERLINK(""pdf_tmp/20260714/2882_1700_イートアンドHD_第三者割当により発行される第9回新株予約権に関するお知らせ.pdf"", ""第三者割当により発行される第9回新株予約権に関するお知らせ"")",,,,,,,,8,,,2,,,,,,,,5,,,2,,https://www.release.tdnet.info/inbs/140120260714593410.pdf
20260714,3501,SUMINOE,決算短信,"=HYPERLINK(""https://www.release.tdnet.info/inbs/140120260714592850.pdf"", ""2026年5月期決算短信〔日本基準〕(連結)"")","=HYPERLINK(""pdf_tmp/20260714/3501_1530_SUMINOE_2026年5月期決算短信〔日本基準〕(連結).pdf"", ""2026年5月期決算短信〔日本基準〕(連結)"")",,,7 8,,,,,,,,,,,,5 6,8,,,5,,,,,https://www.release.tdnet.info/inbs/140120260714592850.pdf
20260714,464A,G-QPSHD,事業計画,"=HYPERLINK(""https://www.release.tdnet.info/inbs/140120260713592094.pdf"", ""事業計画及び成長可能性に関する事項"")","=HYPERLINK(""pdf_tmp/20260714/464A_1630_G-QPSHD_事業計画及び成長可能性に関する事項.pdf"", ""事業計画及び成長可能性に関する事項"")",,5 12,,,,28,,,,,6 54,,,,,,,,28,,,,,https://www.release.tdnet.info/inbs/140120260713592094.pdf
20260714,5575,G-Globee,説明資料,"=HYPERLINK(""https://www.release.tdnet.info/inbs/140120260713592590.pdf"", ""2026年5月期 通期決算説明資料"")","=HYPERLINK(""pdf_tmp/20260714/5575_1530_G-Globee_2026年5月期 通期決算説明資料.pdf"", ""2026年5月期 通期決算説明資料"")",,,27,,9 39,,8,,,,20 25 32,,,,,,,,,,,,,https://www.release.tdnet.info/inbs/140120260713592590.pdf
20260714,5885,ジーデップアドバンス,説明資料,"=HYPERLINK(""https://www.release.tdnet.info/inbs/140120260713592230.pdf"", ""2026年5月期決算補足説明資料及び中期経営計画"")","=HYPERLINK(""pdf_tmp/20260714/5885_1530_ジーデップアドバンス_2026年5月期決算補足説明資料及び中期経営計画.pdf"", ""2026年5月期決算補足説明資料及び中期経営計画"")",,,,,,,19,,,,7 11 17 24 50,19,,,,,,,22,,,,,https://www.release.tdnet.info/inbs/140120260713592230.pdf
20260714,7713,シグマ光機,決算短信,"=HYPERLINK(""https://www.release.tdnet.info/inbs/140120260713592571.pdf"", ""2026年5月期 決算短信〔日本基準〕(連結)"")","=HYPERLINK(""pdf_tmp/20260714/7713_1500_シグマ光機_2026年5月期 決算短信〔日本基準〕(連結).pdf"", ""2026年5月期 決算短信〔日本基準〕(連結)"")",,,4,6,,,,,,,,,,,6,,4,,,,,,,https://www.release.tdnet.info/inbs/140120260713592571.pdf
20260714,9837,モリト,その他,"=HYPERLINK(""https://www.release.tdnet.info/inbs/140120260714592805.pdf"", ""2026年11月期第2四半期決算概要"")","=HYPERLINK(""pdf_tmp/20260714/9837_1300_モリト_2026年11月期第2四半期決算概要.pdf"", ""2026年11月期第2四半期決算概要"")",,,,,,10,,,,,36,,,,,,,,8,,4,,,https://www.release.tdnet.info/inbs/140120260714592805.pdf
20260714,1419,タマホーム,その他,"=HYPERLINK(""https://www.release.tdnet.info/inbs/140120260714592795.pdf"", ""中期経営計画「タマステップ2031」策定に関するお知らせ"")","=HYPERLINK(""pdf_tmp/20260714/1419_1530_タマホーム_中期経営計画「タマステップ2031」策定に関するお知らせ.pdf"", ""中期経営計画「タマステップ2031」策定に関するお知らせ"")",,,,14,,,,,,,,38,,,,,,,,,,15 16,,https://www.release.tdnet.info/inbs/140120260714592795.pdf
20260714,2471,エスプール,説明資料,"=HYPERLINK(""https://www.release.tdnet.info/inbs/140120260713592431.pdf"", ""2026年11月期 第2四半期 決算説明資料"")","=HYPERLINK(""pdf_tmp/20260714/2471_1530_エスプール_2026年11月期 第2四半期 決算説明資料.pdf"", ""2026年11月期 第2四半期 決算説明資料"")",,,,,,,,,,,5 22,5 9,5,,,,,,,,,,,https://www.release.tdnet.info/inbs/140120260713592431.pdf
20260714,2471,エスプール,決算短信,"=HYPERLINK(""https://www.release.tdnet.info/inbs/140120260713592426.pdf"", ""2026年11月期 第2四半期(中間期)決算短信〔IFRS〕(連結)"")","=HYPERLINK(""pdf_tmp/20260714/2471_1530_エスプール_2026年11月期 第2四半期(中間期)決算短信〔IFRS〕(連結).pdf"", ""2026年11月期 第2四半期(中間期)決算短信〔IFRS〕(連結)"")",,,,,,,,,,,5,,,,,4,,,,,,5,,https://www.release.tdnet.info/inbs/140120260713592426.pdf
20260714,2722,IKホールディングス,説明資料,"=HYPERLINK(""https://www.release.tdnet.info/inbs/140120260714592924.pdf"", ""2026年5月期通期決算説明資料"")","=HYPERLINK(""pdf_tmp/20260714/2722_1530_IKホールディングス_2026年5月期通期決算説明資料.pdf"", ""2026年5月期通期決算説明資料"")",,,,,,,,,,25,13,,,,,,,,9,,,,,https://www.release.tdnet.info/inbs/140120260714592924.pdf
20260714,276A,G-ククレブ,説明資料,"=HYPERLINK(""https://www.release.tdnet.info/inbs/140120260706588144.pdf"", ""2026年8月期第3四半期 決算説明資料"")","=HYPERLINK(""pdf_tmp/20260714/276A_1530_G-ククレブ_2026年8月期第3四半期 決算説明資料.pdf"", ""2026年8月期第3四半期 決算説明資料"")",,,,,,46,11 16,,,,13 17 44 46 48,,,,,,,,,,,,,https://www.release.tdnet.info/inbs/140120260706588144.pdf
20260714,2872,セイヒョー,説明資料,"=HYPERLINK(""https://www.release.tdnet.info/inbs/140120260714592663.pdf"", ""2027年2月期 第1四半期決算説明資料"")","=HYPERLINK(""pdf_tmp/20260714/2872_1500_セイヒョー_2027年2月期 第1四半期決算説明資料.pdf"", ""2027年2月期 第1四半期決算説明資料"")",,10,,5 9,,,,,,,,,,,5,,,,,,,,,https://www.release.tdnet.info/inbs/140120260714592663.pdf
20260714,2882,イートアンドHD,決算短信,"=HYPERLINK(""https://www.release.tdnet.info/inbs/140120260714592948.pdf"", ""2027年2月期 第1四半期決算短信〔日本基準〕(連結)"")","=HYPERLINK(""pdf_tmp/20260714/2882_1530_イートアンドHD_2027年2月期 第1四半期決算短信〔日本基準〕(連結).pdf"", ""2027年2月期 第1四半期決算短信〔日本基準〕(連結)"")",,,4,,,,,,,,4 5,,,,,,,,4,,,,,https://www.release.tdnet.info/inbs/140120260714592948.pdf
20260714,2882,イートアンドHD,説明資料,"=HYPERLINK(""https://www.release.tdnet.info/inbs/140120260714592725.pdf"", ""2027年2月期第1四半期 決算説明資料"")","=HYPERLINK(""pdf_tmp/20260714/2882_1530_イートアンドHD_2027年2月期第1四半期 決算説明資料.pdf"", ""2027年2月期第1四半期 決算説明資料"")",,,,,,,2 9,,,,2,,,,,,,,,,,18,,https://www.release.tdnet.info/inbs/140120260714592725.pdf
20260714,3045,カワサキ,決算短信,"=HYPERLINK(""https://www.release.tdnet.info/inbs/140120260713592458.pdf"", ""2026年8月期 第3四半期決算短信[日本基準]〔非連結〕"")","=HYPERLINK(""pdf_tmp/20260714/3045_1530_カワサキ_2026年8月期 第3四半期決算短信[日本基準]〔非連結〕.pdf"", ""2026年8月期 第3四半期決算短信[日本基準]〔非連結〕"")",,,4,4,,,,,,,,,,,,4,,,,,,,,https://www.release.tdnet.info/inbs/140120260713592458.pdf
20260714,3267,フィル・カンパニー,説明資料,"=HYPERLINK(""https://www.release.tdnet.info/inbs/140120260714593127.pdf"", ""2026年11月期2Q決算説明資料"")","=HYPERLINK(""pdf_tmp/20260714/3267_1530_フィル・カンパニー_2026年11月期2Q決算説明資料.pdf"", ""2026年11月期2Q決算説明資料"")",,,,,,50,,,,,,,50,,,,,,9,,,,,https://www.release.tdnet.info/inbs/140120260714593127.pdf
20260714,365A,伊澤タオル,説明資料,"=HYPERLINK(""https://www.release.tdnet.info/inbs/140120260714593357.pdf"", ""2027年2月期第1四半期決算説明資料"")","=HYPERLINK(""pdf_tmp/20260714/365A_1530_伊澤タオル_2027年2月期第1四半期決算説明資料.pdf"", ""2027年2月期第1四半期決算説明資料"")",,16,,,23,,,,,,,,,,,,,,4,,,,,https://www.release.tdnet.info/inbs/140120260714593357.pdf
20260714,3678,メディアドゥ,説明資料,"=HYPERLINK(""https://www.release.tdnet.info/inbs/140120260706588225.pdf"", ""2027年2月期 第1四半期決算説明資料"")","=HYPERLINK(""pdf_tmp/20260714/3678_1630_メディアドゥ_2027年2月期 第1四半期決算説明資料.pdf"", ""2027年2月期 第1四半期決算説明資料"")",,,,,,,,,,,,43,,,,,,,3 6 8 16 25 27,,,31 32 35,,https://www.release.tdnet.info/inbs/140120260706588225.pdf
20260714,4616,川上塗料,決算短信,"=HYPERLINK(""https://www.release.tdnet.info/inbs/140120260630584410.pdf"", ""2026年11月期 第2四半期(中間期)決算短信〔日本基準〕(連結)"")","=HYPERLINK(""pdf_tmp/20260714/4616_1530_川上塗料_2026年11月期 第2四半期(中間期)決算短信〔日本基準〕(連結).pdf"", ""2026年11月期 第2四半期(中間期)決算短信〔日本基準〕(連結)"")",,,,4,,,,,,,,,,,,4,,,4,,,,,https://www.release.tdnet.info/inbs/140120260630584410.pdf
20260714,5246,G-ELEMENTS,説明資料,"=HYPERLINK(""https://www.release.tdnet.info/inbs/140120260713592618.pdf"", ""2026年11月期 第2四半期決算説明資料"")","=HYPERLINK(""pdf_tmp/20260714/5246_1600_G-ELEMENTS_2026年11月期 第2四半期決算説明資料.pdf"", ""2026年11月期 第2四半期決算説明資料"")",,,,,,,28,,,,,29,,,,,,,,,,2,,https://www.release.tdnet.info/inbs/140120260713592618.pdf
20260714,5580,G-プロディライト,説明資料,"=HYPERLINK(""https://www.release.tdnet.info/inbs/140120260713592576.pdf"", ""2026年8月期第3四半期決算説明資料"")","=HYPERLINK(""pdf_tmp/20260714/5580_1530_G-プロディライト_2026年8月期第3四半期決算説明資料.pdf"", ""2026年8月期第3四半期決算説明資料"")",,,,,,,,,,,20,,,,,,,,2 13 14,,,22,,https://www.release.tdnet.info/inbs/140120260713592576.pdf
20260714,6474,不二越,決算短信,"=HYPERLINK(""https://www.release.tdnet.info/inbs/140120260713592304.pdf"", ""2026年11月期  第2四半期(中間期)決算短信〔日本基準〕(連結)"")","=HYPERLINK(""pdf_tmp/20260714/6474_1500_不二越_2026年11月期 第2四半期(中間期)決算短信〔日本基準〕(連結).pdf"", ""2026年11月期  第2四半期(中間期)決算短信〔日本基準〕(連結)"")",,,,,,,,,,,,,,,4,,4,,4,,,,,https://www.release.tdnet.info/inbs/140120260713592304.pdf
20260714,6634,JNグループ,決算短信,"=HYPERLINK(""https://www.release.tdnet.info/inbs/140120260713592313.pdf"", ""2026年11月期中間決算短信〔日本基準〕(連結)"")","=HYPERLINK(""pdf_tmp/20260714/6634_1530_JNグループ_2026年11月期中間決算短信〔日本基準〕(連結).pdf"", ""2026年11月期中間決算短信〔日本基準〕(連結)"")",,,,,,,,,,5 6,5,,6,,,,,,,,,,,https://www.release.tdnet.info/inbs/140120260713592313.pdf
20260714,9326,G-関通HD,説明資料,"=HYPERLINK(""https://www.release.tdnet.info/inbs/140120260714592916.pdf"", ""2027年2月期第1四半期 決算説明資料"")","=HYPERLINK(""pdf_tmp/20260714/9326_1600_G-関通HD_2027年2月期第1四半期 決算説明資料.pdf"", ""2027年2月期第1四半期 決算説明資料"")",,,,6 11,,,,,,2 6,2 11 16 17 19,,,,,,,,,,,,,https://www.release.tdnet.info/inbs/140120260714592916.pdf
20260714,9837,モリト,その他,"=HYPERLINK(""https://www.release.tdnet.info/inbs/140120260714592635.pdf"", ""第9次中期経営計画「ACTION 1000」策定に関するお知らせ"")","=HYPERLINK(""pdf_tmp/20260714/9837_1300_モリト_第9次中期経営計画「ACTION 1000」策定に関するお知らせ.pdf"", ""第9次中期経営計画「ACTION 1000」策定に関するお知らせ"")",,,,,,,,,,,,,,,,,,,,6 29,17 18,29,,https://www.release.tdnet.info/inbs/140120260714592635.pdf
20260714,226A,P-勝美ジャパン,予想の修正,"=HYPERLINK(""https://www.release.tdnet.info/inbs/140120260714593109.pdf"", ""業績予想及び配当予想の修正に関するお知らせ"")","=HYPERLINK(""pdf_tmp/20260714/226A_1700_P-勝美ジャパン_業績予想及び配当予想の修正に関するお知らせ.pdf"", ""業績予想及び配当予想の修正に関するお知らせ"")",,,,,1,,,2,,,,,,,,,,,,,,,,https://www.release.tdnet.info/inbs/140120260714593109.pdf
20260714,2882,イートアンドHD,その他,"=HYPERLINK(""https://www.release.tdnet.info/inbs/140120260714593413.pdf"", ""事業提携に関するお知らせ"")","=HYPERLINK(""pdf_tmp/20260714/2882_1700_イートアンドHD_事業提携に関するお知らせ.pdf"", ""事業提携に関するお知らせ"")",,,,,,,,,,,1,,,,,,,,,,,1,,https://www.release.tdnet.info/inbs/140120260714593413.pdf
20260714,3065,ライフフーズ,決算短信,"=HYPERLINK(""https://www.release.tdnet.info/inbs/140120260713591919.pdf"", ""2027年2月期 第1四半期決算短信〔日本基準〕(非連結)"")","=HYPERLINK(""pdf_tmp/20260714/3065_1515_ライフフーズ_2027年2月期 第1四半期決算短信〔日本基準〕(非連結).pdf"", ""2027年2月期 第1四半期決算短信〔日本基準〕(非連結)"")",,,4,,,,,,,,,,,,,4,,,,,,,,https://www.release.tdnet.info/inbs/140120260713591919.pdf
20260714,3160,大光,説明資料,"=HYPERLINK(""https://www.release.tdnet.info/inbs/140120260713592463.pdf"", ""2026年5月期 決算説明資料"")","=HYPERLINK(""pdf_tmp/20260714/3160_1530_大光_2026年5月期 決算説明資料.pdf"", ""2026年5月期 決算説明資料"")",,,,,,,,,,,17,,,,,,,,4,,,,,https://www.release.tdnet.info/inbs/140120260713592463.pdf
20260714,3387,クリレスHD,決算短信,"=HYPERLINK(""https://www.release.tdnet.info/inbs/140120260709590576.pdf"", ""2027年2月期第1四半期決算短信〔IFRS〕(連結)"")","=HYPERLINK(""pdf_tmp/20260714/3387_1630_クリレスHD_2027年2月期第1四半期決算短信〔IFRS〕(連結).pdf"", ""2027年2月期第1四半期決算短信〔IFRS〕(連結)"")",,,4,,,,,,,,4,,,,,,,,,,,,,https://www.release.tdnet.info/inbs/140120260709590576.pdf
20260714,3387,クリレスHD,その他,"=HYPERLINK(""https://www.release.tdnet.info/inbs/140120260713592430.pdf"", ""合併により上場廃止となったSFPホールディングス株式会社に関する決算開示のお知らせ"")","=HYPERLINK(""pdf_tmp/20260714/3387_1630_クリレスHD_合併により上場廃止となったSFPホールディングス株式会社に関する決算開示のお知らせ.pdf"", ""合併により上場廃止となったSFPホールディングス株式会社に関する決算開示のお知らせ"")",,,5,,,,,,,,,,,,,5,,,,,,,,https://www.release.tdnet.info/inbs/140120260713592430.pdf
20260714,340A,G-ジグザグ,事業計画,"=HYPERLINK(""https://www.release.tdnet.info/inbs/140120260714593066.pdf"", ""事業計画及び成長可能性に関する事項"")","=HYPERLINK(""pdf_tmp/20260714/340A_1530_G-ジグザグ_事業計画及び成長可能性に関する事項.pdf"", ""事業計画及び成長可能性に関する事項"")",,,,,,,,,,,23 42,,,,,,,,39,,,,,https://www.release.tdnet.info/inbs/140120260714593066.pdf
20260714,3562,No.1,説明資料,"=HYPERLINK(""https://www.release.tdnet.info/inbs/140120260714592846.pdf"", ""2027年2月期 第1四半期決算説明資料"")","=HYPERLINK(""pdf_tmp/20260714/3562_1530_No.1_2027年2月期 第1四半期決算説明資料.pdf"", ""2027年2月期 第1四半期決算説明資料"")",,,10,,,,,,,,13,,,,,,,,,,,,,https://www.release.tdnet.info/inbs/140120260714592846.pdf
20260714,3608,TSI HD,決算短信,"=HYPERLINK(""https://www.release.tdnet.info/inbs/140120260708589774.pdf"", ""2027年2月期 第1四半期決算短信〔日本基準〕(連結)"")","=HYPERLINK(""pdf_tmp/20260714/3608_1530_TSI HD_2027年2月期 第1四半期決算短信〔日本基準〕(連結).pdf"", ""2027年2月期 第1四半期決算短信〔日本基準〕(連結)"")",,,,,,,,,,,4,,,,,,,,4,,,,,https://www.release.tdnet.info/inbs/140120260708589774.pdf
20260714,3647,アスリナ,決算短信,"=HYPERLINK(""https://www.release.tdnet.info/inbs/140120260714593179.pdf"", ""2026年8月期第3四半期決算短信〔日本基準〕(連結)"")","=HYPERLINK(""pdf_tmp/20260714/3647_1600_アスリナ_2026年8月期第3四半期決算短信〔日本基準〕(連結).pdf"", ""2026年8月期第3四半期決算短信〔日本基準〕(連結)"")",,,,,,,,,,4,,5,,,,,,,,,,,,https://www.release.tdnet.info/inbs/140120260714593179.pdf
20260714,3923,ラクス,その他,"=HYPERLINK(""https://www.release.tdnet.info/inbs/140120260714593074.pdf"", ""株式会社プラスアルファ・コンサルティングの株式追加取得(持分法適用関連会社化)および同社との資本業務提携契約に関する覚書の締結に関するお知らせ"")","=HYPERLINK(""pdf_tmp/20260714/3923_1530_ラクス_株式会社プラスアルファ・コンサルティングの株式追加取得(持分法適用関連会社化)および同社との資本業務提携契約に関する覚書の締結に関するお知らせ.pdf"", ""株式会社プラスアルファ・コンサルティングの株式追加取得(持分法適用関連会社化)および同社との資本業務提携契約に関する覚書の締結に関するお知らせ"")",,,,,,1,,,,,,,,,,,,,,,1,,,https://www.release.tdnet.info/inbs/140120260714593074.pdf
20260714,4071,プラスアルファ,その他,"=HYPERLINK(""https://www.release.tdnet.info/inbs/140120260714592985.pdf"", ""ラクスとの資本業務提携に関する覚書の締結、当社株式の売出し、並びに主要株主、主要株主である筆頭株主及びその他の関係会社の異動の予定に関するお知らせ"")","=HYPERLINK(""pdf_tmp/20260714/4071_1530_プラスアルファ_ラクスとの資本業務提携に関する覚書の締結、当社株式の売出し、並びに主要株主、主要株主である筆頭株主及びその他の関係会社の異動の予定に関するお知.pdf"", ""ラクスとの資本業務提携に関する覚書の締結、当社株式の売出し、並びに主要株主、主要株主である筆頭株主及びその他の関係会社の異動の予定に関するお知らせ"")",,,,,,1,,,,,,,,,,,,,,,1,,,https://www.release.tdnet.info/inbs/140120260714592985.pdf
20260714,4198,テンダ,説明資料,"=HYPERLINK(""https://www.release.tdnet.info/inbs/140120260714593148.pdf"", ""2026年5月期 通期決算説明資料"")","=HYPERLINK(""pdf_tmp/20260714/4198_1530_テンダ_2026年5月期 通期決算説明資料.pdf"", ""2026年5月期 通期決算説明資料"")",,,,,,,,,,,12,,,,,,,,13,,,,,https://www.release.tdnet.info/inbs/140120260714593148.pdf
20260714,4616,川上塗料,その他,"=HYPERLINK(""https://www.release.tdnet.info/inbs/140120260714592676.pdf"", ""業績予想と実績との差異に関するお知らせ"")","=HYPERLINK(""pdf_tmp/20260714/4616_1530_川上塗料_業績予想と実績との差異に関するお知らせ.pdf"", ""業績予想と実績との差異に関するお知らせ"")",,,,2,,,,,,,,,,,,,,,2,,,,,https://www.release.tdnet.info/inbs/140120260714592676.pdf
20260714,4728,トーセ,その他,"=HYPERLINK(""https://www.release.tdnet.info/inbs/140120260714593529.pdf"", ""2026年8月期 第3四半期決算説明 質疑応答集"")","=HYPERLINK(""pdf_tmp/20260714/4728_1800_トーセ_2026年8月期 第3四半期決算説明 質疑応答集.pdf"", ""2026年8月期 第3四半期決算説明 質疑応答集"")",,,,,,,,3,,,1,,,,,,,,,,,,,https://www.release.tdnet.info/inbs/140120260714593529.pdf
20260714,4883,G-モダリス,事業計画,"=HYPERLINK(""https://www.release.tdnet.info/inbs/140120260714593315.pdf"", ""事業計画及び成長可能性に関する事項"")","=HYPERLINK(""pdf_tmp/20260714/4883_1530_G-モダリス_事業計画及び成長可能性に関する事項.pdf"", ""事業計画及び成長可能性に関する事項"")",,,,,,,,,,,31 65,,,,,,,,30 49,,,,,https://www.release.tdnet.info/inbs/140120260714593315.pdf
20260714,4885,室町ケミカル,説明資料,"=HYPERLINK(""https://www.release.tdnet.info/inbs/140120260714593457.pdf"", ""2026年5月期 決算説明資料"")","=HYPERLINK(""pdf_tmp/20260714/4885_1650_室町ケミカル_2026年5月期 決算説明資料.pdf"", ""2026年5月期 決算説明資料"")",,,,,,,,,,,8,,,,,,,,13,,,,,https://www.release.tdnet.info/inbs/140120260714593457.pdf
20260714,4920,日本色材,決算短信,"=HYPERLINK(""https://www.release.tdnet.info/inbs/140120260624579029.pdf"", ""2027年2月期 第1四半期決算短信〔日本基準〕(連結)"")","=HYPERLINK(""pdf_tmp/20260714/4920_1700_日本色材_2027年2月期 第1四半期決算短信〔日本基準〕(連結).pdf"", ""2027年2月期 第1四半期決算短信〔日本基準〕(連結)"")",,,,,,,,,,,,,,,,4,,,4,,,,,https://www.release.tdnet.info/inbs/140120260624579029.pdf
20260714,5527,G-propetec,説明資料,"=HYPERLINK(""https://www.release.tdnet.info/inbs/140120260714592770.pdf"", ""2026年11月期第2四半期決算説明資料"")","=HYPERLINK(""pdf_tmp/20260714/5527_1600_G-propetec_2026年11月期第2四半期決算説明資料.pdf"", ""2026年11月期第2四半期決算説明資料"")",,,,,20,,,,,,3 4 6 16 22 30 54 62,,,,,,,,,,,,,https://www.release.tdnet.info/inbs/140120260714592770.pdf
20260714,5578,G-ARアドバンスト,説明資料,"=HYPERLINK(""https://www.release.tdnet.info/inbs/140120260714593404.pdf"", ""2026年8月期第3四半期 決算説明資料"")","=HYPERLINK(""pdf_tmp/20260714/5578_1600_G-ARアドバンスト_2026年8月期第3四半期 決算説明資料.pdf"", ""2026年8月期第3四半期 決算説明資料"")",,,,,,,26 27,,,,7 28 74 76,,,,,,,,,,,,,https://www.release.tdnet.info/inbs/140120260714593404.pdf
20260714,6083,ERI HD,決算短信,"=HYPERLINK(""https://www.release.tdnet.info/inbs/140120260713591776.pdf"", ""2026年5月期決算短信〔日本基準〕(連結)"")","=HYPERLINK(""pdf_tmp/20260714/6083_1530_ERI HD_2026年5月期決算短信〔日本基準〕(連結).pdf"", ""2026年5月期決算短信〔日本基準〕(連結)"")",,,,,,,7,,,,,,,,,,,,17,,,,,https://www.release.tdnet.info/inbs/140120260713591776.pdf
20260714,6142,富士精工,決算短信,"=HYPERLINK(""https://www.release.tdnet.info/inbs/140120260707588674.pdf"", ""2027年2月期 第1四半期決算短信〔日本基準〕(連結)"")","=HYPERLINK(""pdf_tmp/20260714/6142_1500_富士精工_2027年2月期 第1四半期決算短信〔日本基準〕(連結).pdf"", ""2027年2月期 第1四半期決算短信〔日本基準〕(連結)"")",,,,,,,,,,,,,,,,,,5,5,,,,,https://www.release.tdnet.info/inbs/140120260707588674.pdf
20260714,6578,コレックHD,説明資料,"=HYPERLINK(""https://www.release.tdnet.info/inbs/140120260714592946.pdf"", ""2027年2月期 第1四半期決算説明資料"")","=HYPERLINK(""pdf_tmp/20260714/6578_1530_コレックHD_2027年2月期 第1四半期決算説明資料.pdf"", ""2027年2月期 第1四半期決算説明資料"")",,,,,,,,,,,17 25,,,,,,,,7 9 31,,,,,https://www.release.tdnet.info/inbs/140120260714592946.pdf
20260714,7077,G-ALiNK,決算短信,"=HYPERLINK(""https://www.release.tdnet.info/inbs/140120260713592539.pdf"", ""2027年2月期 第1四半期決算短信〔日本基準〕(連結)"")","=HYPERLINK(""pdf_tmp/20260714/7077_1530_G-ALiNK_2027年2月期 第1四半期決算短信〔日本基準〕(連結).pdf"", ""2027年2月期 第1四半期決算短信〔日本基準〕(連結)"")",,,,,,,,,,,4,4,,,,,,,,,,,,https://www.release.tdnet.info/inbs/140120260713592539.pdf
20260714,7673,ダイコー通産,説明資料,"=HYPERLINK(""https://www.release.tdnet.info/inbs/140120260713591855.pdf"", ""2026年5月期 決算補足説明資料"")","=HYPERLINK(""pdf_tmp/20260714/7673_1530_ダイコー通産_2026年5月期 決算補足説明資料.pdf"", ""2026年5月期 決算補足説明資料"")",15,,,15,,,,,,,,,,,,,,,,,,,,https://www.release.tdnet.info/inbs/140120260713591855.pdf
20260714,8273,イズミ,その他,"=HYPERLINK(""https://www.release.tdnet.info/inbs/140120260714593151.pdf"", ""2027年2月期 第1四半期 決算説明会資料"")","=HYPERLINK(""pdf_tmp/20260714/8273_1530_イズミ_2027年2月期 第1四半期 決算説明会資料.pdf"", ""2027年2月期 第1四半期 決算説明会資料"")",,,,,,,,,,,13,3 8,,,,,,,,,,,,https://www.release.tdnet.info/inbs/140120260714593151.pdf
20260714,9168,G-ライズ,その他,"=HYPERLINK(""https://www.release.tdnet.info/inbs/140120260714593166.pdf"", ""2027年2月期 第1四半期決算説明会資料"")","=HYPERLINK(""pdf_tmp/20260714/9168_1530_G-ライズ_2027年2月期 第1四半期決算説明会資料.pdf"", ""2027年2月期 第1四半期決算説明会資料"")",,,,,,,,,,,17 48,4 5 6 17,,,,,,,,,,,,https://www.release.tdnet.info/inbs/140120260714593166.pdf
20260714,9215,G-CaSy,説明資料,"=HYPERLINK(""https://www.release.tdnet.info/inbs/140120260714592737.pdf"", ""2026年11月期 第2四半期 決算説明資料"")","=HYPERLINK(""pdf_tmp/20260714/9215_1700_G-CaSy_2026年11月期 第2四半期 決算説明資料.pdf"", ""2026年11月期 第2四半期 決算説明資料"")",,,13,,,,,,,,44,,,,,,,,,,,,,https://www.release.tdnet.info/inbs/140120260714592737.pdf
20260714,9331,G-キャスター,説明資料,"=HYPERLINK(""https://www.release.tdnet.info/inbs/140120260707588839.pdf"", ""2026年8月期 第3四半期決算説明資料"")","=HYPERLINK(""pdf_tmp/20260714/9331_1600_G-キャスター_2026年8月期 第3四半期決算説明資料.pdf"", ""2026年8月期 第3四半期決算説明資料"")",,,,,,,,4,,,34,,,,,,,,,,,,,https://www.release.tdnet.info/inbs/140120260707588839.pdf
20260714,9331,G-キャスター,予想の修正,"=HYPERLINK(""https://www.release.tdnet.info/inbs/140120260707588861.pdf"", ""連結業績予想の修正及び中期経営計画の取り下げに関するお知らせ"")","=HYPERLINK(""pdf_tmp/20260714/9331_1600_G-キャスター_連結業績予想の修正及び中期経営計画の取り下げに関するお知らせ.pdf"", ""連結業績予想の修正及び中期経営計画の取り下げに関するお知らせ"")",,,,,,,,1,,,,1,,,,,,,,,,,,https://www.release.tdnet.info/inbs/140120260707588861.pdf
20260714,9444,トーシンHD,決算短信,"=HYPERLINK(""https://www.release.tdnet.info/inbs/140120260616571451.pdf"", ""(訂正・数値データ訂正)「2026年4月期 第2四半期(中間期)決算短信〔日本基準〕(連結)」の一部訂正について"")","=HYPERLINK(""pdf_tmp/20260714/9444_1400_トーシンHD_(訂正・数値データ訂正)「2026年4月期 第2四半期(中間期)決算短信〔日本基準〕(連結)」の一部訂正について.pdf"", ""(訂正・数値データ訂正)「2026年4月期 第2四半期(中間期)決算短信〔日本基準〕(連結)」の一部訂正について"")",,,,,,,,,,,11,,,,,,,,10,,,,,https://www.release.tdnet.info/inbs/140120260616571451.pdf
20260714,9444,トーシンHD,決算短信,"=HYPERLINK(""https://www.release.tdnet.info/inbs/140120260616571681.pdf"", ""(訂正・数値データ訂正)「2026年4月期 第3四半期決算短信〔日本基準〕(連結)」の一部訂正について"")","=HYPERLINK(""pdf_tmp/20260714/9444_1400_トーシンHD_(訂正・数値データ訂正)「2026年4月期 第3四半期決算短信〔日本基準〕(連結)」の一部訂正について.pdf"", ""(訂正・数値データ訂正)「2026年4月期 第3四半期決算短信〔日本基準〕(連結)」の一部訂正について"")",,,,,,,,,,,11,,,,,,,,10,,,,,https://www.release.tdnet.info/inbs/140120260616571681.pdf
20260714,135A,G-VRAIN,その他,"=HYPERLINK(""https://www.release.tdnet.info/inbs/140120260630584501.pdf"", ""2027年2月期 第1四半期決算内容に関する質疑応答"")","=HYPERLINK(""pdf_tmp/20260714/135A_1600_G-VRAIN_2027年2月期 第1四半期決算内容に関する質疑応答.pdf"", ""2027年2月期 第1四半期決算内容に関する質疑応答"")",,,,,,,,,,,1 2,,,,,,,,,,,,,https://www.release.tdnet.info/inbs/140120260630584501.pdf
20260714,135A,G-VRAIN,決算短信,"=HYPERLINK(""https://www.release.tdnet.info/inbs/140120260630584464.pdf"", ""2027年2月期 第1四半期決算短信〔日本基準〕(非連結)"")","=HYPERLINK(""pdf_tmp/20260714/135A_1600_G-VRAIN_2027年2月期 第1四半期決算短信〔日本基準〕(非連結).pdf"", ""2027年2月期 第1四半期決算短信〔日本基準〕(非連結)"")",,,,,,,,,,,,,,,,,,,4,,,,,https://www.release.tdnet.info/inbs/140120260630584464.pdf
20260714,135A,G-VRAIN,説明資料,"=HYPERLINK(""https://www.release.tdnet.info/inbs/140120260630584506.pdf"", ""2027年2月期 第1四半期決算説明資料"")","=HYPERLINK(""pdf_tmp/20260714/135A_1600_G-VRAIN_2027年2月期 第1四半期決算説明資料.pdf"", ""2027年2月期 第1四半期決算説明資料"")",,,,,,,,,,,2 7 46,,,,,,,,,,,,,https://www.release.tdnet.info/inbs/140120260630584506.pdf
20260714,138A,G-光フードサービス,説明資料,"=HYPERLINK(""https://www.release.tdnet.info/inbs/140120260713591912.pdf"", ""2026年11月期 第2四半期決算説明資料"")","=HYPERLINK(""pdf_tmp/20260714/138A_1530_G-光フードサービス_2026年11月期 第2四半期決算説明資料.pdf"", ""2026年11月期 第2四半期決算説明資料"")",,,,,,,,,,,41,,,,,,,,,,,,,https://www.release.tdnet.info/inbs/140120260713591912.pdf
20260714,1434,JESCO HD,決算短信,"=HYPERLINK(""https://www.release.tdnet.info/inbs/140120260714593221.pdf"", ""2026年8月期 第3四半期 決算短信〔日本基準〕(連結)"")","=HYPERLINK(""pdf_tmp/20260714/1434_1530_JESCO HD_2026年8月期 第3四半期 決算短信〔日本基準〕(連結).pdf"", ""2026年8月期 第3四半期 決算短信〔日本基準〕(連結)"")",,,,,,,,,,,5,,,,,,,,,,,,,https://www.release.tdnet.info/inbs/140120260714593221.pdf
20260714,189A,G-D&Mカンパニー,説明資料,"=HYPERLINK(""https://www.release.tdnet.info/inbs/140120260713592344.pdf"", ""2026年5月期決算説明資料"")","=HYPERLINK(""pdf_tmp/20260714/189A_1530_G-D&Mカンパニー_2026年5月期決算説明資料.pdf"", ""2026年5月期決算説明資料"")",,,,,,,,,,,,,,,,,,,28 29,,,,,https://www.release.tdnet.info/inbs/140120260713592344.pdf
20260714,2153,イージェイHD,決算短信,"=HYPERLINK(""https://www.release.tdnet.info/inbs/140120260708589640.pdf"", ""2026年5月期 決算短信〔日本基準〕(連結)"")","=HYPERLINK(""pdf_tmp/20260714/2153_1530_イージェイHD_2026年5月期 決算短信〔日本基準〕(連結).pdf"", ""2026年5月期 決算短信〔日本基準〕(連結)"")",,,,,,,,,,,,,,,,,,,22,,,,,https://www.release.tdnet.info/inbs/140120260708589640.pdf
20260714,2153,イージェイHD,資本コストや株価,"=HYPERLINK(""https://www.release.tdnet.info/inbs/140120260714593201.pdf"", ""資本コストや株価を意識した経営の実現に向けた取り組みについて"")","=HYPERLINK(""pdf_tmp/20260714/2153_1530_イージェイHD_資本コストや株価を意識した経営の実現に向けた取り組みについて.pdf"", ""資本コストや株価を意識した経営の実現に向けた取り組みについて"")",,,,,,,,,,,,,,,,,,,,,,5 7,,https://www.release.tdnet.info/inbs/140120260714593201.pdf
20260714,2164,地域新聞社,その他,"=HYPERLINK(""https://www.release.tdnet.info/inbs/140120260714592642.pdf"", ""買収への対応方針に基づく共同協調行為の再度の認定並びに新株予約権の無償割当て等及び定時株主総会における追認に関するお知らせ"")","=HYPERLINK(""pdf_tmp/20260714/2164_0800_地域新聞社_買収への対応方針に基づく共同協調行為の再度の認定並びに新株予約権の無償割当て等及び定時株主総会における追認に関するお知らせ.pdf"", ""買収への対応方針に基づく共同協調行為の再度の認定並びに新株予約権の無償割当て等及び定時株主総会における追認に関するお知らせ"")",,,,,,,,,,,5 8 37 88 89,,,,,,,,,,,,,https://www.release.tdnet.info/inbs/140120260714592642.pdf
20260714,2292,S FOODS,決算短信,"=HYPERLINK(""https://www.release.tdnet.info/inbs/140120260714592992.pdf"", ""2027年2月期第1四半期決算短信〔日本基準〕(連結)"")","=HYPERLINK(""pdf_tmp/20260714/2292_1530_S FOODS_2027年2月期第1四半期決算短信〔日本基準〕(連結).pdf"", ""2027年2月期第1四半期決算短信〔日本基準〕(連結)"")",,,,,4,,,,,,,,,,,,,,,,,,,https://www.release.tdnet.info/inbs/140120260714592992.pdf
20260714,2722,IKホールディングス,その他,"=HYPERLINK(""https://www.release.tdnet.info/inbs/140120260714592887.pdf"", ""中期経営計画の取り下げに関するお知らせ"")","=HYPERLINK(""pdf_tmp/20260714/2722_1530_IKホールディングス_中期経営計画の取り下げに関するお知らせ.pdf"", ""中期経営計画の取り下げに関するお知らせ"")",,,,,,,,,,,1,,,,,,,,,,,,,https://www.release.tdnet.info/inbs/140120260714592887.pdf
20260714,2722,IKホールディングス,その他,"=HYPERLINK(""https://www.release.tdnet.info/inbs/140120260714592845.pdf"", ""特別損失の計上及び通期連結業績予想と実績との差異に関するお知らせ"")","=HYPERLINK(""pdf_tmp/20260714/2722_1530_IKホールディングス_特別損失の計上及び通期連結業績予想と実績との差異に関するお知らせ.pdf"", ""特別損失の計上及び通期連結業績予想と実績との差異に関するお知らせ"")",,,,,,,,,,,,,,,,,,,1,,,,,https://www.release.tdnet.info/inbs/140120260714592845.pdf
20260714,274A,ガーデン,決算短信,"=HYPERLINK(""https://www.release.tdnet.info/inbs/140120260714592902.pdf"", ""2027年2月期 第1四半期決算短信〔日本基準〕(非連結)"")","=HYPERLINK(""pdf_tmp/20260714/274A_1530_ガーデン_2027年2月期 第1四半期決算短信〔日本基準〕(非連結).pdf"", ""2027年2月期 第1四半期決算短信〔日本基準〕(非連結)"")",,,,,,,,,,,4,,,,,,,,,,,,,https://www.release.tdnet.info/inbs/140120260714592902.pdf
20260714,276A,G-ククレブ,決算短信,"=HYPERLINK(""https://www.release.tdnet.info/inbs/140120260706588143.pdf"", ""2026年8月期第3四半期 決算短信〔日本基準〕(連結)"")","=HYPERLINK(""pdf_tmp/20260714/276A_1530_G-ククレブ_2026年8月期第3四半期 決算短信〔日本基準〕(連結).pdf"", ""2026年8月期第3四半期 決算短信〔日本基準〕(連結)"")",,,,,,,5,,,,,,,,,,,,,,,,,https://www.release.tdnet.info/inbs/140120260706588143.pdf
20260714,276A,G-ククレブ,その他,"=HYPERLINK(""https://www.release.tdnet.info/inbs/140120260706588146.pdf"", ""配当予想の上方修正に関するお知らせ"")","=HYPERLINK(""pdf_tmp/20260714/276A_1530_G-ククレブ_配当予想の上方修正に関するお知らせ.pdf"", ""配当予想の上方修正に関するお知らせ"")",,,,,,,1,,,,,,,,,,,,,,,,,https://www.release.tdnet.info/inbs/140120260706588146.pdf
20260714,2882,イートアンドHD,予想の修正,"=HYPERLINK(""https://www.release.tdnet.info/inbs/140120260714592870.pdf"", ""業績予想の修正に関するお知らせ"")","=HYPERLINK(""pdf_tmp/20260714/2882_1530_イートアンドHD_業績予想の修正に関するお知らせ.pdf"", ""業績予想の修正に関するお知らせ"")",,,,,,,,,,,,,,,,,,,,,,1,,https://www.release.tdnet.info/inbs/140120260714592870.pdf
20260714,304A,G-フォルシア,説明資料,"=HYPERLINK(""https://www.release.tdnet.info/inbs/140120260714593270.pdf"", ""2027年2月期 第1四半期決算説明資料"")","=HYPERLINK(""pdf_tmp/20260714/304A_1600_G-フォルシア_2027年2月期 第1四半期決算説明資料.pdf"", ""2027年2月期 第1四半期決算説明資料"")",,,,,,,,,,,12 13 15 16 21,,,,,,,,,,,,,https://www.release.tdnet.info/inbs/140120260714593270.pdf
20260714,3083,スターシーズ,決算短信,"=HYPERLINK(""https://www.release.tdnet.info/inbs/140120260713592591.pdf"", ""2027年2月期 第1四半期決算短信〔日本基準〕(連結)"")","=HYPERLINK(""pdf_tmp/20260714/3083_1600_スターシーズ_2027年2月期 第1四半期決算短信〔日本基準〕(連結).pdf"", ""2027年2月期 第1四半期決算短信〔日本基準〕(連結)"")",,,,,,,6,,,,,,,,,,,,,,,,,https://www.release.tdnet.info/inbs/140120260713592591.pdf
20260714,3139,ラクト・ジャパン,決算短信,"=HYPERLINK(""https://www.release.tdnet.info/inbs/140120260707589074.pdf"", ""2026年11月期 第2四半期(中間期)決算短信〔日本基準〕(連結)"")","=HYPERLINK(""pdf_tmp/20260714/3139_1530_ラクト・ジャパン_2026年11月期 第2四半期(中間期)決算短信〔日本基準〕(連結).pdf"", ""2026年11月期 第2四半期(中間期)決算短信〔日本基準〕(連結)"")",,,,,,,,,,,,,,,,,,,4,,,,,https://www.release.tdnet.info/inbs/140120260707589074.pdf
20260714,3181,買取王国,決算短信,"=HYPERLINK(""https://www.release.tdnet.info/inbs/140120260714593272.pdf"", ""2027年2月期 第1四半期決算短信〔日本基準〕(非連結)"")","=HYPERLINK(""pdf_tmp/20260714/3181_1430_買取王国_2027年2月期 第1四半期決算短信〔日本基準〕(非連結).pdf"", ""2027年2月期 第1四半期決算短信〔日本基準〕(非連結)"")",,,,,,,,,,,4,,,,,,,,,,,,,https://www.release.tdnet.info/inbs/140120260714593272.pdf
20260714,3223,エスエルディー,決算短信,"=HYPERLINK(""https://www.release.tdnet.info/inbs/140120260713592524.pdf"", ""2027年2月期 第1四半期決算短信〔日本基準〕(非連結)"")","=HYPERLINK(""pdf_tmp/20260714/3223_1530_エスエルディー_2027年2月期 第1四半期決算短信〔日本基準〕(非連結).pdf"", ""2027年2月期 第1四半期決算短信〔日本基準〕(非連結)"")",,,5,,,,,,,,,,,,,,,,,,,,,https://www.release.tdnet.info/inbs/140120260713592524.pdf
20260714,323A,G-フライヤー,説明資料,"=HYPERLINK(""https://www.release.tdnet.info/inbs/140120260714593153.pdf"", ""2027年2月期第1四半期 決算説明資料"")","=HYPERLINK(""pdf_tmp/20260714/323A_1630_G-フライヤー_2027年2月期第1四半期 決算説明資料.pdf"", ""2027年2月期第1四半期 決算説明資料"")",,,,,,,,,,,,,,,,,,,15 52,,,,,https://www.release.tdnet.info/inbs/140120260714593153.pdf
20260714,3297,東武住販,決算短信,"=HYPERLINK(""https://www.release.tdnet.info/inbs/140120260713592428.pdf"", ""2026年5月期決算短信〔日本基準〕(非連結)"")","=HYPERLINK(""pdf_tmp/20260714/3297_1530_東武住販_2026年5月期決算短信〔日本基準〕(非連結).pdf"", ""2026年5月期決算短信〔日本基準〕(非連結)"")",,,,,,,,,,,4,,,,,,,,,,,,,https://www.release.tdnet.info/inbs/140120260713592428.pdf
20260714,3387,クリレスHD,説明資料,"=HYPERLINK(""https://www.release.tdnet.info/inbs/140120260713592429.pdf"", ""2027年2月期第1四半期決算(補足説明資料)"")","=HYPERLINK(""pdf_tmp/20260714/3387_1630_クリレスHD_2027年2月期第1四半期決算(補足説明資料).pdf"", ""2027年2月期第1四半期決算(補足説明資料)"")",,,,,,,,,,,4,,,,,,,,,,,,,https://www.release.tdnet.info/inbs/140120260713592429.pdf
20260714,340A,G-ジグザグ,説明資料,"=HYPERLINK(""https://www.release.tdnet.info/inbs/140120260714593041.pdf"", ""2026年5月期通期決算説明資料"")","=HYPERLINK(""pdf_tmp/20260714/340A_1530_G-ジグザグ_2026年5月期通期決算説明資料.pdf"", ""2026年5月期通期決算説明資料"")",,,,,,,,,,,22 43,,,,,,,,,,,,,https://www.release.tdnet.info/inbs/140120260714593041.pdf
20260714,353A,エレコミ,説明資料,"=HYPERLINK(""https://www.release.tdnet.info/inbs/140120260713592583.pdf"", ""2026年5月期 決算補足説明資料"")","=HYPERLINK(""pdf_tmp/20260714/353A_1530_エレコミ_2026年5月期 決算補足説明資料.pdf"", ""2026年5月期 決算補足説明資料"")",,,,,,,,,,,6 9 29 30,,,,,,,,,,,,,https://www.release.tdnet.info/inbs/140120260713592583.pdf
20260714,3678,メディアドゥ,決算短信,"=HYPERLINK(""https://www.release.tdnet.info/inbs/140120260706588180.pdf"", ""2027年2月期 第1四半期決算短信〔日本基準〕(連結)"")","=HYPERLINK(""pdf_tmp/20260714/3678_1630_メディアドゥ_2027年2月期 第1四半期決算短信〔日本基準〕(連結).pdf"", ""2027年2月期 第1四半期決算短信〔日本基準〕(連結)"")",,,,,,,,,,,,,,,,,,,5,,,,,https://www.release.tdnet.info/inbs/140120260706588180.pdf
20260714,3760,ケイブ,決算短信,"=HYPERLINK(""https://www.release.tdnet.info/inbs/140120260709590644.pdf"", ""2026年5月期決算短信〔日本基準〕(連結)"")","=HYPERLINK(""pdf_tmp/20260714/3760_1530_ケイブ_2026年5月期決算短信〔日本基準〕(連結).pdf"", ""2026年5月期決算短信〔日本基準〕(連結)"")",,,,,,,,,,,7,,,,,,,,,,,,,https://www.release.tdnet.info/inbs/140120260709590644.pdf
20260714,3892,岡山製紙,決算短信,"=HYPERLINK(""https://www.release.tdnet.info/inbs/140120260713592496.pdf"", ""2026年5月期 決算短信[日本基準](非連結)"")","=HYPERLINK(""pdf_tmp/20260714/3892_1300_岡山製紙_2026年5月期 決算短信[日本基準](非連結).pdf"", ""2026年5月期 決算短信[日本基準](非連結)"")",,,4,,,,,,,,,,,,,,,,,,,,,https://www.release.tdnet.info/inbs/140120260713592496.pdf
20260714,3967,G-エルテス,決算短信,"=HYPERLINK(""https://www.release.tdnet.info/inbs/140120260714593007.pdf"", ""2027年2月期 第1四半期決算短信〔日本基準〕(連結)"")","=HYPERLINK(""pdf_tmp/20260714/3967_1600_G-エルテス_2027年2月期 第1四半期決算短信〔日本基準〕(連結).pdf"", ""2027年2月期 第1四半期決算短信〔日本基準〕(連結)"")",,,,,,,,,,,5,,,,,,,,,,,,,https://www.release.tdnet.info/inbs/140120260714593007.pdf
20260714,3977,A-フュージョン,決算短信,"=HYPERLINK(""https://www.release.tdnet.info/inbs/140120260713592027.pdf"", ""2027年2月期第1四半期決算短信[日本基準](非連結)"")","=HYPERLINK(""pdf_tmp/20260714/3977_1530_A-フュージョン_2027年2月期第1四半期決算短信[日本基準](非連結).pdf"", ""2027年2月期第1四半期決算短信[日本基準](非連結)"")",,,,,,,,,,,4,,,,,,,,,,,,,https://www.release.tdnet.info/inbs/140120260713592027.pdf
20260714,4015,G-ペイクラウドHD,決算短信,"=HYPERLINK(""https://www.release.tdnet.info/inbs/140120260714593073.pdf"", ""2026年8月期 第3四半期決算短信〔日本基準〕(連結)"")","=HYPERLINK(""pdf_tmp/20260714/4015_1300_G-ペイクラウドHD_2026年8月期 第3四半期決算短信〔日本基準〕(連結).pdf"", ""2026年8月期 第3四半期決算短信〔日本基準〕(連結)"")",,,,,,,,,,,4,,,,,,,,,,,,,https://www.release.tdnet.info/inbs/140120260714593073.pdf
20260714,402A,G-アクセルスペース,説明資料,"=HYPERLINK(""https://www.release.tdnet.info/inbs/140120260714593285.pdf"", ""2026年5月期 通期 決算補足説明資料"")","=HYPERLINK(""pdf_tmp/20260714/402A_1530_G-アクセルスペース_2026年5月期 通期 決算補足説明資料.pdf"", ""2026年5月期 通期 決算補足説明資料"")",,,,,,,,,,,10 13 19 33 37 38 59,,,,,,,,,,,,,https://www.release.tdnet.info/inbs/140120260714593285.pdf
20260714,402A,G-アクセルスペース,決算短信,"=HYPERLINK(""https://www.release.tdnet.info/inbs/140120260714593101.pdf"", ""2026年5月期決算短信〔日本基準〕(連結)"")","=HYPERLINK(""pdf_tmp/20260714/402A_1530_G-アクセルスペース_2026年5月期決算短信〔日本基準〕(連結).pdf"", ""2026年5月期決算短信〔日本基準〕(連結)"")",,,,,,,,,,,6,,,,,,,,,,,,,https://www.release.tdnet.info/inbs/140120260714593101.pdf
20260714,4250,Q-フロンティア,決算短信,"=HYPERLINK(""https://www.release.tdnet.info/inbs/140120260714592796.pdf"", ""2026年11月期 第2四半期(中間期)決算短信〔日本基準〕(連結)"")","=HYPERLINK(""pdf_tmp/20260714/4250_1530_Q-フロンティア_2026年11月期 第2四半期(中間期)決算短信〔日本基準〕(連結).pdf"", ""2026年11月期 第2四半期(中間期)決算短信〔日本基準〕(連結)"")",,,,,,,,,,,,,,,,4,,,,,,,,https://www.release.tdnet.info/inbs/140120260714592796.pdf
20260714,4429,G-リックソフト,その他,"=HYPERLINK(""https://www.release.tdnet.info/inbs/140120260713592320.pdf"", ""2027年2月期第1四半期決算補足資料"")","=HYPERLINK(""pdf_tmp/20260714/4429_1600_G-リックソフト_2027年2月期第1四半期決算補足資料.pdf"", ""2027年2月期第1四半期決算補足資料"")",,,,,,,,,,,3,,,,,,,,,,,,,https://www.release.tdnet.info/inbs/140120260713592320.pdf
20260714,4430,東海ソフト,決算短信,"=HYPERLINK(""https://www.release.tdnet.info/inbs/140120260714593137.pdf"", ""2026年5月期 決算短信〔日本基準〕(連結)"")","=HYPERLINK(""pdf_tmp/20260714/4430_1530_東海ソフト_2026年5月期 決算短信〔日本基準〕(連結).pdf"", ""2026年5月期 決算短信〔日本基準〕(連結)"")",,,,,,,,,,,,,,,,4,,,,,,,,https://www.release.tdnet.info/inbs/140120260714593137.pdf
20260714,4441,トビラシステムズ,その他,"=HYPERLINK(""https://www.release.tdnet.info/inbs/140120260714593027.pdf"", ""株式会社プロディライトとの資本業務提携に関するお知らせ"")","=HYPERLINK(""pdf_tmp/20260714/4441_1530_トビラシステムズ_株式会社プロディライトとの資本業務提携に関するお知らせ.pdf"", ""株式会社プロディライトとの資本業務提携に関するお知らせ"")",,,,,,,,,,,,,,,,,,,,,,2,,https://www.release.tdnet.info/inbs/140120260714593027.pdf
20260714,4523,エーザイ,その他,"=HYPERLINK(""https://www.release.tdnet.info/inbs/140120260714592644.pdf"", ""抗Aβ抗体「レケンビ」の皮下注射製剤「LEQEMBI IQLIK」が早期アルツハイマー病に対する初期療法として米国FDAより承認取得"")","=HYPERLINK(""pdf_tmp/20260714/4523_0830_エーザイ_抗Aβ抗体「レケンビ」の皮下注射製剤「LEQEMBI IQLIK」が早期アルツハイマー病に対する初期療法として米国FDAより承認取得.pdf"", ""抗Aβ抗体「レケンビ」の皮下注射製剤「LEQEMBI IQLIK」が早期アルツハイマー病に対する初期療法として米国FDAより承認取得"")",,,,,,,,,,,,,,,,,,,4,,,,,https://www.release.tdnet.info/inbs/140120260714592644.pdf
20260714,464A,G-QPSHD,決算短信,"=HYPERLINK(""https://www.release.tdnet.info/inbs/140120260713591990.pdf"", ""2026年5月期決算短信〔日本基準〕(連結)"")","=HYPERLINK(""pdf_tmp/20260714/464A_1630_G-QPSHD_2026年5月期決算短信〔日本基準〕(連結).pdf"", ""2026年5月期決算短信〔日本基準〕(連結)"")",,,,,,,,,,,5,,,,,,,,,,,,,https://www.release.tdnet.info/inbs/140120260713591990.pdf
20260714,4673,川崎地質,決算短信,"=HYPERLINK(""https://www.release.tdnet.info/inbs/140120260714592638.pdf"", ""2026年11月期第2四半期(中間期)決算短信〔日本基準〕(連結)"")","=HYPERLINK(""pdf_tmp/20260714/4673_1500_川崎地質_2026年11月期第2四半期(中間期)決算短信〔日本基準〕(連結).pdf"", ""2026年11月期第2四半期(中間期)決算短信〔日本基準〕(連結)"")",,,,,,,,,,,4,,,,,,,,,,,,,https://www.release.tdnet.info/inbs/140120260714592638.pdf
20260714,4829,日本エンタープライズ,説明資料,"=HYPERLINK(""https://www.release.tdnet.info/inbs/140120260714593403.pdf"", ""2026年5月期 決算説明資料"")","=HYPERLINK(""pdf_tmp/20260714/4829_1600_日本エンタープライズ_2026年5月期 決算説明資料.pdf"", ""2026年5月期 決算説明資料"")",,,,,,,,,,,11 12,,,,,,,,,,,,,https://www.release.tdnet.info/inbs/140120260714593403.pdf
20260714,4885,室町ケミカル,決算短信,"=HYPERLINK(""https://www.release.tdnet.info/inbs/140120260714592935.pdf"", ""2026年5月期決算短信〔日本基準〕(非連結)"")","=HYPERLINK(""pdf_tmp/20260714/4885_1605_室町ケミカル_2026年5月期決算短信〔日本基準〕(非連結).pdf"", ""2026年5月期決算短信〔日本基準〕(非連結)"")",,,,,,,,,,,4,,,,,,,,,,,,,https://www.release.tdnet.info/inbs/140120260714592935.pdf
20260714,4885,室町ケミカル,その他,"=HYPERLINK(""https://www.release.tdnet.info/inbs/140120260714593080.pdf"", ""中期経営計画の計画値更新および計画期間の延長に関するお知らせ"")","=HYPERLINK(""pdf_tmp/20260714/4885_1605_室町ケミカル_中期経営計画の計画値更新および計画期間の延長に関するお知らせ.pdf"", ""中期経営計画の計画値更新および計画期間の延長に関するお知らせ"")",,,,,,,,,,,9,,,,,,,,,,,,,https://www.release.tdnet.info/inbs/140120260714593080.pdf
20260714,4934,G-Pアンチエイジ,その他,"=HYPERLINK(""https://www.release.tdnet.info/inbs/140120260714592792.pdf"", ""連結子会社の解散及び清算に関するお知らせ"")","=HYPERLINK(""pdf_tmp/20260714/4934_1530_G-Pアンチエイジ_連結子会社の解散及び清算に関するお知らせ.pdf"", ""連結子会社の解散及び清算に関するお知らせ"")",,,,,,,,,,,,,,,,,,,1,,,,,https://www.release.tdnet.info/inbs/140120260714592792.pdf
20260714,5246,G-ELEMENTS,決算短信,"=HYPERLINK(""https://www.release.tdnet.info/inbs/140120260713592617.pdf"", ""2026年11月期 第2四半期(中間期)決算短信〔日本基準〕(連結)"")","=HYPERLINK(""pdf_tmp/20260714/5246_1600_G-ELEMENTS_2026年11月期 第2四半期(中間期)決算短信〔日本基準〕(連結).pdf"", ""2026年11月期 第2四半期(中間期)決算短信〔日本基準〕(連結)"")",,,,4,,,,,,,,,,,,,,,,,,,,https://www.release.tdnet.info/inbs/140120260713592617.pdf
20260714,5246,G-ELEMENTS,その他,"=HYPERLINK(""https://www.release.tdnet.info/inbs/140120260713592619.pdf"", ""2026年11月期第2四半期決算において想定されるご質問への回答について"")","=HYPERLINK(""pdf_tmp/20260714/5246_1600_G-ELEMENTS_2026年11月期第2四半期決算において想定されるご質問への回答について.pdf"", ""2026年11月期第2四半期決算において想定されるご質問への回答について"")",,,,,,,2,,,,,,,,,,,,,,,,,https://www.release.tdnet.info/inbs/140120260713592619.pdf
20260714,542A,G-ビタブリッドJ,決算短信,"=HYPERLINK(""https://www.release.tdnet.info/inbs/140120260709590695.pdf"", ""2027年2月期 第1四半期決算短信〔日本基準〕(非連結)"")","=HYPERLINK(""pdf_tmp/20260714/542A_1530_G-ビタブリッドJ_2027年2月期 第1四半期決算短信〔日本基準〕(非連結).pdf"", ""2027年2月期 第1四半期決算短信〔日本基準〕(非連結)"")",,,,,,,,,,,,,,,,4,,,,,,,,https://www.release.tdnet.info/inbs/140120260709590695.pdf
20260714,542A,G-ビタブリッドJ,説明資料,"=HYPERLINK(""https://www.release.tdnet.info/inbs/140120260713592146.pdf"", ""2027年2月期 第1四半期決算説明資料"")","=HYPERLINK(""pdf_tmp/20260714/542A_1530_G-ビタブリッドJ_2027年2月期 第1四半期決算説明資料.pdf"", ""2027年2月期 第1四半期決算説明資料"")",,26,,,,,,,,,,,,,,,,,,,,,,https://www.release.tdnet.info/inbs/140120260713592146.pdf
20260714,5578,G-ARアドバンスト,決算短信,"=HYPERLINK(""https://www.release.tdnet.info/inbs/140120260714593346.pdf"", ""2026年8月期 第3四半期決算短信〔日本基準〕(連結)"")","=HYPERLINK(""pdf_tmp/20260714/5578_1600_G-ARアドバンスト_2026年8月期 第3四半期決算短信〔日本基準〕(連結).pdf"", ""2026年8月期 第3四半期決算短信〔日本基準〕(連結)"")",,,,,,,,,,,,4,,,,,,,,,,,,https://www.release.tdnet.info/inbs/140120260714593346.pdf
20260714,5580,G-プロディライト,その他,"=HYPERLINK(""https://www.release.tdnet.info/inbs/140120260713592580.pdf"", ""トビラシステムズ株式会社との資本業務提携に関するお知らせ"")","=HYPERLINK(""pdf_tmp/20260714/5580_1530_G-プロディライト_トビラシステムズ株式会社との資本業務提携に関するお知らせ.pdf"", ""トビラシステムズ株式会社との資本業務提携に関するお知らせ"")",,,,,,,,,,,,,,,,,,,,,,2,,https://www.release.tdnet.info/inbs/140120260713592580.pdf
20260714,581A,G-GO,説明資料,"=HYPERLINK(""https://www.release.tdnet.info/inbs/140120260714593008.pdf"", ""2026年5月期 通期決算説明資料"")","=HYPERLINK(""pdf_tmp/20260714/581A_1530_G-GO_2026年5月期 通期決算説明資料.pdf"", ""2026年5月期 通期決算説明資料"")",,,,,,,,,,,10 12 18,,,,,,,,,,,,,https://www.release.tdnet.info/inbs/140120260714593008.pdf
20260714,581A,G-GO,事業計画,"=HYPERLINK(""https://www.release.tdnet.info/inbs/140120260714593378.pdf"", ""事業計画及び成長可能性に関する事項"")","=HYPERLINK(""pdf_tmp/20260714/581A_1530_G-GO_事業計画及び成長可能性に関する事項.pdf"", ""事業計画及び成長可能性に関する事項"")",,,,,,,,,,,12,,,,,,,,,,,,,https://www.release.tdnet.info/inbs/140120260714593378.pdf
20260714,5885,ジーデップアドバンス,決算短信,"=HYPERLINK(""https://www.release.tdnet.info/inbs/140120260713592187.pdf"", ""2026年5月期決算短信〔日本基準〕(非連結)"")","=HYPERLINK(""pdf_tmp/20260714/5885_1530_ジーデップアドバンス_2026年5月期決算短信〔日本基準〕(非連結).pdf"", ""2026年5月期決算短信〔日本基準〕(非連結)"")",,,,,,,,,,,,,,,,4,,,,,,,,https://www.release.tdnet.info/inbs/140120260713592187.pdf
20260714,6083,ERI HD,説明資料,"=HYPERLINK(""https://www.release.tdnet.info/inbs/140120260713592584.pdf"", ""2026年5月期決算説明資料"")","=HYPERLINK(""pdf_tmp/20260714/6083_1530_ERI HD_2026年5月期決算説明資料.pdf"", ""2026年5月期決算説明資料"")",,,,,,,2,,,,,,,,,,,,,,,,,https://www.release.tdnet.info/inbs/140120260713592584.pdf
20260714,6083,ERI HD,その他,"=HYPERLINK(""https://www.release.tdnet.info/inbs/140120260713592586.pdf"", ""中期経営計画の数値目標修正に関するお知らせ"")","=HYPERLINK(""pdf_tmp/20260714/6083_1530_ERI HD_中期経営計画の数値目標修正に関するお知らせ.pdf"", ""中期経営計画の数値目標修正に関するお知らせ"")",,,,,,,2,,,,,,,,,,,,,,,,,https://www.release.tdnet.info/inbs/140120260713592586.pdf
20260714,6474,不二越,予想の修正,"=HYPERLINK(""https://www.release.tdnet.info/inbs/140120260714592731.pdf"", ""2026年11月期第2四半期(中間期)の業績予想と実績との差異及び通期業績予想の修正並びに配当予想の修正に関するお知らせ"")","=HYPERLINK(""pdf_tmp/20260714/6474_1500_不二越_2026年11月期第2四半期(中間期)の業績予想と実績との差異及び通期業績予想の修正並びに配当予想の修正に関するお知らせ.pdf"", ""2026年11月期第2四半期(中間期)の業績予想と実績との差異及び通期業績予想の修正並びに配当予想の修正に関するお知らせ"")",,,,,,,,,,,,,,,,,1,,,,,,,https://www.release.tdnet.info/inbs/140120260714592731.pdf
20260714,6521,G-オキサイド,説明資料,"=HYPERLINK(""https://www.release.tdnet.info/inbs/140120260714592981.pdf"", ""2027年2月期 第1四半期決算補足説明資料(スクリプト付)"")","=HYPERLINK(""pdf_tmp/20260714/6521_1200_G-オキサイド_2027年2月期 第1四半期決算補足説明資料(スクリプト付).pdf"", ""2027年2月期 第1四半期決算補足説明資料(スクリプト付)"")",,,,,,,,,,,3,,,,,,,,,,,,,https://www.release.tdnet.info/inbs/140120260714592981.pdf
20260714,6521,G-オキサイド,説明資料,"=HYPERLINK(""https://www.release.tdnet.info/inbs/140120260714592944.pdf"", ""2027年2月期 第1四半期決算補足説明資料"")","=HYPERLINK(""pdf_tmp/20260714/6521_1200_G-オキサイド_2027年2月期 第1四半期決算補足説明資料.pdf"", ""2027年2月期 第1四半期決算補足説明資料"")",,,,,,,,,,,3,,,,,,,,,,,,,https://www.release.tdnet.info/inbs/140120260714592944.pdf
20260714,6522,G-アスタリスク,その他,"=HYPERLINK(""https://www.release.tdnet.info/inbs/140120260713592004.pdf"", ""【アスタリスク】POS「Salasee(セラシー)」、三井住友カードの決済プラットフォーム「stera」との連携に関するお知らせ"")","=HYPERLINK(""pdf_tmp/20260714/6522_0850_G-アスタリスク_【アスタリスク】POS「Salasee(セラシー)」、三井住友カードの決済プラットフォーム「stera」との連携に関するお知らせ.pdf"", ""【アスタリスク】POS「Salasee(セラシー)」、三井住友カードの決済プラットフォーム「stera」との連携に関するお知らせ"")",,,,,,,,,,,1,,,,,,,,,,,,,https://www.release.tdnet.info/inbs/140120260713592004.pdf
20260714,7012,川崎重,その他,"=HYPERLINK(""https://www.release.tdnet.info/inbs/140120260713591898.pdf"", ""海外募集による新株式の発行並びに2031年及び2033年満期ユーロ円建転換社債型新株予約権付社債(トランジションCB)の発行に係る発行条件等の決定に関するお知らせ"")","=HYPERLINK(""pdf_tmp/20260714/7012_1720_川崎重_海外募集による新株式の発行並びに2031年及び2033年満期ユーロ円建転換社債型新株予約権付社債(トランジションCB)の発行に係る発行条件等の決定に関するお知らせ.pdf"", ""海外募集による新株式の発行並びに2031年及び2033年満期ユーロ円建転換社債型新株予約権付社債(トランジションCB)の発行に係る発行条件等の決定に関するお知らせ"")",,6,,,,,,,,,,,,,,,,,,,,,,https://www.release.tdnet.info/inbs/140120260713591898.pdf
20260714,7077,G-ALiNK,説明資料,"=HYPERLINK(""https://www.release.tdnet.info/inbs/140120260713592581.pdf"", ""2027年2月期 第1四半期決算説明資料"")","=HYPERLINK(""pdf_tmp/20260714/7077_1530_G-ALiNK_2027年2月期 第1四半期決算説明資料.pdf"", ""2027年2月期 第1四半期決算説明資料"")",,,,,,5,,,,,,,,,,,,,,,,,,https://www.release.tdnet.info/inbs/140120260713592581.pdf
20260714,7083,G-AHCグループ,決算短信,"=HYPERLINK(""https://www.release.tdnet.info/inbs/140120260714592748.pdf"", ""2026年11月期第2四半期(中間期)決算短信〔日本基準〕(連結)"")","=HYPERLINK(""pdf_tmp/20260714/7083_1530_G-AHCグループ_2026年11月期第2四半期(中間期)決算短信〔日本基準〕(連結).pdf"", ""2026年11月期第2四半期(中間期)決算短信〔日本基準〕(連結)"")",,,,4,,,,,,,,,,,,,,,,,,,,https://www.release.tdnet.info/inbs/140120260714592748.pdf
20260714,7673,ダイコー通産,決算短信,"=HYPERLINK(""https://www.release.tdnet.info/inbs/140120260713591794.pdf"", ""2026年5月期 決算短信〔日本基準〕(非連結)"")","=HYPERLINK(""pdf_tmp/20260714/7673_1530_ダイコー通産_2026年5月期 決算短信〔日本基準〕(非連結).pdf"", ""2026年5月期 決算短信〔日本基準〕(非連結)"")",,,,,,,,,,,,,,,,,,,4 6,,,,,https://www.release.tdnet.info/inbs/140120260713591794.pdf
20260714,7805,プリントネット,説明資料,"=HYPERLINK(""https://www.release.tdnet.info/inbs/140120260714592889.pdf"", ""2026年8月期第3四半期 決算補足説明資料"")","=HYPERLINK(""pdf_tmp/20260714/7805_1200_プリントネット_2026年8月期第3四半期 決算補足説明資料.pdf"", ""2026年8月期第3四半期 決算補足説明資料"")",,,,,,,,,,,,,12,,,,,,,,,,,https://www.release.tdnet.info/inbs/140120260714592889.pdf
20260714,7847,グラファイトD,決算短信,"=HYPERLINK(""https://www.release.tdnet.info/inbs/140120260713591903.pdf"", ""2027年2月期 第1四半期決算短信〔日本基準〕(非連結)"")","=HYPERLINK(""pdf_tmp/20260714/7847_1500_グラファイトD_2027年2月期 第1四半期決算短信〔日本基準〕(非連結).pdf"", ""2027年2月期 第1四半期決算短信〔日本基準〕(非連結)"")",,,,,,,,,,,4,,,,,,,,,,,,,https://www.release.tdnet.info/inbs/140120260713591903.pdf
20260714,7888,三光合成,その他,"=HYPERLINK(""https://www.release.tdnet.info/inbs/140120260713592121.pdf"", ""個別決算における特別損失の計上に関するお知らせ"")","=HYPERLINK(""pdf_tmp/20260714/7888_1530_三光合成_個別決算における特別損失の計上に関するお知らせ.pdf"", ""個別決算における特別損失の計上に関するお知らせ"")",,,,,,,,,,,,,,,,,,,1,,,,,https://www.release.tdnet.info/inbs/140120260713592121.pdf
20260714,7894,丸東産,決算短信,"=HYPERLINK(""https://www.release.tdnet.info/inbs/140120260617572931.pdf"", ""2027年2月期 第1四半期決算短信〔日本基準〕(連結)"")","=HYPERLINK(""pdf_tmp/20260714/7894_1530_丸東産_2027年2月期 第1四半期決算短信〔日本基準〕(連結).pdf"", ""2027年2月期 第1四半期決算短信〔日本基準〕(連結)"")",,,4,,,,,,,,,,,,,,,,,,,,,https://www.release.tdnet.info/inbs/140120260617572931.pdf
20260714,8273,イズミ,決算短信,"=HYPERLINK(""https://www.release.tdnet.info/inbs/140120260713592221.pdf"", ""2027年2月期 第1四半期決算短信〔日本基準〕(連結)"")","=HYPERLINK(""pdf_tmp/20260714/8273_1530_イズミ_2027年2月期 第1四半期決算短信〔日本基準〕(連結).pdf"", ""2027年2月期 第1四半期決算短信〔日本基準〕(連結)"")",,,,,6,,,,,,,,,,,,,,,,,,,https://www.release.tdnet.info/inbs/140120260713592221.pdf
20260714,9444,トーシンHD,決算短信,"=HYPERLINK(""https://www.release.tdnet.info/inbs/140120260615571326.pdf"", ""(訂正・数値データ訂正)「2025年4月期 決算短信〔日本基準〕(連結)」の一部訂正について"")","=HYPERLINK(""pdf_tmp/20260714/9444_1400_トーシンHD_(訂正・数値データ訂正)「2025年4月期 決算短信〔日本基準〕(連結)」の一部訂正について.pdf"", ""(訂正・数値データ訂正)「2025年4月期 決算短信〔日本基準〕(連結)」の一部訂正について"")",,,,,,,,,,,,,,,,,,,16 23,,,,,https://www.release.tdnet.info/inbs/140120260615571326.pdf
20260714,9444,トーシンHD,決算短信,"=HYPERLINK(""https://www.release.tdnet.info/inbs/140120260616571419.pdf"", ""(訂正・数値データ訂正)「2026年4月期 第1四半期決算短信〔日本基準〕(連結)」の一部訂正について"")","=HYPERLINK(""pdf_tmp/20260714/9444_1400_トーシンHD_(訂正・数値データ訂正)「2026年4月期 第1四半期決算短信〔日本基準〕(連結)」の一部訂正について.pdf"", ""(訂正・数値データ訂正)「2026年4月期 第1四半期決算短信〔日本基準〕(連結)」の一部訂正について"")",,,,,,,,,,,,,,,,,,,10,,,,,https://www.release.tdnet.info/inbs/140120260616571419.pdf
20260714,9812,テーオーHD,決算短信,"=HYPERLINK(""https://www.release.tdnet.info/inbs/140120260714592724.pdf"", ""2026年5月期 決算短信〔日本基準〕(連結)"")","=HYPERLINK(""pdf_tmp/20260714/9812_1530_テーオーHD_2026年5月期 決算短信〔日本基準〕(連結).pdf"", ""2026年5月期 決算短信〔日本基準〕(連結)"")",,,,,,,,,,5,,,,,,,,,,,,,,https://www.release.tdnet.info/inbs/140120260714592724.pdf
20260714,9837,モリト,決算短信,"=HYPERLINK(""https://www.release.tdnet.info/inbs/140120260714592818.pdf"", ""2026年11月期第2四半期(中間期)決算短信〔日本基準〕(連結)"")","=HYPERLINK(""pdf_tmp/20260714/9837_1300_モリト_2026年11月期第2四半期(中間期)決算短信〔日本基準〕(連結).pdf"", ""2026年11月期第2四半期(中間期)決算短信〔日本基準〕(連結)"")",,,,,,,,,,,,,,,,,,,,16,,,,https://www.release.tdnet.info/inbs/140120260714592818.pdf
