日付,コード,会社名,分類,表題（リンク_TDnet）,表題（リンク_ローカル）,価格交渉,増産,価格改定,価格転嫁,値上,想定以上,上方修正,下方修正,想定以下,未達,大幅,計画を上,計画を下,計画以,需要回復,需要の回復,需要が増,需要が低,悪化,グローバルニッチトップ,トップシェア,シェア拡大,レアアース,URL（生）
20260514,2780,コメ兵HD,説明資料,"=HYPERLINK(""https://www.release.tdnet.info/inbs/140120260514533887.pdf"", ""2026年3月期 決算説明資料"")","=HYPERLINK(""pdf_tmp/20260514/2780_1540_コメ兵HD_2026年3月期 決算説明資料.pdf"", ""2026年3月期 決算説明資料"")",,,45,,,4,,,,4 12,3 4 12 14 16 23 25 27 28 39 40 45,26 39,,4 22,,10,,,,,,26 34 35 36 41 49 50 51,,https://www.release.tdnet.info/inbs/140120260514533887.pdf
20260514,3002,グンゼ,説明資料,"=HYPERLINK(""https://www.release.tdnet.info/inbs/140120260513530971.pdf"", ""2026年3月期(130期)決算説明資料"")","=HYPERLINK(""pdf_tmp/20260514/3002_1430_グンゼ_2026年3月期(130期)決算説明資料.pdf"", ""2026年3月期(130期)決算説明資料"")",,15,20 21 29,,17,,,,,,6 7 23,,,,18,,,,7 19,,18,18,,https://www.release.tdnet.info/inbs/140120260513530971.pdf
20260514,2938,オカムラ食品工業,説明資料,"=HYPERLINK(""https://www.release.tdnet.info/inbs/140120260513530371.pdf"", ""2026年6月期 第3四半期決算補足説明資料"")","=HYPERLINK(""pdf_tmp/20260514/2938_1400_オカムラ食品工業_2026年6月期 第3四半期決算補足説明資料.pdf"", ""2026年6月期 第3四半期決算補足説明資料"")",,27,,15 27,15,,,,,,11 14,5,5 6,,,,,,12 13,,,,,https://www.release.tdnet.info/inbs/140120260513530371.pdf
20260514,3923,ラクス,説明資料,"=HYPERLINK(""https://www.release.tdnet.info/inbs/140120260514532412.pdf"", ""2026年3月期通期決算説明資料"")","=HYPERLINK(""pdf_tmp/20260514/3923_1530_ラクス_2026年3月期通期決算説明資料.pdf"", ""2026年3月期通期決算説明資料"")",,,20 22 23 34 35,,,,,,,,4 6 8 13 24 26 47 63,,11,8 26,,,,,40,,64,38 62,,https://www.release.tdnet.info/inbs/140120260514532412.pdf
20260514,4041,日曹達,その他,"=HYPERLINK(""https://www.release.tdnet.info/inbs/140120260513531437.pdf"", ""中期経営計画 「かがくで、かがやく。 Stage 3」 (2026年度~2029年度)"")","=HYPERLINK(""pdf_tmp/20260514/4041_1530_日曹達_中期経営計画 「かがくで、かがやく。 Stage 3」 (2026年度~2029年度).pdf"", ""中期経営計画 「かがくで、かがやく。 Stage 3」 (2026年度~2029年度)"")",,4 5 6 8 11 13 14 15 17 18 19,,,,5,,,,4 5,5 16 25,,,,,,17 18,,27,,22,,,https://www.release.tdnet.info/inbs/140120260513531437.pdf
20260514,3538,ウイルプラスHD,説明資料,"=HYPERLINK(""https://www.release.tdnet.info/inbs/140120260514534401.pdf"", ""2026年6月期第3四半期 決算補足説明資料"")","=HYPERLINK(""pdf_tmp/20260514/3538_1630_ウイルプラスHD_2026年6月期第3四半期 決算補足説明資料.pdf"", ""2026年6月期第3四半期 決算補足説明資料"")",,,,7 23,,4,,4,,7,6 18 19 27,,,,,,,,4 5 6 7 13 18 21 25 27 63 64,,,,,https://www.release.tdnet.info/inbs/140120260514534401.pdf
20260514,5741,UACJ,その他,"=HYPERLINK(""https://www.release.tdnet.info/inbs/140120260514533695.pdf"", ""2025年度決算説明会資料"")","=HYPERLINK(""pdf_tmp/20260514/5741_1400_UACJ_2025年度決算説明会資料.pdf"", ""2025年度決算説明会資料"")",,22,3 4 6 9 20 37,20,,,3 26,,,,,,,,,22,,,,,,22,,https://www.release.tdnet.info/inbs/140120260514533695.pdf
20260514,6849,日本光電,決算短信,"=HYPERLINK(""https://www.release.tdnet.info/inbs/140120260512526355.pdf"", ""2026年3月期 決算短信〔日本基準〕(連結)"")","=HYPERLINK(""pdf_tmp/20260514/6849_1630_日本光電_2026年3月期 決算短信〔日本基準〕(連結).pdf"", ""2026年3月期 決算短信〔日本基準〕(連結)"")",,,,,,,,,,11,4 5 11,,11,,11,,,,8 11,,,10,,https://www.release.tdnet.info/inbs/140120260512526355.pdf
20260514,7048,G-ベルトラ,説明資料,"=HYPERLINK(""https://www.release.tdnet.info/inbs/140120260514532604.pdf"", ""2026年12月期 第1四半期 決算説明資料"")","=HYPERLINK(""pdf_tmp/20260514/7048_1531_G-ベルトラ_2026年12月期 第1四半期 決算説明資料.pdf"", ""2026年12月期 第1四半期 決算説明資料"")",,,,,,3,,,,5,3 4,6,3,,,,,,,,,11,,https://www.release.tdnet.info/inbs/140120260514532604.pdf
20260514,9344,G-アクシスC,説明資料,"=HYPERLINK(""https://www.release.tdnet.info/inbs/140120260513531621.pdf"", ""2026年6月期 第3四半期決算説明資料"")","=HYPERLINK(""pdf_tmp/20260514/9344_1600_G-アクシスC_2026年6月期 第3四半期決算説明資料.pdf"", ""2026年6月期 第3四半期決算説明資料"")",,,,,,,8,,,,7,6,,,26,,,,26,,42 48,,,https://www.release.tdnet.info/inbs/140120260513531621.pdf
20260514,3774,IIJ,説明資料,"=HYPERLINK(""https://www.release.tdnet.info/inbs/140120260512526335.pdf"", ""2026年3月期(FY25)連結業績説明資料"")","=HYPERLINK(""pdf_tmp/20260514/3774_1200_IIJ_2026年3月期(FY25)連結業績説明資料.pdf"", ""2026年3月期(FY25)連結業績説明資料"")",,,3 8 21,41,36,,,,,,3 4 9 14 36,,,,,,,,,,35 46,,,https://www.release.tdnet.info/inbs/140120260512526335.pdf
20260514,3963,シンクロ・フード,説明資料,"=HYPERLINK(""https://www.release.tdnet.info/inbs/140120260513529874.pdf"", ""2026年3月期通期決算説明資料"")","=HYPERLINK(""pdf_tmp/20260514/3963_1530_シンクロ・フード_2026年3月期通期決算説明資料.pdf"", ""2026年3月期通期決算説明資料"")",,,,,,,,37 38,,,3 5 6 12 23 25 33 34 38,6,,,,,,,48,,,40,,https://www.release.tdnet.info/inbs/140120260513529874.pdf
20260514,4114,日触媒,説明資料,"=HYPERLINK(""https://www.release.tdnet.info/inbs/140120260511522518.pdf"", ""2026年3月期 決算説明資料"")","=HYPERLINK(""pdf_tmp/20260514/4114_0800_日触媒_2026年3月期 決算説明資料.pdf"", ""2026年3月期 決算説明資料"")",,,,11 15,11,,,,,,,,,,12,,,,7 8,,,13,,https://www.release.tdnet.info/inbs/140120260511522518.pdf
20260514,4179,G-ジーネクスト,説明資料,"=HYPERLINK(""https://www.release.tdnet.info/inbs/140120260514533338.pdf"", ""2026年3月期通期決算説明資料"")","=HYPERLINK(""pdf_tmp/20260514/4179_1530_G-ジーネクスト_2026年3月期通期決算説明資料.pdf"", ""2026年3月期通期決算説明資料"")",,,32,,22 29,63,,,,10 14 34,4 10 11,,,,,,,,,,,,,https://www.release.tdnet.info/inbs/140120260514533338.pdf
20260514,5587,G-インバウンドPF,説明資料,"=HYPERLINK(""https://www.release.tdnet.info/inbs/140120260513531190.pdf"", ""2026年9月期第2四半期決算説明資料"")","=HYPERLINK(""pdf_tmp/20260514/5587_1530_G-インバウンドPF_2026年9月期第2四半期決算説明資料.pdf"", ""2026年9月期第2四半期決算説明資料"")",,,,,20,,,,,,7 19 21 23,,,,34,,,,4 28,,,36,,https://www.release.tdnet.info/inbs/140120260513531190.pdf
20260514,5707,東邦鉛,説明資料,"=HYPERLINK(""https://www.release.tdnet.info/inbs/140120260513531110.pdf"", ""2026年3月期(FY2025)決算説明資料"")","=HYPERLINK(""pdf_tmp/20260514/5707_1530_東邦鉛_2026年3月期(FY2025)決算説明資料.pdf"", ""2026年3月期(FY2025)決算説明資料"")",,36,,,7,,6,,,,7,,,,,,,,11 13 32 36,,,,,https://www.release.tdnet.info/inbs/140120260513531110.pdf
20260514,5805,SWCC,決算短信,"=HYPERLINK(""https://www.release.tdnet.info/inbs/140120260514532366.pdf"", ""2026年3月期決算短信〔日本基準〕(連結)"")","=HYPERLINK(""pdf_tmp/20260514/5805_1400_SWCC_2026年3月期決算短信〔日本基準〕(連結).pdf"", ""2026年3月期決算短信〔日本基準〕(連結)"")",,4 5,4,14,,,,,,,4 8 10 13 14,,,,,,,,14,,,,,https://www.release.tdnet.info/inbs/140120260514532366.pdf
20260514,5805,SWCC,説明資料,"=HYPERLINK(""https://www.release.tdnet.info/inbs/140120260514532565.pdf"", ""2026年3月期決算補足説明資料"")","=HYPERLINK(""pdf_tmp/20260514/5805_1400_SWCC_2026年3月期決算補足説明資料.pdf"", ""2026年3月期決算補足説明資料"")",,8 18,,6 16 20,,,,,,9,4,,,,,,,,,,,18,,https://www.release.tdnet.info/inbs/140120260514532565.pdf
20260514,5845,全保連,説明資料,"=HYPERLINK(""https://www.release.tdnet.info/inbs/140120260511523507.pdf"", ""2026年3月期 決算説明資料"")","=HYPERLINK(""pdf_tmp/20260514/5845_1530_全保連_2026年3月期 決算説明資料.pdf"", ""2026年3月期 決算説明資料"")",,,,,,,2 10,,,12,4 5 19 28,12,,,,,,,,,,13,,https://www.release.tdnet.info/inbs/140120260511523507.pdf
20260514,6016,ジャパンエンジン,事業計画,"=HYPERLINK(""https://www.release.tdnet.info/inbs/140120260513531585.pdf"", ""第2次 中期事業計画(2025年度~2027年度)<進捗状況のご報告/2026年5月>"")","=HYPERLINK(""pdf_tmp/20260514/6016_1530_ジャパンエンジン_第2次 中期事業計画(2025年度~2027年度)_進捗状況のご報告_2026年5月_.pdf"", ""第2次 中期事業計画(2025年度~2027年度)<進捗状況のご報告/2026年5月>"")",,30 34,,13,,,4 7 12,,,22,4 12,,,,,,,,,,,,,https://www.release.tdnet.info/inbs/140120260513531585.pdf
20260514,6330,洋エンジ,その他,"=HYPERLINK(""https://www.release.tdnet.info/inbs/140120260513529623.pdf"", ""2026年3月期本決算 (FY2025) 経営概況"")","=HYPERLINK(""pdf_tmp/20260514/6330_1145_洋エンジ_2026年3月期本決算 (FY2025) 経営概況.pdf"", ""2026年3月期本決算 (FY2025) 経営概況"")",,38,,,,,,,,18,7 37 39,,,,,,,,4 35,,,,21,https://www.release.tdnet.info/inbs/140120260513529623.pdf
20260514,6370,栗田工,決算短信,"=HYPERLINK(""https://www.release.tdnet.info/inbs/140120260513530486.pdf"", ""2026年3月期 決算短信〔IFRS〕(連結)"")","=HYPERLINK(""pdf_tmp/20260514/6370_1530_栗田工_2026年3月期 決算短信〔IFRS〕(連結).pdf"", ""2026年3月期 決算短信〔IFRS〕(連結)"")",,,,10,,,,31,,,7,,31,,,,,,5 10,,,,,https://www.release.tdnet.info/inbs/140120260513530486.pdf
20260514,7046,G-TDSE,事業計画,"=HYPERLINK(""https://www.release.tdnet.info/inbs/140120260512526701.pdf"", ""事業計画及び成長可能性に関する事項"")","=HYPERLINK(""pdf_tmp/20260514/7046_1530_G-TDSE_事業計画及び成長可能性に関する事項.pdf"", ""事業計画及び成長可能性に関する事項"")",,,,,,,,27,,43,29 31 45 54 55 56 67 68,27,,34 43,,,,,,,,,,https://www.release.tdnet.info/inbs/140120260512526701.pdf
20260514,7271,安永,その他,"=HYPERLINK(""https://www.release.tdnet.info/inbs/140120260514534711.pdf"", ""第8次中期経営計画(2026年度~2028年度)について"")","=HYPERLINK(""pdf_tmp/20260514/7271_1700_安永_第8次中期経営計画(2026年度~2028年度)について.pdf"", ""第8次中期経営計画(2026年度~2028年度)について"")",,26,,,,,,,,18,5 16,,,,,,,,,,37 40,1 22 25 26,,https://www.release.tdnet.info/inbs/140120260514534711.pdf
20260514,7409,G-AeroEdge,その他,"=HYPERLINK(""https://www.release.tdnet.info/inbs/140120260513529845.pdf"", ""2026年6月期 第3四半期 決算補足資料"")","=HYPERLINK(""pdf_tmp/20260514/7409_1130_G-AeroEdge_2026年6月期 第3四半期 決算補足資料.pdf"", ""2026年6月期 第3四半期 決算補足資料"")",,3 5 8 17 27,,,,31,25 26 28 29,,,,14 25,,,,,,,,,,,3 5 19 20 22,,https://www.release.tdnet.info/inbs/140120260513529845.pdf
20260514,9024,西武ホールディングス,資本コストや株価,"=HYPERLINK(""https://www.release.tdnet.info/inbs/140120260513531256.pdf"", ""「西武グループ中期経営計画(2024~2026年度)」および資本コストや株価を意識した経営の進捗について"")","=HYPERLINK(""pdf_tmp/20260514/9024_1400_西武ホールディングス_「西武グループ中期経営計画(2024~2026年度)」および資本コストや株価を意識した経営の進捗について.pdf"", ""「西武グループ中期経営計画(2024~2026年度)」および資本コストや株価を意識した経営の進捗について"")",,,,,6 7,,11 48,,,,8,,,24 35,,,,,18,,,,,https://www.release.tdnet.info/inbs/140120260513531256.pdf
20260514,141A,G-トライアル,説明資料,"=HYPERLINK(""https://www.release.tdnet.info/inbs/140120260510521124.pdf"", ""2026年6月期 第3四半期決算説明資料"")","=HYPERLINK(""pdf_tmp/20260514/141A_1530_G-トライアル_2026年6月期 第3四半期決算説明資料.pdf"", ""2026年6月期 第3四半期決算説明資料"")",,,,,,,4 33 34 35,,,,4 5 7 9 12 14 20 21 28 29 35,4 16 35,8 13,,,,,,,,,,,https://www.release.tdnet.info/inbs/140120260510521124.pdf
20260514,1815,鉄建建設,その他,"=HYPERLINK(""https://www.release.tdnet.info/inbs/140120260513530765.pdf"", ""中期経営計画2028のアップデート(数値目標の上方修正および配当方針の変更)に関するお知らせ"")","=HYPERLINK(""pdf_tmp/20260514/1815_1400_鉄建建設_中期経営計画2028のアップデート(数値目標の上方修正および配当方針の変更)に関するお知らせ.pdf"", ""中期経営計画2028のアップデート(数値目標の上方修正および配当方針の変更)に関するお知らせ"")",,,,,,,1,,,,38,10,,,,,,,,,,21,,https://www.release.tdnet.info/inbs/140120260513530765.pdf
20260514,2181,パーソルHD,その他,"=HYPERLINK(""https://www.release.tdnet.info/inbs/140120260514533850.pdf"", ""「中期経営計画FY2028」の策定に関するお知らせ"")","=HYPERLINK(""pdf_tmp/20260514/2181_1530_パーソルHD_「中期経営計画FY2028」の策定に関するお知らせ.pdf"", ""「中期経営計画FY2028」の策定に関するお知らせ"")",,,,,,,,,,5 6 36,11 32,,,,,,32 33,,,,,15 17 31,,https://www.release.tdnet.info/inbs/140120260514533850.pdf
20260514,2291,福留ハム,決算短信,"=HYPERLINK(""https://www.release.tdnet.info/inbs/140120260513531510.pdf"", ""2026年3月期決算短信〔日本基準〕(連結)"")","=HYPERLINK(""pdf_tmp/20260514/2291_1600_福留ハム_2026年3月期決算短信〔日本基準〕(連結).pdf"", ""2026年3月期決算短信〔日本基準〕(連結)"")",,6,6,,,4,,,,,,,,6,,,,,,,,,,https://www.release.tdnet.info/inbs/140120260513531510.pdf
20260514,2311,エプコ,説明資料,"=HYPERLINK(""https://www.release.tdnet.info/inbs/140120260514532150.pdf"", ""2026年12月期第1四半期決算説明資料"")","=HYPERLINK(""pdf_tmp/20260514/2311_1530_エプコ_2026年12月期第1四半期決算説明資料.pdf"", ""2026年12月期第1四半期決算説明資料"")",,,2 5 33,,,,,,,,2 4 5 6 7,10,10,,,,,,,,,,,https://www.release.tdnet.info/inbs/140120260514532150.pdf
20260514,259A,ケイ・ウノ,説明資料,"=HYPERLINK(""https://www.release.tdnet.info/inbs/140120260513529536.pdf"", ""2026年9月期第2四半期 決算説明資料(スクリプト付き)"")","=HYPERLINK(""pdf_tmp/20260514/259A_1530_ケイ・ウノ_2026年9月期第2四半期 決算説明資料(スクリプト付き).pdf"", ""2026年9月期第2四半期 決算説明資料(スクリプト付き)"")",,,7 18 19 21,,,,18,,,,11,,,,,,,,19,,,,,https://www.release.tdnet.info/inbs/140120260513529536.pdf
20260514,259A,ケイ・ウノ,説明資料,"=HYPERLINK(""https://www.release.tdnet.info/inbs/140120260513529532.pdf"", ""2026年9月期第2四半期 決算説明資料"")","=HYPERLINK(""pdf_tmp/20260514/259A_1530_ケイ・ウノ_2026年9月期第2四半期 決算説明資料.pdf"", ""2026年9月期第2四半期 決算説明資料"")",,,7 18 19 21,,,,18,,,,11,,,,,,,,19,,,,,https://www.release.tdnet.info/inbs/140120260513529532.pdf
20260514,2982,ADワークスグループ,説明資料,"=HYPERLINK(""https://www.release.tdnet.info/inbs/140120260514533011.pdf"", ""2026年12月期 第1四半期 決算説明資料"")","=HYPERLINK(""pdf_tmp/20260514/2982_1500_ADワークスグループ_2026年12月期 第1四半期 決算説明資料.pdf"", ""2026年12月期 第1四半期 決算説明資料"")",,,,,,,,,,,36 38 39 52,31,,,,34 40,,,,,,35 48,,https://www.release.tdnet.info/inbs/140120260514533011.pdf
20260514,3004,神栄,決算短信,"=HYPERLINK(""https://www.release.tdnet.info/inbs/140120260513528088.pdf"", ""2026年3月期 決算短信〔日本基準〕(連結)"")","=HYPERLINK(""pdf_tmp/20260514/3004_1200_神栄_2026年3月期 決算短信〔日本基準〕(連結).pdf"", ""2026年3月期 決算短信〔日本基準〕(連結)"")",,,,4,,,,,,,5,,,,,6,,,4,,,,,https://www.release.tdnet.info/inbs/140120260513528088.pdf
20260514,3004,神栄,説明資料,"=HYPERLINK(""https://www.release.tdnet.info/inbs/140120260513528183.pdf"", ""2026年3月期決算説明資料"")","=HYPERLINK(""pdf_tmp/20260514/3004_1200_神栄_2026年3月期決算説明資料.pdf"", ""2026年3月期決算説明資料"")",,,,,,,,,,,8 28,,,,,,,,6,40,38 40,,,https://www.release.tdnet.info/inbs/140120260513528183.pdf
20260514,3224,G-Gオイスター,決算短信,"=HYPERLINK(""https://www.release.tdnet.info/inbs/140120260514534077.pdf"", ""2026年3月期決算短信〔日本基準〕(連結)"")","=HYPERLINK(""pdf_tmp/20260514/3224_1530_G-Gオイスター_2026年3月期決算短信〔日本基準〕(連結).pdf"", ""2026年3月期決算短信〔日本基準〕(連結)"")",15,,,,4,,,,,,4 5,,,,,,,,4,,,,,https://www.release.tdnet.info/inbs/140120260514534077.pdf
20260514,3306,日製麻,決算短信,"=HYPERLINK(""https://www.release.tdnet.info/inbs/140120260513528414.pdf"", ""2026年3月期 決算短信 〔日本基準〕 (非連結)"")","=HYPERLINK(""pdf_tmp/20260514/3306_1600_日製麻_2026年3月期 決算短信 〔日本基準〕 (非連結).pdf"", ""2026年3月期 決算短信 〔日本基準〕 (非連結)"")",,,,4,4,,,,,,,,,,,4,,,,,,,4,https://www.release.tdnet.info/inbs/140120260513528414.pdf
20260514,3465,ケイアイスター不動産,説明資料,"=HYPERLINK(""https://www.release.tdnet.info/inbs/140120260514532599.pdf"", ""2026年3月期 決算説明資料"")","=HYPERLINK(""pdf_tmp/20260514/3465_1530_ケイアイスター不動産_2026年3月期 決算説明資料.pdf"", ""2026年3月期 決算説明資料"")",,,,,,,7 8 35,,,,9,,,,,,,,11,,,10 21 22,,https://www.release.tdnet.info/inbs/140120260514532599.pdf
20260514,3937,Ubicom,説明資料,"=HYPERLINK(""https://www.release.tdnet.info/inbs/140120260514533180.pdf"", ""2026年3月期 決算説明資料"")","=HYPERLINK(""pdf_tmp/20260514/3937_1600_Ubicom_2026年3月期 決算説明資料.pdf"", ""2026年3月期 決算説明資料"")",,,31,,,,,,,24,4 12 13 14 17 18 34,,,,,,,,30,,,,,https://www.release.tdnet.info/inbs/140120260514533180.pdf
20260514,3940,ノムラシステム,説明資料,"=HYPERLINK(""https://www.release.tdnet.info/inbs/140120260509521088.pdf"", ""2026年12月期 第1四半期決算説明資料"")","=HYPERLINK(""pdf_tmp/20260514/3940_1430_ノムラシステム_2026年12月期 第1四半期決算説明資料.pdf"", ""2026年12月期 第1四半期決算説明資料"")",,,,,,,,,,24,31,,,,,,,,22 32,,7,,,https://www.release.tdnet.info/inbs/140120260509521088.pdf
20260514,3941,レンゴー,決算短信,"=HYPERLINK(""https://www.release.tdnet.info/inbs/140120260514532868.pdf"", ""2026年3月期決算短信〔日本基準〕(連結)"")","=HYPERLINK(""pdf_tmp/20260514/3941_1300_レンゴー_2026年3月期決算短信〔日本基準〕(連結).pdf"", ""2026年3月期決算短信〔日本基準〕(連結)"")",,,4 6 8,,,,,,,,18,,18,,,,,,5 18,,,,,https://www.release.tdnet.info/inbs/140120260514532868.pdf
20260514,4082,稀元素,決算短信,"=HYPERLINK(""https://www.release.tdnet.info/inbs/140120260513528057.pdf"", ""2026年3月期 決算短信〔日本基準〕(連結)"")","=HYPERLINK(""pdf_tmp/20260514/4082_1530_稀元素_2026年3月期 決算短信〔日本基準〕(連結).pdf"", ""2026年3月期 決算短信〔日本基準〕(連結)"")",,,,,,,,,,,,,,,,5,,6,,,,6,4,https://www.release.tdnet.info/inbs/140120260513528057.pdf
20260514,4118,カネカ,決算短信,"=HYPERLINK(""https://www.release.tdnet.info/inbs/140120260513528864.pdf"", ""2026年度3月期 決算短信〔日本基準〕(連結)"")","=HYPERLINK(""pdf_tmp/20260514/4118_1600_カネカ_2026年度3月期 決算短信〔日本基準〕(連結).pdf"", ""2026年度3月期 決算短信〔日本基準〕(連結)"")",,,5 6,,,6,,,,,7,,,,,,,5,,,,,,https://www.release.tdnet.info/inbs/140120260513528864.pdf
20260514,4381,G-ビープラッツ,事業計画,"=HYPERLINK(""https://www.release.tdnet.info/inbs/140120260514532603.pdf"", ""事業計画及び成長可能性に関する事項"")","=HYPERLINK(""pdf_tmp/20260514/4381_1600_G-ビープラッツ_事業計画及び成長可能性に関する事項.pdf"", ""事業計画及び成長可能性に関する事項"")",,,15,,42 54,,,,,,14 17 33 35 37 42 43 44 46 54,,,,,,,,15,,,,,https://www.release.tdnet.info/inbs/140120260514532603.pdf
20260514,4406,新日本理化,決算短信,"=HYPERLINK(""https://www.release.tdnet.info/inbs/140120260513531043.pdf"", ""2026年3月期 決算短信〔日本基準〕(連結)"")","=HYPERLINK(""pdf_tmp/20260514/4406_1540_新日本理化_2026年3月期 決算短信〔日本基準〕(連結).pdf"", ""2026年3月期 決算短信〔日本基準〕(連結)"")",,,4,,,,,,,,,,,,,,,4,4,5,,,,https://www.release.tdnet.info/inbs/140120260513531043.pdf
20260514,4425,G-Kudan,その他,"=HYPERLINK(""https://www.release.tdnet.info/inbs/140120260510521113.pdf"", ""2026年3月期 通期決算説明動画及び決算説明スクリプトのオンライン配信のご案内"")","=HYPERLINK(""pdf_tmp/20260514/4425_1530_G-Kudan_2026年3月期 通期決算説明動画及び決算説明スクリプトのオンライン配信のご案内.pdf"", ""2026年3月期 通期決算説明動画及び決算説明スクリプトのオンライン配信のご案内"")",,,,,,,4 5,,,,5,,,12,,,,,12,,,,,https://www.release.tdnet.info/inbs/140120260510521113.pdf
20260514,4464,ソフト99,決算短信,"=HYPERLINK(""https://www.release.tdnet.info/inbs/140120260512526845.pdf"", ""2026年3月期 決算短信〔日本基準〕(連結)"")","=HYPERLINK(""pdf_tmp/20260514/4464_1530_ソフト99_2026年3月期 決算短信〔日本基準〕(連結).pdf"", ""2026年3月期 決算短信〔日本基準〕(連結)"")",,,4,,4 5,10,,,,,,,,,,,,,5 9,,,,,https://www.release.tdnet.info/inbs/140120260512526845.pdf
20260514,4496,G-コマースワン,説明資料,"=HYPERLINK(""https://www.release.tdnet.info/inbs/140120260514533811.pdf"", ""2026年3月期 第4四半期決算説明資料"")","=HYPERLINK(""pdf_tmp/20260514/4496_1600_G-コマースワン_2026年3月期 第4四半期決算説明資料.pdf"", ""2026年3月期 第4四半期決算説明資料"")",53,,4,,,,,,,34 35 36 37,21,,,,,,,,,,,,,https://www.release.tdnet.info/inbs/140120260514533811.pdf
20260514,4553,東和薬品,説明資料,"=HYPERLINK(""https://www.release.tdnet.info/inbs/140120260513530389.pdf"", ""2026年3月期 決算補足説明資料"")","=HYPERLINK(""pdf_tmp/20260514/4553_1530_東和薬品_2026年3月期 決算補足説明資料.pdf"", ""2026年3月期 決算補足説明資料"")",,16 24 25,,,,,,,,7 8 9 10,9 14,,,,,,,,7 9 10 23 25,,,,,https://www.release.tdnet.info/inbs/140120260513530389.pdf
20260514,4811,G-ドリーム・アーツ,説明資料,"=HYPERLINK(""https://www.release.tdnet.info/inbs/140120260514533046.pdf"", ""2026年12月期 第1四半期決算説明資料"")","=HYPERLINK(""pdf_tmp/20260514/4811_1530_G-ドリーム・アーツ_2026年12月期 第1四半期決算説明資料.pdf"", ""2026年12月期 第1四半期決算説明資料"")",,,,,,,,,,,12 22 30 39 40 78 83 89,5,,,,,,,,,19,26,,https://www.release.tdnet.info/inbs/140120260514533046.pdf
20260514,4820,EMシステムズ,説明資料,"=HYPERLINK(""https://www.release.tdnet.info/inbs/140120260514533275.pdf"", ""2026年12月期 第1四半期決算説明資料"")","=HYPERLINK(""pdf_tmp/20260514/4820_1600_EMシステムズ_2026年12月期 第1四半期決算説明資料.pdf"", ""2026年12月期 第1四半期決算説明資料"")",,,,,,,,4,,,7,,,4,,,,,,,,29 37,,https://www.release.tdnet.info/inbs/140120260514533275.pdf
20260514,4902,コニカミノルタ,決算短信,"=HYPERLINK(""https://www.release.tdnet.info/inbs/140120260513529514.pdf"", ""2026年3月期 決算短信〔IFRS〕(連結)"")","=HYPERLINK(""pdf_tmp/20260514/4902_1530_コニカミノルタ_2026年3月期 決算短信〔IFRS〕(連結).pdf"", ""2026年3月期 決算短信〔IFRS〕(連結)"")",,,,,,,,,,10,5,,,,,,,,5 10,,10,,,https://www.release.tdnet.info/inbs/140120260513529514.pdf
20260514,5161,西川ゴム,その他,"=HYPERLINK(""https://www.release.tdnet.info/inbs/140120260514534119.pdf"", ""2026年3月期 決算説明補足資料"")","=HYPERLINK(""pdf_tmp/20260514/5161_1630_西川ゴム_2026年3月期 決算説明補足資料.pdf"", ""2026年3月期 決算説明補足資料"")",,5 7 10,9,18,,,,,,,4 8 10,,,,,,,,,,,,,https://www.release.tdnet.info/inbs/140120260514534119.pdf
20260514,5290,ベルテクス,説明資料,"=HYPERLINK(""https://www.release.tdnet.info/inbs/140120260514532491.pdf"", ""2026年3月期 通期決算補足説明資料"")","=HYPERLINK(""pdf_tmp/20260514/5290_1530_ベルテクス_2026年3月期 通期決算補足説明資料.pdf"", ""2026年3月期 通期決算補足説明資料"")",,,4 6,,,,13,,,,4,13,,,,,,,,,,,,https://www.release.tdnet.info/inbs/140120260514532491.pdf
20260514,5491,日本金属,決算短信,"=HYPERLINK(""https://www.release.tdnet.info/inbs/140120260513530833.pdf"", ""2026年3月期 決算短信〔日本基準〕(連結)"")","=HYPERLINK(""pdf_tmp/20260514/5491_1300_日本金属_2026年3月期 決算短信〔日本基準〕(連結).pdf"", ""2026年3月期 決算短信〔日本基準〕(連結)"")",,,4,4,,,,,,,,,,,,,4,4,,,,,,https://www.release.tdnet.info/inbs/140120260513530833.pdf
20260514,5590,G-ネットスターズ,説明資料,"=HYPERLINK(""https://www.release.tdnet.info/inbs/140120260514534370.pdf"", ""2026年12月期 第1四半期決算説明資料"")","=HYPERLINK(""pdf_tmp/20260514/5590_1530_G-ネットスターズ_2026年12月期 第1四半期決算説明資料.pdf"", ""2026年12月期 第1四半期決算説明資料"")",,,,,,,,,,18,18 22 29 51,2 17,19,,,,,,,,,,,https://www.release.tdnet.info/inbs/140120260514534370.pdf
20260514,5714,DOWA,その他,"=HYPERLINK(""https://www.release.tdnet.info/inbs/140120260512527472.pdf"", ""2025年度 決算補足資料"")","=HYPERLINK(""pdf_tmp/20260514/5714_1530_DOWA_2025年度 決算補足資料.pdf"", ""2025年度 決算補足資料"")",,3 13,14,,14,,,,,,,,,,,,,,3 5 7 13,,,,,https://www.release.tdnet.info/inbs/140120260512527472.pdf
20260514,5726,大阪チタ,その他,"=HYPERLINK(""https://www.release.tdnet.info/inbs/140120260513531449.pdf"", ""中期経営計画「OTC 2030」策定に関するお知らせ"")","=HYPERLINK(""pdf_tmp/20260514/5726_1600_大阪チタ_中期経営計画「OTC 2030」策定に関するお知らせ.pdf"", ""中期経営計画「OTC 2030」策定に関するお知らせ"")",,9 11 17 19 21,,10,,,,,,,,,,,,6,,,,,,10 21,,https://www.release.tdnet.info/inbs/140120260513531449.pdf
20260514,5929,三和HD,説明資料,"=HYPERLINK(""https://www.release.tdnet.info/inbs/140120260513529427.pdf"", ""2026年3月期決算説明資料"")","=HYPERLINK(""pdf_tmp/20260514/5929_1130_三和HD_2026年3月期決算説明資料.pdf"", ""2026年3月期決算説明資料"")",,,,,,10,,,,2,5,,,,,,,,10,,,,,https://www.release.tdnet.info/inbs/140120260513529427.pdf
20260514,5940,不二サッシ,説明資料,"=HYPERLINK(""https://www.release.tdnet.info/inbs/140120260514532442.pdf"", ""2025年度 不二サッシグループ 決算説明資料"")","=HYPERLINK(""pdf_tmp/20260514/5940_1400_不二サッシ_2025年度 不二サッシグループ 決算説明資料.pdf"", ""2025年度 不二サッシグループ 決算説明資料"")",,,12,5,,,,,,,,17,,,,,,,9,,,,,https://www.release.tdnet.info/inbs/140120260514532442.pdf
20260514,6078,バリューHR,説明資料,"=HYPERLINK(""https://www.release.tdnet.info/inbs/140120260514534559.pdf"", ""2026年12月期第1四半期決算説明資料"")","=HYPERLINK(""pdf_tmp/20260514/6078_1630_バリューHR_2026年12月期第1四半期決算説明資料.pdf"", ""2026年12月期第1四半期決算説明資料"")",,,22 24,,,,,,,,19 48,,,,,,25,,,,,27,,https://www.release.tdnet.info/inbs/140120260514534559.pdf
20260514,6157,日進工具,決算短信,"=HYPERLINK(""https://www.release.tdnet.info/inbs/140120260514532173.pdf"", ""2026年3月期 決算短信〔日本基準〕(連結)"")","=HYPERLINK(""pdf_tmp/20260514/6157_1600_日進工具_2026年3月期 決算短信〔日本基準〕(連結).pdf"", ""2026年3月期 決算短信〔日本基準〕(連結)"")",,4,,,,,,,,7,5,,,,,,,,23,,,,,https://www.release.tdnet.info/inbs/140120260514532173.pdf
20260514,6560,LTS,説明資料,"=HYPERLINK(""https://www.release.tdnet.info/inbs/140120260511522178.pdf"", ""2026年12月期 第1四半期決算説明資料"")","=HYPERLINK(""pdf_tmp/20260514/6560_1530_LTS_2026年12月期 第1四半期決算説明資料.pdf"", ""2026年12月期 第1四半期決算説明資料"")",,,,,26,,,,,14 60,26 55,,,,,,,,,,,30,,https://www.release.tdnet.info/inbs/140120260511522178.pdf
20260514,6952,カシオ計,その他,"=HYPERLINK(""https://www.release.tdnet.info/inbs/140120260513530969.pdf"", ""2026年3月期 決算概要 及び 新中期経営計画"")","=HYPERLINK(""pdf_tmp/20260514/6952_1530_カシオ計_2026年3月期 決算概要 及び 新中期経営計画.pdf"", ""2026年3月期 決算概要 及び 新中期経営計画"")",,7,,15,,7,,,,,,,,,,,,,,,,17 26 27,,https://www.release.tdnet.info/inbs/140120260513530969.pdf
20260514,7129,ミアヘルサHD,説明資料,"=HYPERLINK(""https://www.release.tdnet.info/inbs/140120260514533084.pdf"", ""2026年3月期決算補足説明資料"")","=HYPERLINK(""pdf_tmp/20260514/7129_1700_ミアヘルサHD_2026年3月期決算補足説明資料.pdf"", ""2026年3月期決算補足説明資料"")",,,8,,,,13 14,,,,16,,,,,,,,4,,,,,https://www.release.tdnet.info/inbs/140120260514533084.pdf
20260514,7235,東ラヂエタ,その他,"=HYPERLINK(""https://www.release.tdnet.info/inbs/140120260514532659.pdf"", ""中期経営計画(2026年度-2030年度)の策定に関するお知らせ"")","=HYPERLINK(""pdf_tmp/20260514/7235_1600_東ラヂエタ_中期経営計画(2026年度-2030年度)の策定に関するお知らせ.pdf"", ""中期経営計画(2026年度-2030年度)の策定に関するお知らせ"")",,,,,,7,,,,7 22,,,,,,,,,,,15,16,,https://www.release.tdnet.info/inbs/140120260514532659.pdf
20260514,7685,G-BUYSELL,説明資料,"=HYPERLINK(""https://www.release.tdnet.info/inbs/140120260514533540.pdf"", ""2026年12月期 第1四半期決算説明資料"")","=HYPERLINK(""pdf_tmp/20260514/7685_1530_G-BUYSELL_2026年12月期 第1四半期決算説明資料.pdf"", ""2026年12月期 第1四半期決算説明資料"")",,,,,71,,5 13 20 21,,,,4 12 13 15 20,,,,,,,,,,,47,,https://www.release.tdnet.info/inbs/140120260514533540.pdf
20260514,7871,フクビ化学工業,決算短信,"=HYPERLINK(""https://www.release.tdnet.info/inbs/140120260514533075.pdf"", ""2026年3月期 決算短信〔日本基準〕(連結)"")","=HYPERLINK(""pdf_tmp/20260514/7871_1600_フクビ化学工業_2026年3月期 決算短信〔日本基準〕(連結).pdf"", ""2026年3月期 決算短信〔日本基準〕(連結)"")",,6 8,,8,,,,,,,6,,,,,,,,8 9,,,,,https://www.release.tdnet.info/inbs/140120260514533075.pdf
20260514,7875,竹田iP,決算短信,"=HYPERLINK(""https://www.release.tdnet.info/inbs/140120260514532396.pdf"", ""2026年3月期 決算短信〔日本基準〕(連結)"")","=HYPERLINK(""pdf_tmp/20260514/7875_1340_竹田iP_2026年3月期 決算短信〔日本基準〕(連結).pdf"", ""2026年3月期 決算短信〔日本基準〕(連結)"")",,,,,4,,4,,,,,,,,,4,,,,,,5,,https://www.release.tdnet.info/inbs/140120260514532396.pdf
20260514,7988,ニフコ,決算短信,"=HYPERLINK(""https://www.release.tdnet.info/inbs/140120260514533014.pdf"", ""2026年3月期  決算短信〔日本基準〕(連結)"")","=HYPERLINK(""pdf_tmp/20260514/7988_1300_ニフコ_2026年3月期 決算短信〔日本基準〕(連結).pdf"", ""2026年3月期  決算短信〔日本基準〕(連結)"")",,,,4,,,,,,,4 5,4,,,,,,,,,,,4,https://www.release.tdnet.info/inbs/140120260514533014.pdf
20260514,8093,極東貿易,決算短信,"=HYPERLINK(""https://www.release.tdnet.info/inbs/140120260512526799.pdf"", ""2026年3月期決算短信〔日本基準〕(連結)"")","=HYPERLINK(""pdf_tmp/20260514/8093_1530_極東貿易_2026年3月期決算短信〔日本基準〕(連結).pdf"", ""2026年3月期決算短信〔日本基準〕(連結)"")",,,5,,,21,,,,,4 5,,,,,,,5,,,,,,https://www.release.tdnet.info/inbs/140120260512526799.pdf
20260514,8869,明和地所,説明資料,"=HYPERLINK(""https://www.release.tdnet.info/inbs/140120260514533206.pdf"", ""2026年3月期 決算説明資料"")","=HYPERLINK(""pdf_tmp/20260514/8869_1530_明和地所_2026年3月期 決算説明資料.pdf"", ""2026年3月期 決算説明資料"")",,,,,,,3 7,,,,51 57,28 31,,,,,,,4,,,,,https://www.release.tdnet.info/inbs/140120260514533206.pdf
20260514,9366,サンリツ,その他,"=HYPERLINK(""https://www.release.tdnet.info/inbs/140120260514532100.pdf"", ""中期経営計画の策定について"")","=HYPERLINK(""pdf_tmp/20260514/9366_1600_サンリツ_中期経営計画の策定について.pdf"", ""中期経営計画の策定について"")",,,,15,5,,,,,5 6,7,,,,,,,,,,,,,https://www.release.tdnet.info/inbs/140120260514532100.pdf
20260514,9658,ビジ太田昭和,説明資料,"=HYPERLINK(""https://www.release.tdnet.info/inbs/140120260514534718.pdf"", ""2026年3月期決算説明資料"")","=HYPERLINK(""pdf_tmp/20260514/9658_1600_ビジ太田昭和_2026年3月期決算説明資料.pdf"", ""2026年3月期決算説明資料"")",,,,,,,,,,5 7,10 11 14 27,7,,,,,,,41 56,,,,,https://www.release.tdnet.info/inbs/140120260514534718.pdf
20260514,9885,シャルレ,決算短信,"=HYPERLINK(""https://www.release.tdnet.info/inbs/140120260512526666.pdf"", ""2026年3月期 決算短信[日本基準](連結)"")","=HYPERLINK(""pdf_tmp/20260514/9885_1530_シャルレ_2026年3月期 決算短信[日本基準](連結).pdf"", ""2026年3月期 決算短信[日本基準](連結)"")",,,2 4,,,,,,,,4,,2 5,,,,,,,,,5,,https://www.release.tdnet.info/inbs/140120260512526666.pdf
20260514,1446,キャンディル,説明資料,"=HYPERLINK(""https://www.release.tdnet.info/inbs/140120260513531626.pdf"", ""2026年9月期 第2四半期 決算補足説明資料"")","=HYPERLINK(""pdf_tmp/20260514/1446_1530_キャンディル_2026年9月期 第2四半期 決算補足説明資料.pdf"", ""2026年9月期 第2四半期 決算補足説明資料"")",,,,,4 8 10 17 18 24,,,,,,4,,,,,,11,,,,,,,https://www.release.tdnet.info/inbs/140120260513531626.pdf
20260514,148A,G-ハッチ・ワーク,説明資料,"=HYPERLINK(""https://www.release.tdnet.info/inbs/140120260514533394.pdf"", ""2026年12月期 第1四半期決算説明資料"")","=HYPERLINK(""pdf_tmp/20260514/148A_1530_G-ハッチ・ワーク_2026年12月期 第1四半期決算説明資料.pdf"", ""2026年12月期 第1四半期決算説明資料"")",,,28,,25,,,,,,,,,,,,,34,,,,,,https://www.release.tdnet.info/inbs/140120260514533394.pdf
20260514,1961,三機工,説明資料,"=HYPERLINK(""https://www.release.tdnet.info/inbs/140120260513530488.pdf"", ""2025年度 決算説明資料"")","=HYPERLINK(""pdf_tmp/20260514/1961_1400_三機工_2025年度 決算説明資料.pdf"", ""2025年度 決算説明資料"")",,25,,,,,,,,,7 9 28,,,,,,,,10 21,,,,,https://www.release.tdnet.info/inbs/140120260513530488.pdf
20260514,1963,日揮HD,決算短信,"=HYPERLINK(""https://www.release.tdnet.info/inbs/140120260513530470.pdf"", ""2026年3月期決算短信〔日本基準〕(連結)"")","=HYPERLINK(""pdf_tmp/20260514/1963_1530_日揮HD_2026年3月期決算短信〔日本基準〕(連結).pdf"", ""2026年3月期決算短信〔日本基準〕(連結)"")",,6,,,,,,,,,,,,,,,,,4,,,8,,https://www.release.tdnet.info/inbs/140120260513530470.pdf
20260514,196A,G-MFS,説明資料,"=HYPERLINK(""https://www.release.tdnet.info/inbs/140120260514532265.pdf"", ""2026年6月期 第3四半期決算説明資料"")","=HYPERLINK(""pdf_tmp/20260514/196A_1530_G-MFS_2026年6月期 第3四半期決算説明資料.pdf"", ""2026年6月期 第3四半期決算説明資料"")",,,,,,,45,45,,,9 10 11 14 29,,,,,,,,,,,,,https://www.release.tdnet.info/inbs/140120260514532265.pdf
20260514,197A,タウンズ,説明資料,"=HYPERLINK(""https://www.release.tdnet.info/inbs/140120260514534014.pdf"", ""2026年6月期 第3四半期決算説明資料"")","=HYPERLINK(""pdf_tmp/20260514/197A_1530_タウンズ_2026年6月期 第3四半期決算説明資料.pdf"", ""2026年6月期 第3四半期決算説明資料"")",,,,,,,,,,,16 23,,,,,,,,,,24,12 24,,https://www.release.tdnet.info/inbs/140120260514534014.pdf
20260514,242A,Q-リプライオリティ,説明資料,"=HYPERLINK(""https://www.release.tdnet.info/inbs/140120260513530675.pdf"", ""2026年9月期 第2四半期決算 決算説明資料"")","=HYPERLINK(""pdf_tmp/20260514/242A_1530_Q-リプライオリティ_2026年9月期 第2四半期決算 決算説明資料.pdf"", ""2026年9月期 第2四半期決算 決算説明資料"")",,,,,21,,,,,,9 15 19 20,9 20,,,,,,,,,,,,https://www.release.tdnet.info/inbs/140120260513530675.pdf
20260514,2469,ヒビノ,その他,"=HYPERLINK(""https://www.release.tdnet.info/inbs/140120260514533615.pdf"", ""中期経営計画「Beyond 1000」策定に関するお知らせ"")","=HYPERLINK(""pdf_tmp/20260514/2469_1530_ヒビノ_中期経営計画「Beyond 1000」策定に関するお知らせ.pdf"", ""中期経営計画「Beyond 1000」策定に関するお知らせ"")",,,,,,,,,,9,,10,,,,,,,13,,,,,https://www.release.tdnet.info/inbs/140120260514533615.pdf
20260514,2479,ジェイテック,決算短信,"=HYPERLINK(""https://www.release.tdnet.info/inbs/140120260513528964.pdf"", ""2026年3月期 決算短信〔日本基準〕(連結)"")","=HYPERLINK(""pdf_tmp/20260514/2479_1530_ジェイテック_2026年3月期 決算短信〔日本基準〕(連結).pdf"", ""2026年3月期 決算短信〔日本基準〕(連結)"")",,,,,,4,,4,,,4,,,,,,,,,,,,,https://www.release.tdnet.info/inbs/140120260513528964.pdf
20260514,263A,P-デジタルキューブ,決算短信,"=HYPERLINK(""https://www.release.tdnet.info/inbs/140120260513531633.pdf"", ""2026年3月期 決算短信〔日本基準〕(連結)"")","=HYPERLINK(""pdf_tmp/20260514/263A_1530_P-デジタルキューブ_2026年3月期 決算短信〔日本基準〕(連結).pdf"", ""2026年3月期 決算短信〔日本基準〕(連結)"")",,,4 5,4,,,,,,,4,,,,,,,,,,,,,https://www.release.tdnet.info/inbs/140120260513531633.pdf
20260514,2733,あらた,決算短信,"=HYPERLINK(""https://www.release.tdnet.info/inbs/140120260513531541.pdf"", ""2026年3月期 決算短信〔日本基準〕(連結)"")","=HYPERLINK(""pdf_tmp/20260514/2733_1530_あらた_2026年3月期 決算短信〔日本基準〕(連結).pdf"", ""2026年3月期 決算短信〔日本基準〕(連結)"")",,,,,,,,,,4,,,,,,,,,,,16,5,,https://www.release.tdnet.info/inbs/140120260513531541.pdf
20260514,2764,ひらまつ,決算短信,"=HYPERLINK(""https://www.release.tdnet.info/inbs/140120260513531571.pdf"", ""2026年3月期 決算短信〔日本基準〕(連結)"")","=HYPERLINK(""pdf_tmp/20260514/2764_1200_ひらまつ_2026年3月期 決算短信〔日本基準〕(連結).pdf"", ""2026年3月期 決算短信〔日本基準〕(連結)"")",,,4,,,,4 6 9,,,,5,,,,,,,,,,,,,https://www.release.tdnet.info/inbs/140120260513531571.pdf
20260514,288A,G-ラクサス,説明資料,"=HYPERLINK(""https://www.release.tdnet.info/inbs/140120260514532325.pdf"", ""2026年3月期 決算説明資料"")","=HYPERLINK(""pdf_tmp/20260514/288A_1530_G-ラクサス_2026年3月期 決算説明資料.pdf"", ""2026年3月期 決算説明資料"")",,,6 19,,,,,30,,,4 16 27 31,,,,,,,,,,,,,https://www.release.tdnet.info/inbs/140120260514532325.pdf
20260514,2894,石井食,説明資料,"=HYPERLINK(""https://www.release.tdnet.info/inbs/140120260514533322.pdf"", ""2026年3月期 通期決算説明資料"")","=HYPERLINK(""pdf_tmp/20260514/2894_1600_石井食_2026年3月期 通期決算説明資料.pdf"", ""2026年3月期 通期決算説明資料"")",,,4 7 11,,,,,8,,,4 5 6 7 8,,,,,,,,,,,,,https://www.release.tdnet.info/inbs/140120260514533322.pdf
20260514,2928,A-RIZAP G,決算短信,"=HYPERLINK(""https://www.release.tdnet.info/inbs/140120260511521827.pdf"", ""2026年3月期 決算短信〔IFRS〕(連結)"")","=HYPERLINK(""pdf_tmp/20260514/2928_1600_A-RIZAP G_2026年3月期 決算短信〔IFRS〕(連結).pdf"", ""2026年3月期 決算短信〔IFRS〕(連結)"")",,,5,,,,,,,,4 5 7,,,5,,,,,,,,,,https://www.release.tdnet.info/inbs/140120260511521827.pdf
20260514,2931,ユーグレナ,決算短信,"=HYPERLINK(""https://www.release.tdnet.info/inbs/140120260514533017.pdf"", ""2026年12月期 第1四半期決算短信〔日本基準〕(連結)"")","=HYPERLINK(""pdf_tmp/20260514/2931_1530_ユーグレナ_2026年12月期 第1四半期決算短信〔日本基準〕(連結).pdf"", ""2026年12月期 第1四半期決算短信〔日本基準〕(連結)"")",,,4,,,,,,,,4 5,6,,,,,,,,,,,,https://www.release.tdnet.info/inbs/140120260514533017.pdf
20260514,2982,ADワークスグループ,決算短信,"=HYPERLINK(""https://www.release.tdnet.info/inbs/140120260514532773.pdf"", ""2026年12月期 第1四半期決算短信〔日本基準〕(連結)"")","=HYPERLINK(""pdf_tmp/20260514/2982_1500_ADワークスグループ_2026年12月期 第1四半期決算短信〔日本基準〕(連結).pdf"", ""2026年12月期 第1四半期決算短信〔日本基準〕(連結)"")",,,,,,,,,,,4,,,,,7,,,4,,,,,https://www.release.tdnet.info/inbs/140120260514532773.pdf
20260514,3002,グンゼ,決算短信,"=HYPERLINK(""https://www.release.tdnet.info/inbs/140120260512524473.pdf"", ""2026年3月期決算短信〔日本基準〕(連結)"")","=HYPERLINK(""pdf_tmp/20260514/3002_1430_グンゼ_2026年3月期決算短信〔日本基準〕(連結).pdf"", ""2026年3月期決算短信〔日本基準〕(連結)"")",,,,,,,,,,,5,,,,,,,,4 5,,,7,,https://www.release.tdnet.info/inbs/140120260512524473.pdf
20260514,3096,オーシャン,決算短信,"=HYPERLINK(""https://www.release.tdnet.info/inbs/140120260501516315.pdf"", ""令和8年3月期 決算短信〔日本基準〕(連結)"")","=HYPERLINK(""pdf_tmp/20260514/3096_1530_オーシャン_令和8年3月期 決算短信〔日本基準〕(連結).pdf"", ""令和8年3月期 決算短信〔日本基準〕(連結)"")",,,5,,4,,,,,,4,,,,,,,,,,,,,https://www.release.tdnet.info/inbs/140120260501516315.pdf
20260514,3109,シキボウ,決算短信,"=HYPERLINK(""https://www.release.tdnet.info/inbs/140120260513529801.pdf"", ""2026年3月期 決算短信[日本基準](連結)"")","=HYPERLINK(""pdf_tmp/20260514/3109_1130_シキボウ_2026年3月期 決算短信[日本基準](連結).pdf"", ""2026年3月期 決算短信[日本基準](連結)"")",,,5,,,,,,,,4,,,,,,,,4,,,,,https://www.release.tdnet.info/inbs/140120260513529801.pdf
20260514,3182,オイシックスラ大地,その他,"=HYPERLINK(""https://www.release.tdnet.info/inbs/140120260514533990.pdf"", ""2026年3月期 通期 決算FAQ"")","=HYPERLINK(""pdf_tmp/20260514/3182_1530_オイシックスラ大地_2026年3月期 通期 決算FAQ.pdf"", ""2026年3月期 通期 決算FAQ"")",,,,,25 26 28,,,,,,3 4 5,,,,,,,,12 24,,,,,https://www.release.tdnet.info/inbs/140120260514533990.pdf
20260514,3185,G-夢展望,決算短信,"=HYPERLINK(""https://www.release.tdnet.info/inbs/140120260512527289.pdf"", ""2026年3月期 決算短信〔IFRS〕(連結)"")","=HYPERLINK(""pdf_tmp/20260514/3185_1530_G-夢展望_2026年3月期 決算短信〔IFRS〕(連結).pdf"", ""2026年3月期 決算短信〔IFRS〕(連結)"")",,,,,,,,,,,4 5,,4,,,,,,4,,,,,https://www.release.tdnet.info/inbs/140120260512527289.pdf
20260514,3409,北紡,決算短信,"=HYPERLINK(""https://www.release.tdnet.info/inbs/140120260513530407.pdf"", ""2026年3月期 決算短信[日本基準](連結)"")","=HYPERLINK(""pdf_tmp/20260514/3409_1530_北紡_2026年3月期 決算短信[日本基準](連結).pdf"", ""2026年3月期 決算短信[日本基準](連結)"")",,4,,,,,,,,5,,,,,,,,,4,,,,,https://www.release.tdnet.info/inbs/140120260513530407.pdf
20260514,343A,IACEトラベル,説明資料,"=HYPERLINK(""https://www.release.tdnet.info/inbs/140120260514531777.pdf"", ""2026年3月期 決算補足説明資料"")","=HYPERLINK(""pdf_tmp/20260514/343A_1200_IACEトラベル_2026年3月期 決算補足説明資料.pdf"", ""2026年3月期 決算補足説明資料"")",,,,,,,6,,,,5,,,,,,,,,,,44,,https://www.release.tdnet.info/inbs/140120260514531777.pdf
20260514,3445,RSTECH,説明資料,"=HYPERLINK(""https://www.release.tdnet.info/inbs/140120260514534788.pdf"", ""2026年12月期第1四半期 決算説明資料"")","=HYPERLINK(""pdf_tmp/20260514/3445_1600_RSTECH_2026年12月期第1四半期 決算説明資料.pdf"", ""2026年12月期第1四半期 決算説明資料"")",,5 35 49 50,,,,,,,,,25,,,,,,,,,,,13 26,,https://www.release.tdnet.info/inbs/140120260514534788.pdf
20260514,3486,グローバルリンクM,説明資料,"=HYPERLINK(""https://www.release.tdnet.info/inbs/140120260514534045.pdf"", ""2026年12月期第1四半期決算説明資料"")","=HYPERLINK(""pdf_tmp/20260514/3486_1530_グローバルリンクM_2026年12月期第1四半期決算説明資料.pdf"", ""2026年12月期第1四半期決算説明資料"")",,,,20,,,7 22,,,,,6 7,,,,,,,,,,,,https://www.release.tdnet.info/inbs/140120260514534045.pdf
20260514,3561,力の源HD,決算短信,"=HYPERLINK(""https://www.release.tdnet.info/inbs/140120260513531200.pdf"", ""2026年3月期  決算短信〔日本基準〕(連結)"")","=HYPERLINK(""pdf_tmp/20260514/3561_1130_力の源HD_2026年3月期 決算短信〔日本基準〕(連結).pdf"", ""2026年3月期  決算短信〔日本基準〕(連結)"")",,,5,,4,,,,,,,,,,,,,,4 5,,,,,https://www.release.tdnet.info/inbs/140120260513531200.pdf
20260514,3561,力の源HD,説明資料,"=HYPERLINK(""https://www.release.tdnet.info/inbs/140120260513531164.pdf"", ""2026年3月期決算補足説明資料"")","=HYPERLINK(""pdf_tmp/20260514/3561_1130_力の源HD_2026年3月期決算補足説明資料.pdf"", ""2026年3月期決算補足説明資料"")",,,,11,7,,,,,,42,,,,,,,,,,,,,https://www.release.tdnet.info/inbs/140120260513531164.pdf
20260514,3566,G-ユニネク,決算短信,"=HYPERLINK(""https://www.release.tdnet.info/inbs/140120260513531599.pdf"", ""2026年12月期 第1四半期決算短信[日本基準](非連結)"")","=HYPERLINK(""pdf_tmp/20260514/3566_0830_G-ユニネク_2026年12月期 第1四半期決算短信[日本基準](非連結).pdf"", ""2026年12月期 第1四半期決算短信[日本基準](非連結)"")",,,,,4,,,,,,4,,,,,,,,,,,4,,https://www.release.tdnet.info/inbs/140120260513531599.pdf
20260514,3611,マツオカ,説明資料,"=HYPERLINK(""https://www.release.tdnet.info/inbs/140120260514532250.pdf"", ""2026年3月期決算補足説明資料"")","=HYPERLINK(""pdf_tmp/20260514/3611_1530_マツオカ_2026年3月期決算補足説明資料.pdf"", ""2026年3月期決算補足説明資料"")",,,,,,,,,,2,5 7 9 11 17,15,,,,,,,,,,,,https://www.release.tdnet.info/inbs/140120260514532250.pdf
20260514,3708,特種東海,その他,"=HYPERLINK(""https://www.release.tdnet.info/inbs/140120260514533114.pdf"", ""第7次中期経営計画の策定に関するお知らせ"")","=HYPERLINK(""pdf_tmp/20260514/3708_1400_特種東海_第7次中期経営計画の策定に関するお知らせ.pdf"", ""第7次中期経営計画の策定に関するお知らせ"")",,4 7 8 21 22 24 28,9 10,,,,,,,7 9 24,,,,,,,,,,,,,,https://www.release.tdnet.info/inbs/140120260514533114.pdf
20260514,3774,IIJ,決算短信,"=HYPERLINK(""https://www.release.tdnet.info/inbs/140120260512526328.pdf"", ""2026年3月期 決算短信〔IFRS〕(連結)"")","=HYPERLINK(""pdf_tmp/20260514/3774_1200_IIJ_2026年3月期 決算短信〔IFRS〕(連結).pdf"", ""2026年3月期 決算短信〔IFRS〕(連結)"")",,,,8,8,,,,,,8,,,,,,,,,,,,,https://www.release.tdnet.info/inbs/140120260512526328.pdf
20260514,3920,アイビーシー,説明資料,"=HYPERLINK(""https://www.release.tdnet.info/inbs/140120260514532111.pdf"", ""2026年9月期第2四半期決算説明資料"")","=HYPERLINK(""pdf_tmp/20260514/3920_1530_アイビーシー_2026年9月期第2四半期決算説明資料.pdf"", ""2026年9月期第2四半期決算説明資料"")",,,,,,,12,,,12,14 15 18,,,,,,,,,,,,,https://www.release.tdnet.info/inbs/140120260514532111.pdf
20260514,4044,セ硝子,決算短信,"=HYPERLINK(""https://www.release.tdnet.info/inbs/140120260514533416.pdf"", ""2026年3月期 決算短信〔日本基準〕(連結)"")","=HYPERLINK(""pdf_tmp/20260514/4044_1300_セ硝子_2026年3月期 決算短信〔日本基準〕(連結).pdf"", ""2026年3月期 決算短信〔日本基準〕(連結)"")",,4 7,,,,,,,,,,,,,,,,5,4,,,,,https://www.release.tdnet.info/inbs/140120260514533416.pdf
20260514,4068,G-ベイシス,説明資料,"=HYPERLINK(""https://www.release.tdnet.info/inbs/140120260514533731.pdf"", ""2026年6月期 第3四半期決算説明資料"")","=HYPERLINK(""pdf_tmp/20260514/4068_1700_G-ベイシス_2026年6月期 第3四半期決算説明資料.pdf"", ""2026年6月期 第3四半期決算説明資料"")",,,,,,,,,,,24 28 30,2,,,,,,,,,,26,,https://www.release.tdnet.info/inbs/140120260514533731.pdf
20260514,409A,オリオンビール,決算短信,"=HYPERLINK(""https://www.release.tdnet.info/inbs/140120260514534166.pdf"", ""2026年3月期決算短信〔日本基準〕(連結)"")","=HYPERLINK(""pdf_tmp/20260514/409A_1530_オリオンビール_2026年3月期決算短信〔日本基準〕(連結).pdf"", ""2026年3月期決算短信〔日本基準〕(連結)"")",,,,5,,,,,,,,7,,,,,5,,,,,,,https://www.release.tdnet.info/inbs/140120260514534166.pdf
20260514,4118,カネカ,説明資料,"=HYPERLINK(""https://www.release.tdnet.info/inbs/140120260513528874.pdf"", ""2026年3月期 決算説明資料"")","=HYPERLINK(""pdf_tmp/20260514/4118_1600_カネカ_2026年3月期 決算説明資料.pdf"", ""2026年3月期 決算説明資料"")",,,7 9,,,8,,,,,,,,,10,,,,,,,,,https://www.release.tdnet.info/inbs/140120260513528874.pdf
20260514,4119,日本ピグメントHD,決算短信,"=HYPERLINK(""https://www.release.tdnet.info/inbs/140120260509521054.pdf"", ""2026年3月期 決算短信〔日本基準〕(連結)"")","=HYPERLINK(""pdf_tmp/20260514/4119_1300_日本ピグメントHD_2026年3月期 決算短信〔日本基準〕(連結).pdf"", ""2026年3月期 決算短信〔日本基準〕(連結)"")",,,4,4,4,,,,,,,,,,,,,,,,,,,https://www.release.tdnet.info/inbs/140120260509521054.pdf
20260514,4193,ファブリカHD,決算短信,"=HYPERLINK(""https://www.release.tdnet.info/inbs/140120260513531253.pdf"", ""2026年3月期決算短信〔日本基準〕(連結)"")","=HYPERLINK(""pdf_tmp/20260514/4193_1400_ファブリカHD_2026年3月期決算短信〔日本基準〕(連結).pdf"", ""2026年3月期決算短信〔日本基準〕(連結)"")",,,,,7,,,,,,2 7,,,,,,,,,,,7,,https://www.release.tdnet.info/inbs/140120260513531253.pdf
20260514,4222,児玉化,決算短信,"=HYPERLINK(""https://www.release.tdnet.info/inbs/140120260514535155.pdf"", ""2026年3月期決算短信〔日本基準〕(連結)"")","=HYPERLINK(""pdf_tmp/20260514/4222_1800_児玉化_2026年3月期決算短信〔日本基準〕(連結).pdf"", ""2026年3月期決算短信〔日本基準〕(連結)"")",,,,,,,,,,,4,,4,,,,,,,,,6,,https://www.release.tdnet.info/inbs/140120260514535155.pdf
20260514,4245,ダイキアクシス,決算短信,"=HYPERLINK(""https://www.release.tdnet.info/inbs/140120260513531149.pdf"", ""2026年12月期 第1四半期決算短信〔日本基準〕(連結)"")","=HYPERLINK(""pdf_tmp/20260514/4245_1230_ダイキアクシス_2026年12月期 第1四半期決算短信〔日本基準〕(連結).pdf"", ""2026年12月期 第1四半期決算短信〔日本基準〕(連結)"")",5,,,5,,,,,,,,,,,,,,,7,,,,,https://www.release.tdnet.info/inbs/140120260513531149.pdf
20260514,4323,日本システム技術,その他,"=HYPERLINK(""https://www.release.tdnet.info/inbs/140120260514531796.pdf"", ""中期経営計画の策定に関するお知らせ"")","=HYPERLINK(""pdf_tmp/20260514/4323_1600_日本システム技術_中期経営計画の策定に関するお知らせ.pdf"", ""中期経営計画の策定に関するお知らせ"")",,,,,,,,,,,5 7 9,,,,,,,,,,8 13,8 11 16 22 23 27,,https://www.release.tdnet.info/inbs/140120260514531796.pdf
20260514,4381,G-ビープラッツ,説明資料,"=HYPERLINK(""https://www.release.tdnet.info/inbs/140120260514532571.pdf"", ""2026年3月期 決算説明資料"")","=HYPERLINK(""pdf_tmp/20260514/4381_1600_G-ビープラッツ_2026年3月期 決算説明資料.pdf"", ""2026年3月期 決算説明資料"")",,,6,,,,,,,,4 5 9,,,,,,,,6,,,,,https://www.release.tdnet.info/inbs/140120260514532571.pdf
20260514,4418,G-JDSC,説明資料,"=HYPERLINK(""https://www.release.tdnet.info/inbs/140120260513530981.pdf"", ""2026年6月期 第3四半期決算説明資料"")","=HYPERLINK(""pdf_tmp/20260514/4418_1530_G-JDSC_2026年6月期 第3四半期決算説明資料.pdf"", ""2026年6月期 第3四半期決算説明資料"")",,,,,,70,,,,,11 43 60 68,,,,,,,,42,,,,,https://www.release.tdnet.info/inbs/140120260513530981.pdf
20260514,4464,ソフト99,その他,"=HYPERLINK(""https://www.release.tdnet.info/inbs/140120260512526850.pdf"", ""新中期経営計画策定に関するお知らせ"")","=HYPERLINK(""pdf_tmp/20260514/4464_1530_ソフト99_新中期経営計画策定に関するお知らせ.pdf"", ""新中期経営計画策定に関するお知らせ"")",,,,11,,,,,,,,,8,,,,,,31,,,,,https://www.release.tdnet.info/inbs/140120260512526850.pdf
20260514,4819,デジタルガレージ,説明資料,"=HYPERLINK(""https://www.release.tdnet.info/inbs/140120260514531949.pdf"", ""2026年3月期 決算説明資料"")","=HYPERLINK(""pdf_tmp/20260514/4819_1530_デジタルガレージ_2026年3月期 決算説明資料.pdf"", ""2026年3月期 決算説明資料"")",,,,,,,,,,24,12 23 32 57,,,,,,,,23,,,,,https://www.release.tdnet.info/inbs/140120260514531949.pdf
20260514,4820,EMシステムズ,予想の修正,"=HYPERLINK(""https://www.release.tdnet.info/inbs/140120260514532108.pdf"", ""2026年12月期 第2四半期(中間期)連結業績予想及び配当予想の修正に関するお知らせ"")","=HYPERLINK(""pdf_tmp/20260514/4820_1600_EMシステムズ_2026年12月期 第2四半期(中間期)連結業績予想及び配当予想の修正に関するお知らせ.pdf"", ""2026年12月期 第2四半期(中間期)連結業績予想及び配当予想の修正に関するお知らせ"")",,,,,,,,1,,,,,1,1,,,,,,,,,,https://www.release.tdnet.info/inbs/140120260514532108.pdf
20260514,4840,トライアイズ,説明資料,"=HYPERLINK(""https://www.release.tdnet.info/inbs/140120260514533137.pdf"", ""2026年12月期 第1四半期決算補足説明資料"")","=HYPERLINK(""pdf_tmp/20260514/4840_1530_トライアイズ_2026年12月期 第1四半期決算補足説明資料.pdf"", ""2026年12月期 第1四半期決算補足説明資料"")",,,,,,,,,,12,11 12 13 15,,,,,,,,12,,,,,https://www.release.tdnet.info/inbs/140120260514533137.pdf
20260514,4977,ニッタゼラチン,その他,"=HYPERLINK(""https://www.release.tdnet.info/inbs/140120260514532874.pdf"", ""2026年3月期 決算説明及び中期経営計画進捗について"")","=HYPERLINK(""pdf_tmp/20260514/4977_1530_ニッタゼラチン_2026年3月期 決算説明及び中期経営計画進捗について.pdf"", ""2026年3月期 決算説明及び中期経営計画進捗について"")",,8 9 12 17,,,,,15,,,17,,,,,,,,,,,,,,https://www.release.tdnet.info/inbs/140120260514532874.pdf
20260514,5033,G-ヌーラボ,説明資料,"=HYPERLINK(""https://www.release.tdnet.info/inbs/140120260514535256.pdf"", ""2026年3月期 通期決算説明資料"")","=HYPERLINK(""pdf_tmp/20260514/5033_1800_G-ヌーラボ_2026年3月期 通期決算説明資料.pdf"", ""2026年3月期 通期決算説明資料"")",,,,,,,,,,8 38,4 8 17 18 20 38 41,4,,,,,,,,,,,,https://www.release.tdnet.info/inbs/140120260514535256.pdf
20260514,5644,メタルアート,その他,"=HYPERLINK(""https://www.release.tdnet.info/inbs/140120260514535605.pdf"", ""Gerbera holdings株式会社による当社株式に対する公開買い付けに関する賛同の意見表明及び応募推奨のお知らせ"")","=HYPERLINK(""pdf_tmp/20260514/5644_1930_メタルアート_Gerbera holdings株式会社による当社株式に対する公開買い付けに関する賛同の意見表明及び応募推奨のお知らせ.pdf"", ""Gerbera holdings株式会社による当社株式に対する公開買い付けに関する賛同の意見表明及び応募推奨のお知らせ"")",,,,,,,,,,,25 56,,,,,10 45,,,12 48,,,,,https://www.release.tdnet.info/inbs/140120260514535605.pdf
20260514,5901,洋缶HD,決算短信,"=HYPERLINK(""https://www.release.tdnet.info/inbs/140120260513527928.pdf"", ""2026年3月期 決算短信〔日本基準〕(連結)"")","=HYPERLINK(""pdf_tmp/20260514/5901_1600_洋缶HD_2026年3月期 決算短信〔日本基準〕(連結).pdf"", ""2026年3月期 決算短信〔日本基準〕(連結)"")",,,4 5,,,,,,,,5,,,,,,,,5,,,,,https://www.release.tdnet.info/inbs/140120260513527928.pdf
20260514,5901,洋缶HD,その他,"=HYPERLINK(""https://www.release.tdnet.info/inbs/140120260513528182.pdf"", ""「中期経営計画2030」策定に関するお知らせ"")","=HYPERLINK(""pdf_tmp/20260514/5901_1600_洋缶HD_「中期経営計画2030」策定に関するお知らせ.pdf"", ""「中期経営計画2030」策定に関するお知らせ"")",,,3 10 11 13,,,,,,,,11,,,,,,,,10,,,,,https://www.release.tdnet.info/inbs/140120260513528182.pdf
20260514,5921,川岸工,決算短信,"=HYPERLINK(""https://www.release.tdnet.info/inbs/140120260514531787.pdf"", ""2026年9月期 第2四半期(中間期)決算短信〔日本基準〕(非連結)"")","=HYPERLINK(""pdf_tmp/20260514/5921_1530_川岸工_2026年9月期 第2四半期(中間期)決算短信〔日本基準〕(非連結).pdf"", ""2026年9月期 第2四半期(中間期)決算短信〔日本基準〕(非連結)"")",,,,4,,,,,,,,,,,,,,,4,,,,4,https://www.release.tdnet.info/inbs/140120260514531787.pdf
20260514,5981,東製綱,決算短信,"=HYPERLINK(""https://www.release.tdnet.info/inbs/140120260514532975.pdf"", ""2026年3月期決算短信〔日本基準〕(連結)"")","=HYPERLINK(""pdf_tmp/20260514/5981_1530_東製綱_2026年3月期決算短信〔日本基準〕(連結).pdf"", ""2026年3月期決算短信〔日本基準〕(連結)"")",,,4,,,,,,,5,,,,,,,,,5,,,,,https://www.release.tdnet.info/inbs/140120260514532975.pdf
20260514,5994,ファインシンター,その他,"=HYPERLINK(""https://www.release.tdnet.info/inbs/140120260514534175.pdf"", ""新中期経営計画策定に関するお知らせ"")","=HYPERLINK(""pdf_tmp/20260514/5994_1620_ファインシンター_新中期経営計画策定に関するお知らせ.pdf"", ""新中期経営計画策定に関するお知らせ"")",,,,,,,,,,13,7,7,,,,,,,,,,,,https://www.release.tdnet.info/inbs/140120260514534175.pdf
20260514,6273,SMC,その他,"=HYPERLINK(""https://www.release.tdnet.info/inbs/140120260514534222.pdf"", ""2026年3月期 決算説明会資料"")","=HYPERLINK(""pdf_tmp/20260514/6273_1500_SMC_2026年3月期 決算説明会資料.pdf"", ""2026年3月期 決算説明会資料"")",,,,,,,,2,,3,,,,,,,,,,,,7 10,,https://www.release.tdnet.info/inbs/140120260514534222.pdf
20260514,6458,新晃工業,決算短信,"=HYPERLINK(""https://www.release.tdnet.info/inbs/140120260427511190.pdf"", ""2026年3月期 決算短信〔日本基準〕(連結)"")","=HYPERLINK(""pdf_tmp/20260514/6458_1600_新晃工業_2026年3月期 決算短信〔日本基準〕(連結).pdf"", ""2026年3月期 決算短信〔日本基準〕(連結)"")",,,,5,,,,,,,,5,,,,,,,4 6,,,,,https://www.release.tdnet.info/inbs/140120260427511190.pdf
20260514,6458,新晃工業,説明資料,"=HYPERLINK(""https://www.release.tdnet.info/inbs/140120260513529496.pdf"", ""2026年3月期 決算補足説明資料"")","=HYPERLINK(""pdf_tmp/20260514/6458_1600_新晃工業_2026年3月期 決算補足説明資料.pdf"", ""2026年3月期 決算補足説明資料"")",,,4 5,7 13 14,,,,,,,,,,,,,,,12,,,,,https://www.release.tdnet.info/inbs/140120260513529496.pdf
20260514,6544,JESHD,その他,"=HYPERLINK(""https://www.release.tdnet.info/inbs/140120260514533433.pdf"", ""2026年3月期 決算補足資料"")","=HYPERLINK(""pdf_tmp/20260514/6544_1530_JESHD_2026年3月期 決算補足資料.pdf"", ""2026年3月期 決算補足資料"")",,,,,,,6,,,,3 4 8,,,,,,,,,,,13 14 16,,https://www.release.tdnet.info/inbs/140120260514533433.pdf
20260514,6568,G-神戸天然物化学,事業計画,"=HYPERLINK(""https://www.release.tdnet.info/inbs/140120260514532740.pdf"", ""事業計画及び成長可能性に関する事項"")","=HYPERLINK(""pdf_tmp/20260514/6568_1530_G-神戸天然物化学_事業計画及び成長可能性に関する事項.pdf"", ""事業計画及び成長可能性に関する事項"")",,,,,,,,,,27,,,27,,,,,,24,,,,,https://www.release.tdnet.info/inbs/140120260514532740.pdf
20260514,6571,キュービーネットHD,説明資料,"=HYPERLINK(""https://www.release.tdnet.info/inbs/140120260512526836.pdf"", ""2026年6月期 第3四半期決算説明資料"")","=HYPERLINK(""pdf_tmp/20260514/6571_1700_キュービーネットHD_2026年6月期 第3四半期決算説明資料.pdf"", ""2026年6月期 第3四半期決算説明資料"")",,,4 6 11 12 13 14 23,,23,,,,,,7 9,,,,,,,,,,,,,https://www.release.tdnet.info/inbs/140120260512526836.pdf
20260514,6613,G-QDレーザ,説明資料,"=HYPERLINK(""https://www.release.tdnet.info/inbs/140120260514533843.pdf"", ""2026年3月期 決算説明資料"")","=HYPERLINK(""pdf_tmp/20260514/6613_1630_G-QDレーザ_2026年3月期 決算説明資料.pdf"", ""2026年3月期 決算説明資料"")",,,,,,,,,,,19,2,,,,,18,,,,,,,https://www.release.tdnet.info/inbs/140120260514533843.pdf
20260514,6849,日本光電,その他,"=HYPERLINK(""https://www.release.tdnet.info/inbs/140120260512526528.pdf"", ""2026年3月期 決算説明会資料"")","=HYPERLINK(""pdf_tmp/20260514/6849_1630_日本光電_2026年3月期 決算説明会資料.pdf"", ""2026年3月期 決算説明会資料"")",36,,,,,,,,,3 30 31 35,,,,,,,,,19,,,,,https://www.release.tdnet.info/inbs/140120260512526528.pdf
20260514,6863,ニレコ,決算短信,"=HYPERLINK(""https://www.release.tdnet.info/inbs/140120260514534787.pdf"", ""2026年3月期 決算短信〔日本基準〕(連結)"")","=HYPERLINK(""pdf_tmp/20260514/6863_1600_ニレコ_2026年3月期 決算短信〔日本基準〕(連結).pdf"", ""2026年3月期 決算短信〔日本基準〕(連結)"")",,4 7,,,,,,,,,7,,,,,,,,,,7,,,https://www.release.tdnet.info/inbs/140120260514534787.pdf
20260514,6867,リーダ電子,説明資料,"=HYPERLINK(""https://www.release.tdnet.info/inbs/140120260514535100.pdf"", ""2026年3月期 決算補足説明資料"")","=HYPERLINK(""pdf_tmp/20260514/6867_1750_リーダ電子_2026年3月期 決算補足説明資料.pdf"", ""2026年3月期 決算補足説明資料"")",,,,,,,,,,,20,,,,,,,,,,20,16 20,,https://www.release.tdnet.info/inbs/140120260514535100.pdf
20260514,6926,OKAYA,その他,"=HYPERLINK(""https://www.release.tdnet.info/inbs/140120260514534714.pdf"", ""中期経営計画策定に関するお知らせ"")","=HYPERLINK(""pdf_tmp/20260514/6926_1535_OKAYA_中期経営計画策定に関するお知らせ.pdf"", ""中期経営計画策定に関するお知らせ"")",,,4 9,,,,,,,,,,,,,,,,9,,,8,,https://www.release.tdnet.info/inbs/140120260514534714.pdf
20260514,7066,G-ピアズ,説明資料,"=HYPERLINK(""https://www.release.tdnet.info/inbs/140120260505517280.pdf"", ""2026年9月期 第2四半期 決算補足説明資料"")","=HYPERLINK(""pdf_tmp/20260514/7066_1530_G-ピアズ_2026年9月期 第2四半期 決算補足説明資料.pdf"", ""2026年9月期 第2四半期 決算補足説明資料"")",,,,,,4,5 6,,,,5,,,,,,,,,,,,,https://www.release.tdnet.info/inbs/140120260505517280.pdf
20260514,7078,G-INC HD,決算短信,"=HYPERLINK(""https://www.release.tdnet.info/inbs/140120260514535019.pdf"", ""2026年3月期 決算短信〔日本基準〕(連結)"")","=HYPERLINK(""pdf_tmp/20260514/7078_1730_G-INC HD_2026年3月期 決算短信〔日本基準〕(連結).pdf"", ""2026年3月期 決算短信〔日本基準〕(連結)"")",,,,,,,,,,,4 5,,,,,,,,5,,,5,,https://www.release.tdnet.info/inbs/140120260514535019.pdf
20260514,7133,G-ヒュウガプライマ,説明資料,"=HYPERLINK(""https://www.release.tdnet.info/inbs/140120260512525883.pdf"", ""2026年3月期決算説明資料"")","=HYPERLINK(""pdf_tmp/20260514/7133_1530_G-ヒュウガプライマ_2026年3月期決算説明資料.pdf"", ""2026年3月期決算説明資料"")",,,,,,,,,,4 8 28 32,13 15,,,,,,,,5,,,,,https://www.release.tdnet.info/inbs/140120260512525883.pdf
20260514,7277,TBK,決算短信,"=HYPERLINK(""https://www.release.tdnet.info/inbs/140120260514533341.pdf"", ""2026年3月期 決算短信〔日本基準〕(連結)"")","=HYPERLINK(""pdf_tmp/20260514/7277_1530_TBK_2026年3月期 決算短信〔日本基準〕(連結).pdf"", ""2026年3月期 決算短信〔日本基準〕(連結)"")",,,4,,,,,,,,,,,,6,4 6,,,,,,,,https://www.release.tdnet.info/inbs/140120260514533341.pdf
20260514,7567,栄電子,説明資料,"=HYPERLINK(""https://www.release.tdnet.info/inbs/140120260513531300.pdf"", ""2026年3月期 決算補足説明資料"")","=HYPERLINK(""pdf_tmp/20260514/7567_1430_栄電子_2026年3月期 決算補足説明資料.pdf"", ""2026年3月期 決算補足説明資料"")",,,,,,,,,,10,2 4 15,,,,,,8,,,,,,,https://www.release.tdnet.info/inbs/140120260513531300.pdf
20260514,7695,G-交換できるくん,説明資料,"=HYPERLINK(""https://www.release.tdnet.info/inbs/140120260514532081.pdf"", ""2026年3月期 決算説明資料"")","=HYPERLINK(""pdf_tmp/20260514/7695_1600_G-交換できるくん_2026年3月期 決算説明資料.pdf"", ""2026年3月期 決算説明資料"")",,,,,,,,,,5 18,12,18,,,,,,,,,,,,https://www.release.tdnet.info/inbs/140120260514532081.pdf
20260514,7695,G-交換できるくん,事業計画,"=HYPERLINK(""https://www.release.tdnet.info/inbs/140120260514532093.pdf"", ""2027年3月期 中期経営計画(進捗)説明資料(事業計画及び成長可能性に関する事項)"")","=HYPERLINK(""pdf_tmp/20260514/7695_1600_G-交換できるくん_2027年3月期 中期経営計画(進捗)説明資料(事業計画及び成長可能性に関する事項).pdf"", ""2027年3月期 中期経営計画(進捗)説明資料(事業計画及び成長可能性に関する事項)"")",,,,,,10,,,,5,,5,,,,,,,,,,,,https://www.release.tdnet.info/inbs/140120260514532093.pdf
20260514,7716,ナカニシ,決算短信,"=HYPERLINK(""https://www.release.tdnet.info/inbs/140120260513527665.pdf"", ""2026年12月期 第1四半期決算短信〔日本基準〕(連結)"")","=HYPERLINK(""pdf_tmp/20260514/7716_1400_ナカニシ_2026年12月期 第1四半期決算短信〔日本基準〕(連結).pdf"", ""2026年12月期 第1四半期決算短信〔日本基準〕(連結)"")",,4,,,4,,,,,,4,,,,,,,,,,,,,https://www.release.tdnet.info/inbs/140120260513527665.pdf
20260514,7726,黒田精工,説明資料,"=HYPERLINK(""https://www.release.tdnet.info/inbs/140120260512527283.pdf"", ""2026年3月期 決算補足説明資料"")","=HYPERLINK(""pdf_tmp/20260514/7726_1300_黒田精工_2026年3月期 決算補足説明資料.pdf"", ""2026年3月期 決算補足説明資料"")",,10,,,,,,,,,,,,,,,,,3,,,,3 4 10,https://www.release.tdnet.info/inbs/140120260512527283.pdf
20260514,7821,前田工繊,説明資料,"=HYPERLINK(""https://www.release.tdnet.info/inbs/140120260514532342.pdf"", ""2026年6月期 第3四半期決算説明資料"")","=HYPERLINK(""pdf_tmp/20260514/7821_1430_前田工繊_2026年6月期 第3四半期決算説明資料.pdf"", ""2026年6月期 第3四半期決算説明資料"")",,,,,,,,,,14,,4,,,,,,,,,,16,,https://www.release.tdnet.info/inbs/140120260514532342.pdf
20260514,7897,ホクシン,決算短信,"=HYPERLINK(""https://www.release.tdnet.info/inbs/140120260513528024.pdf"", ""2026年3月期決算短信〔日本基準〕(非連結)"")","=HYPERLINK(""pdf_tmp/20260514/7897_1630_ホクシン_2026年3月期決算短信〔日本基準〕(非連結).pdf"", ""2026年3月期決算短信〔日本基準〕(非連結)"")",,,4 5,4,,,,,,,4,,,,,,,,,,,,,https://www.release.tdnet.info/inbs/140120260513528024.pdf
20260514,7952,河合楽器,決算短信,"=HYPERLINK(""https://www.release.tdnet.info/inbs/140120260514532946.pdf"", ""2026年3月期 決算短信〔日本基準〕(連結)"")","=HYPERLINK(""pdf_tmp/20260514/7952_1530_河合楽器_2026年3月期 決算短信〔日本基準〕(連結).pdf"", ""2026年3月期 決算短信〔日本基準〕(連結)"")",,,,,,,,,,,,,,,,,4,,4,,,4,,https://www.release.tdnet.info/inbs/140120260514532946.pdf
20260514,8037,カメイ,説明資料,"=HYPERLINK(""https://www.release.tdnet.info/inbs/140120260514533987.pdf"", ""2026年3月期 決算補足説明資料"")","=HYPERLINK(""pdf_tmp/20260514/8037_1530_カメイ_2026年3月期 決算補足説明資料.pdf"", ""2026年3月期 決算補足説明資料"")",,,6,13,,,,,,,,,,,,,,,3 5 6 11 14,,,,,https://www.release.tdnet.info/inbs/140120260514533987.pdf
20260514,8043,スターゼン,決算短信,"=HYPERLINK(""https://www.release.tdnet.info/inbs/140120260513530636.pdf"", ""2026年3月期 決算短信〔日本基準〕(連結)"")","=HYPERLINK(""pdf_tmp/20260514/8043_1400_スターゼン_2026年3月期 決算短信〔日本基準〕(連結).pdf"", ""2026年3月期 決算短信〔日本基準〕(連結)"")",,,5,5,,,,,,,,,,,,,,,6,,,,,https://www.release.tdnet.info/inbs/140120260513530636.pdf
20260514,8139,ナガホリ,決算短信,"=HYPERLINK(""https://www.release.tdnet.info/inbs/140120260513528676.pdf"", ""令和8年3月期 決算短信〔日本基準〕(連結)"")","=HYPERLINK(""pdf_tmp/20260514/8139_1530_ナガホリ_令和8年3月期 決算短信〔日本基準〕(連結).pdf"", ""令和8年3月期 決算短信〔日本基準〕(連結)"")",,,,,,,6,,,,4,,,,,,,,4 6,,,,,https://www.release.tdnet.info/inbs/140120260513528676.pdf
20260514,8559,豊和銀,決算短信,"=HYPERLINK(""https://www.release.tdnet.info/inbs/140120260514532362.pdf"", ""2026年3月期決算短信〔日本基準〕(非連結)"")","=HYPERLINK(""pdf_tmp/20260514/8559_1500_豊和銀_2026年3月期決算短信〔日本基準〕(非連結).pdf"", ""2026年3月期決算短信〔日本基準〕(非連結)"")",,,,5,,,,,,,33 37,,,,,,,,5 33 37,,,,,https://www.release.tdnet.info/inbs/140120260514532362.pdf
20260514,8891,AMGHD,説明資料,"=HYPERLINK(""https://www.release.tdnet.info/inbs/140120260514534419.pdf"", ""2026年3月期 通期決算説明資料"")","=HYPERLINK(""pdf_tmp/20260514/8891_1601_AMGHD_2026年3月期 通期決算説明資料.pdf"", ""2026年3月期 通期決算説明資料"")",,,,6 12,,,,,,,7 10,,,,,,,,21,,,,,https://www.release.tdnet.info/inbs/140120260514534419.pdf
20260514,9065,山九,決算短信,"=HYPERLINK(""https://www.release.tdnet.info/inbs/140120260513531005.pdf"", ""2026年3月期 決算短信〔日本基準〕(連結)"")","=HYPERLINK(""pdf_tmp/20260514/9065_1530_山九_2026年3月期 決算短信〔日本基準〕(連結).pdf"", ""2026年3月期 決算短信〔日本基準〕(連結)"")",,,,7,,,,,,,8,,,,,,,,5 8,,,,,https://www.release.tdnet.info/inbs/140120260513531005.pdf
20260514,9075,福山運,説明資料,"=HYPERLINK(""https://www.release.tdnet.info/inbs/140120260514532804.pdf"", ""2026年3月期 決算補足説明資料"")","=HYPERLINK(""pdf_tmp/20260514/9075_1530_福山運_2026年3月期 決算補足説明資料.pdf"", ""2026年3月期 決算補足説明資料"")",,,,20,11,,,,,,,,,,,,,,,,,8 9 16,,https://www.release.tdnet.info/inbs/140120260514532804.pdf
20260514,9076,セイノーHD,その他,"=HYPERLINK(""https://www.release.tdnet.info/inbs/140120260424509784.pdf"", ""2026年3月期決算説明会資料"")","=HYPERLINK(""pdf_tmp/20260514/9076_1530_セイノーHD_2026年3月期決算説明会資料.pdf"", ""2026年3月期決算説明会資料"")",,,,,,,,,,16,17 40,,,,,,,,,,,29,,https://www.release.tdnet.info/inbs/140120260424509784.pdf
20260514,9271,G-和心,説明資料,"=HYPERLINK(""https://www.release.tdnet.info/inbs/140120260513531406.pdf"", ""2026年12月期 第1四半期決算説明資料"")","=HYPERLINK(""pdf_tmp/20260514/9271_1530_G-和心_2026年12月期 第1四半期決算説明資料.pdf"", ""2026年12月期 第1四半期決算説明資料"")",,,,,,6,7 19,,,,,,,,,,,,8,,,,,https://www.release.tdnet.info/inbs/140120260513531406.pdf
20260514,9310,トランスシティ,その他,"=HYPERLINK(""https://www.release.tdnet.info/inbs/140120260513530912.pdf"", ""中期経営計画の策定について"")","=HYPERLINK(""pdf_tmp/20260514/9310_1340_トランスシティ_中期経営計画の策定について.pdf"", ""中期経営計画の策定について"")",,,,,,,5,,,5,6 7,,,,,,,,,,,,,https://www.release.tdnet.info/inbs/140120260513530912.pdf
20260514,9336,大栄環境,説明資料,"=HYPERLINK(""https://www.release.tdnet.info/inbs/140120260514532649.pdf"", ""2026年3月期 決算説明資料"")","=HYPERLINK(""pdf_tmp/20260514/9336_1130_大栄環境_2026年3月期 決算説明資料.pdf"", ""2026年3月期 決算説明資料"")",,,,55,,,,,,,23,,,,,,,,,,,74,,https://www.release.tdnet.info/inbs/140120260514532649.pdf
20260514,9345,G-ビズメイツ,説明資料,"=HYPERLINK(""https://www.release.tdnet.info/inbs/140120260514532964.pdf"", ""2026年12月期 第1四半期 決算説明資料"")","=HYPERLINK(""pdf_tmp/20260514/9345_1530_G-ビズメイツ_2026年12月期 第1四半期 決算説明資料.pdf"", ""2026年12月期 第1四半期 決算説明資料"")",,,,,,,,,,,8 14,8 13,12,,,,,,,,,,,https://www.release.tdnet.info/inbs/140120260514532964.pdf
20260514,9401,TBSHD,その他,"=HYPERLINK(""https://www.release.tdnet.info/inbs/140120260513530822.pdf"", ""2025年度決算資料"")","=HYPERLINK(""pdf_tmp/20260514/9401_1630_TBSHD_2025年度決算資料.pdf"", ""2025年度決算資料"")",,,,,,,,2 25,,,16 17 41 64,,25,,,,,,,,,,,https://www.release.tdnet.info/inbs/140120260513530822.pdf
20260514,9416,ビジョン,説明資料,"=HYPERLINK(""https://www.release.tdnet.info/inbs/140120260513531044.pdf"", ""2026年12月期第1四半期決算説明資料"")","=HYPERLINK(""pdf_tmp/20260514/9416_1530_ビジョン_2026年12月期第1四半期決算説明資料.pdf"", ""2026年12月期第1四半期決算説明資料"")",,,,,,,,,,,16,,,,,40,,,,,,10,,https://www.release.tdnet.info/inbs/140120260513531044.pdf
20260514,9468,KADOKAWA,その他,"=HYPERLINK(""https://www.release.tdnet.info/inbs/140120260511523401.pdf"", ""中期経営計画 2027年3月期 - 2032年3月期"")","=HYPERLINK(""pdf_tmp/20260514/9468_1530_KADOKAWA_中期経営計画 2027年3月期 - 2032年3月期.pdf"", ""中期経営計画 2027年3月期 - 2032年3月期"")",,,,,,,,,,,25 39,,,6,,,,,13 15 19,,,,,https://www.release.tdnet.info/inbs/140120260511523401.pdf
20260514,9561,G-グラッドキューブ,その他,"=HYPERLINK(""https://www.release.tdnet.info/inbs/140120260514532056.pdf"", ""2026年12月期第1四半期 決算補足説明動画書き起こしレポート"")","=HYPERLINK(""pdf_tmp/20260514/9561_1530_G-グラッドキューブ_2026年12月期第1四半期 決算補足説明動画書き起こしレポート.pdf"", ""2026年12月期第1四半期 決算補足説明動画書き起こしレポート"")",,,,,,,15,,,,5,,,,,,,,,,,8,,https://www.release.tdnet.info/inbs/140120260514532056.pdf
20260514,9960,東テク,その他,"=HYPERLINK(""https://www.release.tdnet.info/inbs/140120260514533681.pdf"", ""中期経営計画策定に関するお知らせ"")","=HYPERLINK(""pdf_tmp/20260514/9960_1600_東テク_中期経営計画策定に関するお知らせ.pdf"", ""中期経営計画策定に関するお知らせ"")",27,,,,,1 9,18,,,,,,,,,,,,,,,,,https://www.release.tdnet.info/inbs/140120260514533681.pdf
20260514,9987,スズケン,決算短信,"=HYPERLINK(""https://www.release.tdnet.info/inbs/140120260513528833.pdf"", ""2026年3月期決算短信〔日本基準〕(連結)"")","=HYPERLINK(""pdf_tmp/20260514/9987_1500_スズケン_2026年3月期決算短信〔日本基準〕(連結).pdf"", ""2026年3月期決算短信〔日本基準〕(連結)"")",,,,4,,,,,,,7,,,,,,5,,,,,,,https://www.release.tdnet.info/inbs/140120260513528833.pdf
20260514,1332,ニッスイ,決算短信,"=HYPERLINK(""https://www.release.tdnet.info/inbs/140120260513530432.pdf"", ""2026年3月期 決算短信 〔日本基準〕(連結)"")","=HYPERLINK(""pdf_tmp/20260514/1332_1200_ニッスイ_2026年3月期 決算短信 〔日本基準〕(連結).pdf"", ""2026年3月期 決算短信 〔日本基準〕(連結)"")",,5 7,5,,,,,,,,,,,,,,,,,,,,,https://www.release.tdnet.info/inbs/140120260513530432.pdf
20260514,1332,ニッスイ,決算短信,"=HYPERLINK(""https://www.release.tdnet.info/inbs/140120260513530461.pdf"", ""2026年3月期 決算短信補足資料"")","=HYPERLINK(""pdf_tmp/20260514/1332_1200_ニッスイ_2026年3月期 決算短信補足資料.pdf"", ""2026年3月期 決算短信補足資料"")",,7 31,7 24 34 36,,,,,,,,,,,,,,,,,,,,,https://www.release.tdnet.info/inbs/140120260513530461.pdf
20260514,148A,G-ハッチ・ワーク,決算短信,"=HYPERLINK(""https://www.release.tdnet.info/inbs/140120260514533250.pdf"", ""2026年12月期 第1四半期決算短信〔日本基準〕(非連結)"")","=HYPERLINK(""pdf_tmp/20260514/148A_1530_G-ハッチ・ワーク_2026年12月期 第1四半期決算短信〔日本基準〕(非連結).pdf"", ""2026年12月期 第1四半期決算短信〔日本基準〕(非連結)"")",,,,,,,,,,,4,,,,,4,,,,,,,,https://www.release.tdnet.info/inbs/140120260514533250.pdf
20260514,149A,G-シンカ,説明資料,"=HYPERLINK(""https://www.release.tdnet.info/inbs/140120260514534535.pdf"", ""2026年12月期第1四半期決算説明資料"")","=HYPERLINK(""pdf_tmp/20260514/149A_1530_G-シンカ_2026年12月期第1四半期決算説明資料.pdf"", ""2026年12月期第1四半期決算説明資料"")",,,,,,,,,,,10 18,,,,,,,,,,,11,,https://www.release.tdnet.info/inbs/140120260514534535.pdf
20260514,155A,G-情報戦略,説明資料,"=HYPERLINK(""https://www.release.tdnet.info/inbs/140120260513530357.pdf"", ""2026年12月期 第1四半期決算説明資料"")","=HYPERLINK(""pdf_tmp/20260514/155A_1530_G-情報戦略_2026年12月期 第1四半期決算説明資料.pdf"", ""2026年12月期 第1四半期決算説明資料"")",,,,,,,,,,,8 9 18,,,11,,,,,,,,,,https://www.release.tdnet.info/inbs/140120260513530357.pdf
20260514,1736,オーテック,決算短信,"=HYPERLINK(""https://www.release.tdnet.info/inbs/140120260513527829.pdf"", ""2026年3月期 決算短信〔日本基準〕(連結)"")","=HYPERLINK(""pdf_tmp/20260514/1736_1715_オーテック_2026年3月期 決算短信〔日本基準〕(連結).pdf"", ""2026年3月期 決算短信〔日本基準〕(連結)"")",,,,5,,,,,,,,,,,,,,,6,,,,,https://www.release.tdnet.info/inbs/140120260513527829.pdf
20260514,1801,大成建,決算短信,"=HYPERLINK(""https://www.release.tdnet.info/inbs/140120260511523850.pdf"", ""2026年3月期決算短信〔日本基準〕(連結)"")","=HYPERLINK(""pdf_tmp/20260514/1801_1300_大成建_2026年3月期決算短信〔日本基準〕(連結).pdf"", ""2026年3月期決算短信〔日本基準〕(連結)"")",,,,,,,8,,,,,,,,,,,,6,,,,,https://www.release.tdnet.info/inbs/140120260511523850.pdf
20260514,1811,銭高組,決算短信,"=HYPERLINK(""https://www.release.tdnet.info/inbs/140120260513530654.pdf"", ""2026年3月期 決算短信〔日本基準〕(連結)"")","=HYPERLINK(""pdf_tmp/20260514/1811_1400_銭高組_2026年3月期 決算短信〔日本基準〕(連結).pdf"", ""2026年3月期 決算短信〔日本基準〕(連結)"")",,,,,,,,,,,5,,,,,,,,5,,,,,https://www.release.tdnet.info/inbs/140120260513530654.pdf
20260514,1914,日基礎,決算短信,"=HYPERLINK(""https://www.release.tdnet.info/inbs/140120260514533894.pdf"", ""令和8年3月期決算短信〔日本基準〕(連結)"")","=HYPERLINK(""pdf_tmp/20260514/1914_1430_日基礎_令和8年3月期決算短信〔日本基準〕(連結).pdf"", ""令和8年3月期決算短信〔日本基準〕(連結)"")",,,,,,,,,,4,,4,,,,,,,,,,,,https://www.release.tdnet.info/inbs/140120260514533894.pdf
20260514,195A,G-MUSCAT G,決算短信,"=HYPERLINK(""https://www.release.tdnet.info/inbs/140120260514533463.pdf"", ""2026年3月期 決算短信〔日本基準〕(連結)"")","=HYPERLINK(""pdf_tmp/20260514/195A_1530_G-MUSCAT G_2026年3月期 決算短信〔日本基準〕(連結).pdf"", ""2026年3月期 決算短信〔日本基準〕(連結)"")",,,,,,,,,,,,,5 17,,,,,,5,,,,,https://www.release.tdnet.info/inbs/140120260514533463.pdf
20260514,1963,日揮HD,その他,"=HYPERLINK(""https://www.release.tdnet.info/inbs/140120260513530935.pdf"", ""中期経営計画 (BSP2030)"")","=HYPERLINK(""pdf_tmp/20260514/1963_1530_日揮HD_中期経営計画 (BSP2030).pdf"", ""中期経営計画 (BSP2030)"")",,,,,,,,,,,,,,,,,,,15,,,22,,https://www.release.tdnet.info/inbs/140120260513530935.pdf
20260514,2002,日清粉G,決算短信,"=HYPERLINK(""https://www.release.tdnet.info/inbs/140120260513530641.pdf"", ""2026年3月期 決算短信〔日本基準〕(連結)"")","=HYPERLINK(""pdf_tmp/20260514/2002_1530_日清粉G_2026年3月期 決算短信〔日本基準〕(連結).pdf"", ""2026年3月期 決算短信〔日本基準〕(連結)"")",,,4 5 6,18,,,,,,,,,,,,,,,,,,,,https://www.release.tdnet.info/inbs/140120260513530641.pdf
20260514,2117,ウェルネオシュガー,決算短信,"=HYPERLINK(""https://www.release.tdnet.info/inbs/140120260501517077.pdf"", ""2026年3月期決算短信〔IFRS〕(連結)"")","=HYPERLINK(""pdf_tmp/20260514/2117_1300_ウェルネオシュガー_2026年3月期決算短信〔IFRS〕(連結).pdf"", ""2026年3月期決算短信〔IFRS〕(連結)"")",,4 5,,,,,,,,,,,,,,,,,4,,,,,https://www.release.tdnet.info/inbs/140120260501517077.pdf
20260514,2130,メンバーズ,決算短信,"=HYPERLINK(""https://www.release.tdnet.info/inbs/140120260513530494.pdf"", ""2026年3月期 決算短信〔IFRS〕(連結)"")","=HYPERLINK(""pdf_tmp/20260514/2130_1530_メンバーズ_2026年3月期 決算短信〔IFRS〕(連結).pdf"", ""2026年3月期 決算短信〔IFRS〕(連結)"")",,,,,,14,,,,,5 14,,,,,,,,,,,,,https://www.release.tdnet.info/inbs/140120260513530494.pdf
20260514,2130,メンバーズ,説明資料,"=HYPERLINK(""https://www.release.tdnet.info/inbs/140120260513530592.pdf"", ""2026年3月期 決算説明資料"")","=HYPERLINK(""pdf_tmp/20260514/2130_1530_メンバーズ_2026年3月期 決算説明資料.pdf"", ""2026年3月期 決算説明資料"")",,,,,,,,,,,4 9 10 11 13 16 19 20 26 31,4,,,,,,,,,,,,https://www.release.tdnet.info/inbs/140120260513530592.pdf
20260514,2130,メンバーズ,その他,"=HYPERLINK(""https://www.release.tdnet.info/inbs/140120260513530761.pdf"", ""新・長期ビジョン『FUTURE VISON』の策定"")","=HYPERLINK(""pdf_tmp/20260514/2130_1530_メンバーズ_新・長期ビジョン『FUTURE VISON』の策定.pdf"", ""新・長期ビジョン『FUTURE VISON』の策定"")",,,,,,,,,,,8 10,,,,,,,,2 6 8 9,,,,,https://www.release.tdnet.info/inbs/140120260513530761.pdf
20260514,2146,UTグループ,説明資料,"=HYPERLINK(""https://www.release.tdnet.info/inbs/140120260514534895.pdf"", ""2026年3月期 決算説明資料"")","=HYPERLINK(""pdf_tmp/20260514/2146_1600_UTグループ_2026年3月期 決算説明資料.pdf"", ""2026年3月期 決算説明資料"")",,,,,,,,,,43,7 10 23 28 42,,,,,,,,,,,,,https://www.release.tdnet.info/inbs/140120260514534895.pdf
20260514,2170,LINK&M,決算短信,"=HYPERLINK(""https://www.release.tdnet.info/inbs/140120260514532327.pdf"", ""2026年12月期  第1四半期決算短信〔IFRS〕(連結)"")","=HYPERLINK(""pdf_tmp/20260514/2170_1200_LINK&M_2026年12月期 第1四半期決算短信〔IFRS〕(連結).pdf"", ""2026年12月期  第1四半期決算短信〔IFRS〕(連結)"")",,,,,,,,,,,4 5 6 7 8 10,,,,,,,,,,,10,,https://www.release.tdnet.info/inbs/140120260514532327.pdf
20260514,2170,LINK&M,説明資料,"=HYPERLINK(""https://www.release.tdnet.info/inbs/140120260514532535.pdf"", ""2026年12月期第1四半期決算説明資料"")","=HYPERLINK(""pdf_tmp/20260514/2170_1200_LINK&M_2026年12月期第1四半期決算説明資料.pdf"", ""2026年12月期第1四半期決算説明資料"")",,,,,,,,,,,2 8 9 10 11 12 13 21,,,,,,,,,,,36,,https://www.release.tdnet.info/inbs/140120260514532535.pdf
20260514,2181,パーソルHD,決算短信,"=HYPERLINK(""https://www.release.tdnet.info/inbs/140120260514533700.pdf"", ""2026年3月期 決算短信〔IFRS〕(連結)"")","=HYPERLINK(""pdf_tmp/20260514/2181_1530_パーソルHD_2026年3月期 決算短信〔IFRS〕(連結).pdf"", ""2026年3月期 決算短信〔IFRS〕(連結)"")",,,,,,,,,,9,,,,,,,,,,,,10,,https://www.release.tdnet.info/inbs/140120260514533700.pdf
20260514,2181,パーソルHD,説明資料,"=HYPERLINK(""https://www.release.tdnet.info/inbs/140120260514533759.pdf"", ""2026年3月期 決算説明資料"")","=HYPERLINK(""pdf_tmp/20260514/2181_1530_パーソルHD_2026年3月期 決算説明資料.pdf"", ""2026年3月期 決算説明資料"")",,,,,,,,,,,16 18,2,,,,,,,,,,,,https://www.release.tdnet.info/inbs/140120260514533759.pdf
20260514,2207,meito,決算短信,"=HYPERLINK(""https://www.release.tdnet.info/inbs/140120260513528388.pdf"", ""2026年3月期 決算短信[日本基準](連結)"")","=HYPERLINK(""pdf_tmp/20260514/2207_1640_meito_2026年3月期 決算短信[日本基準](連結).pdf"", ""2026年3月期 決算短信[日本基準](連結)"")",,,4 5,,4,,,,,,,,,,,,,,,,,,,https://www.release.tdnet.info/inbs/140120260513528388.pdf
20260514,2269,明治HD,決算短信,"=HYPERLINK(""https://www.release.tdnet.info/inbs/140120260513529411.pdf"", ""2026年3月期 決算短信〔日本基準〕(連結)"")","=HYPERLINK(""pdf_tmp/20260514/2269_1530_明治HD_2026年3月期 決算短信〔日本基準〕(連結).pdf"", ""2026年3月期 決算短信〔日本基準〕(連結)"")",,,4 7 12 40,,,,,,,,6 7 8 9,,,,,,,,,,,,,https://www.release.tdnet.info/inbs/140120260513529411.pdf
20260514,2270,雪印メグ,決算短信,"=HYPERLINK(""https://www.release.tdnet.info/inbs/140120260514531756.pdf"", ""2026年3月期決算短信〔日本基準〕(連結)"")","=HYPERLINK(""pdf_tmp/20260514/2270_1100_雪印メグ_2026年3月期決算短信〔日本基準〕(連結).pdf"", ""2026年3月期決算短信〔日本基準〕(連結)"")",,,4 5 7,,,4,,,,,,,,,,,,,,,,,,https://www.release.tdnet.info/inbs/140120260514531756.pdf
20260514,241A,G-ROXX,説明資料,"=HYPERLINK(""https://www.release.tdnet.info/inbs/140120260511523295.pdf"", ""2026年9月期 第2四半期決算説明資料"")","=HYPERLINK(""pdf_tmp/20260514/241A_1530_G-ROXX_2026年9月期 第2四半期決算説明資料.pdf"", ""2026年9月期 第2四半期決算説明資料"")",,,,,,,,,,,6 10 20 34,,,,,,,,,,,46,,https://www.release.tdnet.info/inbs/140120260511523295.pdf
20260514,246A,G-アスア,説明資料,"=HYPERLINK(""https://www.release.tdnet.info/inbs/140120260514532498.pdf"", ""2026年6月期 第3四半期決算説明資料"")","=HYPERLINK(""pdf_tmp/20260514/246A_1600_G-アスア_2026年6月期 第3四半期決算説明資料.pdf"", ""2026年6月期 第3四半期決算説明資料"")",,,,,,,,,,,12,,,,,,,,,,,5,,https://www.release.tdnet.info/inbs/140120260514532498.pdf
20260514,2501,サッポロHD,決算短信,"=HYPERLINK(""https://www.release.tdnet.info/inbs/140120260512526589.pdf"", ""2026年12月期 第1四半期決算短信〔IFRS〕(連結)"")","=HYPERLINK(""pdf_tmp/20260514/2501_1500_サッポロHD_2026年12月期 第1四半期決算短信〔IFRS〕(連結).pdf"", ""2026年12月期 第1四半期決算短信〔IFRS〕(連結)"")",,,4 5 25 29,,,,,,,,,,,,,,,,5,,,,,https://www.release.tdnet.info/inbs/140120260512526589.pdf
20260514,259A,ケイ・ウノ,決算短信,"=HYPERLINK(""https://www.release.tdnet.info/inbs/140120260513529478.pdf"", ""2026年9月期 第2四半期(中間期)決算短信〔日本基準〕(連結)"")","=HYPERLINK(""pdf_tmp/20260514/259A_1530_ケイ・ウノ_2026年9月期 第2四半期(中間期)決算短信〔日本基準〕(連結).pdf"", ""2026年9月期 第2四半期(中間期)決算短信〔日本基準〕(連結)"")",,,4,,,,,,,,,,,,,,,,4,,,,,https://www.release.tdnet.info/inbs/140120260513529478.pdf
20260514,2613,Jオイル,その他,"=HYPERLINK(""https://www.release.tdnet.info/inbs/140120260513531102.pdf"", ""2026年3月期 通期決算概況"")","=HYPERLINK(""pdf_tmp/20260514/2613_1030_Jオイル_2026年3月期 通期決算概況.pdf"", ""2026年3月期 通期決算概況"")",,,2 13,,,,,,,2 16,,,,,,,,,,,,,,https://www.release.tdnet.info/inbs/140120260513531102.pdf
20260514,271A,P-アクセリア,予想の修正,"=HYPERLINK(""https://www.release.tdnet.info/inbs/140120260514533947.pdf"", ""通期業績予想の修正に関するお知らせ"")","=HYPERLINK(""pdf_tmp/20260514/271A_1530_P-アクセリア_通期業績予想の修正に関するお知らせ.pdf"", ""通期業績予想の修正に関するお知らせ"")",,,,,,2,,,,2,,,,,,,,,,,,,,https://www.release.tdnet.info/inbs/140120260514533947.pdf
20260514,2733,あらた,その他,"=HYPERLINK(""https://www.release.tdnet.info/inbs/140120260513531518.pdf"", ""「中期経営計画2030」の策定に関するお知らせ"")","=HYPERLINK(""pdf_tmp/20260514/2733_1530_あらた_「中期経営計画2030」の策定に関するお知らせ.pdf"", ""「中期経営計画2030」の策定に関するお知らせ"")",,,,,,,,7,,1 7 8,,,,,,,,,,,,,,https://www.release.tdnet.info/inbs/140120260513531518.pdf
20260514,2750,石光商事,決算短信,"=HYPERLINK(""https://www.release.tdnet.info/inbs/140120260513530334.pdf"", ""2026年3月期 決算短信〔日本基準〕(連結)"")","=HYPERLINK(""pdf_tmp/20260514/2750_1200_石光商事_2026年3月期 決算短信〔日本基準〕(連結).pdf"", ""2026年3月期 決算短信〔日本基準〕(連結)"")",,,4,,,,,,,,,,,,,4,,,,,,,,https://www.release.tdnet.info/inbs/140120260513530334.pdf
20260514,281A,G-インフォメティス,決算短信,"=HYPERLINK(""https://www.release.tdnet.info/inbs/140120260513527802.pdf"", ""2026年12月期第1四半期決算短信〔日本基準〕(連結)"")","=HYPERLINK(""pdf_tmp/20260514/281A_1600_G-インフォメティス_2026年12月期第1四半期決算短信〔日本基準〕(連結).pdf"", ""2026年12月期第1四半期決算短信〔日本基準〕(連結)"")",,,,,,,,,,,6,,,,,,,,6,,,,,https://www.release.tdnet.info/inbs/140120260513527802.pdf
20260514,2894,石井食,その他,"=HYPERLINK(""https://www.release.tdnet.info/inbs/140120260514533096.pdf"", ""通期連結業績予想値と実績値の差異のお知らせ"")","=HYPERLINK(""pdf_tmp/20260514/2894_1600_石井食_通期連結業績予想値と実績値の差異のお知らせ.pdf"", ""通期連結業績予想値と実績値の差異のお知らせ"")",,,1,,,,1,,,,,,,,,,,,,,,,,https://www.release.tdnet.info/inbs/140120260514533096.pdf
20260514,2938,オカムラ食品工業,決算短信,"=HYPERLINK(""https://www.release.tdnet.info/inbs/140120260513530303.pdf"", ""2026年6月期 第3四半期決算短信〔日本基準〕(連結)"")","=HYPERLINK(""pdf_tmp/20260514/2938_1400_オカムラ食品工業_2026年6月期 第3四半期決算短信〔日本基準〕(連結).pdf"", ""2026年6月期 第3四半期決算短信〔日本基準〕(連結)"")",,,,5,5,,,,,,,,,,,,,,,,,,,https://www.release.tdnet.info/inbs/140120260513530303.pdf
20260514,300A,MIC,説明資料,"=HYPERLINK(""https://www.release.tdnet.info/inbs/140120260514533799.pdf"", ""2026年3月期通期決算説明資料"")","=HYPERLINK(""pdf_tmp/20260514/300A_1600_MIC_2026年3月期通期決算説明資料.pdf"", ""2026年3月期通期決算説明資料"")",,,,,,,3,,,,3 4,,,,,,,,,,,,,https://www.release.tdnet.info/inbs/140120260514533799.pdf
20260514,3011,バナーズ,決算短信,"=HYPERLINK(""https://www.release.tdnet.info/inbs/140120260501516472.pdf"", ""2026年3月期 決算短信〔日本基準〕(連結)"")","=HYPERLINK(""pdf_tmp/20260514/3011_1530_バナーズ_2026年3月期 決算短信〔日本基準〕(連結).pdf"", ""2026年3月期 決算短信〔日本基準〕(連結)"")",,,,,4,,,,,,4,,,,,,,,,,,,,https://www.release.tdnet.info/inbs/140120260501516472.pdf
20260514,3034,クオールHD,その他,"=HYPERLINK(""https://www.release.tdnet.info/inbs/140120260514533988.pdf"", ""2026年3月期 決算説明会資料及び中期経営計画"")","=HYPERLINK(""pdf_tmp/20260514/3034_1845_クオールHD_2026年3月期 決算説明会資料及び中期経営計画.pdf"", ""2026年3月期 決算説明会資料及び中期経営計画"")",,,,,,,27,,,,,,,,,,,,,,,21 39 47,,https://www.release.tdnet.info/inbs/140120260514533988.pdf
20260514,3103,ユニチカ,決算短信,"=HYPERLINK(""https://www.release.tdnet.info/inbs/140120260513527803.pdf"", ""2026年3月期 決算短信〔日本基準〕(連結)"")","=HYPERLINK(""pdf_tmp/20260514/3103_1100_ユニチカ_2026年3月期 決算短信〔日本基準〕(連結).pdf"", ""2026年3月期 決算短信〔日本基準〕(連結)"")",,,5,,,,,,,,5,,,,,,,,,,,,,https://www.release.tdnet.info/inbs/140120260513527803.pdf
20260514,3106,クラボウ,決算短信,"=HYPERLINK(""https://www.release.tdnet.info/inbs/140120260513530445.pdf"", ""2026年3月期 決算短信〔日本基準〕(連結)"")","=HYPERLINK(""pdf_tmp/20260514/3106_1330_クラボウ_2026年3月期 決算短信〔日本基準〕(連結).pdf"", ""2026年3月期 決算短信〔日本基準〕(連結)"")",,,,,,,,,,,,,,,,,,,17,,,,6,https://www.release.tdnet.info/inbs/140120260513530445.pdf
20260514,3123,サイボー,決算短信,"=HYPERLINK(""https://www.release.tdnet.info/inbs/140120260513529925.pdf"", ""2026年3月期 決算短信〔日本基準〕(連結)"")","=HYPERLINK(""pdf_tmp/20260514/3123_1530_サイボー_2026年3月期 決算短信〔日本基準〕(連結).pdf"", ""2026年3月期 決算短信〔日本基準〕(連結)"")",,,,4,,,,,,,5,,,,,,,,,,,,,https://www.release.tdnet.info/inbs/140120260513529925.pdf
20260514,3135,マーケットエンター,説明資料,"=HYPERLINK(""https://www.release.tdnet.info/inbs/140120260514531873.pdf"", ""2026年6月期第3四半期決算説明資料"")","=HYPERLINK(""pdf_tmp/20260514/3135_1540_マーケットエンター_2026年6月期第3四半期決算説明資料.pdf"", ""2026年6月期第3四半期決算説明資料"")",,,,,,,,,,,29,,,,,,,,4 7 8 29,,,,,https://www.release.tdnet.info/inbs/140120260514531873.pdf
20260514,3138,富士山マガジン,決算短信,"=HYPERLINK(""https://www.release.tdnet.info/inbs/140120260514531704.pdf"", ""2026年12月期第1四半期決算短信〔日本基準〕(連結)"")","=HYPERLINK(""pdf_tmp/20260514/3138_1530_富士山マガジン_2026年12月期第1四半期決算短信〔日本基準〕(連結).pdf"", ""2026年12月期第1四半期決算短信〔日本基準〕(連結)"")",,,,,,,,,,,5,,,,,,,,4,,,,,https://www.release.tdnet.info/inbs/140120260514531704.pdf
20260514,3185,G-夢展望,説明資料,"=HYPERLINK(""https://www.release.tdnet.info/inbs/140120260512527371.pdf"", ""2026年3月期 決算補足説明資料"")","=HYPERLINK(""pdf_tmp/20260514/3185_1530_G-夢展望_2026年3月期 決算補足説明資料.pdf"", ""2026年3月期 決算補足説明資料"")",,,,,,,,,,,4 5 9,,,,,,,,4 5,,,,,https://www.release.tdnet.info/inbs/140120260512527371.pdf
20260514,330A,G-TalentX,説明資料,"=HYPERLINK(""https://www.release.tdnet.info/inbs/140120260514535144.pdf"", ""2026年3月期 通期決算説明資料"")","=HYPERLINK(""pdf_tmp/20260514/330A_1645_G-TalentX_2026年3月期 通期決算説明資料.pdf"", ""2026年3月期 通期決算説明資料"")",,,,,,,,,,,59,,,,,,,,,,,43,,https://www.release.tdnet.info/inbs/140120260514535144.pdf
20260514,338A,G-Zenmu,説明資料,"=HYPERLINK(""https://www.release.tdnet.info/inbs/140120260513528926.pdf"", ""2026年12月期 第1四半期 決算説明資料"")","=HYPERLINK(""pdf_tmp/20260514/338A_1530_G-Zenmu_2026年12月期 第1四半期 決算説明資料.pdf"", ""2026年12月期 第1四半期 決算説明資料"")",,,,,,,,,,,25 65,,,,,,,,,,,20,,https://www.release.tdnet.info/inbs/140120260513528926.pdf
20260514,342A,F-光貴,決算短信,"=HYPERLINK(""https://www.release.tdnet.info/inbs/140120260514533188.pdf"", ""2026年3月期 決算短信〔日本基準〕(非連結)"")","=HYPERLINK(""pdf_tmp/20260514/342A_1500_F-光貴_2026年3月期 決算短信〔日本基準〕(非連結).pdf"", ""2026年3月期 決算短信〔日本基準〕(非連結)"")",,,,,,,,,,,,5,,,,,,,4,,,,,https://www.release.tdnet.info/inbs/140120260514533188.pdf
20260514,3445,RSTECH,その他,"=HYPERLINK(""https://www.release.tdnet.info/inbs/140120260514534825.pdf"", ""2026年12月期第1四半期 決算説明 質疑応答集"")","=HYPERLINK(""pdf_tmp/20260514/3445_1600_RSTECH_2026年12月期第1四半期 決算説明 質疑応答集.pdf"", ""2026年12月期第1四半期 決算説明 質疑応答集"")",,3,,,,,,,,,,3,,,,,,,,,,,,https://www.release.tdnet.info/inbs/140120260514534825.pdf
20260514,3446,JTECCORP,決算短信,"=HYPERLINK(""https://www.release.tdnet.info/inbs/140120260514531808.pdf"", ""2026年6月期 第3四半期決算短信〔日本基準〕(連結)"")","=HYPERLINK(""pdf_tmp/20260514/3446_1430_JTECCORP_2026年6月期 第3四半期決算短信〔日本基準〕(連結).pdf"", ""2026年6月期 第3四半期決算短信〔日本基準〕(連結)"")",,,,,,,,,,,4,,,,,,,,4,,,,,https://www.release.tdnet.info/inbs/140120260514531808.pdf
20260514,3537,昭栄薬品,決算短信,"=HYPERLINK(""https://www.release.tdnet.info/inbs/140120260511523559.pdf"", ""2026年3月期 決算短信〔日本基準〕(連結)"")","=HYPERLINK(""pdf_tmp/20260514/3537_1530_昭栄薬品_2026年3月期 決算短信〔日本基準〕(連結).pdf"", ""2026年3月期 決算短信〔日本基準〕(連結)"")",,,,4,4,,,,,,,,,,,,,,,,,,,https://www.release.tdnet.info/inbs/140120260511523559.pdf
20260514,3591,ワコールHD,その他,"=HYPERLINK(""https://www.release.tdnet.info/inbs/140120260511521495.pdf"", ""2026年 3月期(累計)連結業績予想と実績との差異に関するお知らせ(IFRS)"")","=HYPERLINK(""pdf_tmp/20260514/3591_1600_ワコールHD_2026年 3月期(累計)連結業績予想と実績との差異に関するお知らせ(IFRS).pdf"", ""2026年 3月期(累計)連結業績予想と実績との差異に関するお知らせ(IFRS)"")",,,,,,,,,,,,,1,,,,,,1,,,,,https://www.release.tdnet.info/inbs/140120260511521495.pdf
20260514,3623,G-BS,説明資料,"=HYPERLINK(""https://www.release.tdnet.info/inbs/140120260514534697.pdf"", ""2026年12月期 第1四半期決算説明資料"")","=HYPERLINK(""pdf_tmp/20260514/3623_1530_G-BS_2026年12月期 第1四半期決算説明資料.pdf"", ""2026年12月期 第1四半期決算説明資料"")",,,,,,,,,,,2 5 25,,,,,,,,,,,24,,https://www.release.tdnet.info/inbs/140120260514534697.pdf
20260514,3687,フィックスターズ,説明資料,"=HYPERLINK(""https://www.release.tdnet.info/inbs/140120260514533311.pdf"", ""2026年9月期 第2四半期決算 補足説明資料"")","=HYPERLINK(""pdf_tmp/20260514/3687_1630_フィックスターズ_2026年9月期 第2四半期決算 補足説明資料.pdf"", ""2026年9月期 第2四半期決算 補足説明資料"")",,,,,,,15 16,,,,5 6 10 13 21 29,,,,,,,,,,,,,https://www.release.tdnet.info/inbs/140120260514533311.pdf
20260514,3698,CRI・MW,説明資料,"=HYPERLINK(""https://www.release.tdnet.info/inbs/140120260514533841.pdf"", ""2026年9月期上期決算補足説明資料"")","=HYPERLINK(""pdf_tmp/20260514/3698_1530_CRI・MW_2026年9月期上期決算補足説明資料.pdf"", ""2026年9月期上期決算補足説明資料"")",,,,,,,,,,,3 31 33 37,,,,,,,,,,,19 45,,https://www.release.tdnet.info/inbs/140120260514533841.pdf
20260514,3708,特種東海,決算短信,"=HYPERLINK(""https://www.release.tdnet.info/inbs/140120260401596709.pdf"", ""2026年3月期決算短信〔日本基準〕(連結)"")","=HYPERLINK(""pdf_tmp/20260514/3708_1400_特種東海_2026年3月期決算短信〔日本基準〕(連結).pdf"", ""2026年3月期決算短信〔日本基準〕(連結)"")",,,4,6,,,,,,,,,,,,,,,,,,,,https://www.release.tdnet.info/inbs/140120260401596709.pdf
20260514,3787,テクノマセマ,決算短信,"=HYPERLINK(""https://www.release.tdnet.info/inbs/140120260507518489.pdf"", ""2026年3月期 決算短信〔日本基準〕(非連結)"")","=HYPERLINK(""pdf_tmp/20260514/3787_1130_テクノマセマ_2026年3月期 決算短信〔日本基準〕(非連結).pdf"", ""2026年3月期 決算短信〔日本基準〕(非連結)"")",,,,,,,,,,,4,,,,,,,,4 6,,,,,https://www.release.tdnet.info/inbs/140120260507518489.pdf
20260514,3803,G-イメージ情,決算短信,"=HYPERLINK(""https://www.release.tdnet.info/inbs/140120260514534430.pdf"", ""2026年3月期 決算短信[日本基準](連結)"")","=HYPERLINK(""pdf_tmp/20260514/3803_1645_G-イメージ情_2026年3月期 決算短信[日本基準](連結).pdf"", ""2026年3月期 決算短信[日本基準](連結)"")",,,,,,,,,,,,,14,,,,,,4 6,,,,,https://www.release.tdnet.info/inbs/140120260514534430.pdf
20260514,3803,G-イメージ情,その他,"=HYPERLINK(""https://www.release.tdnet.info/inbs/140120260514534767.pdf"", ""特別利益(関係会社株式売却益)および特別損失(構造改革引当金繰入額)の計上ならびに2026年3月期通期連結業績予想と実績値との差異に関するお知らせ"")","=HYPERLINK(""pdf_tmp/20260514/3803_1645_G-イメージ情_特別利益(関係会社株式売却益)および特別損失(構造改革引当金繰入額)の計上ならびに2026年3月期通期連結業績予想と実績値との差異に関するお知らせ.pdf"", ""特別利益(関係会社株式売却益)および特別損失(構造改革引当金繰入額)の計上ならびに2026年3月期通期連結業績予想と実績値との差異に関するお知らせ"")",,,,,,,,1,,,,,,,,,,,1,,,,,https://www.release.tdnet.info/inbs/140120260514534767.pdf
20260514,3842,ネクストジェン,決算短信,"=HYPERLINK(""https://www.release.tdnet.info/inbs/140120260511522640.pdf"", ""2026年3月期 決算短信〔日本基準〕(連結)"")","=HYPERLINK(""pdf_tmp/20260514/3842_1600_ネクストジェン_2026年3月期 決算短信〔日本基準〕(連結).pdf"", ""2026年3月期 決算短信〔日本基準〕(連結)"")",,,,,,,,,,,4 5 6 8,,,,,,8,,,,,,,https://www.release.tdnet.info/inbs/140120260511522640.pdf
20260514,3895,ハビックス,決算短信,"=HYPERLINK(""https://www.release.tdnet.info/inbs/140120260513531059.pdf"", ""2026年3月期 決算短信〔日本基準〕(非連結)"")","=HYPERLINK(""pdf_tmp/20260514/3895_1540_ハビックス_2026年3月期 決算短信〔日本基準〕(非連結).pdf"", ""2026年3月期 決算短信〔日本基準〕(非連結)"")",,,4,,,,,,,,,,,,,,,,4,,,,,https://www.release.tdnet.info/inbs/140120260513531059.pdf
20260514,3913,GreenBee,説明資料,"=HYPERLINK(""https://www.release.tdnet.info/inbs/140120260513531487.pdf"", ""2026年12月期 第1四半期決算説明資料"")","=HYPERLINK(""pdf_tmp/20260514/3913_1300_GreenBee_2026年12月期 第1四半期決算説明資料.pdf"", ""2026年12月期 第1四半期決算説明資料"")",,,,,,13,,,,,8,,,,,,,,,,,,,https://www.release.tdnet.info/inbs/140120260513531487.pdf
20260514,3923,ラクス,決算短信,"=HYPERLINK(""https://www.release.tdnet.info/inbs/140120260514533740.pdf"", ""2026年3月期 決算短信〔日本基準〕(連結)"")","=HYPERLINK(""pdf_tmp/20260514/3923_1530_ラクス_2026年3月期 決算短信〔日本基準〕(連結).pdf"", ""2026年3月期 決算短信〔日本基準〕(連結)"")",,,4,,,,,,,,4,,,,,,,,,,,,,https://www.release.tdnet.info/inbs/140120260514533740.pdf
20260514,3936,G-グローバルウェイ,説明資料,"=HYPERLINK(""https://www.release.tdnet.info/inbs/140120260513530860.pdf"", ""2026年3月期通期 決算説明資料"")","=HYPERLINK(""pdf_tmp/20260514/3936_1600_G-グローバルウェイ_2026年3月期通期 決算説明資料.pdf"", ""2026年3月期通期 決算説明資料"")",,,,,,,,,,,2 4 7 11 17,,,,,,,,7,,,,,https://www.release.tdnet.info/inbs/140120260513530860.pdf
20260514,3937,Ubicom,決算短信,"=HYPERLINK(""https://www.release.tdnet.info/inbs/140120260514533082.pdf"", ""2026年3月期 決算短信〔日本基準〕〔連結〕"")","=HYPERLINK(""pdf_tmp/20260514/3937_1600_Ubicom_2026年3月期 決算短信〔日本基準〕〔連結〕.pdf"", ""2026年3月期 決算短信〔日本基準〕〔連結〕"")",,,,,,,,,,,5,,,,,,,,4,,,,,https://www.release.tdnet.info/inbs/140120260514533082.pdf
20260514,3962,チェンジHD,その他,"=HYPERLINK(""https://www.release.tdnet.info/inbs/140120260514533995.pdf"", ""2026年3月期決算説明及び中期経営計画の修正について"")","=HYPERLINK(""pdf_tmp/20260514/3962_1530_チェンジHD_2026年3月期決算説明及び中期経営計画の修正について.pdf"", ""2026年3月期決算説明及び中期経営計画の修正について"")",,,,,,,,,,3 5,,,,,,,,,,,,3,,https://www.release.tdnet.info/inbs/140120260514533995.pdf
20260514,3962,チェンジHD,その他,"=HYPERLINK(""https://www.release.tdnet.info/inbs/140120260514534210.pdf"", ""修正中期経営計画 Digitize & Digitalize Japan(Phase3)(2026年3月期-2030年3月期)"")","=HYPERLINK(""pdf_tmp/20260514/3962_1530_チェンジHD_修正中期経営計画 Digitize & Digitalize Japan(Phase3)(2026年3月期-2030年3月期).pdf"", ""修正中期経営計画 Digitize & Digitalize Japan(Phase3)(2026年3月期-2030年3月期)"")",,,,,,,,,,2,,,,,,,,,,,,2,,https://www.release.tdnet.info/inbs/140120260514534210.pdf
20260514,4041,日曹達,その他,"=HYPERLINK(""https://www.release.tdnet.info/inbs/140120260513529851.pdf"", ""2026年3月期 決算概要"")","=HYPERLINK(""pdf_tmp/20260514/4041_1530_日曹達_2026年3月期 決算概要.pdf"", ""2026年3月期 決算概要"")",,3 5 13,,,12,,,,,,,,,,,,,,,,,,,https://www.release.tdnet.info/inbs/140120260513529851.pdf
20260514,4054,G-日本情報C,説明資料,"=HYPERLINK(""https://www.release.tdnet.info/inbs/140120260512526133.pdf"", ""2026年6月期 第3四半期決算説明資料"")","=HYPERLINK(""pdf_tmp/20260514/4054_1530_G-日本情報C_2026年6月期 第3四半期決算説明資料.pdf"", ""2026年6月期 第3四半期決算説明資料"")",,,,,,,,,,,18 19 21,,,,,,,,,,,17 23 28 31 32 33 35 36 37,,https://www.release.tdnet.info/inbs/140120260512526133.pdf
20260514,4060,G-rakumo,説明資料,"=HYPERLINK(""https://www.release.tdnet.info/inbs/140120260416505361.pdf"", ""2026年12月期 第1四半期決算説明資料"")","=HYPERLINK(""pdf_tmp/20260514/4060_1530_G-rakumo_2026年12月期 第1四半期決算説明資料.pdf"", ""2026年12月期 第1四半期決算説明資料"")",,,3 18 19 24 28 29 30 33 37 38 45,,,,,,,,3 18 19 22 24 30 32 37 45,,,,,,,,,,,,,https://www.release.tdnet.info/inbs/140120260416505361.pdf
20260514,4102,丸尾カルシウム,決算短信,"=HYPERLINK(""https://www.release.tdnet.info/inbs/140120260514531982.pdf"", ""2026年3月期 決算短信〔日本基準〕(連結)"")","=HYPERLINK(""pdf_tmp/20260514/4102_1400_丸尾カルシウム_2026年3月期 決算短信〔日本基準〕(連結).pdf"", ""2026年3月期 決算短信〔日本基準〕(連結)"")",,,4,,,,,,,,,,,,,,,,4,,,,,https://www.release.tdnet.info/inbs/140120260514531982.pdf
20260514,4124,大阪油化工業,決算短信,"=HYPERLINK(""https://www.release.tdnet.info/inbs/140120260513530946.pdf"", ""2026年9月期 第2四半期(中間期)決算短信〔日本基準〕(連結)"")","=HYPERLINK(""pdf_tmp/20260514/4124_1600_大阪油化工業_2026年9月期 第2四半期(中間期)決算短信〔日本基準〕(連結).pdf"", ""2026年9月期 第2四半期(中間期)決算短信〔日本基準〕(連結)"")",,,,,,,,,,,4,,,,,,,,5,,,,,https://www.release.tdnet.info/inbs/140120260513530946.pdf
20260514,4177,G-i-plug,事業計画,"=HYPERLINK(""https://www.release.tdnet.info/inbs/140120260514533263.pdf"", ""2026年3月期 通期決算説明資料(事業計画及び成長可能性に関する事項)"")","=HYPERLINK(""pdf_tmp/20260514/4177_1600_G-i-plug_2026年3月期 通期決算説明資料(事業計画及び成長可能性に関する事項).pdf"", ""2026年3月期 通期決算説明資料(事業計画及び成長可能性に関する事項)"")",,,,,,,,,,4 31,5 7 14,,,,,,,,,,,,,https://www.release.tdnet.info/inbs/140120260514533263.pdf
20260514,4218,ニチバン,決算短信,"=HYPERLINK(""https://www.release.tdnet.info/inbs/140120260511523178.pdf"", ""2026年3月期 決算短信〔日本基準〕(連結)"")","=HYPERLINK(""pdf_tmp/20260514/4218_1400_ニチバン_2026年3月期 決算短信〔日本基準〕(連結).pdf"", ""2026年3月期 決算短信〔日本基準〕(連結)"")",,,4 6 17,,,,,,,,,,,,,,,6,,,,,,https://www.release.tdnet.info/inbs/140120260511523178.pdf
20260514,4224,ロンシール工,決算短信,"=HYPERLINK(""https://www.release.tdnet.info/inbs/140120260513529466.pdf"", ""2026年3月期決算短信〔日本基準〕(連結)"")","=HYPERLINK(""pdf_tmp/20260514/4224_1400_ロンシール工_2026年3月期決算短信〔日本基準〕(連結).pdf"", ""2026年3月期決算短信〔日本基準〕(連結)"")",,,6,,,6,,,,,,,,,,,,,,,,,,https://www.release.tdnet.info/inbs/140120260513529466.pdf
20260514,4251,恵和,決算短信,"=HYPERLINK(""https://www.release.tdnet.info/inbs/140120260511522825.pdf"", ""2026年12月期 第1四半期決算短信〔日本基準〕(連結)"")","=HYPERLINK(""pdf_tmp/20260514/4251_1530_恵和_2026年12月期 第1四半期決算短信〔日本基準〕(連結).pdf"", ""2026年12月期 第1四半期決算短信〔日本基準〕(連結)"")",,,,,,,,,,,4,,,,,,,,4,,,,,https://www.release.tdnet.info/inbs/140120260511522825.pdf
20260514,431A,G-ユーソナー,説明資料,"=HYPERLINK(""https://www.release.tdnet.info/inbs/140120260514532548.pdf"", ""2026年度第1四半期決算説明資料"")","=HYPERLINK(""pdf_tmp/20260514/431A_1530_G-ユーソナー_2026年度第1四半期決算説明資料.pdf"", ""2026年度第1四半期決算説明資料"")",,,,,,,,,,,50 55,,,,,,36,,,,,,,https://www.release.tdnet.info/inbs/140120260514532548.pdf
20260514,4337,ぴあ,説明資料,"=HYPERLINK(""https://www.release.tdnet.info/inbs/140120260513531142.pdf"", ""2025年度(2026年3月期)決算補足説明資料"")","=HYPERLINK(""pdf_tmp/20260514/4337_1300_ぴあ_2025年度(2026年3月期)決算補足説明資料.pdf"", ""2025年度(2026年3月期)決算補足説明資料"")",,,,,,,9,,,,9 10 11,,,,,,,,,,,,,https://www.release.tdnet.info/inbs/140120260513531142.pdf
20260514,4381,G-ビープラッツ,決算短信,"=HYPERLINK(""https://www.release.tdnet.info/inbs/140120260514532530.pdf"", ""2026年3月期 決算短信〔日本基準〕(連結)"")","=HYPERLINK(""pdf_tmp/20260514/4381_1600_G-ビープラッツ_2026年3月期 決算短信〔日本基準〕(連結).pdf"", ""2026年3月期 決算短信〔日本基準〕(連結)"")",,,,,6 15,,,,,,5 7 15,,,,,,,,,,,,,https://www.release.tdnet.info/inbs/140120260514532530.pdf
20260514,4395,G-アクリート,決算短信,"=HYPERLINK(""https://www.release.tdnet.info/inbs/140120260514533798.pdf"", ""2026年12月期 第1四半期決算短信〔日本基準〕(連結)"")","=HYPERLINK(""pdf_tmp/20260514/4395_1600_G-アクリート_2026年12月期 第1四半期決算短信〔日本基準〕(連結).pdf"", ""2026年12月期 第1四半期決算短信〔日本基準〕(連結)"")",,,,,,4 5,,,,,4,,,,,,,,,,,,,https://www.release.tdnet.info/inbs/140120260514533798.pdf
20260514,4395,G-アクリート,説明資料,"=HYPERLINK(""https://www.release.tdnet.info/inbs/140120260514534067.pdf"", ""2026年12月期第1四半期決算補足説明資料"")","=HYPERLINK(""pdf_tmp/20260514/4395_1600_G-アクリート_2026年12月期第1四半期決算補足説明資料.pdf"", ""2026年12月期第1四半期決算補足説明資料"")",,,,,,3,,,,,4 10,,,,,,,,,,,,,https://www.release.tdnet.info/inbs/140120260514534067.pdf
20260514,4418,G-JDSC,その他,"=HYPERLINK(""https://www.release.tdnet.info/inbs/140120260513530995.pdf"", ""2026年6月期 第3四半期FAQ"")","=HYPERLINK(""pdf_tmp/20260514/4418_1530_G-JDSC_2026年6月期 第3四半期FAQ.pdf"", ""2026年6月期 第3四半期FAQ"")",,,,,,,,,,,7,1,,,,,,,,,,,,https://www.release.tdnet.info/inbs/140120260513530995.pdf
20260514,4424,G-Amazia,説明資料,"=HYPERLINK(""https://www.release.tdnet.info/inbs/140120260513530783.pdf"", ""2026年9月期第2四半期 決算説明資料"")","=HYPERLINK(""pdf_tmp/20260514/4424_1530_G-Amazia_2026年9月期第2四半期 決算説明資料.pdf"", ""2026年9月期第2四半期 決算説明資料"")",,,,,,,,,,,,10,10,,,,,,,,,,,https://www.release.tdnet.info/inbs/140120260513530783.pdf
20260514,4425,G-Kudan,説明資料,"=HYPERLINK(""https://www.release.tdnet.info/inbs/140120260510521111.pdf"", ""2026年3月期 決算説明資料"")","=HYPERLINK(""pdf_tmp/20260514/4425_1530_G-Kudan_2026年3月期 決算説明資料.pdf"", ""2026年3月期 決算説明資料"")",,,,,,,4,,,,5 10,,,,,,,,,,,,,https://www.release.tdnet.info/inbs/140120260510521111.pdf
20260514,4447,G-PBシステムズ,決算短信,"=HYPERLINK(""https://www.release.tdnet.info/inbs/140120260514531898.pdf"", ""2026年9月期 第2四半期(中間期)決算短信〔日本基準〕(非連結)"")","=HYPERLINK(""pdf_tmp/20260514/4447_1530_G-PBシステムズ_2026年9月期 第2四半期(中間期)決算短信〔日本基準〕(非連結).pdf"", ""2026年9月期 第2四半期(中間期)決算短信〔日本基準〕(非連結)"")",,,,,,,,,,,4,,,,,,,,4,,,,,https://www.release.tdnet.info/inbs/140120260514531898.pdf
20260514,4447,G-PBシステムズ,その他,"=HYPERLINK(""https://www.release.tdnet.info/inbs/140120260514531938.pdf"", ""2026年9月期 第2四半期決算補足資料"")","=HYPERLINK(""pdf_tmp/20260514/4447_1530_G-PBシステムズ_2026年9月期 第2四半期決算補足資料.pdf"", ""2026年9月期 第2四半期決算補足資料"")",,,,,,,,,,4 7,8,,,,,,,,,,,,,https://www.release.tdnet.info/inbs/140120260514531938.pdf
20260514,4583,G-カイオム,その他,"=HYPERLINK(""https://www.release.tdnet.info/inbs/140120260513528262.pdf"", ""決算補足資料 2026年12月期 第1四半期"")","=HYPERLINK(""pdf_tmp/20260514/4583_1600_G-カイオム_決算補足資料 2026年12月期 第1四半期.pdf"", ""決算補足資料 2026年12月期 第1四半期"")",,,,,,,,,,,38,,,,,,,,38,,,,,https://www.release.tdnet.info/inbs/140120260513528262.pdf
20260514,4664,アールエスシー,決算短信,"=HYPERLINK(""https://www.release.tdnet.info/inbs/140120260513530962.pdf"", ""2026年3月期決算短信〔日本基準〕(連結)"")","=HYPERLINK(""pdf_tmp/20260514/4664_1545_アールエスシー_2026年3月期決算短信〔日本基準〕(連結).pdf"", ""2026年3月期決算短信〔日本基準〕(連結)"")",,,,4,,,,,,,5,,,,,,,,,,,,,https://www.release.tdnet.info/inbs/140120260513530962.pdf
20260514,4691,ワシントンホテル,決算短信,"=HYPERLINK(""https://www.release.tdnet.info/inbs/140120260514533318.pdf"", ""2026年3月期決算短信〔日本基準〕(非連結)"")","=HYPERLINK(""pdf_tmp/20260514/4691_1530_ワシントンホテル_2026年3月期決算短信〔日本基準〕(非連結).pdf"", ""2026年3月期決算短信〔日本基準〕(非連結)"")",,,,,,,,,,,6,,,,,,,,13,,,,,https://www.release.tdnet.info/inbs/140120260514533318.pdf
20260514,4705,クリップ,決算短信,"=HYPERLINK(""https://www.release.tdnet.info/inbs/140120260512524825.pdf"", ""2026年3月期 決算短信〔日本基準〕(連結)"")","=HYPERLINK(""pdf_tmp/20260514/4705_1400_クリップ_2026年3月期 決算短信〔日本基準〕(連結).pdf"", ""2026年3月期 決算短信〔日本基準〕(連結)"")",,,,,4,,,,,,,,,,,,,,4,,,,,https://www.release.tdnet.info/inbs/140120260512524825.pdf
20260514,4819,デジタルガレージ,決算短信,"=HYPERLINK(""https://www.release.tdnet.info/inbs/140120260514531916.pdf"", ""2026年3月期 決算短信〔IFRS〕(連結)"")","=HYPERLINK(""pdf_tmp/20260514/4819_1530_デジタルガレージ_2026年3月期 決算短信〔IFRS〕(連結).pdf"", ""2026年3月期 決算短信〔IFRS〕(連結)"")",,,,,,,,,,,4 5,,,,,,,,25,,,,,https://www.release.tdnet.info/inbs/140120260514531916.pdf
20260514,4838,SSSK HD,説明資料,"=HYPERLINK(""https://www.release.tdnet.info/inbs/140120260514532460.pdf"", ""2026年3月期 通期 決算説明資料"")","=HYPERLINK(""pdf_tmp/20260514/4838_1230_SSSK HD_2026年3月期 通期 決算説明資料.pdf"", ""2026年3月期 通期 決算説明資料"")",,,,,,,20,,,22,,,,,,,,,,,,,,https://www.release.tdnet.info/inbs/140120260514532460.pdf
20260514,4884,G-クリングル,その他,"=HYPERLINK(""https://www.release.tdnet.info/inbs/140120260514534086.pdf"", ""2026年9月期 第2四半期決算説明会資料"")","=HYPERLINK(""pdf_tmp/20260514/4884_1630_G-クリングル_2026年9月期 第2四半期決算説明会資料.pdf"", ""2026年9月期 第2四半期決算説明会資料"")",,,,,,,,,,,,,,,,,,,26,,16,,,https://www.release.tdnet.info/inbs/140120260514534086.pdf
20260514,4890,G-坪田ラボ,その他,"=HYPERLINK(""https://www.release.tdnet.info/inbs/140120260514533516.pdf"", ""2026年3月期決算説明会資料"")","=HYPERLINK(""pdf_tmp/20260514/4890_1530_G-坪田ラボ_2026年3月期決算説明会資料.pdf"", ""2026年3月期決算説明会資料"")",,,,,,,,5,,5 6,,,,,,,,,,,,,,https://www.release.tdnet.info/inbs/140120260514533516.pdf
20260514,4922,コーセーHD,決算短信,"=HYPERLINK(""https://www.release.tdnet.info/inbs/140120260514533529.pdf"", ""2026年12月期第1四半期決算短信〔日本基準〕(連結)"")","=HYPERLINK(""pdf_tmp/20260514/4922_1530_コーセーHD_2026年12月期第1四半期決算短信〔日本基準〕(連結).pdf"", ""2026年12月期第1四半期決算短信〔日本基準〕(連結)"")",,,5,,,,,,,,,,,,5,,,,,,,,,https://www.release.tdnet.info/inbs/140120260514533529.pdf
20260514,4937,G-Waqoo,説明資料,"=HYPERLINK(""https://www.release.tdnet.info/inbs/140120260514535215.pdf"", ""2026年9月期 第2四半期 決算補足説明資料"")","=HYPERLINK(""pdf_tmp/20260514/4937_1720_G-Waqoo_2026年9月期 第2四半期 決算補足説明資料.pdf"", ""2026年9月期 第2四半期 決算補足説明資料"")",,,,,,,3 5,,,,11,,,,,,,,,,,,,https://www.release.tdnet.info/inbs/140120260514535215.pdf
20260514,4978,G-リプロセル,決算短信,"=HYPERLINK(""https://www.release.tdnet.info/inbs/140120260514533107.pdf"", ""2026年3月期 決算短信[日本基準](連結)"")","=HYPERLINK(""pdf_tmp/20260514/4978_1530_G-リプロセル_2026年3月期 決算短信[日本基準](連結).pdf"", ""2026年3月期 決算短信[日本基準](連結)"")",,,,,,,,,,,4 5,,,,,,,,6 8,,,,,https://www.release.tdnet.info/inbs/140120260514533107.pdf
20260514,5020,ENEOS,その他,"=HYPERLINK(""https://www.release.tdnet.info/inbs/140120260514533099.pdf"", ""2025年度決算および2026年度業績見通し"")","=HYPERLINK(""pdf_tmp/20260514/5020_1300_ENEOS_2025年度決算および2026年度業績見通し.pdf"", ""2025年度決算および2026年度業績見通し"")",,,,,,,,,,,11 12,,,,,,,,32 33 39 40,,,,,https://www.release.tdnet.info/inbs/140120260514533099.pdf
20260514,5020,ENEOS,決算短信,"=HYPERLINK(""https://www.release.tdnet.info/inbs/140120260512526455.pdf"", ""2026年3月期決算短信〔IFRS〕(連結)"")","=HYPERLINK(""pdf_tmp/20260514/5020_1300_ENEOS_2026年3月期決算短信〔IFRS〕(連結).pdf"", ""2026年3月期決算短信〔IFRS〕(連結)"")",,6,,,,,,,,,,,,,,,,,5,,,,,https://www.release.tdnet.info/inbs/140120260512526455.pdf
20260514,5029,G-サークレイス,説明資料,"=HYPERLINK(""https://www.release.tdnet.info/inbs/140120260513530142.pdf"", ""2026年3月期通期決算説明資料"")","=HYPERLINK(""pdf_tmp/20260514/5029_1600_G-サークレイス_2026年3月期通期決算説明資料.pdf"", ""2026年3月期通期決算説明資料"")",,,,,,,,,,,40 42 43 58 59 63 65 66,,70,,,,,,,,,,,https://www.release.tdnet.info/inbs/140120260513530142.pdf
20260514,5029,G-サークレイス,事業計画,"=HYPERLINK(""https://www.release.tdnet.info/inbs/140120260513530221.pdf"", ""事業計画及び成長可能性に関する事項"")","=HYPERLINK(""pdf_tmp/20260514/5029_1600_G-サークレイス_事業計画及び成長可能性に関する事項.pdf"", ""事業計画及び成長可能性に関する事項"")",,,,,,,,,,,23 24,,,,,,,,45,,,,,https://www.release.tdnet.info/inbs/140120260513530221.pdf
20260514,5033,G-ヌーラボ,決算短信,"=HYPERLINK(""https://www.release.tdnet.info/inbs/140120260513531311.pdf"", ""2026年3月期 決算短信〔日本基準〕(連結)"")","=HYPERLINK(""pdf_tmp/20260514/5033_1530_G-ヌーラボ_2026年3月期 決算短信〔日本基準〕(連結).pdf"", ""2026年3月期 決算短信〔日本基準〕(連結)"")",,,,4,,,,,,,5,,,,,,,,,,,,,https://www.release.tdnet.info/inbs/140120260513531311.pdf
20260514,5038,G-eWeLL,その他,"=HYPERLINK(""https://www.release.tdnet.info/inbs/140120260514534518.pdf"", ""2026年12月期 第1四半期決算説明会資料"")","=HYPERLINK(""pdf_tmp/20260514/5038_1531_G-eWeLL_2026年12月期 第1四半期決算説明会資料.pdf"", ""2026年12月期 第1四半期決算説明会資料"")",,,,,,,,,,,8,,,,,,,,4,,,,,https://www.release.tdnet.info/inbs/140120260514534518.pdf
20260514,5122,オカモト,決算短信,"=HYPERLINK(""https://www.release.tdnet.info/inbs/140120260512526076.pdf"", ""2026年3月期決算短信〔日本基準〕(連結)"")","=HYPERLINK(""pdf_tmp/20260514/5122_1600_オカモト_2026年3月期決算短信〔日本基準〕(連結).pdf"", ""2026年3月期決算短信〔日本基準〕(連結)"")",,,4,,,,,,,,,,,,,,,,,,,7,,https://www.release.tdnet.info/inbs/140120260512526076.pdf
20260514,5138,G-Rebase,説明資料,"=HYPERLINK(""https://www.release.tdnet.info/inbs/140120260514533852.pdf"", ""2026年3月期 通期 決算説明資料"")","=HYPERLINK(""pdf_tmp/20260514/5138_1530_G-Rebase_2026年3月期 通期 決算説明資料.pdf"", ""2026年3月期 通期 決算説明資料"")",,,,,,,2,,,,23,,,,,,,,,,,,,https://www.release.tdnet.info/inbs/140120260514533852.pdf
20260514,5161,西川ゴム,決算短信,"=HYPERLINK(""https://www.release.tdnet.info/inbs/140120260514533317.pdf"", ""2026年3月期 決算短信〔日本基準〕(連結)"")","=HYPERLINK(""pdf_tmp/20260514/5161_1630_西川ゴム_2026年3月期 決算短信〔日本基準〕(連結).pdf"", ""2026年3月期 決算短信〔日本基準〕(連結)"")",,4,,,,,,,,,4,,,,,,,,,,,,,https://www.release.tdnet.info/inbs/140120260514533317.pdf
20260514,5162,朝日ラバー,その他,"=HYPERLINK(""https://www.release.tdnet.info/inbs/140120260513531494.pdf"", ""第15次中期経営計画の策定に関するお知らせ"")","=HYPERLINK(""pdf_tmp/20260514/5162_1315_朝日ラバー_第15次中期経営計画の策定に関するお知らせ.pdf"", ""第15次中期経営計画の策定に関するお知らせ"")",,3,,,,,,,,,4,,,,,,,,,,,,,https://www.release.tdnet.info/inbs/140120260513531494.pdf
20260514,519A,G-ベーシック,その他,"=HYPERLINK(""https://www.release.tdnet.info/inbs/140120260514532247.pdf"", ""2026年12月期 第1四半期決算に関する質疑応答(要旨)"")","=HYPERLINK(""pdf_tmp/20260514/519A_1200_G-ベーシック_2026年12月期 第1四半期決算に関する質疑応答(要旨).pdf"", ""2026年12月期 第1四半期決算に関する質疑応答(要旨)"")",,,,,2,2,,,,,,,,,,,,,,,,,,https://www.release.tdnet.info/inbs/140120260514532247.pdf
20260514,5253,G-カバー,説明資料,"=HYPERLINK(""https://www.release.tdnet.info/inbs/140120260514534184.pdf"", ""2026年3月期 決算説明資料"")","=HYPERLINK(""pdf_tmp/20260514/5253_1530_G-カバー_2026年3月期 決算説明資料.pdf"", ""2026年3月期 決算説明資料"")",,,,,,,,,,,15,5,,,,,,,,,,,,https://www.release.tdnet.info/inbs/140120260514534184.pdf
20260514,5258,G-TMN,説明資料,"=HYPERLINK(""https://www.release.tdnet.info/inbs/140120260512524584.pdf"", ""2026年3月期 決算説明資料"")","=HYPERLINK(""pdf_tmp/20260514/5258_1530_G-TMN_2026年3月期 決算説明資料.pdf"", ""2026年3月期 決算説明資料"")",,,,,,,,,,,9 48 53,,,,,,,,51,,,,,https://www.release.tdnet.info/inbs/140120260512524584.pdf
20260514,5285,ヤマックス,決算短信,"=HYPERLINK(""https://www.release.tdnet.info/inbs/140120260513530827.pdf"", ""2026年3月期 決算短信〔日本基準〕(連結)"")","=HYPERLINK(""pdf_tmp/20260514/5285_1400_ヤマックス_2026年3月期 決算短信〔日本基準〕(連結).pdf"", ""2026年3月期 決算短信〔日本基準〕(連結)"")",,,,6,,,,,,,6,,,,,,,,,,,,,https://www.release.tdnet.info/inbs/140120260513530827.pdf
20260514,543A,ARCHION,その他,"=HYPERLINK(""https://www.release.tdnet.info/inbs/140120260514534623.pdf"", ""上場廃止となった子会社(日野自動車株式会社)に関する決算開示について"")","=HYPERLINK(""pdf_tmp/20260514/543A_1530_ARCHION_上場廃止となった子会社(日野自動車株式会社)に関する決算開示について.pdf"", ""上場廃止となった子会社(日野自動車株式会社)に関する決算開示について"")",,,,,,,,,,,3 5,,,,,5,,,,,,,,https://www.release.tdnet.info/inbs/140120260514534623.pdf
20260514,5579,GSI,その他,"=HYPERLINK(""https://www.release.tdnet.info/inbs/140120260514531795.pdf"", ""通期連結業績予想に関するお知らせ"")","=HYPERLINK(""pdf_tmp/20260514/5579_0930_GSI_通期連結業績予想に関するお知らせ.pdf"", ""通期連結業績予想に関するお知らせ"")",,,,,,,,,,,1,,1,,,,,,,,,,,https://www.release.tdnet.info/inbs/140120260514531795.pdf
20260514,5589,オートサーバー,説明資料,"=HYPERLINK(""https://www.release.tdnet.info/inbs/140120260513529208.pdf"", ""2026年12月期第1四半期決算説明資料"")","=HYPERLINK(""pdf_tmp/20260514/5589_1600_オートサーバー_2026年12月期第1四半期決算説明資料.pdf"", ""2026年12月期第1四半期決算説明資料"")",,,,,,,,,,,42,,,,,,,,29,,,,,https://www.release.tdnet.info/inbs/140120260513529208.pdf
20260514,5644,メタルアート,その他,"=HYPERLINK(""https://www.release.tdnet.info/inbs/140120260514531919.pdf"", ""通期業績予想値と実績値との差異に関するお知らせ"")","=HYPERLINK(""pdf_tmp/20260514/5644_1930_メタルアート_通期業績予想値と実績値との差異に関するお知らせ.pdf"", ""通期業績予想値と実績値との差異に関するお知らせ"")",,1,,1,,,,,,,,,,,,,,,,,,,,https://www.release.tdnet.info/inbs/140120260514531919.pdf
20260514,5658,日亜鋼,決算短信,"=HYPERLINK(""https://www.release.tdnet.info/inbs/140120260513530584.pdf"", ""2026年3月期 決算短信〔日本基準〕(連結)"")","=HYPERLINK(""pdf_tmp/20260514/5658_1400_日亜鋼_2026年3月期 決算短信〔日本基準〕(連結).pdf"", ""2026年3月期 決算短信〔日本基準〕(連結)"")",,,,,,,,,,,6,,,,,,,,6,,,,,https://www.release.tdnet.info/inbs/140120260513530584.pdf
20260514,5698,エンビプロHD,決算短信,"=HYPERLINK(""https://www.release.tdnet.info/inbs/140120260511521665.pdf"", ""2026年6月期第3四半期決算短信〔日本基準〕(連結)"")","=HYPERLINK(""pdf_tmp/20260514/5698_1600_エンビプロHD_2026年6月期第3四半期決算短信〔日本基準〕(連結).pdf"", ""2026年6月期第3四半期決算短信〔日本基準〕(連結)"")",,,,,,,,,,,5,,,,,,,,,,,5,,https://www.release.tdnet.info/inbs/140120260511521665.pdf
20260514,5707,東邦鉛,決算短信,"=HYPERLINK(""https://www.release.tdnet.info/inbs/140120260513531015.pdf"", ""2026年3月期 決算短信[日本基準](連結)"")","=HYPERLINK(""pdf_tmp/20260514/5707_1530_東邦鉛_2026年3月期 決算短信[日本基準](連結).pdf"", ""2026年3月期 決算短信[日本基準](連結)"")",,,,,10,,,,,,,,,,,,,,5 6,,,,,https://www.release.tdnet.info/inbs/140120260513531015.pdf
20260514,5714,DOWA,決算短信,"=HYPERLINK(""https://www.release.tdnet.info/inbs/140120260512527418.pdf"", ""2026年3月期 決算短信〔日本基準〕(連結)"")","=HYPERLINK(""pdf_tmp/20260514/5714_1530_DOWA_2026年3月期 決算短信〔日本基準〕(連結).pdf"", ""2026年3月期 決算短信〔日本基準〕(連結)"")",,7,,,,,,,,,,,,,,,,,4 5 7,,,,,https://www.release.tdnet.info/inbs/140120260512527418.pdf
20260514,5721,エスクリプトエナジー,決算短信,"=HYPERLINK(""https://www.release.tdnet.info/inbs/140120260514534242.pdf"", ""2026年3月期決算短信〔日本基準〕(非連結)"")","=HYPERLINK(""pdf_tmp/20260514/5721_1630_エスクリプトエナジー_2026年3月期決算短信〔日本基準〕(非連結).pdf"", ""2026年3月期決算短信〔日本基準〕(非連結)"")",,,,,,,,,,,4,,,,,,,,6,,,,,https://www.release.tdnet.info/inbs/140120260514534242.pdf
20260514,5858,G-STG,説明資料,"=HYPERLINK(""https://www.release.tdnet.info/inbs/140120260514532808.pdf"", ""2026年3月期 決算説明資料"")","=HYPERLINK(""pdf_tmp/20260514/5858_1400_G-STG_2026年3月期 決算説明資料.pdf"", ""2026年3月期 決算説明資料"")",,17 21,,,,,,,,,17 20 23,,,,,,,,,,,,,https://www.release.tdnet.info/inbs/140120260514532808.pdf
20260514,5884,G-クラダシ,説明資料,"=HYPERLINK(""https://www.release.tdnet.info/inbs/140120260514533980.pdf"", ""2026年6月期 第3四半期 決算説明資料"")","=HYPERLINK(""pdf_tmp/20260514/5884_1530_G-クラダシ_2026年6月期 第3四半期 決算説明資料.pdf"", ""2026年6月期 第3四半期 決算説明資料"")",,,,,,,,,,,14 19 21 22 23,,,,,,,,16,,,,,https://www.release.tdnet.info/inbs/140120260514533980.pdf
20260514,5986,モリテック,決算短信,"=HYPERLINK(""https://www.release.tdnet.info/inbs/140120260508520584.pdf"", ""2026年3月期 決算短信〔日本基準〕(連結)"")","=HYPERLINK(""pdf_tmp/20260514/5986_1400_モリテック_2026年3月期 決算短信〔日本基準〕(連結).pdf"", ""2026年3月期 決算短信〔日本基準〕(連結)"")",,,6,,,,,,,,,,,,,6,,,,,,,,https://www.release.tdnet.info/inbs/140120260508520584.pdf
20260514,5989,エイチワン,決算短信,"=HYPERLINK(""https://www.release.tdnet.info/inbs/140120260512527447.pdf"", ""2026年3月期 決算短信〔IFRS〕(連結)"")","=HYPERLINK(""pdf_tmp/20260514/5989_1600_エイチワン_2026年3月期 決算短信〔IFRS〕(連結).pdf"", ""2026年3月期 決算短信〔IFRS〕(連結)"")",13 14,,,,,,,,,,4,,,,,,,,,,,,,https://www.release.tdnet.info/inbs/140120260512527447.pdf
20260514,5994,ファインシンター,決算短信,"=HYPERLINK(""https://www.release.tdnet.info/inbs/140120260514532267.pdf"", ""2026年3月期決算短信〔日本基準〕(連結)"")","=HYPERLINK(""pdf_tmp/20260514/5994_1600_ファインシンター_2026年3月期決算短信〔日本基準〕(連結).pdf"", ""2026年3月期決算短信〔日本基準〕(連結)"")",,4,,,,,,,,,6,,,,,,,,,,,,,https://www.release.tdnet.info/inbs/140120260514532267.pdf
20260514,6013,タクマ,決算短信,"=HYPERLINK(""https://www.release.tdnet.info/inbs/140120260513531349.pdf"", ""2026年3月期決算短信〔日本基準〕(連結)"")","=HYPERLINK(""pdf_tmp/20260514/6013_1530_タクマ_2026年3月期決算短信〔日本基準〕(連結).pdf"", ""2026年3月期決算短信〔日本基準〕(連結)"")",,,,,,,,,,,4,,,,,,,,7,,,,,https://www.release.tdnet.info/inbs/140120260513531349.pdf
20260514,6013,タクマ,説明資料,"=HYPERLINK(""https://www.release.tdnet.info/inbs/140120260514532192.pdf"", ""2026年3月期決算補足説明資料"")","=HYPERLINK(""pdf_tmp/20260514/6013_1530_タクマ_2026年3月期決算補足説明資料.pdf"", ""2026年3月期決算補足説明資料"")",,,,,,,21,,,,2 14,,,,,,,,,,,,,https://www.release.tdnet.info/inbs/140120260514532192.pdf
20260514,6063,EAJ,決算短信,"=HYPERLINK(""https://www.release.tdnet.info/inbs/140120260513528462.pdf"", ""2026年12月期 第1四半期決算短信〔日本基準〕(連結)"")","=HYPERLINK(""pdf_tmp/20260514/6063_1500_EAJ_2026年12月期 第1四半期決算短信〔日本基準〕(連結).pdf"", ""2026年12月期 第1四半期決算短信〔日本基準〕(連結)"")",6,,5,,,,,,,,,,,,,,,,,,,,,https://www.release.tdnet.info/inbs/140120260513528462.pdf
20260514,6069,G-Trends,その他,"=HYPERLINK(""https://www.release.tdnet.info/inbs/140120260514532447.pdf"", ""2026年3月期 決算における想定質問と回答"")","=HYPERLINK(""pdf_tmp/20260514/6069_1530_G-Trends_2026年3月期 決算における想定質問と回答.pdf"", ""2026年3月期 決算における想定質問と回答"")",,,,,,,,1,,,1 3 5,,,,,,,,,,,,,https://www.release.tdnet.info/inbs/140120260514532447.pdf
20260514,6089,ウィルグループ,決算短信,"=HYPERLINK(""https://www.release.tdnet.info/inbs/140120260514531746.pdf"", ""2026年3月期 決算短信〔IFRS〕(連結)"")","=HYPERLINK(""pdf_tmp/20260514/6089_1530_ウィルグループ_2026年3月期 決算短信〔IFRS〕(連結).pdf"", ""2026年3月期 決算短信〔IFRS〕(連結)"")",,,,,,,,,,,4,,,,,,,,7,,,,,https://www.release.tdnet.info/inbs/140120260514531746.pdf
20260514,6089,ウィルグループ,その他,"=HYPERLINK(""https://www.release.tdnet.info/inbs/140120260514531749.pdf"", ""2026年3月期 決算補足資料"")","=HYPERLINK(""pdf_tmp/20260514/6089_1530_ウィルグループ_2026年3月期 決算補足資料.pdf"", ""2026年3月期 決算補足資料"")",,,,,,,,,,13,4 5 6 12 13 17 20 39,,,,,,,,,,,,,https://www.release.tdnet.info/inbs/140120260514531749.pdf
20260514,6134,FUJI,説明資料,"=HYPERLINK(""https://www.release.tdnet.info/inbs/140120260514534657.pdf"", ""2026年3月期 決算説明資料"")","=HYPERLINK(""pdf_tmp/20260514/6134_1530_FUJI_2026年3月期 決算説明資料.pdf"", ""2026年3月期 決算説明資料"")",,,,,,,,,,,,,,,,,,11,,,,20,,https://www.release.tdnet.info/inbs/140120260514534657.pdf
20260514,6166,G-中村超硬,決算短信,"=HYPERLINK(""https://www.release.tdnet.info/inbs/140120260513530606.pdf"", ""2026年3月期決算短信〔日本基準〕(連結)"")","=HYPERLINK(""pdf_tmp/20260514/6166_1530_G-中村超硬_2026年3月期決算短信〔日本基準〕(連結).pdf"", ""2026年3月期決算短信〔日本基準〕(連結)"")",,,,,,,,,,,6,,,,,4,,,,,,,,https://www.release.tdnet.info/inbs/140120260513530606.pdf
20260514,6176,ブランジスタ,決算短信,"=HYPERLINK(""https://www.release.tdnet.info/inbs/140120260514533905.pdf"", ""2026年9月期 第2四半期決算短信〔日本基準〕(連結)"")","=HYPERLINK(""pdf_tmp/20260514/6176_1530_ブランジスタ_2026年9月期 第2四半期決算短信〔日本基準〕(連結).pdf"", ""2026年9月期 第2四半期決算短信〔日本基準〕(連結)"")",,,,,,,6,,,,,,,,,,,,4,,,,,https://www.release.tdnet.info/inbs/140120260514533905.pdf
20260514,6177,G-AppBank,説明資料,"=HYPERLINK(""https://www.release.tdnet.info/inbs/140120260514534706.pdf"", ""2026年12月期第1四半期決算説明資料"")","=HYPERLINK(""pdf_tmp/20260514/6177_1600_G-AppBank_2026年12月期第1四半期決算説明資料.pdf"", ""2026年12月期第1四半期決算説明資料"")",,,,,,,,,,,27,,,,,,,,2 13,,,,,https://www.release.tdnet.info/inbs/140120260514534706.pdf
20260514,6232,G-ACSL,説明資料,"=HYPERLINK(""https://www.release.tdnet.info/inbs/140120260514533895.pdf"", ""2026年12月期 第1四半期決算説明資料"")","=HYPERLINK(""pdf_tmp/20260514/6232_1530_G-ACSL_2026年12月期 第1四半期決算説明資料.pdf"", ""2026年12月期 第1四半期決算説明資料"")",,,,,,,,,,,7 8 11 33,,,,,,,,2 6 8,,,,,https://www.release.tdnet.info/inbs/140120260514533895.pdf
20260514,6238,フリュー,説明資料,"=HYPERLINK(""https://www.release.tdnet.info/inbs/140120260514532799.pdf"", ""2026年3月期 決算説明資料"")","=HYPERLINK(""pdf_tmp/20260514/6238_1600_フリュー_2026年3月期 決算説明資料.pdf"", ""2026年3月期 決算説明資料"")",,,,,,,,,,,10 11 12,27,,,,,,,,,,,,https://www.release.tdnet.info/inbs/140120260514532799.pdf
20260514,6286,靜甲,決算短信,"=HYPERLINK(""https://www.release.tdnet.info/inbs/140120260514533268.pdf"", ""2026年3月期  決算短信〔日本基準〕(連結)"")","=HYPERLINK(""pdf_tmp/20260514/6286_1530_靜甲_2026年3月期 決算短信〔日本基準〕(連結).pdf"", ""2026年3月期  決算短信〔日本基準〕(連結)"")",,4,,,,,,,,,,,,,,4,,,,,,,,https://www.release.tdnet.info/inbs/140120260514533268.pdf
20260514,6294,オカダアイヨン,その他,"=HYPERLINK(""https://www.release.tdnet.info/inbs/140120260513531360.pdf"", ""中期経営計画「Onyx(オニキス)」策定のお知らせ"")","=HYPERLINK(""pdf_tmp/20260514/6294_1530_オカダアイヨン_中期経営計画「Onyx(オニキス)」策定のお知らせ.pdf"", ""中期経営計画「Onyx(オニキス)」策定のお知らせ"")",,,,,,,,,,,,,,,,,,,,,5,21,,https://www.release.tdnet.info/inbs/140120260513531360.pdf
20260514,6316,丸山製,説明資料,"=HYPERLINK(""https://www.release.tdnet.info/inbs/140120260514533767.pdf"", ""2026年9月期 第2四半期(中間期)決算説明資料"")","=HYPERLINK(""pdf_tmp/20260514/6316_1400_丸山製_2026年9月期 第2四半期(中間期)決算説明資料.pdf"", ""2026年9月期 第2四半期(中間期)決算説明資料"")",,11 20 27,,,21,,,,,,,,,,,,,,,,,,,https://www.release.tdnet.info/inbs/140120260514533767.pdf
20260514,6330,洋エンジ,その他,"=HYPERLINK(""https://www.release.tdnet.info/inbs/140120260513529588.pdf"", ""2026年3月期 (FY2025) 決算概要"")","=HYPERLINK(""pdf_tmp/20260514/6330_1130_洋エンジ_2026年3月期 (FY2025) 決算概要.pdf"", ""2026年3月期 (FY2025) 決算概要"")",,,,,,,,,,,3,,,,,,,,3,,,,,https://www.release.tdnet.info/inbs/140120260513529588.pdf
20260514,6330,洋エンジ,決算短信,"=HYPERLINK(""https://www.release.tdnet.info/inbs/140120260513529468.pdf"", ""2026年3月期決算短信〔日本基準〕(連結)"")","=HYPERLINK(""pdf_tmp/20260514/6330_1130_洋エンジ_2026年3月期決算短信〔日本基準〕(連結).pdf"", ""2026年3月期決算短信〔日本基準〕(連結)"")",,,,,,,,,,,,,,,,7,,,5 6 7 9,,,,,https://www.release.tdnet.info/inbs/140120260513529468.pdf
20260514,6338,タカトリ,決算短信,"=HYPERLINK(""https://www.release.tdnet.info/inbs/140120260513531461.pdf"", ""2026年9月期 第2四半期(中間期)決算短信〔日本基準〕(連結)"")","=HYPERLINK(""pdf_tmp/20260514/6338_1530_タカトリ_2026年9月期 第2四半期(中間期)決算短信〔日本基準〕(連結).pdf"", ""2026年9月期 第2四半期(中間期)決算短信〔日本基準〕(連結)"")",,,,4,,,,,,,,,4,,,,,,,,,,,https://www.release.tdnet.info/inbs/140120260513531461.pdf
20260514,6370,栗田工,その他,"=HYPERLINK(""https://www.release.tdnet.info/inbs/140120260514534103.pdf"", ""2026年3月期 決算説明会資料"")","=HYPERLINK(""pdf_tmp/20260514/6370_1530_栗田工_2026年3月期 決算説明会資料.pdf"", ""2026年3月期 決算説明会資料"")",,,,,,,,,,,,,,,,,,,19 21,,,41,,https://www.release.tdnet.info/inbs/140120260514534103.pdf
20260514,6380,オリチエン工業,決算短信,"=HYPERLINK(""https://www.release.tdnet.info/inbs/140120260514533747.pdf"", ""2026年3月期 決算短信〔日本基準〕(連結)"")","=HYPERLINK(""pdf_tmp/20260514/6380_1600_オリチエン工業_2026年3月期 決算短信〔日本基準〕(連結).pdf"", ""2026年3月期 決算短信〔日本基準〕(連結)"")",,,,4 6,,,,,,,4 6,,,,,,,,,,,,,https://www.release.tdnet.info/inbs/140120260514533747.pdf
20260514,6380,オリチエン工業,その他,"=HYPERLINK(""https://www.release.tdnet.info/inbs/140120260514534803.pdf"", ""特別損失の計上、法人税等調整額(益)及び通期業績予想値と実績値の差異に関するお知らせ"")","=HYPERLINK(""pdf_tmp/20260514/6380_1600_オリチエン工業_特別損失の計上、法人税等調整額(益)及び通期業績予想値と実績値の差異に関するお知らせ.pdf"", ""特別損失の計上、法人税等調整額(益)及び通期業績予想値と実績値の差異に関するお知らせ"")",,,,2,,,,,,,2,,,,,,,,,,,,,https://www.release.tdnet.info/inbs/140120260514534803.pdf
20260514,6390,加藤製,説明資料,"=HYPERLINK(""https://www.release.tdnet.info/inbs/140120260513530905.pdf"", ""2026年3月期決算説明資料"")","=HYPERLINK(""pdf_tmp/20260514/6390_1530_加藤製_2026年3月期決算説明資料.pdf"", ""2026年3月期決算説明資料"")",,,,,,,,,,,,,,,15,,,,6 14,,,,,https://www.release.tdnet.info/inbs/140120260513530905.pdf
20260514,6425,ユニバーサル,決算短信,"=HYPERLINK(""https://www.release.tdnet.info/inbs/140120260514534382.pdf"", ""2026年12月期 第1四半期決算短信〔日本基準〕(連結)"")","=HYPERLINK(""pdf_tmp/20260514/6425_1630_ユニバーサル_2026年12月期 第1四半期決算短信〔日本基準〕(連結).pdf"", ""2026年12月期 第1四半期決算短信〔日本基準〕(連結)"")",,,,,,,,4,,,,,,,,4,,,,,,,,https://www.release.tdnet.info/inbs/140120260514534382.pdf
20260514,6472,NTN,決算短信,"=HYPERLINK(""https://www.release.tdnet.info/inbs/140120260511521289.pdf"", ""2026年3月期決算短信〔日本基準〕(連結)"")","=HYPERLINK(""pdf_tmp/20260514/6472_1600_NTN_2026年3月期決算短信〔日本基準〕(連結).pdf"", ""2026年3月期決算短信〔日本基準〕(連結)"")",,,,,,,,,,,,,,,,5,,,20,,,,,https://www.release.tdnet.info/inbs/140120260511521289.pdf
20260514,6508,明電舎,決算短信,"=HYPERLINK(""https://www.release.tdnet.info/inbs/140120260513530176.pdf"", ""2026年3月期決算短信〔日本基準〕(連結)"")","=HYPERLINK(""pdf_tmp/20260514/6508_1530_明電舎_2026年3月期決算短信〔日本基準〕(連結).pdf"", ""2026年3月期決算短信〔日本基準〕(連結)"")",,,,,5,,,,,,,,,,,,,,4 5,,,,,https://www.release.tdnet.info/inbs/140120260513530176.pdf
20260514,6517,デンヨー,決算短信,"=HYPERLINK(""https://www.release.tdnet.info/inbs/140120260512525611.pdf"", ""2026年3月期 決算短信〔日本基準〕(連結)"")","=HYPERLINK(""pdf_tmp/20260514/6517_1400_デンヨー_2026年3月期 決算短信〔日本基準〕(連結).pdf"", ""2026年3月期 決算短信〔日本基準〕(連結)"")",,,,,,,,,,,,,,,,,,,,,8,9,,https://www.release.tdnet.info/inbs/140120260512525611.pdf
20260514,6571,キュービーネットHD,決算短信,"=HYPERLINK(""https://www.release.tdnet.info/inbs/140120260513531531.pdf"", ""2026年6月期 第3四半期決算短信〔IFRS〕(連結)"")","=HYPERLINK(""pdf_tmp/20260514/6571_1700_キュービーネットHD_2026年6月期 第3四半期決算短信〔IFRS〕(連結).pdf"", ""2026年6月期 第3四半期決算短信〔IFRS〕(連結)"")",,,4,,,,,,,,,4,,,,,,,,,,,,https://www.release.tdnet.info/inbs/140120260513531531.pdf
20260514,6584,三桜工,説明資料,"=HYPERLINK(""https://www.release.tdnet.info/inbs/140120260514532807.pdf"", ""2026年3月期 決算補足説明資料"")","=HYPERLINK(""pdf_tmp/20260514/6584_1600_三桜工_2026年3月期 決算補足説明資料.pdf"", ""2026年3月期 決算補足説明資料"")",,,,,,,,,,,4,,,,,,,,4 6,,,,,https://www.release.tdnet.info/inbs/140120260514532807.pdf
20260514,6599,エブレン,決算短信,"=HYPERLINK(""https://www.release.tdnet.info/inbs/140120260502517133.pdf"", ""2026年3月期決算短信〔日本基準〕(連結)"")","=HYPERLINK(""pdf_tmp/20260514/6599_1530_エブレン_2026年3月期決算短信〔日本基準〕(連結).pdf"", ""2026年3月期決算短信〔日本基準〕(連結)"")",,,,4,4,,,,,,,,,,,,,,,,,,,https://www.release.tdnet.info/inbs/140120260502517133.pdf
20260514,6670,MCJ,決算短信,"=HYPERLINK(""https://www.release.tdnet.info/inbs/140120260428512932.pdf"", ""2026年3月期 決算短信〔日本基準〕(連結)"")","=HYPERLINK(""pdf_tmp/20260514/6670_1540_MCJ_2026年3月期 決算短信〔日本基準〕(連結).pdf"", ""2026年3月期 決算短信〔日本基準〕(連結)"")",,,,,,,,,,,4,,,,,,,,4,,,,,https://www.release.tdnet.info/inbs/140120260428512932.pdf
20260514,6740,JDI,説明資料,"=HYPERLINK(""https://www.release.tdnet.info/inbs/140120260428513088.pdf"", ""2025年度通期 決算説明資料"")","=HYPERLINK(""pdf_tmp/20260514/6740_1532_JDI_2025年度通期 決算説明資料.pdf"", ""2025年度通期 決算説明資料"")",,,,,,15,,,,,5,,,,,,,,,,,,,https://www.release.tdnet.info/inbs/140120260428513088.pdf
20260514,6771,池上通,決算短信,"=HYPERLINK(""https://www.release.tdnet.info/inbs/140120260514533040.pdf"", ""2026年3月期決算短信〔日本基準〕(連結)"")","=HYPERLINK(""pdf_tmp/20260514/6771_1530_池上通_2026年3月期決算短信〔日本基準〕(連結).pdf"", ""2026年3月期決算短信〔日本基準〕(連結)"")",,,,,,,,,,,4,,,,,,,,,,,6,,https://www.release.tdnet.info/inbs/140120260514533040.pdf
20260514,6779,日電波,決算短信,"=HYPERLINK(""https://www.release.tdnet.info/inbs/140120260513531570.pdf"", ""2026年3月期 決算短信〔IFRS〕(連結)"")","=HYPERLINK(""pdf_tmp/20260514/6779_1630_日電波_2026年3月期 決算短信〔IFRS〕(連結).pdf"", ""2026年3月期 決算短信〔IFRS〕(連結)"")",,,,,,,,,,,5,,,,,,,,4,,,,,https://www.release.tdnet.info/inbs/140120260513531570.pdf
20260514,6856,堀場製,決算短信,"=HYPERLINK(""https://www.release.tdnet.info/inbs/140120260514532132.pdf"", ""2026年12月期 第1四半期決算短信〔日本基準〕(連結)"")","=HYPERLINK(""pdf_tmp/20260514/6856_1530_堀場製_2026年12月期 第1四半期決算短信〔日本基準〕(連結).pdf"", ""2026年12月期 第1四半期決算短信〔日本基準〕(連結)"")",,,,,,,5 6,,,,,,,,,,4,,,,,,,https://www.release.tdnet.info/inbs/140120260514532132.pdf
20260514,6859,エスペック,決算短信,"=HYPERLINK(""https://www.release.tdnet.info/inbs/140120260513527987.pdf"", ""2026年3月期 決算短信〔日本基準〕(連結)"")","=HYPERLINK(""pdf_tmp/20260514/6859_1500_エスペック_2026年3月期 決算短信〔日本基準〕(連結).pdf"", ""2026年3月期 決算短信〔日本基準〕(連結)"")",,,,,,,,,,,4 5,,,,,,,,4 7,,,,,https://www.release.tdnet.info/inbs/140120260513527987.pdf
20260514,6918,アバール,決算短信,"=HYPERLINK(""https://www.release.tdnet.info/inbs/140120260514531680.pdf"", ""2026年3月期決算短信〔日本基準〕(非連結)"")","=HYPERLINK(""pdf_tmp/20260514/6918_1530_アバール_2026年3月期決算短信〔日本基準〕(非連結).pdf"", ""2026年3月期決算短信〔日本基準〕(非連結)"")",,,,,,,,,,,4 5,,,,,5,,,,,,,,https://www.release.tdnet.info/inbs/140120260514531680.pdf
20260514,6925,ウシオ電,決算短信,"=HYPERLINK(""https://www.release.tdnet.info/inbs/140120260423509670.pdf"", ""2026年3月期 決算短信〔日本基準〕(連結)"")","=HYPERLINK(""pdf_tmp/20260514/6925_1630_ウシオ電_2026年3月期 決算短信〔日本基準〕(連結).pdf"", ""2026年3月期 決算短信〔日本基準〕(連結)"")",,,,,,,,,,,,,,,4,,4,,,,,,,https://www.release.tdnet.info/inbs/140120260423509670.pdf
20260514,6926,OKAYA,決算短信,"=HYPERLINK(""https://www.release.tdnet.info/inbs/140120260514534113.pdf"", ""2026年3月期 決算短信〔日本基準〕(連結)"")","=HYPERLINK(""pdf_tmp/20260514/6926_1535_OKAYA_2026年3月期 決算短信〔日本基準〕(連結).pdf"", ""2026年3月期 決算短信〔日本基準〕(連結)"")",,,4,,,,,,,,,,,,,,,,4,,,,,https://www.release.tdnet.info/inbs/140120260514534113.pdf
20260514,6947,図研,決算短信,"=HYPERLINK(""https://www.release.tdnet.info/inbs/140120260424510134.pdf"", ""2026年3月期 決算短信〔日本基準〕(連結)"")","=HYPERLINK(""pdf_tmp/20260514/6947_1130_図研_2026年3月期 決算短信〔日本基準〕(連結).pdf"", ""2026年3月期 決算短信〔日本基準〕(連結)"")",,,,,,,,,,,4,,,,,,,,21,,,,,https://www.release.tdnet.info/inbs/140120260424510134.pdf
20260514,6969,松尾電機,決算短信,"=HYPERLINK(""https://www.release.tdnet.info/inbs/140120260501516211.pdf"", ""2026年3月期 決算短信〔日本基準〕(非連結)"")","=HYPERLINK(""pdf_tmp/20260514/6969_1500_松尾電機_2026年3月期 決算短信〔日本基準〕(非連結).pdf"", ""2026年3月期 決算短信〔日本基準〕(非連結)"")",,4 5 6 17,,,,,,,,,,,,,,,4,,,,,,,https://www.release.tdnet.info/inbs/140120260501516211.pdf
20260514,6998,日タングス,決算短信,"=HYPERLINK(""https://www.release.tdnet.info/inbs/140120260512526894.pdf"", ""2026年3月期決算短信〔日本基準〕(連結)"")","=HYPERLINK(""pdf_tmp/20260514/6998_1600_日タングス_2026年3月期決算短信〔日本基準〕(連結).pdf"", ""2026年3月期決算短信〔日本基準〕(連結)"")",,,,4 5,,,,,,,4,,,,,,,,,,,,,https://www.release.tdnet.info/inbs/140120260512526894.pdf
20260514,7021,ニッチツ,決算短信,"=HYPERLINK(""https://www.release.tdnet.info/inbs/140120260326590305.pdf"", ""2026年3月期 決算短信〔日本基準〕(連結)"")","=HYPERLINK(""pdf_tmp/20260514/7021_1700_ニッチツ_2026年3月期 決算短信〔日本基準〕(連結).pdf"", ""2026年3月期 決算短信〔日本基準〕(連結)"")",,,,,,,,,,,4 6,,,,6,,,,,,,,,https://www.release.tdnet.info/inbs/140120260326590305.pdf
20260514,7021,ニッチツ,説明資料,"=HYPERLINK(""https://www.release.tdnet.info/inbs/140120260513531259.pdf"", ""2026年3月期 決算説明資料"")","=HYPERLINK(""pdf_tmp/20260514/7021_1700_ニッチツ_2026年3月期 決算説明資料.pdf"", ""2026年3月期 決算説明資料"")",,,,,,,,,,11,,,,,10 11,,,,,,,,,https://www.release.tdnet.info/inbs/140120260513531259.pdf
20260514,7031,G-インバウンド,決算短信,"=HYPERLINK(""https://www.release.tdnet.info/inbs/140120260514533370.pdf"", ""2026年3月期 決算短信〔日本基準〕(連結)"")","=HYPERLINK(""pdf_tmp/20260514/7031_1530_G-インバウンド_2026年3月期 決算短信〔日本基準〕(連結).pdf"", ""2026年3月期 決算短信〔日本基準〕(連結)"")",,,,,,,,,,,,,4 5,,,,,,2,,,,,https://www.release.tdnet.info/inbs/140120260514533370.pdf
20260514,7031,G-インバウンド,説明資料,"=HYPERLINK(""https://www.release.tdnet.info/inbs/140120260514533417.pdf"", ""2026年3月期 決算説明資料"")","=HYPERLINK(""pdf_tmp/20260514/7031_1530_G-インバウンド_2026年3月期 決算説明資料.pdf"", ""2026年3月期 決算説明資料"")",,,,,,,,,,,14,,9,,,,,,,,,,,https://www.release.tdnet.info/inbs/140120260514533417.pdf
20260514,7043,G-アルー,説明資料,"=HYPERLINK(""https://www.release.tdnet.info/inbs/140120260507518442.pdf"", ""2026年12月期第1四半期決算説明資料"")","=HYPERLINK(""pdf_tmp/20260514/7043_1600_G-アルー_2026年12月期第1四半期決算説明資料.pdf"", ""2026年12月期第1四半期決算説明資料"")",,,30 32,,,36,,,,,,,,,,,,,,,,,,https://www.release.tdnet.info/inbs/140120260507518442.pdf
20260514,7069,G-サイバー・バズ,説明資料,"=HYPERLINK(""https://www.release.tdnet.info/inbs/140120260513531177.pdf"", ""2026年9月期 第2四半期決算説明資料"")","=HYPERLINK(""pdf_tmp/20260514/7069_1530_G-サイバー・バズ_2026年9月期 第2四半期決算説明資料.pdf"", ""2026年9月期 第2四半期決算説明資料"")",,,,,,,5 9,,,,5 16,,,,,,,,,,,,,https://www.release.tdnet.info/inbs/140120260513531177.pdf
20260514,7069,G-サイバー・バズ,予想の修正,"=HYPERLINK(""https://www.release.tdnet.info/inbs/140120260513531086.pdf"", ""連結業績予想の修正(上方修正)に関するお知らせ"")","=HYPERLINK(""pdf_tmp/20260514/7069_1530_G-サイバー・バズ_連結業績予想の修正(上方修正)に関するお知らせ.pdf"", ""連結業績予想の修正(上方修正)に関するお知らせ"")",,,,,,,1,,,,2,,,,,,,,,,,,,https://www.release.tdnet.info/inbs/140120260513531086.pdf
20260514,7078,G-INC HD,その他,"=HYPERLINK(""https://www.release.tdnet.info/inbs/140120260514534954.pdf"", ""2026年3月期 決算補足資料"")","=HYPERLINK(""pdf_tmp/20260514/7078_1730_G-INC HD_2026年3月期 決算補足資料.pdf"", ""2026年3月期 決算補足資料"")",,,,,,,,,,,12 14 27,,9,,,,,,,,,,,https://www.release.tdnet.info/inbs/140120260514534954.pdf
20260514,7079,G-WDBココ,決算短信,"=HYPERLINK(""https://www.release.tdnet.info/inbs/140120260514532061.pdf"", ""2026年3月期決算短信〔日本基準〕(非連結)"")","=HYPERLINK(""pdf_tmp/20260514/7079_1600_G-WDBココ_2026年3月期決算短信〔日本基準〕(非連結).pdf"", ""2026年3月期決算短信〔日本基準〕(非連結)"")",,,,,,,,,,,4,,,,,,,,4,,,,,https://www.release.tdnet.info/inbs/140120260514532061.pdf
20260514,7090,G-リグア,説明資料,"=HYPERLINK(""https://www.release.tdnet.info/inbs/140120260514533410.pdf"", ""2026年3月期 通期決算説明資料"")","=HYPERLINK(""pdf_tmp/20260514/7090_1530_G-リグア_2026年3月期 通期決算説明資料.pdf"", ""2026年3月期 通期決算説明資料"")",,22,,,,,,,,3,,,,,,,,,,,,,,https://www.release.tdnet.info/inbs/140120260514533410.pdf
20260514,7093,G-アディッシュ,説明資料,"=HYPERLINK(""https://www.release.tdnet.info/inbs/140120260514531708.pdf"", ""2026年12月期 第1四半期決算説明資料"")","=HYPERLINK(""pdf_tmp/20260514/7093_1600_G-アディッシュ_2026年12月期 第1四半期決算説明資料.pdf"", ""2026年12月期 第1四半期決算説明資料"")",,,,,,,,,,,,,,,,,3,,13,,,,,https://www.release.tdnet.info/inbs/140120260514531708.pdf
20260514,7115,アルファパーチェス,その他,"=HYPERLINK(""https://www.release.tdnet.info/inbs/140120260514533261.pdf"", ""2026年12月期第1四半期 決算説明補足資料"")","=HYPERLINK(""pdf_tmp/20260514/7115_1530_アルファパーチェス_2026年12月期第1四半期 決算説明補足資料.pdf"", ""2026年12月期第1四半期 決算説明補足資料"")",,,,7,,,,,,,,,,,,,,,10,,,,,https://www.release.tdnet.info/inbs/140120260514533261.pdf
20260514,7129,ミアヘルサHD,決算短信,"=HYPERLINK(""https://www.release.tdnet.info/inbs/140120260514532296.pdf"", ""2026年3月期決算短信〔日本基準〕(連結)"")","=HYPERLINK(""pdf_tmp/20260514/7129_1700_ミアヘルサHD_2026年3月期決算短信〔日本基準〕(連結).pdf"", ""2026年3月期決算短信〔日本基準〕(連結)"")",,,5,5,,,,,,,,,,,,,,,,,,,,https://www.release.tdnet.info/inbs/140120260514532296.pdf
20260514,7138,G-TORICO,決算短信,"=HYPERLINK(""https://www.release.tdnet.info/inbs/140120260514534194.pdf"", ""2026年3月期 決算短信〔日本基準〕(連結)"")","=HYPERLINK(""pdf_tmp/20260514/7138_1530_G-TORICO_2026年3月期 決算短信〔日本基準〕(連結).pdf"", ""2026年3月期 決算短信〔日本基準〕(連結)"")",,,,,,,,,,,4,,,,,4,,,,,,,,https://www.release.tdnet.info/inbs/140120260514534194.pdf
20260514,7138,G-TORICO,事業計画,"=HYPERLINK(""https://www.release.tdnet.info/inbs/140120260514534246.pdf"", ""2026年3月期 通期決算説明資料(事業計画及び成長可能性に関する事項)"")","=HYPERLINK(""pdf_tmp/20260514/7138_1530_G-TORICO_2026年3月期 通期決算説明資料(事業計画及び成長可能性に関する事項).pdf"", ""2026年3月期 通期決算説明資料(事業計画及び成長可能性に関する事項)"")",,,,,,,,,,19,14 15 16 22 24,,,,,,,,,,,,,https://www.release.tdnet.info/inbs/140120260514534246.pdf
20260514,7212,エフテック,決算短信,"=HYPERLINK(""https://www.release.tdnet.info/inbs/140120260514533254.pdf"", ""2026年3月期 決算短信〔日本基準〕(連結)"")","=HYPERLINK(""pdf_tmp/20260514/7212_1530_エフテック_2026年3月期 決算短信〔日本基準〕(連結).pdf"", ""2026年3月期 決算短信〔日本基準〕(連結)"")",,,,,,,,,,,4,,,,,,,,4,,,,,https://www.release.tdnet.info/inbs/140120260514533254.pdf
20260514,7212,エフテック,その他,"=HYPERLINK(""https://www.release.tdnet.info/inbs/140120260514533345.pdf"", ""通期連結業績予想と実績値の差異及び剰余金の配当(増配)に関するお知らせ"")","=HYPERLINK(""pdf_tmp/20260514/7212_1530_エフテック_通期連結業績予想と実績値の差異及び剰余金の配当(増配)に関するお知らせ.pdf"", ""通期連結業績予想と実績値の差異及び剰余金の配当(増配)に関するお知らせ"")",,,,,,1,2,,,,,,,,,,,,,,,,,https://www.release.tdnet.info/inbs/140120260514533345.pdf
20260514,7235,東ラヂエタ,説明資料,"=HYPERLINK(""https://www.release.tdnet.info/inbs/140120260514532627.pdf"", ""2026年3月期 決算補足説明資料"")","=HYPERLINK(""pdf_tmp/20260514/7235_1600_東ラヂエタ_2026年3月期 決算補足説明資料.pdf"", ""2026年3月期 決算補足説明資料"")",,,,,,,,,,,2 3,,,,10,,,,,,,,,https://www.release.tdnet.info/inbs/140120260514532627.pdf
20260514,7343,G-ブロードマインド,説明資料,"=HYPERLINK(""https://www.release.tdnet.info/inbs/140120260513529792.pdf"", ""2026年3月期決算説明資料"")","=HYPERLINK(""pdf_tmp/20260514/7343_1600_G-ブロードマインド_2026年3月期決算説明資料.pdf"", ""2026年3月期決算説明資料"")",,,,,,,,,,,6,,,,,,,,21,,,,,https://www.release.tdnet.info/inbs/140120260513529792.pdf
20260514,7353,G-KIYO,説明資料,"=HYPERLINK(""https://www.release.tdnet.info/inbs/140120260507518104.pdf"", ""2026年12月期決算 第1四半期決算説明資料"")","=HYPERLINK(""pdf_tmp/20260514/7353_1530_G-KIYO_2026年12月期決算 第1四半期決算説明資料.pdf"", ""2026年12月期決算 第1四半期決算説明資料"")",,,,,,,,,,,33,,,,,,,,,,,52,,https://www.release.tdnet.info/inbs/140120260507518104.pdf
20260514,7359,G-東京通信G,説明資料,"=HYPERLINK(""https://www.release.tdnet.info/inbs/140120260428513908.pdf"", ""2026年12月期 第1四半期決算説明資料"")","=HYPERLINK(""pdf_tmp/20260514/7359_1600_G-東京通信G_2026年12月期 第1四半期決算説明資料.pdf"", ""2026年12月期 第1四半期決算説明資料"")",,,,,,,,,,,,14,,,,,,,,,,43 45,,https://www.release.tdnet.info/inbs/140120260428513908.pdf
20260514,7477,ムラキ,決算短信,"=HYPERLINK(""https://www.release.tdnet.info/inbs/140120260514534079.pdf"", ""2026年3月期 決算短信〔日本基準〕(連結)"")","=HYPERLINK(""pdf_tmp/20260514/7477_1600_ムラキ_2026年3月期 決算短信〔日本基準〕(連結).pdf"", ""2026年3月期 決算短信〔日本基準〕(連結)"")",,,,,4,,,,,,,,,,,,,,4 5 6,,,,,https://www.release.tdnet.info/inbs/140120260514534079.pdf
20260514,7502,プラザHD,決算短信,"=HYPERLINK(""https://www.release.tdnet.info/inbs/140120260514533619.pdf"", ""2026年3月期 決算短信〔日本基準〕(連結)"")","=HYPERLINK(""pdf_tmp/20260514/7502_1600_プラザHD_2026年3月期 決算短信〔日本基準〕(連結).pdf"", ""2026年3月期 決算短信〔日本基準〕(連結)"")",,,,,4,,,,,,,,,,,,,,4,,,,,https://www.release.tdnet.info/inbs/140120260514533619.pdf
20260514,7506,ハウスローゼ,決算短信,"=HYPERLINK(""https://www.release.tdnet.info/inbs/140120260514534496.pdf"", ""2026年3月期決算短信[日本基準](非連結)"")","=HYPERLINK(""pdf_tmp/20260514/7506_1600_ハウスローゼ_2026年3月期決算短信[日本基準](非連結).pdf"", ""2026年3月期決算短信[日本基準](非連結)"")",,,,,,,,,,,,4 5,,,,,,,6,,,,,https://www.release.tdnet.info/inbs/140120260514534496.pdf
20260514,7694,G-いつも,その他,"=HYPERLINK(""https://www.release.tdnet.info/inbs/140120260514532865.pdf"", ""2026年3月期通期決算説明会資料"")","=HYPERLINK(""pdf_tmp/20260514/7694_1530_G-いつも_2026年3月期通期決算説明会資料.pdf"", ""2026年3月期通期決算説明会資料"")",,,,,,,,,,,4 8 14,4 7 9 11,,,,,,,,,,,,https://www.release.tdnet.info/inbs/140120260514532865.pdf
20260514,7791,ドリームベッド,説明資料,"=HYPERLINK(""https://www.release.tdnet.info/inbs/140120260514534421.pdf"", ""ドリームベッド株式会社2026年3月期 期末決算説明資料"")","=HYPERLINK(""pdf_tmp/20260514/7791_1500_ドリームベッド_ドリームベッド株式会社2026年3月期 期末決算説明資料.pdf"", ""ドリームベッド株式会社2026年3月期 期末決算説明資料"")",,,,,,,,,,5,2,,,,,,,,,,,,,https://www.release.tdnet.info/inbs/140120260514534421.pdf
20260514,7814,日本創発G,決算短信,"=HYPERLINK(""https://www.release.tdnet.info/inbs/140120260512526621.pdf"", ""2026年12月期  第1四半期決算短信〔日本基準〕(連結)"")","=HYPERLINK(""pdf_tmp/20260514/7814_1600_日本創発G_2026年12月期 第1四半期決算短信〔日本基準〕(連結).pdf"", ""2026年12月期  第1四半期決算短信〔日本基準〕(連結)"")",,,,4,,,,,,,,,,,,,4,,,,,,,https://www.release.tdnet.info/inbs/140120260512526621.pdf
20260514,7851,カワセコンピュ,決算短信,"=HYPERLINK(""https://www.release.tdnet.info/inbs/140120260514533919.pdf"", ""令和8年3月期 決算短信〔日本基準〕(非連結)"")","=HYPERLINK(""pdf_tmp/20260514/7851_1600_カワセコンピュ_令和8年3月期 決算短信〔日本基準〕(非連結).pdf"", ""令和8年3月期 決算短信〔日本基準〕(非連結)"")",,,5,,,,,,,,4,,,,,,,,,,,,,https://www.release.tdnet.info/inbs/140120260514533919.pdf
20260514,7860,エイベックス,決算短信,"=HYPERLINK(""https://www.release.tdnet.info/inbs/140120260514533246.pdf"", ""2026年3月期 決算短信〔日本基準〕(連結)"")","=HYPERLINK(""pdf_tmp/20260514/7860_1530_エイベックス_2026年3月期 決算短信〔日本基準〕(連結).pdf"", ""2026年3月期 決算短信〔日本基準〕(連結)"")",,,,,,,,,,,4,,,,,,,,8,,,,,https://www.release.tdnet.info/inbs/140120260514533246.pdf
20260514,7938,リーガル,その他,"=HYPERLINK(""https://www.release.tdnet.info/inbs/140120260501516828.pdf"", ""2026年度経営計画および構造改革の推進に関するお知らせ"")","=HYPERLINK(""pdf_tmp/20260514/7938_1530_リーガル_2026年度経営計画および構造改革の推進に関するお知らせ.pdf"", ""2026年度経営計画および構造改革の推進に関するお知らせ"")",,,,,,,,,,1,,,,,,,,,1,,,,,https://www.release.tdnet.info/inbs/140120260501516828.pdf
20260514,8007,高島,その他,"=HYPERLINK(""https://www.release.tdnet.info/inbs/140120260513531343.pdf"", ""新中期経営計画の策定に関するお知らせ"")","=HYPERLINK(""pdf_tmp/20260514/8007_1331_高島_新中期経営計画の策定に関するお知らせ.pdf"", ""新中期経営計画の策定に関するお知らせ"")",,,,,,,,,,5 13,,,,27,,,,,,,,,,https://www.release.tdnet.info/inbs/140120260513531343.pdf
20260514,8037,カメイ,決算短信,"=HYPERLINK(""https://www.release.tdnet.info/inbs/140120260513531618.pdf"", ""2026年3月期 決算短信〔日本基準〕(連結)"")","=HYPERLINK(""pdf_tmp/20260514/8037_1530_カメイ_2026年3月期 決算短信〔日本基準〕(連結).pdf"", ""2026年3月期 決算短信〔日本基準〕(連結)"")",,,,4,4,,,,,,,,,,,,,,,,,,,https://www.release.tdnet.info/inbs/140120260513531618.pdf
20260514,8093,極東貿易,その他,"=HYPERLINK(""https://www.release.tdnet.info/inbs/140120260514534578.pdf"", ""「中期経営計画2028」Beyond NEXUS策定に関するお知らせ"")","=HYPERLINK(""pdf_tmp/20260514/8093_1530_極東貿易_「中期経営計画2028」Beyond NEXUS策定に関するお知らせ.pdf"", ""「中期経営計画2028」Beyond NEXUS策定に関するお知らせ"")",,,,,,,,,,8,,,,,,,,,30,,,,,https://www.release.tdnet.info/inbs/140120260514534578.pdf
20260514,8097,三愛オブリ,決算短信,"=HYPERLINK(""https://www.release.tdnet.info/inbs/140120260513527690.pdf"", ""2026年3月期決算短信〔日本基準〕(連結)"")","=HYPERLINK(""pdf_tmp/20260514/8097_1530_三愛オブリ_2026年3月期決算短信〔日本基準〕(連結).pdf"", ""2026年3月期決算短信〔日本基準〕(連結)"")",,,,,,,,,,,,,,,5,,,,4,,,,,https://www.release.tdnet.info/inbs/140120260513527690.pdf
20260514,8117,中央自動車工業,決算短信,"=HYPERLINK(""https://www.release.tdnet.info/inbs/140120260514532348.pdf"", ""2026年3月期 決算短信〔日本基準〕(連結)"")","=HYPERLINK(""pdf_tmp/20260514/8117_1420_中央自動車工業_2026年3月期 決算短信〔日本基準〕(連結).pdf"", ""2026年3月期 決算短信〔日本基準〕(連結)"")",,,,,,,7,,,,5,,,,,,,,,,,,,https://www.release.tdnet.info/inbs/140120260514532348.pdf
20260514,8132,シナネンHD,説明資料,"=HYPERLINK(""https://www.release.tdnet.info/inbs/140120260514534648.pdf"", ""2026年3月期 決算説明資料"")","=HYPERLINK(""pdf_tmp/20260514/8132_1530_シナネンHD_2026年3月期 決算説明資料.pdf"", ""2026年3月期 決算説明資料"")",,,11,,,,,,,,3,,,,,,,,,,,,,https://www.release.tdnet.info/inbs/140120260514534648.pdf
20260514,8150,三信電気,説明資料,"=HYPERLINK(""https://www.release.tdnet.info/inbs/140120260513530744.pdf"", ""2026年3月期 決算説明資料"")","=HYPERLINK(""pdf_tmp/20260514/8150_1530_三信電気_2026年3月期 決算説明資料.pdf"", ""2026年3月期 決算説明資料"")",,,,,,,,,,,36,,,,,,,,27,,,,,https://www.release.tdnet.info/inbs/140120260513530744.pdf
20260514,8154,加賀電子,決算短信,"=HYPERLINK(""https://www.release.tdnet.info/inbs/140120260514532098.pdf"", ""2026年3月期 決算短信〔日本基準〕(連結)"")","=HYPERLINK(""pdf_tmp/20260514/8154_1530_加賀電子_2026年3月期 決算短信〔日本基準〕(連結).pdf"", ""2026年3月期 決算短信〔日本基準〕(連結)"")",,,,,6,,5,,,,,,,,,,,,,,,,,https://www.release.tdnet.info/inbs/140120260514532098.pdf
20260514,8179,ロイヤルHD,説明資料,"=HYPERLINK(""https://www.release.tdnet.info/inbs/140120260513527953.pdf"", ""2026年12月期 第1四半期決算説明資料"")","=HYPERLINK(""pdf_tmp/20260514/8179_1530_ロイヤルHD_2026年12月期 第1四半期決算説明資料.pdf"", ""2026年12月期 第1四半期決算説明資料"")",,,,,,,,,,,8 13,34,,,,,,,,,,,,https://www.release.tdnet.info/inbs/140120260513527953.pdf
20260514,8228,マルイチ産商,決算短信,"=HYPERLINK(""https://www.release.tdnet.info/inbs/140120260514533077.pdf"", ""2026年3月期 決算短信〔日本基準〕(連結)"")","=HYPERLINK(""pdf_tmp/20260514/8228_1640_マルイチ産商_2026年3月期 決算短信〔日本基準〕(連結).pdf"", ""2026年3月期 決算短信〔日本基準〕(連結)"")",,,5,,4 7,,,,,,,,,,,,,,,,,,,https://www.release.tdnet.info/inbs/140120260514533077.pdf
20260514,8554,南日本銀,その他,"=HYPERLINK(""https://www.release.tdnet.info/inbs/140120260513530642.pdf"", ""2026年3月期 決算ダイジェスト【単体】"")","=HYPERLINK(""pdf_tmp/20260514/8554_1430_南日本銀_2026年3月期 決算ダイジェスト【単体】.pdf"", ""2026年3月期 決算ダイジェスト【単体】"")",,,,21,,,,,,,,,,,,,,,,,,13,,https://www.release.tdnet.info/inbs/140120260513530642.pdf
20260514,8554,南日本銀,決算短信,"=HYPERLINK(""https://www.release.tdnet.info/inbs/140120260513530580.pdf"", ""2026年3月期 決算短信〔日本基準〕(連結)"")","=HYPERLINK(""pdf_tmp/20260514/8554_1430_南日本銀_2026年3月期 決算短信〔日本基準〕(連結).pdf"", ""2026年3月期 決算短信〔日本基準〕(連結)"")",,,,66,,,,,,,,,,,,,,,,,,58,,https://www.release.tdnet.info/inbs/140120260513530580.pdf
20260514,8746,unbanked,その他,"=HYPERLINK(""https://www.release.tdnet.info/inbs/140120260514535384.pdf"", ""2026年3月期業績見通し及び配当予想(無配)に関するお知らせ"")","=HYPERLINK(""pdf_tmp/20260514/8746_1815_unbanked_2026年3月期業績見通し及び配当予想(無配)に関するお知らせ.pdf"", ""2026年3月期業績見通し及び配当予想(無配)に関するお知らせ"")",,,,,,,,,,,1,,,,,,,,1,,,,,https://www.release.tdnet.info/inbs/140120260514535384.pdf
20260514,8891,AMGHD,決算短信,"=HYPERLINK(""https://www.release.tdnet.info/inbs/140120260513528100.pdf"", ""2026年3月期 決算短信〔日本基準〕(連結)"")","=HYPERLINK(""pdf_tmp/20260514/8891_1600_AMGHD_2026年3月期 決算短信〔日本基準〕(連結).pdf"", ""2026年3月期 決算短信〔日本基準〕(連結)"")",,,,,4,,,,,,,,,,,,,,4 6,,,,,https://www.release.tdnet.info/inbs/140120260513528100.pdf
20260514,8999,グランディ,決算短信,"=HYPERLINK(""https://www.release.tdnet.info/inbs/140120260514532596.pdf"", ""2026年3月期  決算短信〔日本基準〕(連結)"")","=HYPERLINK(""pdf_tmp/20260514/8999_1530_グランディ_2026年3月期 決算短信〔日本基準〕(連結).pdf"", ""2026年3月期  決算短信〔日本基準〕(連結)"")",,,,,,,,,,,4 5,,,,,,,,5 6,,,,,https://www.release.tdnet.info/inbs/140120260514532596.pdf
20260514,9031,西鉄,説明資料,"=HYPERLINK(""https://www.release.tdnet.info/inbs/140120260513530533.pdf"", ""2025年度 決算補足説明資料"")","=HYPERLINK(""pdf_tmp/20260514/9031_1600_西鉄_2025年度 決算補足説明資料.pdf"", ""2025年度 決算補足説明資料"")",,,,,,,,,,,,,,,3,5,,,,,,,,https://www.release.tdnet.info/inbs/140120260513530533.pdf
20260514,9033,広電鉄,決算短信,"=HYPERLINK(""https://www.release.tdnet.info/inbs/140120260513531241.pdf"", ""2026年3月期決算短信〔日本基準〕(連結)"")","=HYPERLINK(""pdf_tmp/20260514/9033_1330_広電鉄_2026年3月期決算短信〔日本基準〕(連結).pdf"", ""2026年3月期決算短信〔日本基準〕(連結)"")",,,,,,,,,,,4,,,,,,,,4,,,,,https://www.release.tdnet.info/inbs/140120260513531241.pdf
20260514,9033,広電鉄,その他,"=HYPERLINK(""https://www.release.tdnet.info/inbs/140120260513530459.pdf"", ""中期経営計画(2026年度~2028年度)の策定に関するお知らせ"")","=HYPERLINK(""pdf_tmp/20260514/9033_1330_広電鉄_中期経営計画(2026年度~2028年度)の策定に関するお知らせ.pdf"", ""中期経営計画(2026年度~2028年度)の策定に関するお知らせ"")",,,,,,,,,,,,,,,9,9 19,,,,,,,,https://www.release.tdnet.info/inbs/140120260513530459.pdf
20260514,9073,京極運輸,決算短信,"=HYPERLINK(""https://www.release.tdnet.info/inbs/140120260512525636.pdf"", ""2026年3月期 決算短信〔日本基準〕(連結)"")","=HYPERLINK(""pdf_tmp/20260514/9073_1540_京極運輸_2026年3月期 決算短信〔日本基準〕(連結).pdf"", ""2026年3月期 決算短信〔日本基準〕(連結)"")",,,4,5,,,,,,,,,,,,,,,,,,,,https://www.release.tdnet.info/inbs/140120260512525636.pdf
20260514,9115,明海グループ,決算短信,"=HYPERLINK(""https://www.release.tdnet.info/inbs/140120260513530388.pdf"", ""2026年3月期 決算短信〔日本基準〕(連結)"")","=HYPERLINK(""pdf_tmp/20260514/9115_1500_明海グループ_2026年3月期 決算短信〔日本基準〕(連結).pdf"", ""2026年3月期 決算短信〔日本基準〕(連結)"")",,,,,,,,,,,,,,,,4,,,4,,,,,https://www.release.tdnet.info/inbs/140120260513530388.pdf
20260514,9213,セイファート,説明資料,"=HYPERLINK(""https://www.release.tdnet.info/inbs/140120260513531036.pdf"", ""2026年12月期 第1四半期決算説明資料"")","=HYPERLINK(""pdf_tmp/20260514/9213_1530_セイファート_2026年12月期 第1四半期決算説明資料.pdf"", ""2026年12月期 第1四半期決算説明資料"")",,,,,,,,,,10 14 18,19 21,,,,,,,,,,,,,https://www.release.tdnet.info/inbs/140120260513531036.pdf
20260514,9223,G-ASNOVA,説明資料,"=HYPERLINK(""https://www.release.tdnet.info/inbs/140120260514533608.pdf"", ""2026年3月期 決算説明資料"")","=HYPERLINK(""pdf_tmp/20260514/9223_1600_G-ASNOVA_2026年3月期 決算説明資料.pdf"", ""2026年3月期 決算説明資料"")",,,,,,,,,,,,4,,,15,,,,,,,,,https://www.release.tdnet.info/inbs/140120260514533608.pdf
20260514,9274,KPPグループHD,決算短信,"=HYPERLINK(""https://www.release.tdnet.info/inbs/140120260514535401.pdf"", ""2026年3月期 決算短信〔日本基準〕(連結)"")","=HYPERLINK(""pdf_tmp/20260514/9274_1830_KPPグループHD_2026年3月期 決算短信〔日本基準〕(連結).pdf"", ""2026年3月期 決算短信〔日本基準〕(連結)"")",,,,,,,,,,,5,,,,,,,,,,,6,,https://www.release.tdnet.info/inbs/140120260514535401.pdf
20260514,9330,G-揚羽,説明資料,"=HYPERLINK(""https://www.release.tdnet.info/inbs/140120260514532979.pdf"", ""2026年9月期 第2四半期決算説明資料"")","=HYPERLINK(""pdf_tmp/20260514/9330_1530_G-揚羽_2026年9月期 第2四半期決算説明資料.pdf"", ""2026年9月期 第2四半期決算説明資料"")",,,,,,32,,,,,,9,,,,,,,,,,,,https://www.release.tdnet.info/inbs/140120260514532979.pdf
20260514,9360,鈴与シンワ,決算短信,"=HYPERLINK(""https://www.release.tdnet.info/inbs/140120260513530845.pdf"", ""2026年3月期決算短信〔日本基準〕(連結)"")","=HYPERLINK(""pdf_tmp/20260514/9360_1600_鈴与シンワ_2026年3月期決算短信〔日本基準〕(連結).pdf"", ""2026年3月期決算短信〔日本基準〕(連結)"")",,,4,,,,,,,,4 6,,,,,,,,,,,,,https://www.release.tdnet.info/inbs/140120260513530845.pdf
20260514,9366,サンリツ,決算短信,"=HYPERLINK(""https://www.release.tdnet.info/inbs/140120260512525723.pdf"", ""2026年3月期 決算短信〔日本基準〕(連結)"")","=HYPERLINK(""pdf_tmp/20260514/9366_1600_サンリツ_2026年3月期 決算短信〔日本基準〕(連結).pdf"", ""2026年3月期 決算短信〔日本基準〕(連結)"")",,,,5,5,,,,,,,,,,,,,,,,,,,https://www.release.tdnet.info/inbs/140120260512525723.pdf
20260514,9401,TBSHD,その他,"=HYPERLINK(""https://www.release.tdnet.info/inbs/140120260513530914.pdf"", ""TBSグループ 中期経営計画2026アップデート"")","=HYPERLINK(""pdf_tmp/20260514/9401_1630_TBSHD_TBSグループ 中期経営計画2026アップデート.pdf"", ""TBSグループ 中期経営計画2026アップデート"")",,,,,,,,6,,,,,6,,,,,,,,,,,https://www.release.tdnet.info/inbs/140120260513530914.pdf
20260514,9401,TBSHD,その他,"=HYPERLINK(""https://www.release.tdnet.info/inbs/140120260513530917.pdf"", ""定時株主総会の付議議案及び株主提案に対する当社取締役会意見に関するお知らせ"")","=HYPERLINK(""pdf_tmp/20260514/9401_1630_TBSHD_定時株主総会の付議議案及び株主提案に対する当社取締役会意見に関するお知らせ.pdf"", ""定時株主総会の付議議案及び株主提案に対する当社取締役会意見に関するお知らせ"")",,,,,,,,,,,2,2,,,,,,,,,,,,https://www.release.tdnet.info/inbs/140120260513530917.pdf
20260514,9409,テレビ朝日HD,決算短信,"=HYPERLINK(""https://www.release.tdnet.info/inbs/140120260508520465.pdf"", ""2026年3月期 決算短信〔日本基準〕(連結)"")","=HYPERLINK(""pdf_tmp/20260514/9409_1700_テレビ朝日HD_2026年3月期 決算短信〔日本基準〕(連結).pdf"", ""2026年3月期 決算短信〔日本基準〕(連結)"")",,,,,,,,,,,5,,,,,,,,9,,,,,https://www.release.tdnet.info/inbs/140120260508520465.pdf
20260514,9409,テレビ朝日HD,その他,"=HYPERLINK(""https://www.release.tdnet.info/inbs/140120260514532623.pdf"", ""2026年3月期 決算補足資料"")","=HYPERLINK(""pdf_tmp/20260514/9409_1700_テレビ朝日HD_2026年3月期 決算補足資料.pdf"", ""2026年3月期 決算補足資料"")",,,,,,,,,,,2,,,,,,,,26,,,,,https://www.release.tdnet.info/inbs/140120260514532623.pdf
20260514,9439,MHグループ,予想の修正,"=HYPERLINK(""https://www.release.tdnet.info/inbs/140120260514533661.pdf"", ""2026年6月期 通期連結業績予想及び配当予想の修正に関するお知らせ"")","=HYPERLINK(""pdf_tmp/20260514/9439_1530_MHグループ_2026年6月期 通期連結業績予想及び配当予想の修正に関するお知らせ.pdf"", ""2026年6月期 通期連結業績予想及び配当予想の修正に関するお知らせ"")",,,,,,,,,,,2,,1,,,,,,,,,,,https://www.release.tdnet.info/inbs/140120260514533661.pdf
20260514,9450,ファイバーゲート,説明資料,"=HYPERLINK(""https://www.release.tdnet.info/inbs/140120260512526587.pdf"", ""2026年6月期 第3四半期決算説明資料"")","=HYPERLINK(""pdf_tmp/20260514/9450_1430_ファイバーゲート_2026年6月期 第3四半期決算説明資料.pdf"", ""2026年6月期 第3四半期決算説明資料"")",,,,,,,,,,,7,,,,,,,,17 20,,,,,https://www.release.tdnet.info/inbs/140120260512526587.pdf
20260514,9468,KADOKAWA,その他,"=HYPERLINK(""https://www.release.tdnet.info/inbs/140120260511523417.pdf"", ""法人税等調整額(損)の計上および 2026年3月期通期連結業績予想値と実績値の差異に関するお知らせ"")","=HYPERLINK(""pdf_tmp/20260514/9468_1530_KADOKAWA_法人税等調整額(損)の計上および 2026年3月期通期連結業績予想値と実績値の差異に関するお知らせ.pdf"", ""法人税等調整額(損)の計上および 2026年3月期通期連結業績予想値と実績値の差異に関するお知らせ"")",,,,,,2,,,,,,,,,,,,,2,,,,,https://www.release.tdnet.info/inbs/140120260511523417.pdf
20260514,9691,両毛システム,その他,"=HYPERLINK(""https://www.release.tdnet.info/inbs/140120260513528976.pdf"", ""支配株主である株式会社ミツバ及び中部電力株式会社による当社株式に対する公開買付に関する賛同の意見表明及び応募推奨並びに資本業務提携に関するお知らせ"")","=HYPERLINK(""pdf_tmp/20260514/9691_1900_両毛システム_支配株主である株式会社ミツバ及び中部電力株式会社による当社株式に対する公開買付に関する賛同の意見表明及び応募推奨並びに資本業務提携に関するお知ら.pdf"", ""支配株主である株式会社ミツバ及び中部電力株式会社による当社株式に対する公開買付に関する賛同の意見表明及び応募推奨並びに資本業務提携に関するお知らせ"")",50,,,,,,,,,,22 23 25 51,,,,,,,,,,,,,https://www.release.tdnet.info/inbs/140120260513528976.pdf
20260514,9704,アゴーラHG,決算短信,"=HYPERLINK(""https://www.release.tdnet.info/inbs/140120260501516289.pdf"", ""2026年12月期 第1四半期決算短信〔日本基準〕(連結)"")","=HYPERLINK(""pdf_tmp/20260514/9704_1600_アゴーラHG_2026年12月期 第1四半期決算短信〔日本基準〕(連結).pdf"", ""2026年12月期 第1四半期決算短信〔日本基準〕(連結)"")",,,,,,,,,,,4,,,,,,,,4,,,,,https://www.release.tdnet.info/inbs/140120260501516289.pdf
20260514,9713,ロイヤルホテル,決算短信,"=HYPERLINK(""https://www.release.tdnet.info/inbs/140120260512526501.pdf"", ""2026年3月期 決算短信〔日本基準〕(連結)"")","=HYPERLINK(""pdf_tmp/20260514/9713_1630_ロイヤルホテル_2026年3月期 決算短信〔日本基準〕(連結).pdf"", ""2026年3月期 決算短信〔日本基準〕(連結)"")",,,,,,,,,,,6,,,,,,,,7,,,,,https://www.release.tdnet.info/inbs/140120260512526501.pdf
20260514,9731,白洋舎,説明資料,"=HYPERLINK(""https://www.release.tdnet.info/inbs/140120260514534223.pdf"", ""2026年12月期 第1四半期決算説明資料"")","=HYPERLINK(""pdf_tmp/20260514/9731_1530_白洋舎_2026年12月期 第1四半期決算説明資料.pdf"", ""2026年12月期 第1四半期決算説明資料"")",,,7,,,,,,,,7,,,,,,,,,,,,,https://www.release.tdnet.info/inbs/140120260514534223.pdf
20260514,9827,リリカラ,説明資料,"=HYPERLINK(""https://www.release.tdnet.info/inbs/140120260513528067.pdf"", ""2026年12月期 第1四半期決算説明資料"")","=HYPERLINK(""pdf_tmp/20260514/9827_1600_リリカラ_2026年12月期 第1四半期決算説明資料.pdf"", ""2026年12月期 第1四半期決算説明資料"")",,,4,,,,,,,,,,,,,,,,4,,,,,https://www.release.tdnet.info/inbs/140120260513528067.pdf
20260514,9880,イノテック,決算短信,"=HYPERLINK(""https://www.release.tdnet.info/inbs/140120260514534137.pdf"", ""2026年3月期 決算短信〔日本基準〕(連結)"")","=HYPERLINK(""pdf_tmp/20260514/9880_1530_イノテック_2026年3月期 決算短信〔日本基準〕(連結).pdf"", ""2026年3月期 決算短信〔日本基準〕(連結)"")",,,,,,,,,,,4,,,,,,,,4,,,,,https://www.release.tdnet.info/inbs/140120260514534137.pdf
20260514,9900,サガミHD,その他,"=HYPERLINK(""https://www.release.tdnet.info/inbs/140120260513531260.pdf"", ""剰余金の配当(増配)に関するお知らせ"")","=HYPERLINK(""pdf_tmp/20260514/9900_1500_サガミHD_剰余金の配当(増配)に関するお知らせ.pdf"", ""剰余金の配当(増配)に関するお知らせ"")",,,,,,,,,,,,1,,,,,,,1,,,,,https://www.release.tdnet.info/inbs/140120260513531260.pdf
20260514,141A,G-トライアル,決算短信,"=HYPERLINK(""https://www.release.tdnet.info/inbs/140120260510521120.pdf"", ""2026年6月期 第3四半期決算短信〔日本基準〕(連結)"")","=HYPERLINK(""pdf_tmp/20260514/141A_1530_G-トライアル_2026年6月期 第3四半期決算短信〔日本基準〕(連結).pdf"", ""2026年6月期 第3四半期決算短信〔日本基準〕(連結)"")",,,,,,,,,,,4,,,,,,,,,,,,,https://www.release.tdnet.info/inbs/140120260510521120.pdf
20260514,1446,キャンディル,決算短信,"=HYPERLINK(""https://www.release.tdnet.info/inbs/140120260513531596.pdf"", ""2026年9月期 第2四半期(中間期)決算短信〔日本基準〕(連結)"")","=HYPERLINK(""pdf_tmp/20260514/1446_1530_キャンディル_2026年9月期 第2四半期(中間期)決算短信〔日本基準〕(連結).pdf"", ""2026年9月期 第2四半期(中間期)決算短信〔日本基準〕(連結)"")",,,,,,,,,,,,,,,,,,4,,,,,,https://www.release.tdnet.info/inbs/140120260513531596.pdf
20260514,1449,FUJIジャパン,決算短信,"=HYPERLINK(""https://www.release.tdnet.info/inbs/140120260430515555.pdf"", ""2026年12月期 第1四半期決算短信〔日本基準〕(非連結)"")","=HYPERLINK(""pdf_tmp/20260514/1449_1600_FUJIジャパン_2026年12月期 第1四半期決算短信〔日本基準〕(非連結).pdf"", ""2026年12月期 第1四半期決算短信〔日本基準〕(非連結)"")",,,,,,,,,,,4,,,,,,,,,,,,,https://www.release.tdnet.info/inbs/140120260430515555.pdf
20260514,146A,コロンビア・ワークス,説明資料,"=HYPERLINK(""https://www.release.tdnet.info/inbs/140120260514534878.pdf"", ""2026年12月期 第1四半期決算説明資料"")","=HYPERLINK(""pdf_tmp/20260514/146A_1600_コロンビア・ワークス_2026年12月期 第1四半期決算説明資料.pdf"", ""2026年12月期 第1四半期決算説明資料"")",,,,,,,,,,,2 3 25,,,,,,,,,,,,,https://www.release.tdnet.info/inbs/140120260514534878.pdf
20260514,166A,G-タスキHD,その他,"=HYPERLINK(""https://www.release.tdnet.info/inbs/140120260514534672.pdf"", ""2026年9月期 第2四半期(中間)決算発表後の質疑応答について"")","=HYPERLINK(""pdf_tmp/20260514/166A_1530_G-タスキHD_2026年9月期 第2四半期(中間)決算発表後の質疑応答について.pdf"", ""2026年9月期 第2四半期(中間)決算発表後の質疑応答について"")",,,,,,,,,,,2,,,,,,,,,,,,,https://www.release.tdnet.info/inbs/140120260514534672.pdf
20260514,167A,リョーサン菱洋,決算短信,"=HYPERLINK(""https://www.release.tdnet.info/inbs/140120260501516302.pdf"", ""2026年3月期 決算短信〔日本基準〕(連結)"")","=HYPERLINK(""pdf_tmp/20260514/167A_1600_リョーサン菱洋_2026年3月期 決算短信〔日本基準〕(連結).pdf"", ""2026年3月期 決算短信〔日本基準〕(連結)"")",,,,,,,,,,,,,,,4 6,,,,,,,,,https://www.release.tdnet.info/inbs/140120260501516302.pdf
20260514,1719,安藤ハザマ,決算短信,"=HYPERLINK(""https://www.release.tdnet.info/inbs/140120260514531951.pdf"", ""2026年3月期決算短信〔日本基準〕(連結)"")","=HYPERLINK(""pdf_tmp/20260514/1719_1400_安藤ハザマ_2026年3月期決算短信〔日本基準〕(連結).pdf"", ""2026年3月期決算短信〔日本基準〕(連結)"")",,,,,,,,,,6,,,,,,,,,,,,,,https://www.release.tdnet.info/inbs/140120260514531951.pdf
20260514,1724,シンクレイヤ,説明資料,"=HYPERLINK(""https://www.release.tdnet.info/inbs/140120260514534466.pdf"", ""2026年12月期 第1四半期決算補足説明資料"")","=HYPERLINK(""pdf_tmp/20260514/1724_1530_シンクレイヤ_2026年12月期 第1四半期決算補足説明資料.pdf"", ""2026年12月期 第1四半期決算補足説明資料"")",,,,,,,,,,,6,,,,,,,,,,,,,https://www.release.tdnet.info/inbs/140120260514534466.pdf
20260514,1786,オリエンタル白石,その他,"=HYPERLINK(""https://www.release.tdnet.info/inbs/140120260513528146.pdf"", ""中期経営計画(2026~2028年度)の策定に関するお知らせ"")","=HYPERLINK(""pdf_tmp/20260514/1786_1500_オリエンタル白石_中期経営計画(2026~2028年度)の策定に関するお知らせ.pdf"", ""中期経営計画(2026~2028年度)の策定に関するお知らせ"")",,,,,,,,,,8,,,,,,,,,,,,,,https://www.release.tdnet.info/inbs/140120260513528146.pdf
20260514,1799,第一建設,その他,"=HYPERLINK(""https://www.release.tdnet.info/inbs/140120260514535487.pdf"", ""(訂正)「中期経営計画の見直しに関するお知らせ」の一部訂正について"")","=HYPERLINK(""pdf_tmp/20260514/1799_1830_第一建設_(訂正)「中期経営計画の見直しに関するお知らせ」の一部訂正について.pdf"", ""(訂正)「中期経営計画の見直しに関するお知らせ」の一部訂正について"")",,,,,,,,,,,,,,,,,,,,,,17,,https://www.release.tdnet.info/inbs/140120260514535487.pdf
20260514,1799,第一建設,資本コストや株価,"=HYPERLINK(""https://www.release.tdnet.info/inbs/140120260514535521.pdf"", ""(訂正)「資本コストや株価を意識した経営の実現に向けた対応について」の一部訂正について"")","=HYPERLINK(""pdf_tmp/20260514/1799_1830_第一建設_(訂正)「資本コストや株価を意識した経営の実現に向けた対応について」の一部訂正について.pdf"", ""(訂正)「資本コストや株価を意識した経営の実現に向けた対応について」の一部訂正について"")",,,,4,,,,,,,,,,,,,,,,,,,,https://www.release.tdnet.info/inbs/140120260514535521.pdf
20260514,1812,鹿島,決算短信,"=HYPERLINK(""https://www.release.tdnet.info/inbs/140120260512524121.pdf"", ""2026年3月期決算短信〔日本基準〕(連結)"")","=HYPERLINK(""pdf_tmp/20260514/1812_1200_鹿島_2026年3月期決算短信〔日本基準〕(連結).pdf"", ""2026年3月期決算短信〔日本基準〕(連結)"")",,,,,,,,,,,4 5,,,,,,,,,,,,,https://www.release.tdnet.info/inbs/140120260512524121.pdf
20260514,1815,鉄建建設,決算短信,"=HYPERLINK(""https://www.release.tdnet.info/inbs/140120260513530727.pdf"", ""2026年3月期 決算短信〔日本基準〕(連結)"")","=HYPERLINK(""pdf_tmp/20260514/1815_1400_鉄建建設_2026年3月期 決算短信〔日本基準〕(連結).pdf"", ""2026年3月期 決算短信〔日本基準〕(連結)"")",,,,4,,,,,,,,,,,,,,,,,,,,https://www.release.tdnet.info/inbs/140120260513530727.pdf
20260514,1827,ナカノフドー,その他,"=HYPERLINK(""https://www.release.tdnet.info/inbs/140120260514531729.pdf"", ""株主提案に対する当社取締役会意見に関するお知らせ"")","=HYPERLINK(""pdf_tmp/20260514/1827_1500_ナカノフドー_株主提案に対する当社取締役会意見に関するお知らせ.pdf"", ""株主提案に対する当社取締役会意見に関するお知らせ"")",,,,,,,,,,,,,,,,,,,5,,,,,https://www.release.tdnet.info/inbs/140120260514531729.pdf
20260514,1835,東鉄工,決算短信,"=HYPERLINK(""https://www.release.tdnet.info/inbs/140120260513527881.pdf"", ""2026年3月期 決算短信〔日本基準〕(連結)"")","=HYPERLINK(""pdf_tmp/20260514/1835_1530_東鉄工_2026年3月期 決算短信〔日本基準〕(連結).pdf"", ""2026年3月期 決算短信〔日本基準〕(連結)"")",,,,7,,,,,,,,,,,,,,,,,,,,https://www.release.tdnet.info/inbs/140120260513527881.pdf
20260514,1871,ピーエス,決算短信,"=HYPERLINK(""https://www.release.tdnet.info/inbs/140120260512526531.pdf"", ""2026年3月期 決算短信〔日本基準〕(連結)"")","=HYPERLINK(""pdf_tmp/20260514/1871_1400_ピーエス_2026年3月期 決算短信〔日本基準〕(連結).pdf"", ""2026年3月期 決算短信〔日本基準〕(連結)"")",,,,,,,,,,,,,,,,,,,5,,,,,https://www.release.tdnet.info/inbs/140120260512526531.pdf
20260514,1905,テノックス,決算短信,"=HYPERLINK(""https://www.release.tdnet.info/inbs/140120260513528281.pdf"", ""2026年3月期 決算短信〔日本基準〕(連結)"")","=HYPERLINK(""pdf_tmp/20260514/1905_1330_テノックス_2026年3月期 決算短信〔日本基準〕(連結).pdf"", ""2026年3月期 決算短信〔日本基準〕(連結)"")",,,,,,,,,,,,,,,,,,,4 6,,,,,https://www.release.tdnet.info/inbs/140120260513528281.pdf
20260514,1914,日基礎,その他,"=HYPERLINK(""https://www.release.tdnet.info/inbs/140120260514533955.pdf"", ""通期業績予想と実績値との差異および剰余金の配当(増配)に関するお知らせ"")","=HYPERLINK(""pdf_tmp/20260514/1914_1430_日基礎_通期業績予想と実績値との差異および剰余金の配当(増配)に関するお知らせ.pdf"", ""通期業績予想と実績値との差異および剰余金の配当(増配)に関するお知らせ"")",,,,,,,,,,,,,2,,,,,,,,,,,https://www.release.tdnet.info/inbs/140120260514533955.pdf
20260514,195A,G-MUSCAT G,事業計画,"=HYPERLINK(""https://www.release.tdnet.info/inbs/140120260514534224.pdf"", ""2026年3月期 通期決算説明資料(事業計画および成長可能性に関する事項)"")","=HYPERLINK(""pdf_tmp/20260514/195A_1530_G-MUSCAT G_2026年3月期 通期決算説明資料(事業計画および成長可能性に関する事項).pdf"", ""2026年3月期 通期決算説明資料(事業計画および成長可能性に関する事項)"")",,,,,,,,,,,20,,,,,,,,,,,,,https://www.release.tdnet.info/inbs/140120260514534224.pdf
20260514,195A,G-MUSCAT G,その他,"=HYPERLINK(""https://www.release.tdnet.info/inbs/140120260514534268.pdf"", ""連結業績の前期実績値との差異及び法人税等調整額(損)の計上に関するお知らせ"")","=HYPERLINK(""pdf_tmp/20260514/195A_1530_G-MUSCAT G_連結業績の前期実績値との差異及び法人税等調整額(損)の計上に関するお知らせ.pdf"", ""連結業績の前期実績値との差異及び法人税等調整額(損)の計上に関するお知らせ"")",,,,,,,,,,,1,,,,,,,,,,,,,https://www.release.tdnet.info/inbs/140120260514534268.pdf
20260514,1961,三機工,決算短信,"=HYPERLINK(""https://www.release.tdnet.info/inbs/140120260513530196.pdf"", ""2026年3月期決算短信〔日本基準〕(連結)"")","=HYPERLINK(""pdf_tmp/20260514/1961_1400_三機工_2026年3月期決算短信〔日本基準〕(連結).pdf"", ""2026年3月期決算短信〔日本基準〕(連結)"")",,,,,,,,,,,,,,,,,,,8,,,,,https://www.release.tdnet.info/inbs/140120260513530196.pdf
20260514,1963,日揮HD,その他,"=HYPERLINK(""https://www.release.tdnet.info/inbs/140120260513530793.pdf"", ""2025年度決算説明会_2026年度事業概況・新中期経営計画概要"")","=HYPERLINK(""pdf_tmp/20260514/1963_1530_日揮HD_2025年度決算説明会_2026年度事業概況・新中期経営計画概要.pdf"", ""2025年度決算説明会_2026年度事業概況・新中期経営計画概要"")",,,,,,,,,,,,,,,,,7,,,,,,,https://www.release.tdnet.info/inbs/140120260513530793.pdf
20260514,1963,日揮HD,その他,"=HYPERLINK(""https://www.release.tdnet.info/inbs/140120260513530895.pdf"", ""2026年3月期通期連結業績予想値と実績値との差異、個別業績の前期実績値との差異及び剰余金の配当に関するお知らせ"")","=HYPERLINK(""pdf_tmp/20260514/1963_1530_日揮HD_2026年3月期通期連結業績予想値と実績値との差異、個別業績の前期実績値との差異及び剰余金の配当に関するお知らせ.pdf"", ""2026年3月期通期連結業績予想値と実績値との差異、個別業績の前期実績値との差異及び剰余金の配当に関するお知らせ"")",,,,,,,,,,,1,,,,,,,,,,,,,https://www.release.tdnet.info/inbs/140120260513530895.pdf
20260514,1963,日揮HD,その他,"=HYPERLINK(""https://www.release.tdnet.info/inbs/140120260513530928.pdf"", ""2040年ビジョン(2026年改訂版)"")","=HYPERLINK(""pdf_tmp/20260514/1963_1530_日揮HD_2040年ビジョン(2026年改訂版).pdf"", ""2040年ビジョン(2026年改訂版)"")",,,,,,,,,,,,,,,,,,,,,,25,,https://www.release.tdnet.info/inbs/140120260513530928.pdf
20260514,1965,テクノ菱和,決算短信,"=HYPERLINK(""https://www.release.tdnet.info/inbs/140120260514531878.pdf"", ""2026年3月期決算短信〔日本基準〕(連結)"")","=HYPERLINK(""pdf_tmp/20260514/1965_1400_テクノ菱和_2026年3月期決算短信〔日本基準〕(連結).pdf"", ""2026年3月期決算短信〔日本基準〕(連結)"")",,,,,,,,,,,,,,,,,,,6,,,,,https://www.release.tdnet.info/inbs/140120260514531878.pdf
20260514,196A,G-MFS,決算短信,"=HYPERLINK(""https://www.release.tdnet.info/inbs/140120260514533169.pdf"", ""2026年6月期 第3四半期 決算短信(日本基準)(連結)"")","=HYPERLINK(""pdf_tmp/20260514/196A_1530_G-MFS_2026年6月期 第3四半期 決算短信(日本基準)(連結).pdf"", ""2026年6月期 第3四半期 決算短信(日本基準)(連結)"")",,,,,,,,,,,4,,,,,,,,,,,,,https://www.release.tdnet.info/inbs/140120260514533169.pdf
20260514,1975,朝日工,その他,"=HYPERLINK(""https://www.release.tdnet.info/inbs/140120260513531336.pdf"", ""中期経営計画策定に関するお知らせ"")","=HYPERLINK(""pdf_tmp/20260514/1975_1600_朝日工_中期経営計画策定に関するお知らせ.pdf"", ""中期経営計画策定に関するお知らせ"")",,,,,,,,,,,8 19 23,,,,,,,,,,,,,https://www.release.tdnet.info/inbs/140120260513531336.pdf
20260514,2002,日清粉G,その他,"=HYPERLINK(""https://www.release.tdnet.info/inbs/140120260513530657.pdf"", ""日清製粉グループ 連結決算、次期連結業績予想"")","=HYPERLINK(""pdf_tmp/20260514/2002_1530_日清粉G_日清製粉グループ 連結決算、次期連結業績予想.pdf"", ""日清製粉グループ 連結決算、次期連結業績予想"")",,,1,,,,,,,,,,,,,,,,,,,,,https://www.release.tdnet.info/inbs/140120260513530657.pdf
20260514,2004,昭和産,決算短信,"=HYPERLINK(""https://www.release.tdnet.info/inbs/140120260513529150.pdf"", ""2026年3月期 決算短信〔日本基準〕(連結)"")","=HYPERLINK(""pdf_tmp/20260514/2004_1530_昭和産_2026年3月期 決算短信〔日本基準〕(連結).pdf"", ""2026年3月期 決算短信〔日本基準〕(連結)"")",,,4,,,,,,,,,,,,,,,,,,,,,https://www.release.tdnet.info/inbs/140120260513529150.pdf
20260514,2146,UTグループ,決算短信,"=HYPERLINK(""https://www.release.tdnet.info/inbs/140120260513530048.pdf"", ""2026年3月期決算短信〔日本基準〕(連結)"")","=HYPERLINK(""pdf_tmp/20260514/2146_1600_UTグループ_2026年3月期決算短信〔日本基準〕(連結).pdf"", ""2026年3月期決算短信〔日本基準〕(連結)"")",,,,,,,,,,,5,,,,,,,,,,,,,https://www.release.tdnet.info/inbs/140120260513530048.pdf
20260514,2146,UTグループ,予想の修正,"=HYPERLINK(""https://www.release.tdnet.info/inbs/140120260514534823.pdf"", ""剰余金の配当及び期末配当予想の修正に関するお知らせ"")","=HYPERLINK(""pdf_tmp/20260514/2146_1600_UTグループ_剰余金の配当及び期末配当予想の修正に関するお知らせ.pdf"", ""剰余金の配当及び期末配当予想の修正に関するお知らせ"")",,,,,,,,,,,,2,,,,,,,,,,,,https://www.release.tdnet.info/inbs/140120260514534823.pdf
20260514,2179,成学社,決算短信,"=HYPERLINK(""https://www.release.tdnet.info/inbs/140120260511521522.pdf"", ""2026年3月期 決算短信〔日本基準〕(連結)"")","=HYPERLINK(""pdf_tmp/20260514/2179_1530_成学社_2026年3月期 決算短信〔日本基準〕(連結).pdf"", ""2026年3月期 決算短信〔日本基準〕(連結)"")",,,5,,,,,,,,,,,,,,,,,,,,,https://www.release.tdnet.info/inbs/140120260511521522.pdf
20260514,217A,P-サポート,決算短信,"=HYPERLINK(""https://www.release.tdnet.info/inbs/140120260514534874.pdf"", ""2026年9月期 中間決算短信〔日本基準〕(連結)"")","=HYPERLINK(""pdf_tmp/20260514/217A_1600_P-サポート_2026年9月期 中間決算短信〔日本基準〕(連結).pdf"", ""2026年9月期 中間決算短信〔日本基準〕(連結)"")",,,,,,,,,,,,,4,,,,,,,,,,,https://www.release.tdnet.info/inbs/140120260514534874.pdf
20260514,2218,日糧パン,決算短信,"=HYPERLINK(""https://www.release.tdnet.info/inbs/140120260514531716.pdf"", ""2026年3月期 決算短信〔日本基準〕(非連結)"")","=HYPERLINK(""pdf_tmp/20260514/2218_1530_日糧パン_2026年3月期 決算短信〔日本基準〕(非連結).pdf"", ""2026年3月期 決算短信〔日本基準〕(非連結)"")",,,,,,4,,,,,,,,,,,,,,,,,,https://www.release.tdnet.info/inbs/140120260514531716.pdf
20260514,2222,寿スピリッツ,決算短信,"=HYPERLINK(""https://www.release.tdnet.info/inbs/140120260511522498.pdf"", ""2026年3月期 決算短信補足説明資料"")","=HYPERLINK(""pdf_tmp/20260514/2222_1530_寿スピリッツ_2026年3月期 決算短信補足説明資料.pdf"", ""2026年3月期 決算短信補足説明資料"")",,,,,,,,,,,,,,,,,,,1,,,,,https://www.release.tdnet.info/inbs/140120260511522498.pdf
20260514,2229,カルビー,決算短信,"=HYPERLINK(""https://www.release.tdnet.info/inbs/140120260513530401.pdf"", ""2026年3月期決算短信〔日本基準〕(連結)"")","=HYPERLINK(""pdf_tmp/20260514/2229_1200_カルビー_2026年3月期決算短信〔日本基準〕(連結).pdf"", ""2026年3月期決算短信〔日本基準〕(連結)"")",,,4,,,,,,,,,,,,,,,,,,,,,https://www.release.tdnet.info/inbs/140120260513530401.pdf
20260514,2229,カルビー,その他,"=HYPERLINK(""https://www.release.tdnet.info/inbs/140120260513530428.pdf"", ""業績連動型株式報酬制度の継続及び一部改定に関するお知らせ"")","=HYPERLINK(""pdf_tmp/20260514/2229_1200_カルビー_業績連動型株式報酬制度の継続及び一部改定に関するお知らせ.pdf"", ""業績連動型株式報酬制度の継続及び一部改定に関するお知らせ"")",,,,,,,,,,3,,,,,,,,,,,,,,https://www.release.tdnet.info/inbs/140120260513530428.pdf
20260514,2288,丸大食,決算短信,"=HYPERLINK(""https://www.release.tdnet.info/inbs/140120260512526176.pdf"", ""2026年3月期 決算短信〔日本基準〕(連結)"")","=HYPERLINK(""pdf_tmp/20260514/2288_1500_丸大食_2026年3月期 決算短信〔日本基準〕(連結).pdf"", ""2026年3月期 決算短信〔日本基準〕(連結)"")",,,5,,,,,,,,,,,,,,,,,,,,,https://www.release.tdnet.info/inbs/140120260512526176.pdf
20260514,2325,NJS,決算短信,"=HYPERLINK(""https://www.release.tdnet.info/inbs/140120260513529581.pdf"", ""2026年12月期 第1四半期決算短信〔日本基準〕(連結)"")","=HYPERLINK(""pdf_tmp/20260514/2325_1400_NJS_2026年12月期 第1四半期決算短信〔日本基準〕(連結).pdf"", ""2026年12月期 第1四半期決算短信〔日本基準〕(連結)"")",,,,,,,,,,,,,,,,4,,,,,,,,https://www.release.tdnet.info/inbs/140120260513529581.pdf
20260514,239A,P-バレッグス,決算短信,"=HYPERLINK(""https://www.release.tdnet.info/inbs/140120260513531663.pdf"", ""2026年9月期 中間決算短信〔日本基準〕(連結)"")","=HYPERLINK(""pdf_tmp/20260514/239A_1530_P-バレッグス_2026年9月期 中間決算短信〔日本基準〕(連結).pdf"", ""2026年9月期 中間決算短信〔日本基準〕(連結)"")",,,,,,,,,,,4,,,,,,,,,,,,,https://www.release.tdnet.info/inbs/140120260513531663.pdf
20260514,2425,ケアサービス,決算短信,"=HYPERLINK(""https://www.release.tdnet.info/inbs/140120260514533248.pdf"", ""2026年3月期決算短信〔日本基準〕(非連結)"")","=HYPERLINK(""pdf_tmp/20260514/2425_1600_ケアサービス_2026年3月期決算短信〔日本基準〕(非連結).pdf"", ""2026年3月期決算短信〔日本基準〕(非連結)"")",,,,,,,,,,,5,,,,,,,,,,,,,https://www.release.tdnet.info/inbs/140120260514533248.pdf
20260514,242A,Q-リプライオリティ,決算短信,"=HYPERLINK(""https://www.release.tdnet.info/inbs/140120260513530665.pdf"", ""2026年9月期 第2四半期決算短信〔日本基準〕(連結)"")","=HYPERLINK(""pdf_tmp/20260514/242A_1530_Q-リプライオリティ_2026年9月期 第2四半期決算短信〔日本基準〕(連結).pdf"", ""2026年9月期 第2四半期決算短信〔日本基準〕(連結)"")",,,4,,,,,,,,,,,,,,,,,,,,,https://www.release.tdnet.info/inbs/140120260513530665.pdf
20260514,2485,ティア,決算短信,"=HYPERLINK(""https://www.release.tdnet.info/inbs/140120260427511169.pdf"", ""2026年9月期 第2四半期(中間期)決算短信〔日本基準〕(連結)"")","=HYPERLINK(""pdf_tmp/20260514/2485_1620_ティア_2026年9月期 第2四半期(中間期)決算短信〔日本基準〕(連結).pdf"", ""2026年9月期 第2四半期(中間期)決算短信〔日本基準〕(連結)"")",,,5,,,,,,,,,,,,,,,,,,,,,https://www.release.tdnet.info/inbs/140120260427511169.pdf
20260514,248A,G-キッズスター,説明資料,"=HYPERLINK(""https://www.release.tdnet.info/inbs/140120260514533505.pdf"", ""2026年12月期第1四半期決算説明資料"")","=HYPERLINK(""pdf_tmp/20260514/248A_1530_G-キッズスター_2026年12月期第1四半期決算説明資料.pdf"", ""2026年12月期第1四半期決算説明資料"")",,,,,,,,,,,10,,,,,,,,,,,,,https://www.release.tdnet.info/inbs/140120260514533505.pdf
20260514,2503,キリンHD,決算短信,"=HYPERLINK(""https://www.release.tdnet.info/inbs/140120260512525279.pdf"", ""2026年12月期 第1四半期決算短信〔IFRS〕(連結)"")","=HYPERLINK(""pdf_tmp/20260514/2503_1530_キリンHD_2026年12月期 第1四半期決算短信〔IFRS〕(連結).pdf"", ""2026年12月期 第1四半期決算短信〔IFRS〕(連結)"")",,,,,,,,,,,2,,,,,,,,,,,,,https://www.release.tdnet.info/inbs/140120260512525279.pdf
20260514,2573,北海コカ,決算短信,"=HYPERLINK(""https://www.release.tdnet.info/inbs/140120260507518278.pdf"", ""2026年12月期第1四半期決算短信〔日本基準〕(連結)"")","=HYPERLINK(""pdf_tmp/20260514/2573_1600_北海コカ_2026年12月期第1四半期決算短信〔日本基準〕(連結).pdf"", ""2026年12月期第1四半期決算短信〔日本基準〕(連結)"")",,,4,,,,,,,,,,,,,,,,,,,,,https://www.release.tdnet.info/inbs/140120260507518278.pdf
20260514,259A,ケイ・ウノ,その他,"=HYPERLINK(""https://www.release.tdnet.info/inbs/140120260513529366.pdf"", ""2026年9月期 第2四半期(中間期)連結業績予想と実績値との差異並びに特別利益・特別損失の計上及び役員報酬の減額に関するお知らせ"")","=HYPERLINK(""pdf_tmp/20260514/259A_1530_ケイ・ウノ_2026年9月期 第2四半期(中間期)連結業績予想と実績値との差異並びに特別利益・特別損失の計上及び役員報酬の減額に関するお知らせ.pdf"", ""2026年9月期 第2四半期(中間期)連結業績予想と実績値との差異並びに特別利益・特別損失の計上及び役員報酬の減額に関するお知らせ"")",,,1,,,,,,,,,,,,,,,,,,,,,https://www.release.tdnet.info/inbs/140120260513529366.pdf
20260514,259A,ケイ・ウノ,予想の修正,"=HYPERLINK(""https://www.release.tdnet.info/inbs/140120260513529420.pdf"", ""2026年9月期 通期連結業績予想の修正に関するお知らせ"")","=HYPERLINK(""pdf_tmp/20260514/259A_1530_ケイ・ウノ_2026年9月期 通期連結業績予想の修正に関するお知らせ.pdf"", ""2026年9月期 通期連結業績予想の修正に関するお知らせ"")",,,1,,,,,,,,,,,,,,,,,,,,,https://www.release.tdnet.info/inbs/140120260513529420.pdf
20260514,2654,アスモ,決算短信,"=HYPERLINK(""https://www.release.tdnet.info/inbs/140120260513531523.pdf"", ""2026年3月期決算短信〔日本基準〕(連結)"")","=HYPERLINK(""pdf_tmp/20260514/2654_1600_アスモ_2026年3月期決算短信〔日本基準〕(連結).pdf"", ""2026年3月期決算短信〔日本基準〕(連結)"")",,,,,5,,,,,,,,,,,,,,,,,,,https://www.release.tdnet.info/inbs/140120260513531523.pdf
20260514,2654,アスモ,説明資料,"=HYPERLINK(""https://www.release.tdnet.info/inbs/140120260513531529.pdf"", ""2026年3月期決算説明資料"")","=HYPERLINK(""pdf_tmp/20260514/2654_1600_アスモ_2026年3月期決算説明資料.pdf"", ""2026年3月期決算説明資料"")",11,,,,,,,,,,,,,,,,,,,,,,,https://www.release.tdnet.info/inbs/140120260513531529.pdf
20260514,2667,イメージワン,決算短信,"=HYPERLINK(""https://www.release.tdnet.info/inbs/140120260514533036.pdf"", ""2026年9月期 第2四半期(中間期)決算短信〔日本基準〕(非連結)"")","=HYPERLINK(""pdf_tmp/20260514/2667_1600_イメージワン_2026年9月期 第2四半期(中間期)決算短信〔日本基準〕(非連結).pdf"", ""2026年9月期 第2四半期(中間期)決算短信〔日本基準〕(非連結)"")",,,,,,,,,,,7,,,,,,,,,,,,,https://www.release.tdnet.info/inbs/140120260514533036.pdf
20260514,269A,G-Sapeet,説明資料,"=HYPERLINK(""https://www.release.tdnet.info/inbs/140120260514534302.pdf"", ""2026年9月期第2四半期 決算説明資料"")","=HYPERLINK(""pdf_tmp/20260514/269A_1600_G-Sapeet_2026年9月期第2四半期 決算説明資料.pdf"", ""2026年9月期第2四半期 決算説明資料"")",,,,,,3,,,,,,,,,,,,,,,,,,https://www.release.tdnet.info/inbs/140120260514534302.pdf
20260514,269A,G-Sapeet,決算短信,"=HYPERLINK(""https://www.release.tdnet.info/inbs/140120260514534008.pdf"", ""2026年9月期第2四半期(中間期)決算短信〔日本基準〕(非連結)"")","=HYPERLINK(""pdf_tmp/20260514/269A_1600_G-Sapeet_2026年9月期第2四半期(中間期)決算短信〔日本基準〕(非連結).pdf"", ""2026年9月期第2四半期(中間期)決算短信〔日本基準〕(非連結)"")",,,,,,,,,,,4,,,,,,,,,,,,,https://www.release.tdnet.info/inbs/140120260514534008.pdf
20260514,269A,G-Sapeet,予想の修正,"=HYPERLINK(""https://www.release.tdnet.info/inbs/140120260514534131.pdf"", ""業績予想の修正に関するお知らせ"")","=HYPERLINK(""pdf_tmp/20260514/269A_1600_G-Sapeet_業績予想の修正に関するお知らせ.pdf"", ""業績予想の修正に関するお知らせ"")",,,,,,,1 2,,,,,,,,,,,,,,,,,https://www.release.tdnet.info/inbs/140120260514534131.pdf
20260514,2764,ひらまつ,その他,"=HYPERLINK(""https://www.release.tdnet.info/inbs/140120260513530872.pdf"", ""2027年3月期 配当予想(復配)に関するお知らせ"")","=HYPERLINK(""pdf_tmp/20260514/2764_1200_ひらまつ_2027年3月期 配当予想(復配)に関するお知らせ.pdf"", ""2027年3月期 配当予想(復配)に関するお知らせ"")",,,,,,,1,,,,,,,,,,,,,,,,,https://www.release.tdnet.info/inbs/140120260513530872.pdf
20260514,2780,コメ兵HD,その他,"=HYPERLINK(""https://www.release.tdnet.info/inbs/140120260514532655.pdf"", ""当社連結子会社(KOMEHYO BRAND OFF ASIA LIMITED)による 子会社(マカオ、インドネシア)設立に関するお知らせ"")","=HYPERLINK(""pdf_tmp/20260514/2780_1540_コメ兵HD_当社連結子会社(KOMEHYO BRAND OFF ASIA LIMITED)による 子会社(マカオ、インドネシア)設立に関するお知らせ.pdf"", ""当社連結子会社(KOMEHYO BRAND OFF ASIA LIMITED)による 子会社(マカオ、インドネシア)設立に関するお知らせ"")",,,,,,,,,,,,,,,,,,,,,,1,,https://www.release.tdnet.info/inbs/140120260514532655.pdf
20260514,2795,プリメックス,決算短信,"=HYPERLINK(""https://www.release.tdnet.info/inbs/140120260513530088.pdf"", ""2026年3月期 決算短信〔日本基準〕(連結)"")","=HYPERLINK(""pdf_tmp/20260514/2795_1500_プリメックス_2026年3月期 決算短信〔日本基準〕(連結).pdf"", ""2026年3月期 決算短信〔日本基準〕(連結)"")",,,,,,,,,,,,,,,,,4,,,,,,,https://www.release.tdnet.info/inbs/140120260513530088.pdf
20260514,2806,ユタカフーズ,予想の修正,"=HYPERLINK(""https://www.release.tdnet.info/inbs/140120260513528015.pdf"", ""2026年3月期業績予想の修正(下方修正)に関するお知らせ"")","=HYPERLINK(""pdf_tmp/20260514/2806_1530_ユタカフーズ_2026年3月期業績予想の修正(下方修正)に関するお知らせ.pdf"", ""2026年3月期業績予想の修正(下方修正)に関するお知らせ"")",,,,,,,,1,,,,,,,,,,,,,,,,https://www.release.tdnet.info/inbs/140120260513528015.pdf
20260514,2875,東洋水産,予想の修正,"=HYPERLINK(""https://www.release.tdnet.info/inbs/140120260514532434.pdf"", ""連結子会社(ユタカフーズ株式会社)の業績予想の修正に関するお知らせ"")","=HYPERLINK(""pdf_tmp/20260514/2875_1530_東洋水産_連結子会社(ユタカフーズ株式会社)の業績予想の修正に関するお知らせ.pdf"", ""連結子会社(ユタカフーズ株式会社)の業績予想の修正に関するお知らせ"")",,,,,,,,2,,,,,,,,,,,,,,,,https://www.release.tdnet.info/inbs/140120260514532434.pdf
20260514,2894,石井食,決算短信,"=HYPERLINK(""https://www.release.tdnet.info/inbs/140120260514534128.pdf"", ""2026年3月期 決算短信〔日本基準〕(連結)"")","=HYPERLINK(""pdf_tmp/20260514/2894_1600_石井食_2026年3月期 決算短信〔日本基準〕(連結).pdf"", ""2026年3月期 決算短信〔日本基準〕(連結)"")",,,4,,,,,,,,,,,,,,,,,,,,,https://www.release.tdnet.info/inbs/140120260514534128.pdf
20260514,2904,一正蒲鉾,決算短信,"=HYPERLINK(""https://www.release.tdnet.info/inbs/140120260513528377.pdf"", ""2026年6月期 第3四半期決算短信〔日本基準〕(連結)"")","=HYPERLINK(""pdf_tmp/20260514/2904_1600_一正蒲鉾_2026年6月期 第3四半期決算短信〔日本基準〕(連結).pdf"", ""2026年6月期 第3四半期決算短信〔日本基準〕(連結)"")",,,4 5,,,,,,,,,,,,,,,,,,,,,https://www.release.tdnet.info/inbs/140120260513528377.pdf
20260514,2907,あじかん,その他,"=HYPERLINK(""https://www.release.tdnet.info/inbs/140120260514532311.pdf"", ""2026年3月期 決算サマリー"")","=HYPERLINK(""pdf_tmp/20260514/2907_1530_あじかん_2026年3月期 決算サマリー.pdf"", ""2026年3月期 決算サマリー"")",,,,,,,,,,,,,,,,1,,,,,,,,https://www.release.tdnet.info/inbs/140120260514532311.pdf
20260514,2917,大森屋,決算短信,"=HYPERLINK(""https://www.release.tdnet.info/inbs/140120260513530247.pdf"", ""2026年9月期 第2四半期(中間期)決算短信〔日本基準〕(連結)"")","=HYPERLINK(""pdf_tmp/20260514/2917_1545_大森屋_2026年9月期 第2四半期(中間期)決算短信〔日本基準〕(連結).pdf"", ""2026年9月期 第2四半期(中間期)決算短信〔日本基準〕(連結)"")",,,4,,,,,,,,,,,,,,,,,,,,,https://www.release.tdnet.info/inbs/140120260513530247.pdf
20260514,2917,大森屋,その他,"=HYPERLINK(""https://www.release.tdnet.info/inbs/140120260513530318.pdf"", ""第2四半期(中間期)業績予想と実績との差異に関するお知らせ"")","=HYPERLINK(""pdf_tmp/20260514/2917_1545_大森屋_第2四半期(中間期)業績予想と実績との差異に関するお知らせ.pdf"", ""第2四半期(中間期)業績予想と実績との差異に関するお知らせ"")",,,1,,,,,,,,,,,,,,,,,,,,,https://www.release.tdnet.info/inbs/140120260513530318.pdf
20260514,291A,G-リスキル,決算短信,"=HYPERLINK(""https://www.release.tdnet.info/inbs/140120260513530615.pdf"", ""2026年3月期決算短信〔日本基準〕(非連結)"")","=HYPERLINK(""pdf_tmp/20260514/291A_1530_G-リスキル_2026年3月期決算短信〔日本基準〕(非連結).pdf"", ""2026年3月期決算短信〔日本基準〕(非連結)"")",,,,,,,4,,,,,,,,,,,,,,,,,https://www.release.tdnet.info/inbs/140120260513530615.pdf
20260514,291A,G-リスキル,事業計画,"=HYPERLINK(""https://www.release.tdnet.info/inbs/140120260513530571.pdf"", ""事業計画及び成長可能性に関する説明資料"")","=HYPERLINK(""pdf_tmp/20260514/291A_1530_G-リスキル_事業計画及び成長可能性に関する説明資料.pdf"", ""事業計画及び成長可能性に関する説明資料"")",,,,,,,,,,,,,,,,,,42,,,,,,https://www.release.tdnet.info/inbs/140120260513530571.pdf
20260514,2931,ユーグレナ,その他,"=HYPERLINK(""https://www.release.tdnet.info/inbs/140120260514534012.pdf"", ""2026年12月期第1四半期決算説明"")","=HYPERLINK(""pdf_tmp/20260514/2931_1530_ユーグレナ_2026年12月期第1四半期決算説明.pdf"", ""2026年12月期第1四半期決算説明"")",,,,,,,,,,,2 5 6 7 8 24,,,,,,,,,,,,,https://www.release.tdnet.info/inbs/140120260514534012.pdf
20260514,2986,G-LAHD,説明資料,"=HYPERLINK(""https://www.release.tdnet.info/inbs/140120260514533289.pdf"", ""2026年12月期第1四半期決算説明資料"")","=HYPERLINK(""pdf_tmp/20260514/2986_1540_G-LAHD_2026年12月期第1四半期決算説明資料.pdf"", ""2026年12月期第1四半期決算説明資料"")",,,,,,,5 26,,,,,,,,,,,,,,,,,https://www.release.tdnet.info/inbs/140120260514533289.pdf
20260514,2986,G-LAHD,予想の修正,"=HYPERLINK(""https://www.release.tdnet.info/inbs/140120260514533330.pdf"", ""株式分割、株式分割に伴う定款の一部変更および配当予想の修正(増配)に関するお知らせ"")","=HYPERLINK(""pdf_tmp/20260514/2986_1540_G-LAHD_株式分割、株式分割に伴う定款の一部変更および配当予想の修正(増配)に関するお知らせ.pdf"", ""株式分割、株式分割に伴う定款の一部変更および配当予想の修正(増配)に関するお知らせ"")",,,,,,,2,,,,,,,,,,,,,,,,,https://www.release.tdnet.info/inbs/140120260514533330.pdf
20260514,2990,P-アイダ設計,決算短信,"=HYPERLINK(""https://www.release.tdnet.info/inbs/140120260514533561.pdf"", ""2026年3月期 決算短信〔日本基準〕(連結)"")","=HYPERLINK(""pdf_tmp/20260514/2990_1600_P-アイダ設計_2026年3月期 決算短信〔日本基準〕(連結).pdf"", ""2026年3月期 決算短信〔日本基準〕(連結)"")",,,,,,,,,,,4,,,,,,,,,,,,,https://www.release.tdnet.info/inbs/140120260514533561.pdf
20260514,3002,グンゼ,その他,"=HYPERLINK(""https://www.release.tdnet.info/inbs/140120260512527063.pdf"", ""通期業績予想と実績値との差異に関するお知らせ"")","=HYPERLINK(""pdf_tmp/20260514/3002_1430_グンゼ_通期業績予想と実績値との差異に関するお知らせ.pdf"", ""通期業績予想と実績値との差異に関するお知らせ"")",,,,,,,,,,,1,,,,,,,,,,,,,https://www.release.tdnet.info/inbs/140120260512527063.pdf
20260514,300A,MIC,決算短信,"=HYPERLINK(""https://www.release.tdnet.info/inbs/140120260514534038.pdf"", ""2026年3月期 決算短信〔日本基準〕(非連結)"")","=HYPERLINK(""pdf_tmp/20260514/300A_1600_MIC_2026年3月期 決算短信〔日本基準〕(非連結).pdf"", ""2026年3月期 決算短信〔日本基準〕(非連結)"")",,,,,,,,,,,,,,,,4,,,,,,,,https://www.release.tdnet.info/inbs/140120260514534038.pdf
20260514,3023,ラサ商事,決算短信,"=HYPERLINK(""https://www.release.tdnet.info/inbs/140120260511521978.pdf"", ""2026年3月期決算短信〔日本基準〕(連結)"")","=HYPERLINK(""pdf_tmp/20260514/3023_1530_ラサ商事_2026年3月期決算短信〔日本基準〕(連結).pdf"", ""2026年3月期決算短信〔日本基準〕(連結)"")",,,,,,,,,,,4,,,,,,,,,,,,,https://www.release.tdnet.info/inbs/140120260511521978.pdf
20260514,302A,G-ビースタイルHD,説明資料,"=HYPERLINK(""https://www.release.tdnet.info/inbs/140120260514532829.pdf"", ""2026年3月期決算説明資料"")","=HYPERLINK(""pdf_tmp/20260514/302A_1530_G-ビースタイルHD_2026年3月期決算説明資料.pdf"", ""2026年3月期決算説明資料"")",,,,,,,,,,,10 31,,,,,,,,,,,,,https://www.release.tdnet.info/inbs/140120260514532829.pdf
20260514,3055,ほくたけ,予想の修正,"=HYPERLINK(""https://www.release.tdnet.info/inbs/140120260514531922.pdf"", ""2026年3月期業績予想の修正に関するお知らせ"")","=HYPERLINK(""pdf_tmp/20260514/3055_1530_ほくたけ_2026年3月期業績予想の修正に関するお知らせ.pdf"", ""2026年3月期業績予想の修正に関するお知らせ"")",,,,,,,,,,,,,1,,,,,,,,,,,https://www.release.tdnet.info/inbs/140120260514531922.pdf
20260514,3135,マーケットエンター,決算短信,"=HYPERLINK(""https://www.release.tdnet.info/inbs/140120260513530101.pdf"", ""2026年6月期第3四半期決算短信〔日本基準〕(連結)"")","=HYPERLINK(""pdf_tmp/20260514/3135_1540_マーケットエンター_2026年6月期第3四半期決算短信〔日本基準〕(連結).pdf"", ""2026年6月期第3四半期決算短信〔日本基準〕(連結)"")",,,,,,,,,,,,,,,,,,,4,,,,,https://www.release.tdnet.info/inbs/140120260513530101.pdf
20260514,3140,G-BRUNO,決算短信,"=HYPERLINK(""https://www.release.tdnet.info/inbs/140120260514533732.pdf"", ""2026年6月期 第3四半期決算短信〔日本基準〕(連結)"")","=HYPERLINK(""pdf_tmp/20260514/3140_1530_G-BRUNO_2026年6月期 第3四半期決算短信〔日本基準〕(連結).pdf"", ""2026年6月期 第3四半期決算短信〔日本基準〕(連結)"")",,,,,,,,,,,4,,,,,,,,,,,,,https://www.release.tdnet.info/inbs/140120260514533732.pdf
20260514,3140,G-BRUNO,説明資料,"=HYPERLINK(""https://www.release.tdnet.info/inbs/140120260514532020.pdf"", ""2026年6月期第3四半期 決算説明資料"")","=HYPERLINK(""pdf_tmp/20260514/3140_1530_G-BRUNO_2026年6月期第3四半期 決算説明資料.pdf"", ""2026年6月期第3四半期 決算説明資料"")",,,,,,,,,,,4 6 8,,,,,,,,,,,,,https://www.release.tdnet.info/inbs/140120260514532020.pdf
20260514,3156,レスター,決算短信,"=HYPERLINK(""https://www.release.tdnet.info/inbs/140120260513528426.pdf"", ""2026年3月期決算短信〔日本基準〕(連結)"")","=HYPERLINK(""pdf_tmp/20260514/3156_1600_レスター_2026年3月期決算短信〔日本基準〕(連結).pdf"", ""2026年3月期決算短信〔日本基準〕(連結)"")",,,,,,,,,,,,,,,,,,,4,,,,,https://www.release.tdnet.info/inbs/140120260513528426.pdf
20260514,3178,チムニー,決算短信,"=HYPERLINK(""https://www.release.tdnet.info/inbs/140120260513530035.pdf"", ""2026年3月期 決算短信[日本基準](連結)"")","=HYPERLINK(""pdf_tmp/20260514/3178_1530_チムニー_2026年3月期 決算短信[日本基準](連結).pdf"", ""2026年3月期 決算短信[日本基準](連結)"")",,,,,,,,,,,,,4,,,,,,,,,,,https://www.release.tdnet.info/inbs/140120260513530035.pdf
20260514,3182,オイシックスラ大地,説明資料,"=HYPERLINK(""https://www.release.tdnet.info/inbs/140120260514533959.pdf"", ""2026年3月期 通期 決算説明資料"")","=HYPERLINK(""pdf_tmp/20260514/3182_1530_オイシックスラ大地_2026年3月期 通期 決算説明資料.pdf"", ""2026年3月期 通期 決算説明資料"")",,,,,,,,,,,8 23 28,,,,,,,,,,,,,https://www.release.tdnet.info/inbs/140120260514533959.pdf
20260514,3182,オイシックスラ大地,決算短信,"=HYPERLINK(""https://www.release.tdnet.info/inbs/140120260514532280.pdf"", ""2026年3月期決算短信〔日本基準〕(連結)"")","=HYPERLINK(""pdf_tmp/20260514/3182_1530_オイシックスラ大地_2026年3月期決算短信〔日本基準〕(連結).pdf"", ""2026年3月期決算短信〔日本基準〕(連結)"")",,,,,,,,,,,,,,,,,,,4,,,,,https://www.release.tdnet.info/inbs/140120260514532280.pdf
20260514,3185,G-夢展望,その他,"=HYPERLINK(""https://www.release.tdnet.info/inbs/140120260512527336.pdf"", ""通期業績予想と実績との差異に関するお知らせ"")","=HYPERLINK(""pdf_tmp/20260514/3185_1530_G-夢展望_通期業績予想と実績との差異に関するお知らせ.pdf"", ""通期業績予想と実績との差異に関するお知らせ"")",,,,,,,,,,,2,,,,,,,,,,,,,https://www.release.tdnet.info/inbs/140120260512527336.pdf
20260514,3204,トーア紡,決算短信,"=HYPERLINK(""https://www.release.tdnet.info/inbs/140120260511523465.pdf"", ""令和8年12月期 第1四半期決算短信〔日本基準〕(連結)"")","=HYPERLINK(""pdf_tmp/20260514/3204_1530_トーア紡_令和8年12月期 第1四半期決算短信〔日本基準〕(連結).pdf"", ""令和8年12月期 第1四半期決算短信〔日本基準〕(連結)"")",,4,,,,,,,,,,,,,,,,,,,,,,https://www.release.tdnet.info/inbs/140120260511523465.pdf
20260514,321A,P-ヒューマンSHD,決算短信,"=HYPERLINK(""https://www.release.tdnet.info/inbs/140120260514532742.pdf"", ""2026年3月期  決算短信〔日本基準〕(連結)"")","=HYPERLINK(""pdf_tmp/20260514/321A_1600_P-ヒューマンSHD_2026年3月期 決算短信〔日本基準〕(連結).pdf"", ""2026年3月期  決算短信〔日本基準〕(連結)"")",,,,,,,,,,,,,,,,4,,,,,,,,https://www.release.tdnet.info/inbs/140120260514532742.pdf
20260514,321A,P-ヒューマンSHD,その他,"=HYPERLINK(""https://www.release.tdnet.info/inbs/140120260514532772.pdf"", ""通期業績予想値と決算値との差異及び剰余金の配当に関するお知らせ"")","=HYPERLINK(""pdf_tmp/20260514/321A_1600_P-ヒューマンSHD_通期業績予想値と決算値との差異及び剰余金の配当に関するお知らせ.pdf"", ""通期業績予想値と決算値との差異及び剰余金の配当に関するお知らせ"")",,,,,,,,,,,,,1,,,,,,,,,,,https://www.release.tdnet.info/inbs/140120260514532772.pdf
20260514,3224,G-Gオイスター,説明資料,"=HYPERLINK(""https://www.release.tdnet.info/inbs/140120260514534251.pdf"", ""2026年3月期 決算説明資料"")","=HYPERLINK(""pdf_tmp/20260514/3224_1530_G-Gオイスター_2026年3月期 決算説明資料.pdf"", ""2026年3月期 決算説明資料"")",,,,,,,,,,,,,,,,,,,3 4 8 9,,,,,https://www.release.tdnet.info/inbs/140120260514534251.pdf
20260514,3224,G-Gオイスター,その他,"=HYPERLINK(""https://www.release.tdnet.info/inbs/140120260514534243.pdf"", ""特別損失の計上及び個別業績の前期実績値との差異に関するお知らせ"")","=HYPERLINK(""pdf_tmp/20260514/3224_1530_G-Gオイスター_特別損失の計上及び個別業績の前期実績値との差異に関するお知らせ.pdf"", ""特別損失の計上及び個別業績の前期実績値との差異に関するお知らせ"")",,,,,,,,,,,1,,,,,,,,,,,,,https://www.release.tdnet.info/inbs/140120260514534243.pdf
20260514,3242,アーバネット,決算短信,"=HYPERLINK(""https://www.release.tdnet.info/inbs/140120260513530721.pdf"", ""2026年6月期 第3四半期決算短信〔日本基準〕(連結)"")","=HYPERLINK(""pdf_tmp/20260514/3242_1600_アーバネット_2026年6月期 第3四半期決算短信〔日本基準〕(連結).pdf"", ""2026年6月期 第3四半期決算短信〔日本基準〕(連結)"")",,,,,,,,,,,4 5,,,,,,,,,,,,,https://www.release.tdnet.info/inbs/140120260513530721.pdf
20260514,331A,メディックス,説明資料,"=HYPERLINK(""https://www.release.tdnet.info/inbs/140120260513529617.pdf"", ""2026年3月期 決算説明資料"")","=HYPERLINK(""pdf_tmp/20260514/331A_1529_メディックス_2026年3月期 決算説明資料.pdf"", ""2026年3月期 決算説明資料"")",,,,,,,,,,,12,,,,,,,,,,,,,https://www.release.tdnet.info/inbs/140120260513529617.pdf
20260514,333A,P-テクノスマイル,決算短信,"=HYPERLINK(""https://www.release.tdnet.info/inbs/140120260514532634.pdf"", ""2026年3月期 決算短信〔日本基準〕(連結)"")","=HYPERLINK(""pdf_tmp/20260514/333A_1530_P-テクノスマイル_2026年3月期 決算短信〔日本基準〕(連結).pdf"", ""2026年3月期 決算短信〔日本基準〕(連結)"")",,,,,,,,,,,,,,,,,,,,,,4,,https://www.release.tdnet.info/inbs/140120260514532634.pdf
20260514,333A,P-テクノスマイル,その他,"=HYPERLINK(""https://www.release.tdnet.info/inbs/140120260514532425.pdf"", ""東京証券取引所 TOKYO PRO Marketへの上場目的の開示"")","=HYPERLINK(""pdf_tmp/20260514/333A_1530_P-テクノスマイル_東京証券取引所 TOKYO PRO Marketへの上場目的の開示.pdf"", ""東京証券取引所 TOKYO PRO Marketへの上場目的の開示"")",,,,,,,,,,,1,,,,,,,,,,,,,https://www.release.tdnet.info/inbs/140120260514532425.pdf
20260514,336A,G-ダイナミクマップ,説明資料,"=HYPERLINK(""https://www.release.tdnet.info/inbs/140120260514534492.pdf"", ""2026年3月期 決算説明資料"")","=HYPERLINK(""pdf_tmp/20260514/336A_1535_G-ダイナミクマップ_2026年3月期 決算説明資料.pdf"", ""2026年3月期 決算説明資料"")",,,,,,,,,,,18 20 21 42,,,,,,,,,,,,,https://www.release.tdnet.info/inbs/140120260514534492.pdf
20260514,336A,G-ダイナミクマップ,その他,"=HYPERLINK(""https://www.release.tdnet.info/inbs/140120260514534522.pdf"", ""通期連結業績予想値と実績値との差異および前期実績との差異に関するお知らせ"")","=HYPERLINK(""pdf_tmp/20260514/336A_1540_G-ダイナミクマップ_通期連結業績予想値と実績値との差異および前期実績との差異に関するお知らせ.pdf"", ""通期連結業績予想値と実績値との差異および前期実績との差異に関するお知らせ"")",,,,,,,,,,,1,,,,,,,,,,,,,https://www.release.tdnet.info/inbs/140120260514534522.pdf
20260514,3372,関門海,予想の修正,"=HYPERLINK(""https://www.release.tdnet.info/inbs/140120260514533790.pdf"", ""通期連結業績予想の修正及び個別業績の前期実績値との差異に関するお知らせ"")","=HYPERLINK(""pdf_tmp/20260514/3372_1600_関門海_通期連結業績予想の修正及び個別業績の前期実績値との差異に関するお知らせ.pdf"", ""通期連結業績予想の修正及び個別業績の前期実績値との差異に関するお知らせ"")",,,,,,,,,,,,,,,,,,,1,,,,,https://www.release.tdnet.info/inbs/140120260514533790.pdf
20260514,3375,ZOA,決算短信,"=HYPERLINK(""https://www.release.tdnet.info/inbs/140120260514531757.pdf"", ""2026年3月期 決算短信〔日本基準〕(非連結)"")","=HYPERLINK(""pdf_tmp/20260514/3375_1530_ZOA_2026年3月期 決算短信〔日本基準〕(非連結).pdf"", ""2026年3月期 決算短信〔日本基準〕(非連結)"")",,,,,,,,,,,4,,,,,,,,,,,,,https://www.release.tdnet.info/inbs/140120260514531757.pdf
20260514,3409,北紡,その他,"=HYPERLINK(""https://www.release.tdnet.info/inbs/140120260513530266.pdf"", ""2026年3月期連結業績予想数値と実績値の差異に関するお知らせ"")","=HYPERLINK(""pdf_tmp/20260514/3409_1530_北紡_2026年3月期連結業績予想数値と実績値の差異に関するお知らせ.pdf"", ""2026年3月期連結業績予想数値と実績値の差異に関するお知らせ"")",,,,,,,,,,,,,,,1,,,,,,,,,https://www.release.tdnet.info/inbs/140120260513530266.pdf
20260514,3465,ケイアイスター不動産,決算短信,"=HYPERLINK(""https://www.release.tdnet.info/inbs/140120260513531528.pdf"", ""2026年3月期 決算短信〔日本基準〕(連結)"")","=HYPERLINK(""pdf_tmp/20260514/3465_1530_ケイアイスター不動産_2026年3月期 決算短信〔日本基準〕(連結).pdf"", ""2026年3月期 決算短信〔日本基準〕(連結)"")",,,,,,,,,,,,,,,,,,,,,,5 7,,https://www.release.tdnet.info/inbs/140120260513531528.pdf
20260514,3477,G-フォーライフ,決算短信,"=HYPERLINK(""https://www.release.tdnet.info/inbs/140120260512524847.pdf"", ""2026年3月期決算短信〔日本基準〕(非連結)"")","=HYPERLINK(""pdf_tmp/20260514/3477_1500_G-フォーライフ_2026年3月期決算短信〔日本基準〕(非連結).pdf"", ""2026年3月期決算短信〔日本基準〕(非連結)"")",,,,,,,,,,,,,,,,4,,,,,,,,https://www.release.tdnet.info/inbs/140120260512524847.pdf
20260514,3538,ウイルプラスHD,予想の修正,"=HYPERLINK(""https://www.release.tdnet.info/inbs/140120260514534415.pdf"", ""2026年6月期 通期業績予想の修正に関するお知らせ"")","=HYPERLINK(""pdf_tmp/20260514/3538_1630_ウイルプラスHD_2026年6月期 通期業績予想の修正に関するお知らせ.pdf"", ""2026年6月期 通期業績予想の修正に関するお知らせ"")",,,,,,,,,,,,,,,,,,,1,,,,,https://www.release.tdnet.info/inbs/140120260514534415.pdf
20260514,3538,ウイルプラスHD,その他,"=HYPERLINK(""https://www.release.tdnet.info/inbs/140120260514534334.pdf"", ""株式取得(子会社化)に向けた株式譲渡契約締結に関するお知らせ"")","=HYPERLINK(""pdf_tmp/20260514/3538_1630_ウイルプラスHD_株式取得(子会社化)に向けた株式譲渡契約締結に関するお知らせ.pdf"", ""株式取得(子会社化)に向けた株式譲渡契約締結に関するお知らせ"")",,,,,,,,,,,,,,,,,,,,,,7,,https://www.release.tdnet.info/inbs/140120260514534334.pdf
20260514,3591,ワコールHD,決算短信,"=HYPERLINK(""https://www.release.tdnet.info/inbs/140120260513531544.pdf"", ""2026年 3月期 決算短信〔IFRS〕(連結)"")","=HYPERLINK(""pdf_tmp/20260514/3591_1600_ワコールHD_2026年 3月期 決算短信〔IFRS〕(連結).pdf"", ""2026年 3月期 決算短信〔IFRS〕(連結)"")",,,,,,,,,,,4 5 6 7,,,,,,,,,,,,,https://www.release.tdnet.info/inbs/140120260513531544.pdf
20260514,3600,フジックス,決算短信,"=HYPERLINK(""https://www.release.tdnet.info/inbs/140120260513529464.pdf"", ""2026年3月期 決算短信[日本基準](連結)"")","=HYPERLINK(""pdf_tmp/20260514/3600_1600_フジックス_2026年3月期 決算短信[日本基準](連結).pdf"", ""2026年3月期 決算短信[日本基準](連結)"")",,,,,,,,,,,,,,,,,,,5,,,,,https://www.release.tdnet.info/inbs/140120260513529464.pdf
20260514,3611,マツオカ,その他,"=HYPERLINK(""https://www.release.tdnet.info/inbs/140120260514532283.pdf"", ""業績予想と実績との差異に関するお知らせ"")","=HYPERLINK(""pdf_tmp/20260514/3611_1530_マツオカ_業績予想と実績との差異に関するお知らせ.pdf"", ""業績予想と実績との差異に関するお知らせ"")",,,,,,1,,,,,,,,,,,,,,,,,,https://www.release.tdnet.info/inbs/140120260514532283.pdf
20260514,3623,G-BS,決算短信,"=HYPERLINK(""https://www.release.tdnet.info/inbs/140120260513530953.pdf"", ""2026年12月期 第1四半期決算短信[日本基準](連結)"")","=HYPERLINK(""pdf_tmp/20260514/3623_1530_G-BS_2026年12月期 第1四半期決算短信[日本基準](連結).pdf"", ""2026年12月期 第1四半期決算短信[日本基準](連結)"")",,,,,,,,,,,,4,,,,,,,,,,,,https://www.release.tdnet.info/inbs/140120260513530953.pdf
20260514,3624,G-アクセルM,決算短信,"=HYPERLINK(""https://www.release.tdnet.info/inbs/140120260514534537.pdf"", ""2026年9月期 第2四半期(中間期)決算短信〔日本基準〕(連結)"")","=HYPERLINK(""pdf_tmp/20260514/3624_1530_G-アクセルM_2026年9月期 第2四半期(中間期)決算短信〔日本基準〕(連結).pdf"", ""2026年9月期 第2四半期(中間期)決算短信〔日本基準〕(連結)"")",,,,,,,,,,,,,,,,4,,,,,,,,https://www.release.tdnet.info/inbs/140120260514534537.pdf
20260514,3624,G-アクセルM,その他,"=HYPERLINK(""https://www.release.tdnet.info/inbs/140120260514534649.pdf"", ""2026年9月期 第2四半期決算説明会資料"")","=HYPERLINK(""pdf_tmp/20260514/3624_1530_G-アクセルM_2026年9月期 第2四半期決算説明会資料.pdf"", ""2026年9月期 第2四半期決算説明会資料"")",,,,,,,,,,,9 11,,,,,,,,,,,,,https://www.release.tdnet.info/inbs/140120260514534649.pdf
20260514,3633,GMOペパボ,決算短信,"=HYPERLINK(""https://www.release.tdnet.info/inbs/140120260514533052.pdf"", ""2026年12月期 第1四半期 決算短信〔日本基準〕(連結)"")","=HYPERLINK(""pdf_tmp/20260514/3633_1531_GMOペパボ_2026年12月期 第1四半期 決算短信〔日本基準〕(連結).pdf"", ""2026年12月期 第1四半期 決算短信〔日本基準〕(連結)"")",,,4,,,,,,,,,,,,,,,,,,,,,https://www.release.tdnet.info/inbs/140120260514533052.pdf
20260514,3633,GMOペパボ,その他,"=HYPERLINK(""https://www.release.tdnet.info/inbs/140120260514533098.pdf"", ""2026年12月期 第1四半期 決算説明会資料"")","=HYPERLINK(""pdf_tmp/20260514/3633_1531_GMOペパボ_2026年12月期 第1四半期 決算説明会資料.pdf"", ""2026年12月期 第1四半期 決算説明会資料"")",,,,,,,,,,,5 26,,,,,,,,,,,,,https://www.release.tdnet.info/inbs/140120260514533098.pdf
20260514,3646,駅探,決算短信,"=HYPERLINK(""https://www.release.tdnet.info/inbs/140120260514533148.pdf"", ""2026年3月期 決算短信〔日本基準〕(連結)"")","=HYPERLINK(""pdf_tmp/20260514/3646_1645_駅探_2026年3月期 決算短信〔日本基準〕(連結).pdf"", ""2026年3月期 決算短信〔日本基準〕(連結)"")",,,,,,,,,,,4 5 6,,,,,,,,,,,,,https://www.release.tdnet.info/inbs/140120260514533148.pdf
20260514,3646,駅探,説明資料,"=HYPERLINK(""https://www.release.tdnet.info/inbs/140120260514533301.pdf"", ""2026年3月期 決算補足説明資料"")","=HYPERLINK(""pdf_tmp/20260514/3646_1645_駅探_2026年3月期 決算補足説明資料.pdf"", ""2026年3月期 決算補足説明資料"")",,,,,,,16,,,,,,,,,,,,,,,,,https://www.release.tdnet.info/inbs/140120260514533301.pdf
20260514,3646,駅探,その他,"=HYPERLINK(""https://www.release.tdnet.info/inbs/140120260514533412.pdf"", ""剰余金の配当に関するお知らせ"")","=HYPERLINK(""pdf_tmp/20260514/3646_1645_駅探_剰余金の配当に関するお知らせ.pdf"", ""剰余金の配当に関するお知らせ"")",,,,,,,,,,,1,,,,,,,,,,,,,https://www.release.tdnet.info/inbs/140120260514533412.pdf
20260514,3646,駅探,その他,"=HYPERLINK(""https://www.release.tdnet.info/inbs/140120260514533385.pdf"", ""通期連結業績予想と実績値の差異および特別損失(固定資産の減損損失)の計上に関するお知らせ"")","=HYPERLINK(""pdf_tmp/20260514/3646_1645_駅探_通期連結業績予想と実績値の差異および特別損失(固定資産の減損損失)の計上に関するお知らせ.pdf"", ""通期連結業績予想と実績値の差異および特別損失(固定資産の減損損失)の計上に関するお知らせ"")",,,,,,,,,,,,2,,,,,,,,,,,,https://www.release.tdnet.info/inbs/140120260514533385.pdf
20260514,3648,AGS,その他,"=HYPERLINK(""https://www.release.tdnet.info/inbs/140120260514533042.pdf"", ""第二期中期経営計画の数値目標変更に関するお知らせ"")","=HYPERLINK(""pdf_tmp/20260514/3648_1600_AGS_第二期中期経営計画の数値目標変更に関するお知らせ.pdf"", ""第二期中期経営計画の数値目標変更に関するお知らせ"")",,,,,,,1,,,,,,,,,,,,,,,,,https://www.release.tdnet.info/inbs/140120260514533042.pdf
20260514,3649,ファインデックス,説明資料,"=HYPERLINK(""https://www.release.tdnet.info/inbs/140120260514533565.pdf"", ""2026年12月期 第1四半期 決算補足説明資料"")","=HYPERLINK(""pdf_tmp/20260514/3649_1530_ファインデックス_2026年12月期 第1四半期 決算補足説明資料.pdf"", ""2026年12月期 第1四半期 決算補足説明資料"")",,,,,,,,,,,14 15 24,,,,,,,,,,,,,https://www.release.tdnet.info/inbs/140120260514533565.pdf
20260514,3656,KLab,予想の修正,"=HYPERLINK(""https://www.release.tdnet.info/inbs/140120260513531521.pdf"", ""通期連結業績予想の修正に関するお知らせ"")","=HYPERLINK(""pdf_tmp/20260514/3656_1530_KLab_通期連結業績予想の修正に関するお知らせ.pdf"", ""通期連結業績予想の修正に関するお知らせ"")",,,,,,,,,,,2,,,,,,,,,,,,,https://www.release.tdnet.info/inbs/140120260513531521.pdf
20260514,366A,G-ウェルネスC,説明資料,"=HYPERLINK(""https://www.release.tdnet.info/inbs/140120260514534549.pdf"", ""2026年3月期 決算説明資料"")","=HYPERLINK(""pdf_tmp/20260514/366A_1530_G-ウェルネスC_2026年3月期 決算説明資料.pdf"", ""2026年3月期 決算説明資料"")",,,3 13 14 20 21 43,,,,,,,,,,,,,,,,,,,,,https://www.release.tdnet.info/inbs/140120260514534549.pdf
20260514,366A,G-ウェルネスC,決算短信,"=HYPERLINK(""https://www.release.tdnet.info/inbs/140120260514534664.pdf"", ""2026年3月期決算短信〔日本基準〕(連結)"")","=HYPERLINK(""pdf_tmp/20260514/366A_1530_G-ウェルネスC_2026年3月期決算短信〔日本基準〕(連結).pdf"", ""2026年3月期決算短信〔日本基準〕(連結)"")",,,6,,,,,,,,,,,,,,,,,,,,,https://www.release.tdnet.info/inbs/140120260514534664.pdf
20260514,3680,G-ホットリンク,決算短信,"=HYPERLINK(""https://www.release.tdnet.info/inbs/140120260514531823.pdf"", ""2026年12月期 第1四半期決算短信補足資料"")","=HYPERLINK(""pdf_tmp/20260514/3680_1530_G-ホットリンク_2026年12月期 第1四半期決算短信補足資料.pdf"", ""2026年12月期 第1四半期決算短信補足資料"")",,,,,,,,,,,24 29,,,,,,,,,,,,,https://www.release.tdnet.info/inbs/140120260514531823.pdf
20260514,3686,DLE,説明資料,"=HYPERLINK(""https://www.release.tdnet.info/inbs/140120260514534693.pdf"", ""2026年3月期 通期 決算説明資料"")","=HYPERLINK(""pdf_tmp/20260514/3686_1530_DLE_2026年3月期 通期 決算説明資料.pdf"", ""2026年3月期 通期 決算説明資料"")",,,,,,,,,,,11 12 25,,,,,,,,,,,,,https://www.release.tdnet.info/inbs/140120260514534693.pdf
20260514,3687,フィックスターズ,予想の修正,"=HYPERLINK(""https://www.release.tdnet.info/inbs/140120260514533397.pdf"", ""第2四半期(中間期)業績予想値と実績値の差異並びに通期業績予想及び配当予想の修正に関するお知らせ"")","=HYPERLINK(""pdf_tmp/20260514/3687_1630_フィックスターズ_第2四半期(中間期)業績予想値と実績値の差異並びに通期業績予想及び配当予想の修正に関するお知らせ.pdf"", ""第2四半期(中間期)業績予想値と実績値の差異並びに通期業績予想及び配当予想の修正に関するお知らせ"")",,,,,,,,,,,2,,,,,,,,,,,,,https://www.release.tdnet.info/inbs/140120260514533397.pdf
20260514,3710,ジョルダン,決算短信,"=HYPERLINK(""https://www.release.tdnet.info/inbs/140120260513530885.pdf"", ""令和8年9月期 第2四半期(中間期)決算短信〔日本基準〕(連結)"")","=HYPERLINK(""pdf_tmp/20260514/3710_1600_ジョルダン_令和8年9月期 第2四半期(中間期)決算短信〔日本基準〕(連結).pdf"", ""令和8年9月期 第2四半期(中間期)決算短信〔日本基準〕(連結)"")",,,,,,,,,,,4,,,,,,,,,,,,,https://www.release.tdnet.info/inbs/140120260513530885.pdf
20260514,3727,G-APLIX,説明資料,"=HYPERLINK(""https://www.release.tdnet.info/inbs/140120260514532573.pdf"", ""2026年12月期第1四半期決算補足説明資料"")","=HYPERLINK(""pdf_tmp/20260514/3727_1530_G-APLIX_2026年12月期第1四半期決算補足説明資料.pdf"", ""2026年12月期第1四半期決算補足説明資料"")",,,,,,,,,,,9 18 22,,,,,,,,,,,,,https://www.release.tdnet.info/inbs/140120260514532573.pdf
20260514,3727,G-APLIX,その他,"=HYPERLINK(""https://www.release.tdnet.info/inbs/140120260514532394.pdf"", ""2026年12月期通期連結業績予想及び配当予想の公表に関するお知らせ"")","=HYPERLINK(""pdf_tmp/20260514/3727_1530_G-APLIX_2026年12月期通期連結業績予想及び配当予想の公表に関するお知らせ.pdf"", ""2026年12月期通期連結業績予想及び配当予想の公表に関するお知らせ"")",,,,,,,,,,,2,,,,,,,,,,,,,https://www.release.tdnet.info/inbs/140120260514532394.pdf
20260514,3739,コムシード,決算短信,"=HYPERLINK(""https://www.release.tdnet.info/inbs/140120260514533510.pdf"", ""2026年3月期 決算短信〔日本基準〕(連結)"")","=HYPERLINK(""pdf_tmp/20260514/3739_1620_コムシード_2026年3月期 決算短信〔日本基準〕(連結).pdf"", ""2026年3月期 決算短信〔日本基準〕(連結)"")",,,,,,,,,,,2 5,,,,,,,,,,,,,https://www.release.tdnet.info/inbs/140120260514533510.pdf
20260514,3739,コムシード,説明資料,"=HYPERLINK(""https://www.release.tdnet.info/inbs/140120260514533531.pdf"", ""2026年3月期通期決算補足説明資料"")","=HYPERLINK(""pdf_tmp/20260514/3739_1620_コムシード_2026年3月期通期決算補足説明資料.pdf"", ""2026年3月期通期決算補足説明資料"")",,,,,,,,,,,3 10 13,,,,,,,,,,,,,https://www.release.tdnet.info/inbs/140120260514533531.pdf
20260514,3739,コムシード,その他,"=HYPERLINK(""https://www.release.tdnet.info/inbs/140120260514533564.pdf"", ""代表取締役社長CEOによる2026年3月期通期決算に寄せたメッセージ公開について"")","=HYPERLINK(""pdf_tmp/20260514/3739_1620_コムシード_代表取締役社長CEOによる2026年3月期通期決算に寄せたメッセージ公開について.pdf"", ""代表取締役社長CEOによる2026年3月期通期決算に寄せたメッセージ公開について"")",,,,,,,,,,,2 3,,,,,,,,,,,,,https://www.release.tdnet.info/inbs/140120260514533564.pdf
20260514,378A,G-ヒット,説明資料,"=HYPERLINK(""https://www.release.tdnet.info/inbs/140120260512525160.pdf"", ""2026年6月期 第3四半期決算説明資料"")","=HYPERLINK(""pdf_tmp/20260514/378A_1530_G-ヒット_2026年6月期 第3四半期決算説明資料.pdf"", ""2026年6月期 第3四半期決算説明資料"")",,,,,,,,,,,,,,,,,,,,,54,,,https://www.release.tdnet.info/inbs/140120260512525160.pdf
20260514,3796,いい生活,決算短信,"=HYPERLINK(""https://www.release.tdnet.info/inbs/140120260513530926.pdf"", ""2026年3月期 決算短信〔日本基準〕(連結)"")","=HYPERLINK(""pdf_tmp/20260514/3796_1530_いい生活_2026年3月期 決算短信〔日本基準〕(連結).pdf"", ""2026年3月期 決算短信〔日本基準〕(連結)"")",,,,,,,,,,,7,,,,,,,,,,,,,https://www.release.tdnet.info/inbs/140120260513530926.pdf
20260514,3796,いい生活,説明資料,"=HYPERLINK(""https://www.release.tdnet.info/inbs/140120260514532650.pdf"", ""2026年3月期 通期 決算説明資料"")","=HYPERLINK(""pdf_tmp/20260514/3796_1530_いい生活_2026年3月期 通期 決算説明資料.pdf"", ""2026年3月期 通期 決算説明資料"")",,,,,,,,,,,,,,,,,,,,,,43,,https://www.release.tdnet.info/inbs/140120260514532650.pdf
20260514,3803,G-イメージ情,その他,"=HYPERLINK(""https://www.release.tdnet.info/inbs/140120260514534725.pdf"", ""新経営体制及び今後の経営方針に関するお知らせ"")","=HYPERLINK(""pdf_tmp/20260514/3803_1645_G-イメージ情_新経営体制及び今後の経営方針に関するお知らせ.pdf"", ""新経営体制及び今後の経営方針に関するお知らせ"")",,,,,,,,,,,2,,,,,,,,,,,,,https://www.release.tdnet.info/inbs/140120260514534725.pdf
20260514,3807,G-フィスコ,決算短信,"=HYPERLINK(""https://www.release.tdnet.info/inbs/140120260512526758.pdf"", ""2026年12月期第1四半期決算短信〔日本基準〕(非連結)"")","=HYPERLINK(""pdf_tmp/20260514/3807_1530_G-フィスコ_2026年12月期第1四半期決算短信〔日本基準〕(非連結).pdf"", ""2026年12月期第1四半期決算短信〔日本基準〕(非連結)"")",,,,,,,,,,,,,,,,4,,,,,,,,https://www.release.tdnet.info/inbs/140120260512526758.pdf
20260514,3808,オーケーウェブ,その他,"=HYPERLINK(""https://www.release.tdnet.info/inbs/140120260512526130.pdf"", ""共創共同体向け事業の成長加速に向けた、簡易株式交換によるJINEN株式会社の完全子会社化に関するお知らせ"")","=HYPERLINK(""pdf_tmp/20260514/3808_1600_オーケーウェブ_共創共同体向け事業の成長加速に向けた、簡易株式交換によるJINEN株式会社の完全子会社化に関するお知らせ.pdf"", ""共創共同体向け事業の成長加速に向けた、簡易株式交換によるJINEN株式会社の完全子会社化に関するお知らせ"")",,,,,,,,,,,5,,,,,,,,,,,,,https://www.release.tdnet.info/inbs/140120260512526130.pdf
20260514,3808,オーケーウェブ,その他,"=HYPERLINK(""https://www.release.tdnet.info/inbs/140120260512525871.pdf"", ""株式会社オーケーウェブ2026年6月期第3四半期決算説明会資料"")","=HYPERLINK(""pdf_tmp/20260514/3808_1600_オーケーウェブ_株式会社オーケーウェブ2026年6月期第3四半期決算説明会資料.pdf"", ""株式会社オーケーウェブ2026年6月期第3四半期決算説明会資料"")",,,,,,,,,,,22 23,,,,,,,,,,,,,https://www.release.tdnet.info/inbs/140120260512525871.pdf
20260514,3842,ネクストジェン,説明資料,"=HYPERLINK(""https://www.release.tdnet.info/inbs/140120260511522665.pdf"", ""2026年3月期 通期決算説明資料"")","=HYPERLINK(""pdf_tmp/20260514/3842_1600_ネクストジェン_2026年3月期 通期決算説明資料.pdf"", ""2026年3月期 通期決算説明資料"")",,,,,,,,,,,,,,,,,,,27,,,,,https://www.release.tdnet.info/inbs/140120260511522665.pdf
20260514,3853,アステリア,決算短信,"=HYPERLINK(""https://www.release.tdnet.info/inbs/140120260514532063.pdf"", ""2026年3月期 決算短信〔IFRS〕(連結)"")","=HYPERLINK(""pdf_tmp/20260514/3853_1200_アステリア_2026年3月期 決算短信〔IFRS〕(連結).pdf"", ""2026年3月期 決算短信〔IFRS〕(連結)"")",,,,,,,,,,,4,,,,,,,,,,,,,https://www.release.tdnet.info/inbs/140120260514532063.pdf
20260514,3853,アステリア,その他,"=HYPERLINK(""https://www.release.tdnet.info/inbs/140120260514532242.pdf"", ""2026年3月期 通期決算説明会資料"")","=HYPERLINK(""pdf_tmp/20260514/3853_1200_アステリア_2026年3月期 通期決算説明会資料.pdf"", ""2026年3月期 通期決算説明会資料"")",,,,,,,,,,,7,,,,,,,,,,,,,https://www.release.tdnet.info/inbs/140120260514532242.pdf
20260514,3864,三菱紙,決算短信,"=HYPERLINK(""https://www.release.tdnet.info/inbs/140120260513530653.pdf"", ""2026年3月期 決算短信〔日本基準〕(連結)"")","=HYPERLINK(""pdf_tmp/20260514/3864_1530_三菱紙_2026年3月期 決算短信〔日本基準〕(連結).pdf"", ""2026年3月期 決算短信〔日本基準〕(連結)"")",,,6,,,,,,,,,,,,,,,,,,,,,https://www.release.tdnet.info/inbs/140120260513530653.pdf
20260514,3877,中越パル,決算短信,"=HYPERLINK(""https://www.release.tdnet.info/inbs/140120260513530720.pdf"", ""2026年3月期決算短信〔日本基準〕(連結)"")","=HYPERLINK(""pdf_tmp/20260514/3877_1530_中越パル_2026年3月期決算短信〔日本基準〕(連結).pdf"", ""2026年3月期決算短信〔日本基準〕(連結)"")",,,,,,,,,,,,,,,,,,,4 6,,,,,https://www.release.tdnet.info/inbs/140120260513530720.pdf
20260514,3891,高度紙,その他,"=HYPERLINK(""https://www.release.tdnet.info/inbs/140120260513529950.pdf"", ""剰余金の配当に関するお知らせ"")","=HYPERLINK(""pdf_tmp/20260514/3891_1400_高度紙_剰余金の配当に関するお知らせ.pdf"", ""剰余金の配当に関するお知らせ"")",,,,,,,,,,,,,,,,,,,,1,,,,https://www.release.tdnet.info/inbs/140120260513529950.pdf
20260514,3918,PCIHD,決算短信,"=HYPERLINK(""https://www.release.tdnet.info/inbs/140120260514531984.pdf"", ""2026年3月期 決算短信〔日本基準〕(連結)"")","=HYPERLINK(""pdf_tmp/20260514/3918_1530_PCIHD_2026年3月期 決算短信〔日本基準〕(連結).pdf"", ""2026年3月期 決算短信〔日本基準〕(連結)"")",,,,,,,,,,,4,,,,,,,,,,,,,https://www.release.tdnet.info/inbs/140120260514531984.pdf
20260514,3918,PCIHD,説明資料,"=HYPERLINK(""https://www.release.tdnet.info/inbs/140120260514532847.pdf"", ""2026年3月期 決算説明資料"")","=HYPERLINK(""pdf_tmp/20260514/3918_1530_PCIHD_2026年3月期 決算説明資料.pdf"", ""2026年3月期 決算説明資料"")",,,,,,,,,,,13 18,,,,,,,,,,,,,https://www.release.tdnet.info/inbs/140120260514532847.pdf
20260514,3920,アイビーシー,決算短信,"=HYPERLINK(""https://www.release.tdnet.info/inbs/140120260514533029.pdf"", ""2026年9月期 第2四半期(中間期)決算短信〔日本基準〕(非連結)"")","=HYPERLINK(""pdf_tmp/20260514/3920_1530_アイビーシー_2026年9月期 第2四半期(中間期)決算短信〔日本基準〕(非連結).pdf"", ""2026年9月期 第2四半期(中間期)決算短信〔日本基準〕(非連結)"")",,,,,,,,,,,,4,,,,,,,,,,,,https://www.release.tdnet.info/inbs/140120260514533029.pdf
20260514,3962,チェンジHD,決算短信,"=HYPERLINK(""https://www.release.tdnet.info/inbs/140120260514533735.pdf"", ""2026年3月期 決算短信〔IFRS〕(連結)"")","=HYPERLINK(""pdf_tmp/20260514/3962_1530_チェンジHD_2026年3月期 決算短信〔IFRS〕(連結).pdf"", ""2026年3月期 決算短信〔IFRS〕(連結)"")",,,,,,,,,,5,,,,,,,,,,,,,,https://www.release.tdnet.info/inbs/140120260514533735.pdf
20260514,3963,シンクロ・フード,決算短信,"=HYPERLINK(""https://www.release.tdnet.info/inbs/140120260513529835.pdf"", ""2026年3月期 決算短信〔日本基準〕(連結)"")","=HYPERLINK(""pdf_tmp/20260514/3963_1530_シンクロ・フード_2026年3月期 決算短信〔日本基準〕(連結).pdf"", ""2026年3月期 決算短信〔日本基準〕(連結)"")",,,,,,,,,,,,,,,,,,,2,,,,,https://www.release.tdnet.info/inbs/140120260513529835.pdf
20260514,3963,シンクロ・フード,その他,"=HYPERLINK(""https://www.release.tdnet.info/inbs/140120260513530024.pdf"", ""当社元従業員による不正行為に関するお知らせ"")","=HYPERLINK(""pdf_tmp/20260514/3963_1530_シンクロ・フード_当社元従業員による不正行為に関するお知らせ.pdf"", ""当社元従業員による不正行為に関するお知らせ"")",,,,,,,,,,,1,,,,,,,,,,,,,https://www.release.tdnet.info/inbs/140120260513530024.pdf
20260514,3963,シンクロ・フード,その他,"=HYPERLINK(""https://www.release.tdnet.info/inbs/140120260513531389.pdf"", ""通期業績予想と実績との差異に関するお知らせ"")","=HYPERLINK(""pdf_tmp/20260514/3963_1530_シンクロ・フード_通期業績予想と実績との差異に関するお知らせ.pdf"", ""通期業績予想と実績との差異に関するお知らせ"")",,,,,,,,,,,,,1,,,,,,,,,,,https://www.release.tdnet.info/inbs/140120260513531389.pdf
20260514,3983,オロ,決算短信,"=HYPERLINK(""https://www.release.tdnet.info/inbs/140120260512526405.pdf"", ""2026年12月期 第1四半期決算短信〔IFRS〕(連結)"")","=HYPERLINK(""pdf_tmp/20260514/3983_1530_オロ_2026年12月期 第1四半期決算短信〔IFRS〕(連結).pdf"", ""2026年12月期 第1四半期決算短信〔IFRS〕(連結)"")",,,,,,,,,,,,4,,,,,,,,,,,,https://www.release.tdnet.info/inbs/140120260512526405.pdf
20260514,4018,Q-ジオロケ,その他,"=HYPERLINK(""https://www.release.tdnet.info/inbs/140120260514533723.pdf"", ""株主優待制度の変更に関するお知らせ"")","=HYPERLINK(""pdf_tmp/20260514/4018_1530_Q-ジオロケ_株主優待制度の変更に関するお知らせ.pdf"", ""株主優待制度の変更に関するお知らせ"")",,,,,,,,,,,3,,,,,,,,,,,,,https://www.release.tdnet.info/inbs/140120260514533723.pdf
20260514,4040,南海化学,決算短信,"=HYPERLINK(""https://www.release.tdnet.info/inbs/140120260513529870.pdf"", ""2026年3月期決算短信〔日本基準〕(連結)"")","=HYPERLINK(""pdf_tmp/20260514/4040_1530_南海化学_2026年3月期決算短信〔日本基準〕(連結).pdf"", ""2026年3月期決算短信〔日本基準〕(連結)"")",,,,,,,,,,,4 5,,,,,,,,,,,,,https://www.release.tdnet.info/inbs/140120260513529870.pdf
20260514,4044,セ硝子,その他,"=HYPERLINK(""https://www.release.tdnet.info/inbs/140120260514533146.pdf"", ""2026年3月期 通期連結業績予想と実績値との差異に関するお知らせ"")","=HYPERLINK(""pdf_tmp/20260514/4044_1300_セ硝子_2026年3月期 通期連結業績予想と実績値との差異に関するお知らせ.pdf"", ""2026年3月期 通期連結業績予想と実績値との差異に関するお知らせ"")",,,,1,,,,,,,,,,,,,,,,,,,,https://www.release.tdnet.info/inbs/140120260514533146.pdf
20260514,4052,G-フィーチャ,説明資料,"=HYPERLINK(""https://www.release.tdnet.info/inbs/140120260512526949.pdf"", ""2026年6月期第3四半期決算説明資料"")","=HYPERLINK(""pdf_tmp/20260514/4052_1530_G-フィーチャ_2026年6月期第3四半期決算説明資料.pdf"", ""2026年6月期第3四半期決算説明資料"")",,,,,,,,,,,4,,,,,,,,,,,,,https://www.release.tdnet.info/inbs/140120260512526949.pdf
20260514,405A,P-コヤマ・ミライエ,決算短信,"=HYPERLINK(""https://www.release.tdnet.info/inbs/140120260513531435.pdf"", ""2026年9月期 中間決算短信[日本基準](非連結)"")","=HYPERLINK(""pdf_tmp/20260514/405A_1530_P-コヤマ・ミライエ_2026年9月期 中間決算短信[日本基準](非連結).pdf"", ""2026年9月期 中間決算短信[日本基準](非連結)"")",,,,,,,,,,,,,,,,,,,,,,,4,https://www.release.tdnet.info/inbs/140120260513531435.pdf
20260514,4093,東邦アセチレン,決算短信,"=HYPERLINK(""https://www.release.tdnet.info/inbs/140120260513531176.pdf"", ""2026年3月期 決算短信〔日本基準〕(連結)"")","=HYPERLINK(""pdf_tmp/20260514/4093_1500_東邦アセチレン_2026年3月期 決算短信〔日本基準〕(連結).pdf"", ""2026年3月期 決算短信〔日本基準〕(連結)"")",,,,,,,,,,6,,,,,,,,,,,,,,https://www.release.tdnet.info/inbs/140120260513531176.pdf
20260514,4094,日化学産,その他,"=HYPERLINK(""https://www.release.tdnet.info/inbs/140120260514534238.pdf"", ""2026年3月期決算概要"")","=HYPERLINK(""pdf_tmp/20260514/4094_1430_日化学産_2026年3月期決算概要.pdf"", ""2026年3月期決算概要"")",,,,,,,,,,,,,,,,6,,,,,,,,https://www.release.tdnet.info/inbs/140120260514534238.pdf
20260514,4109,ステラケミファ,決算短信,"=HYPERLINK(""https://www.release.tdnet.info/inbs/140120260422508054.pdf"", ""2026年3月期 決算短信[日本基準](連結)"")","=HYPERLINK(""pdf_tmp/20260514/4109_1400_ステラケミファ_2026年3月期 決算短信[日本基準](連結).pdf"", ""2026年3月期 決算短信[日本基準](連結)"")",,,,4 6,,,,,,,,,,,,,,,,,,,,https://www.release.tdnet.info/inbs/140120260422508054.pdf
20260514,4109,ステラケミファ,説明資料,"=HYPERLINK(""https://www.release.tdnet.info/inbs/140120260514532071.pdf"", ""2026年3月期(83期)決算説明資料"")","=HYPERLINK(""pdf_tmp/20260514/4109_1400_ステラケミファ_2026年3月期(83期)決算説明資料.pdf"", ""2026年3月期(83期)決算説明資料"")",,,,3 4 7 14 17,,,,,,,,,,,,,,,,,,,,https://www.release.tdnet.info/inbs/140120260514532071.pdf
20260514,410A,G-GMOコマース,説明資料,"=HYPERLINK(""https://www.release.tdnet.info/inbs/140120260512525061.pdf"", ""2026年12月期第1四半期 決算説明資料"")","=HYPERLINK(""pdf_tmp/20260514/410A_1531_G-GMOコマース_2026年12月期第1四半期 決算説明資料.pdf"", ""2026年12月期第1四半期 決算説明資料"")",,,,,,,,,,,,1 7,,,,,,,,,,,,https://www.release.tdnet.info/inbs/140120260512525061.pdf
20260514,4165,G-プレイド,説明資料,"=HYPERLINK(""https://www.release.tdnet.info/inbs/140120260507518791.pdf"", ""2026年12月期 第2四半期 決算説明資料"")","=HYPERLINK(""pdf_tmp/20260514/4165_1530_G-プレイド_2026年12月期 第2四半期 決算説明資料.pdf"", ""2026年12月期 第2四半期 決算説明資料"")",,,,,,,,,,,,,,,,,,,,,63,,,https://www.release.tdnet.info/inbs/140120260507518791.pdf
20260514,4167,G-ココペリ,決算短信,"=HYPERLINK(""https://www.release.tdnet.info/inbs/140120260513529734.pdf"", ""2026年3月期 決算短信〔日本基準〕(連結)"")","=HYPERLINK(""pdf_tmp/20260514/4167_1530_G-ココペリ_2026年3月期 決算短信〔日本基準〕(連結).pdf"", ""2026年3月期 決算短信〔日本基準〕(連結)"")",,,,,,,,,,,4 5,,,,,,,,,,,,,https://www.release.tdnet.info/inbs/140120260513529734.pdf
20260514,4167,G-ココペリ,説明資料,"=HYPERLINK(""https://www.release.tdnet.info/inbs/140120260514531673.pdf"", ""2026年3月期 決算説明資料"")","=HYPERLINK(""pdf_tmp/20260514/4167_1530_G-ココペリ_2026年3月期 決算説明資料.pdf"", ""2026年3月期 決算説明資料"")",,,,,,,,,,,10 20 22 25,,,,,,,,,,,,,https://www.release.tdnet.info/inbs/140120260514531673.pdf
20260514,4179,G-ジーネクスト,決算短信,"=HYPERLINK(""https://www.release.tdnet.info/inbs/140120260514533314.pdf"", ""2026年3月期決算短信〔日本基準〕(連結)"")","=HYPERLINK(""pdf_tmp/20260514/4179_1530_G-ジーネクスト_2026年3月期決算短信〔日本基準〕(連結).pdf"", ""2026年3月期決算短信〔日本基準〕(連結)"")",,,,,5 8 16,,,,,,,,,,,,,,,,,,,https://www.release.tdnet.info/inbs/140120260514533314.pdf
20260514,4179,G-ジーネクスト,その他,"=HYPERLINK(""https://www.release.tdnet.info/inbs/140120260514533047.pdf"", ""2026年3月期通期連結業績予想と実績との差異に関するお知らせ"")","=HYPERLINK(""pdf_tmp/20260514/4179_1530_G-ジーネクスト_2026年3月期通期連結業績予想と実績との差異に関するお知らせ.pdf"", ""2026年3月期通期連結業績予想と実績との差異に関するお知らせ"")",,,,,1,,,,,,,,,,,,,,,,,,,https://www.release.tdnet.info/inbs/140120260514533047.pdf
20260514,4192,G-スパイダープラス,決算短信,"=HYPERLINK(""https://www.release.tdnet.info/inbs/140120260513530273.pdf"", ""2026年12月期 第1四半期決算短信〔日本基準〕(連結)"")","=HYPERLINK(""pdf_tmp/20260514/4192_1600_G-スパイダープラス_2026年12月期 第1四半期決算短信〔日本基準〕(連結).pdf"", ""2026年12月期 第1四半期決算短信〔日本基準〕(連結)"")",,,,,,,,,,,,,,,,,,,,,,4,,https://www.release.tdnet.info/inbs/140120260513530273.pdf
20260514,4192,G-スパイダープラス,説明資料,"=HYPERLINK(""https://www.release.tdnet.info/inbs/140120260513528922.pdf"", ""2026年12月期第1四半期 決算説明資料"")","=HYPERLINK(""pdf_tmp/20260514/4192_1600_G-スパイダープラス_2026年12月期第1四半期 決算説明資料.pdf"", ""2026年12月期第1四半期 決算説明資料"")",,,,,,,,,,,30,,,,,,,,,,,,,https://www.release.tdnet.info/inbs/140120260513528922.pdf
20260514,4193,ファブリカHD,説明資料,"=HYPERLINK(""https://www.release.tdnet.info/inbs/140120260513531258.pdf"", ""2026年3月期 通期決算説明資料"")","=HYPERLINK(""pdf_tmp/20260514/4193_1400_ファブリカHD_2026年3月期 通期決算説明資料.pdf"", ""2026年3月期 通期決算説明資料"")",,,,,,,,,,5,,,,,,,,,,,,,,https://www.release.tdnet.info/inbs/140120260513531258.pdf
20260514,4196,ネオマーケ,説明資料,"=HYPERLINK(""https://www.release.tdnet.info/inbs/140120260514532549.pdf"", ""2026年9月期第2四半期 決算説明資料"")","=HYPERLINK(""pdf_tmp/20260514/4196_1600_ネオマーケ_2026年9月期第2四半期 決算説明資料.pdf"", ""2026年9月期第2四半期 決算説明資料"")",,,,,,,,,,,,8,,,,,,,,,,,,https://www.release.tdnet.info/inbs/140120260514532549.pdf
20260514,423A,ライオン事務器,予想の修正,"=HYPERLINK(""https://www.release.tdnet.info/inbs/140120260514533844.pdf"", ""2026年9月期第2四半期(中間期)の業績予想値と実績値の差異及び通期業績予想の修正に関するお知らせ"")","=HYPERLINK(""pdf_tmp/20260514/423A_1530_ライオン事務器_2026年9月期第2四半期(中間期)の業績予想値と実績値の差異及び通期業績予想の修正に関するお知らせ.pdf"", ""2026年9月期第2四半期(中間期)の業績予想値と実績値の差異及び通期業績予想の修正に関するお知らせ"")",,,,,,,2,,,,,,,,,,,,,,,,,https://www.release.tdnet.info/inbs/140120260514533844.pdf
20260514,4245,ダイキアクシス,その他,"=HYPERLINK(""https://www.release.tdnet.info/inbs/140120260513530598.pdf"", ""2026年12月期 第1四半期連結決算概要"")","=HYPERLINK(""pdf_tmp/20260514/4245_1230_ダイキアクシス_2026年12月期 第1四半期連結決算概要.pdf"", ""2026年12月期 第1四半期連結決算概要"")",,,,,,,,,,,,,,,,,,,4,,,,,https://www.release.tdnet.info/inbs/140120260513530598.pdf
20260514,4247,ポバール興業,その他,"=HYPERLINK(""https://www.release.tdnet.info/inbs/140120260511521767.pdf"", ""2026年3月期 通期決算説明補足資料"")","=HYPERLINK(""pdf_tmp/20260514/4247_1540_ポバール興業_2026年3月期 通期決算説明補足資料.pdf"", ""2026年3月期 通期決算説明補足資料"")",,,,,,,,,,14,,,,,,,,,,,,,,https://www.release.tdnet.info/inbs/140120260511521767.pdf
20260514,4249,森六,決算短信,"=HYPERLINK(""https://www.release.tdnet.info/inbs/140120260513531220.pdf"", ""2026年3月期 決算短信〔日本基準〕(連結)"")","=HYPERLINK(""pdf_tmp/20260514/4249_1400_森六_2026年3月期 決算短信〔日本基準〕(連結).pdf"", ""2026年3月期 決算短信〔日本基準〕(連結)"")",,6,,,,,,,,,,,,,,,,,,,,,,https://www.release.tdnet.info/inbs/140120260513531220.pdf
20260514,4255,G-THECOO,決算短信,"=HYPERLINK(""https://www.release.tdnet.info/inbs/140120260513530262.pdf"", ""2026年12月期 第1四半期決算短信〔日本基準〕(非連結)"")","=HYPERLINK(""pdf_tmp/20260514/4255_1530_G-THECOO_2026年12月期 第1四半期決算短信〔日本基準〕(非連結).pdf"", ""2026年12月期 第1四半期決算短信〔日本基準〕(非連結)"")",,,,,,,,,,,4,,,,,,,,,,,,,https://www.release.tdnet.info/inbs/140120260513530262.pdf
20260514,4255,G-THECOO,その他,"=HYPERLINK(""https://www.release.tdnet.info/inbs/140120260513530299.pdf"", ""2026年12月期第1四半期決算説明会資料"")","=HYPERLINK(""pdf_tmp/20260514/4255_1530_G-THECOO_2026年12月期第1四半期決算説明会資料.pdf"", ""2026年12月期第1四半期決算説明会資料"")",,,,,,,,,,,4 18 22 23,,,,,,,,,,,,,https://www.release.tdnet.info/inbs/140120260513530299.pdf
20260514,4265,G-IGS,決算短信,"=HYPERLINK(""https://www.release.tdnet.info/inbs/140120260514532584.pdf"", ""2026年3月期 決算短信〔日本基準〕(連結)"")","=HYPERLINK(""pdf_tmp/20260514/4265_1530_G-IGS_2026年3月期 決算短信〔日本基準〕(連結).pdf"", ""2026年3月期 決算短信〔日本基準〕(連結)"")",,,,,,,,,,,6,,,,,,,,,,,,,https://www.release.tdnet.info/inbs/140120260514532584.pdf
20260514,4288,アズジェント,決算短信,"=HYPERLINK(""https://www.release.tdnet.info/inbs/140120260513529968.pdf"", ""2026年3月期決算短信[日本基準](非連結)"")","=HYPERLINK(""pdf_tmp/20260514/4288_1530_アズジェント_2026年3月期決算短信[日本基準](非連結).pdf"", ""2026年3月期決算短信[日本基準](非連結)"")",,,,,,,,,,,5,,,,,,,,,,,,,https://www.release.tdnet.info/inbs/140120260513529968.pdf
20260514,4316,G-ビーマップ,決算短信,"=HYPERLINK(""https://www.release.tdnet.info/inbs/140120260514533319.pdf"", ""2026年3月期決算短信〔日本基準〕(連結)"")","=HYPERLINK(""pdf_tmp/20260514/4316_1530_G-ビーマップ_2026年3月期決算短信〔日本基準〕(連結).pdf"", ""2026年3月期決算短信〔日本基準〕(連結)"")",,,,,,,,,,,,,,,,,,,4 5,,,,,https://www.release.tdnet.info/inbs/140120260514533319.pdf
20260514,4323,日本システム技術,決算短信,"=HYPERLINK(""https://www.release.tdnet.info/inbs/140120260514531691.pdf"", ""2026年3月期決算短信〔日本基準〕(連結)"")","=HYPERLINK(""pdf_tmp/20260514/4323_1600_日本システム技術_2026年3月期決算短信〔日本基準〕(連結).pdf"", ""2026年3月期決算短信〔日本基準〕(連結)"")",,,,,,,,,,,,,,,,,,,15,,,,,https://www.release.tdnet.info/inbs/140120260514531691.pdf
20260514,4337,ぴあ,決算短信,"=HYPERLINK(""https://www.release.tdnet.info/inbs/140120260513531088.pdf"", ""2026年3月期 決算短信[日本基準](連結)"")","=HYPERLINK(""pdf_tmp/20260514/4337_1300_ぴあ_2026年3月期 決算短信[日本基準](連結).pdf"", ""2026年3月期 決算短信[日本基準](連結)"")",,,,,,,,,,,6 7,,,,,,,,,,,,,https://www.release.tdnet.info/inbs/140120260513531088.pdf
20260514,4346,NEXYZ.G,決算短信,"=HYPERLINK(""https://www.release.tdnet.info/inbs/140120260514533875.pdf"", ""2026年9月期 第2四半期決算短信〔日本基準〕(連結)"")","=HYPERLINK(""pdf_tmp/20260514/4346_1600_NEXYZ.G_2026年9月期 第2四半期決算短信〔日本基準〕(連結).pdf"", ""2026年9月期 第2四半期決算短信〔日本基準〕(連結)"")",,,,,,,,,,,6,,,,,,,,,,,,,https://www.release.tdnet.info/inbs/140120260514533875.pdf
20260514,4360,マナック・ケミカルP,決算短信,"=HYPERLINK(""https://www.release.tdnet.info/inbs/140120260501516521.pdf"", ""2026年3月期 決算短信〔日本基準〕(連結)"")","=HYPERLINK(""pdf_tmp/20260514/4360_1600_マナック・ケミカルP_2026年3月期 決算短信〔日本基準〕(連結).pdf"", ""2026年3月期 決算短信〔日本基準〕(連結)"")",,,15,,,,,,,,,,,,,,,,,,,,,https://www.release.tdnet.info/inbs/140120260501516521.pdf
20260514,4371,G-CCT,説明資料,"=HYPERLINK(""https://www.release.tdnet.info/inbs/140120260512527376.pdf"", ""2026年12月期 第1四半期決算説明資料"")","=HYPERLINK(""pdf_tmp/20260514/4371_1600_G-CCT_2026年12月期 第1四半期決算説明資料.pdf"", ""2026年12月期 第1四半期決算説明資料"")",,,,,,,,,,,13 30,,,,,,,,,,,,,https://www.release.tdnet.info/inbs/140120260512527376.pdf
20260514,4377,G-ワンキャリア,説明資料,"=HYPERLINK(""https://www.release.tdnet.info/inbs/140120260507517870.pdf"", ""2026年12月期 第1四半期決算説明資料"")","=HYPERLINK(""pdf_tmp/20260514/4377_1530_G-ワンキャリア_2026年12月期 第1四半期決算説明資料.pdf"", ""2026年12月期 第1四半期決算説明資料"")",,,,,,,,,,,7,,,,,,,,,,,,,https://www.release.tdnet.info/inbs/140120260507517870.pdf
20260514,4386,SIGグループ,説明資料,"=HYPERLINK(""https://www.release.tdnet.info/inbs/140120260511521507.pdf"", ""2026年3月期 決算説明資料"")","=HYPERLINK(""pdf_tmp/20260514/4386_1530_SIGグループ_2026年3月期 決算説明資料.pdf"", ""2026年3月期 決算説明資料"")",,,,,,,,,,,4 24,,,,,,,,,,,,,https://www.release.tdnet.info/inbs/140120260511521507.pdf
20260514,4388,エーアイ,決算短信,"=HYPERLINK(""https://www.release.tdnet.info/inbs/140120260514531845.pdf"", ""2026年3月期 決算短信〔日本基準〕(連結)"")","=HYPERLINK(""pdf_tmp/20260514/4388_1530_エーアイ_2026年3月期 決算短信〔日本基準〕(連結).pdf"", ""2026年3月期 決算短信〔日本基準〕(連結)"")",,,,,,,,,,,6,,,,,,,,,,,,,https://www.release.tdnet.info/inbs/140120260514531845.pdf
20260514,4388,エーアイ,説明資料,"=HYPERLINK(""https://www.release.tdnet.info/inbs/140120260514532389.pdf"", ""2026年3月期決算補足説明資料"")","=HYPERLINK(""pdf_tmp/20260514/4388_1530_エーアイ_2026年3月期決算補足説明資料.pdf"", ""2026年3月期決算補足説明資料"")",,,,,,,,,,,8 9 10 15,,,,,,,,,,,,,https://www.release.tdnet.info/inbs/140120260514532389.pdf
20260514,4421,DIシステム,決算短信,"=HYPERLINK(""https://www.release.tdnet.info/inbs/140120260513531018.pdf"", ""2026年9月期 第2四半期(中間期)決算短信〔日本基準〕(連結)"")","=HYPERLINK(""pdf_tmp/20260514/4421_1530_DIシステム_2026年9月期 第2四半期(中間期)決算短信〔日本基準〕(連結).pdf"", ""2026年9月期 第2四半期(中間期)決算短信〔日本基準〕(連結)"")",,,,,,,,,,,5,,,,,,,,,,,,,https://www.release.tdnet.info/inbs/140120260513531018.pdf
20260514,4421,DIシステム,説明資料,"=HYPERLINK(""https://www.release.tdnet.info/inbs/140120260513531053.pdf"", ""2026年9月期 第2四半期決算説明資料"")","=HYPERLINK(""pdf_tmp/20260514/4421_1530_DIシステム_2026年9月期 第2四半期決算説明資料.pdf"", ""2026年9月期 第2四半期決算説明資料"")",,,,,,,,,,,,,,,,,,,,,,37 41,,https://www.release.tdnet.info/inbs/140120260513531053.pdf
20260514,4424,G-Amazia,決算短信,"=HYPERLINK(""https://www.release.tdnet.info/inbs/140120260513530775.pdf"", ""2026年9月期第2四半期(中間期)決算短信〔日本基準〕(連結)"")","=HYPERLINK(""pdf_tmp/20260514/4424_1530_G-Amazia_2026年9月期第2四半期(中間期)決算短信〔日本基準〕(連結).pdf"", ""2026年9月期第2四半期(中間期)決算短信〔日本基準〕(連結)"")",,,,,,,,,,,12,,,,,,,,,,,,,https://www.release.tdnet.info/inbs/140120260513530775.pdf
20260514,4427,G-EduLab,決算短信,"=HYPERLINK(""https://www.release.tdnet.info/inbs/140120260511522739.pdf"", ""2026年9月期第2四半期決算短信〔日本基準〕(連結)"")","=HYPERLINK(""pdf_tmp/20260514/4427_1600_G-EduLab_2026年9月期第2四半期決算短信〔日本基準〕(連結).pdf"", ""2026年9月期第2四半期決算短信〔日本基準〕(連結)"")",,,,,,,,,,,4 5,,,,,,,,,,,,,https://www.release.tdnet.info/inbs/140120260511522739.pdf
20260514,4427,G-EduLab,説明資料,"=HYPERLINK(""https://www.release.tdnet.info/inbs/140120260512527008.pdf"", ""2026年9月期第2四半期決算説明資料"")","=HYPERLINK(""pdf_tmp/20260514/4427_1600_G-EduLab_2026年9月期第2四半期決算説明資料.pdf"", ""2026年9月期第2四半期決算説明資料"")",,,,,,,,,,,31,,,,,,,,,,,,,https://www.release.tdnet.info/inbs/140120260512527008.pdf
20260514,4428,G-シノプス,説明資料,"=HYPERLINK(""https://www.release.tdnet.info/inbs/140120260514531780.pdf"", ""2026年12月期第1四半期決算説明資料"")","=HYPERLINK(""pdf_tmp/20260514/4428_1530_G-シノプス_2026年12月期第1四半期決算説明資料.pdf"", ""2026年12月期第1四半期決算説明資料"")",,,,,,,,,,,21,,,,,,,,,,,,,https://www.release.tdnet.info/inbs/140120260514531780.pdf
20260514,4437,G-GDH,説明資料,"=HYPERLINK(""https://www.release.tdnet.info/inbs/140120260512527272.pdf"", ""2026年3月期決算説明資料"")","=HYPERLINK(""pdf_tmp/20260514/4437_1500_G-GDH_2026年3月期決算説明資料.pdf"", ""2026年3月期決算説明資料"")",,,,,,,,,,,11 13 27,,,,,,,,,,,,,https://www.release.tdnet.info/inbs/140120260512527272.pdf
20260514,4442,G-バルテスHD,決算短信,"=HYPERLINK(""https://www.release.tdnet.info/inbs/140120260514534512.pdf"", ""2026年3月期 決算短信〔日本基準〕(連結)"")","=HYPERLINK(""pdf_tmp/20260514/4442_1530_G-バルテスHD_2026年3月期 決算短信〔日本基準〕(連結).pdf"", ""2026年3月期 決算短信〔日本基準〕(連結)"")",,,,,,,,,,,5,,,,,,,,,,,,,https://www.release.tdnet.info/inbs/140120260514534512.pdf
20260514,4442,G-バルテスHD,説明資料,"=HYPERLINK(""https://www.release.tdnet.info/inbs/140120260514534615.pdf"", ""2026年3月期 通期決算説明資料"")","=HYPERLINK(""pdf_tmp/20260514/4442_1530_G-バルテスHD_2026年3月期 通期決算説明資料.pdf"", ""2026年3月期 通期決算説明資料"")",,,,,,,,,,,13 20 30,,,,,,,,,,,,,https://www.release.tdnet.info/inbs/140120260514534615.pdf
20260514,4486,G-ユナイト&グロウ,説明資料,"=HYPERLINK(""https://www.release.tdnet.info/inbs/140120260514532359.pdf"", ""2026年12月期 第1四半期決算説明資料"")","=HYPERLINK(""pdf_tmp/20260514/4486_1500_G-ユナイト&グロウ_2026年12月期 第1四半期決算説明資料.pdf"", ""2026年12月期 第1四半期決算説明資料"")",,,4 6 9 10 13 14 18,,,,,,,,,,,,,,,,,,,,,https://www.release.tdnet.info/inbs/140120260514532359.pdf
20260514,4496,G-コマースワン,決算短信,"=HYPERLINK(""https://www.release.tdnet.info/inbs/140120260513529176.pdf"", ""2026年3月期 決算短信〔日本基準〕(連結)"")","=HYPERLINK(""pdf_tmp/20260514/4496_1600_G-コマースワン_2026年3月期 決算短信〔日本基準〕(連結).pdf"", ""2026年3月期 決算短信〔日本基準〕(連結)"")",,,,,,,,,,,4,,,,,,,,,,,,,https://www.release.tdnet.info/inbs/140120260513529176.pdf
20260514,4544,HUグループHD,決算短信,"=HYPERLINK(""https://www.release.tdnet.info/inbs/140120260513530722.pdf"", ""2026年3月期 決算短信〔日本基準〕(連結)"")","=HYPERLINK(""pdf_tmp/20260514/4544_1400_HUグループHD_2026年3月期 決算短信〔日本基準〕(連結).pdf"", ""2026年3月期 決算短信〔日本基準〕(連結)"")",,,,,,,,,,,,,,,,,,,4,,,,,https://www.release.tdnet.info/inbs/140120260513530722.pdf
20260514,4553,東和薬品,決算短信,"=HYPERLINK(""https://www.release.tdnet.info/inbs/140120260513531432.pdf"", ""2026年3月期 決算短信 [日本基準](連結)"")","=HYPERLINK(""pdf_tmp/20260514/4553_1530_東和薬品_2026年3月期 決算短信 [日本基準](連結).pdf"", ""2026年3月期 決算短信 [日本基準](連結)"")",,,,,,,,,,,,,,,,,,,4 6,,,,,https://www.release.tdnet.info/inbs/140120260513531432.pdf
20260514,4584,G-キッズ・バイオ,説明資料,"=HYPERLINK(""https://www.release.tdnet.info/inbs/140120260514533693.pdf"", ""2025年度 決算補足説明資料"")","=HYPERLINK(""pdf_tmp/20260514/4584_1600_G-キッズ・バイオ_2025年度 決算補足説明資料.pdf"", ""2025年度 決算補足説明資料"")",,,4 6 9,,,,,,,,,,,,,,,,,,,,,https://www.release.tdnet.info/inbs/140120260514533693.pdf
20260514,4584,G-キッズ・バイオ,決算短信,"=HYPERLINK(""https://www.release.tdnet.info/inbs/140120260514533783.pdf"", ""2026年3月期  決算短信〔日本基準〕(連結)"")","=HYPERLINK(""pdf_tmp/20260514/4584_1600_G-キッズ・バイオ_2026年3月期 決算短信〔日本基準〕(連結).pdf"", ""2026年3月期  決算短信〔日本基準〕(連結)"")",,,4 9,,,,,,,,,,,,,,,,,,,,,https://www.release.tdnet.info/inbs/140120260514533783.pdf
20260514,4584,G-キッズ・バイオ,その他,"=HYPERLINK(""https://www.release.tdnet.info/inbs/140120260514533451.pdf"", ""通期連結業績予想と実績値との差異、ならびに営業外損益および特別損失の計上に関するお知らせ"")","=HYPERLINK(""pdf_tmp/20260514/4584_1600_G-キッズ・バイオ_通期連結業績予想と実績値との差異、ならびに営業外損益および特別損失の計上に関するお知らせ.pdf"", ""通期連結業績予想と実績値との差異、ならびに営業外損益および特別損失の計上に関するお知らせ"")",,,2,,,,,,,,,,,,,,,,,,,,,https://www.release.tdnet.info/inbs/140120260514533451.pdf
20260514,4593,G-ヘリオス,決算短信,"=HYPERLINK(""https://www.release.tdnet.info/inbs/140120260513530292.pdf"", ""2026年12月期 第1四半期決算短信〔IFRS〕(連結)"")","=HYPERLINK(""pdf_tmp/20260514/4593_1530_G-ヘリオス_2026年12月期 第1四半期決算短信〔IFRS〕(連結).pdf"", ""2026年12月期 第1四半期決算短信〔IFRS〕(連結)"")",,,,,,,,,,5,,,,,,,,,,,,,,https://www.release.tdnet.info/inbs/140120260513530292.pdf
20260514,4593,G-ヘリオス,説明資料,"=HYPERLINK(""https://www.release.tdnet.info/inbs/140120260513530354.pdf"", ""2026年12月期 第1四半期決算説明資料"")","=HYPERLINK(""pdf_tmp/20260514/4593_1530_G-ヘリオス_2026年12月期 第1四半期決算説明資料.pdf"", ""2026年12月期 第1四半期決算説明資料"")",,,,,,,,,,,2,,,,,,,,,,,,,https://www.release.tdnet.info/inbs/140120260513530354.pdf
20260514,4596,G-窪田製薬HD,決算短信,"=HYPERLINK(""https://www.release.tdnet.info/inbs/140120260514532451.pdf"", ""2026年12月期 第1四半期決算短信〔IFRS〕(連結)"")","=HYPERLINK(""pdf_tmp/20260514/4596_1530_G-窪田製薬HD_2026年12月期 第1四半期決算短信〔IFRS〕(連結).pdf"", ""2026年12月期 第1四半期決算短信〔IFRS〕(連結)"")",,,,,,,,,,,6,,,,,,,,,,,,,https://www.release.tdnet.info/inbs/140120260514532451.pdf
20260514,4620,藤倉化,決算短信,"=HYPERLINK(""https://www.release.tdnet.info/inbs/140120260513530937.pdf"", ""2026年3月期 決算短信[日本基準](連結)"")","=HYPERLINK(""pdf_tmp/20260514/4620_1400_藤倉化_2026年3月期 決算短信[日本基準](連結).pdf"", ""2026年3月期 決算短信[日本基準](連結)"")",,,,,,,,,,,,,,,,,,,6,,,,,https://www.release.tdnet.info/inbs/140120260513530937.pdf
20260514,4620,藤倉化,その他,"=HYPERLINK(""https://www.release.tdnet.info/inbs/140120260512525235.pdf"", ""第11次中期経営計画(2023年度~2025年度)の総括及び第12次中期経営計画の公表延期について"")","=HYPERLINK(""pdf_tmp/20260514/4620_1400_藤倉化_第11次中期経営計画(2023年度~2025年度)の総括及び第12次中期経営計画の公表延期について.pdf"", ""第11次中期経営計画(2023年度~2025年度)の総括及び第12次中期経営計画の公表延期について"")",,,,,,,,,,,,,,,,,,,2,,,,,https://www.release.tdnet.info/inbs/140120260512525235.pdf
20260514,4625,アトミクス,決算短信,"=HYPERLINK(""https://www.release.tdnet.info/inbs/140120260513528134.pdf"", ""2026年3月期 決算短信〔日本基準〕(連結)"")","=HYPERLINK(""pdf_tmp/20260514/4625_1400_アトミクス_2026年3月期 決算短信〔日本基準〕(連結).pdf"", ""2026年3月期 決算短信〔日本基準〕(連結)"")",,,4,,,,,,,,,,,,,,,,,,,,,https://www.release.tdnet.info/inbs/140120260513528134.pdf
20260514,4704,トレンド,決算短信,"=HYPERLINK(""https://www.release.tdnet.info/inbs/140120260514531675.pdf"", ""2026年12月期第1四半期決算短信〔日本基準〕(連結)"")","=HYPERLINK(""pdf_tmp/20260514/4704_1530_トレンド_2026年12月期第1四半期決算短信〔日本基準〕(連結).pdf"", ""2026年12月期第1四半期決算短信〔日本基準〕(連結)"")",,,,,,,,,,,5,,,,,,,,,,,,,https://www.release.tdnet.info/inbs/140120260514531675.pdf
20260514,4712,KeyH,決算短信,"=HYPERLINK(""https://www.release.tdnet.info/inbs/140120260514532298.pdf"", ""2026年12月期 第1四半期決算短信〔IFRS〕(連結)"")","=HYPERLINK(""pdf_tmp/20260514/4712_1530_KeyH_2026年12月期 第1四半期決算短信〔IFRS〕(連結).pdf"", ""2026年12月期 第1四半期決算短信〔IFRS〕(連結)"")",,,,,,,,,,,7,,,,,,,,,,,,,https://www.release.tdnet.info/inbs/140120260514532298.pdf
20260514,4752,昭和システム,決算短信,"=HYPERLINK(""https://www.release.tdnet.info/inbs/140120260513529476.pdf"", ""2026年3月期 決算短信〔日本基準〕(非連結)"")","=HYPERLINK(""pdf_tmp/20260514/4752_1600_昭和システム_2026年3月期 決算短信〔日本基準〕(非連結).pdf"", ""2026年3月期 決算短信〔日本基準〕(非連結)"")",,,,,,,,,,,4,,,,,,,,,,,,,https://www.release.tdnet.info/inbs/140120260513529476.pdf
20260514,4755,楽天グループ,決算短信,"=HYPERLINK(""https://www.release.tdnet.info/inbs/140120260513528356.pdf"", ""2026年12月期 第1四半期決算短信〔IFRS〕(連結)"")","=HYPERLINK(""pdf_tmp/20260514/4755_1530_楽天グループ_2026年12月期 第1四半期決算短信〔IFRS〕(連結).pdf"", ""2026年12月期 第1四半期決算短信〔IFRS〕(連結)"")",,,,,,,,,,,7,,,,,,,,,,,,,https://www.release.tdnet.info/inbs/140120260513528356.pdf
20260514,478A,G-フツパー,説明資料,"=HYPERLINK(""https://www.release.tdnet.info/inbs/140120260514533461.pdf"", ""2026年12月期 第1四半期 決算説明資料"")","=HYPERLINK(""pdf_tmp/20260514/478A_1530_G-フツパー_2026年12月期 第1四半期 決算説明資料.pdf"", ""2026年12月期 第1四半期 決算説明資料"")",,,,,,,,,,,,,,,,,,,11,,,,,https://www.release.tdnet.info/inbs/140120260514533461.pdf
20260514,479A,G-PRONI,説明資料,"=HYPERLINK(""https://www.release.tdnet.info/inbs/140120260511522672.pdf"", ""2026年12月期第1四半期決算説明資料"")","=HYPERLINK(""pdf_tmp/20260514/479A_1531_G-PRONI_2026年12月期第1四半期決算説明資料.pdf"", ""2026年12月期第1四半期決算説明資料"")",,,,,,,,,,,5,,,,,,,,,,,,,https://www.release.tdnet.info/inbs/140120260511522672.pdf
20260514,480A,G-リブコンサル,その他,"=HYPERLINK(""https://www.release.tdnet.info/inbs/140120260513530017.pdf"", ""2026年第1四半期決算説明会資料"")","=HYPERLINK(""pdf_tmp/20260514/480A_0900_G-リブコンサル_2026年第1四半期決算説明会資料.pdf"", ""2026年第1四半期決算説明会資料"")",,,,,,,,,,,18,,,,,,,,,,,,,https://www.release.tdnet.info/inbs/140120260513530017.pdf
20260514,4819,デジタルガレージ,その他,"=HYPERLINK(""https://www.release.tdnet.info/inbs/140120260514531952.pdf"", ""2026年3月期通期連結業績と前期実績との差異に関するお知らせ"")","=HYPERLINK(""pdf_tmp/20260514/4819_1530_デジタルガレージ_2026年3月期通期連結業績と前期実績との差異に関するお知らせ.pdf"", ""2026年3月期通期連結業績と前期実績との差異に関するお知らせ"")",,,,,,,,,,,1,,,,,,,,,,,,,https://www.release.tdnet.info/inbs/140120260514531952.pdf
20260514,4838,SSSK HD,決算短信,"=HYPERLINK(""https://www.release.tdnet.info/inbs/140120260514532422.pdf"", ""2026年3月期 決算短信〔日本基準〕(連結)"")","=HYPERLINK(""pdf_tmp/20260514/4838_1200_SSSK HD_2026年3月期 決算短信〔日本基準〕(連結).pdf"", ""2026年3月期 決算短信〔日本基準〕(連結)"")",,,,,,,5,,,,,,,,,,,,,,,,,https://www.release.tdnet.info/inbs/140120260514532422.pdf
20260514,483A,テラテクノロジー,説明資料,"=HYPERLINK(""https://www.release.tdnet.info/inbs/140120260512526926.pdf"", ""2026年3月期 決算説明資料"")","=HYPERLINK(""pdf_tmp/20260514/483A_1530_テラテクノロジー_2026年3月期 決算説明資料.pdf"", ""2026年3月期 決算説明資料"")",,,,,,,,,,,,5 19,,,,,,,,,,,,https://www.release.tdnet.info/inbs/140120260512526926.pdf
20260514,483A,テラテクノロジー,その他,"=HYPERLINK(""https://www.release.tdnet.info/inbs/140120260427512284.pdf"", ""剰余金の配当(増配)に関するお知らせ"")","=HYPERLINK(""pdf_tmp/20260514/483A_1530_テラテクノロジー_剰余金の配当(増配)に関するお知らせ.pdf"", ""剰余金の配当(増配)に関するお知らせ"")",,,,,,,,,,,,1,,,,,,,,,,,,https://www.release.tdnet.info/inbs/140120260427512284.pdf
20260514,4840,トライアイズ,決算短信,"=HYPERLINK(""https://www.release.tdnet.info/inbs/140120260514533337.pdf"", ""2026年12月期 第1四半期決算短信〔日本基準〕(連結)"")","=HYPERLINK(""pdf_tmp/20260514/4840_1530_トライアイズ_2026年12月期 第1四半期決算短信〔日本基準〕(連結).pdf"", ""2026年12月期 第1四半期決算短信〔日本基準〕(連結)"")",,,,,,,,,,,4,,,,,,,,,,,,,https://www.release.tdnet.info/inbs/140120260514533337.pdf
20260514,4849,エン,その他,"=HYPERLINK(""https://www.release.tdnet.info/inbs/140120260514533548.pdf"", ""剰余金の配当に関するお知らせ"")","=HYPERLINK(""pdf_tmp/20260514/4849_1530_エン_剰余金の配当に関するお知らせ.pdf"", ""剰余金の配当に関するお知らせ"")",,,,,,,,,,,,1,,,,,,,,,,,,https://www.release.tdnet.info/inbs/140120260514533548.pdf
20260514,4849,エン,その他,"=HYPERLINK(""https://www.release.tdnet.info/inbs/140120260514533551.pdf"", ""連結業績予想と実績値との差異及び個別業績と前期実績値との差異に関するお知らせ"")","=HYPERLINK(""pdf_tmp/20260514/4849_1530_エン_連結業績予想と実績値との差異及び個別業績と前期実績値との差異に関するお知らせ.pdf"", ""連結業績予想と実績値との差異及び個別業績と前期実績値との差異に関するお知らせ"")",,,,,,,,,,,,,1,,,,,,,,,,,https://www.release.tdnet.info/inbs/140120260514533551.pdf
20260514,4880,セルソース,月次,"=HYPERLINK(""https://www.release.tdnet.info/inbs/140120260514532463.pdf"", ""2026年10月期4月度月次KPI速報"")","=HYPERLINK(""pdf_tmp/20260514/4880_1530_セルソース_2026年10月期4月度月次KPI速報.pdf"", ""2026年10月期4月度月次KPI速報"")",,,,,,,,,,,3,,,,,,,,,,,,,https://www.release.tdnet.info/inbs/140120260514532463.pdf
20260514,4890,G-坪田ラボ,決算短信,"=HYPERLINK(""https://www.release.tdnet.info/inbs/140120260514533373.pdf"", ""2026年3月期 決算短信〔日本基準〕(非連結)"")","=HYPERLINK(""pdf_tmp/20260514/4890_1530_G-坪田ラボ_2026年3月期 決算短信〔日本基準〕(非連結).pdf"", ""2026年3月期 決算短信〔日本基準〕(非連結)"")",,,,,,,,,,,,,,,,4,,,,,,,,https://www.release.tdnet.info/inbs/140120260514533373.pdf
20260514,4902,コニカミノルタ,その他,"=HYPERLINK(""https://www.release.tdnet.info/inbs/140120260513530390.pdf"", ""剰余金の配当(増配)に関するお知らせ"")","=HYPERLINK(""pdf_tmp/20260514/4902_1530_コニカミノルタ_剰余金の配当(増配)に関するお知らせ.pdf"", ""剰余金の配当(増配)に関するお知らせ"")",,,,,,,,,,,,1,,,,,,,,,,,,https://www.release.tdnet.info/inbs/140120260513530390.pdf
20260514,4918,アイビー,その他,"=HYPERLINK(""https://www.release.tdnet.info/inbs/140120260513530970.pdf"", ""中東情勢の緊迫化による影響および令和9年3月期の業績予想についてのお知らせ"")","=HYPERLINK(""pdf_tmp/20260514/4918_1600_アイビー_中東情勢の緊迫化による影響および令和9年3月期の業績予想についてのお知らせ.pdf"", ""中東情勢の緊迫化による影響および令和9年3月期の業績予想についてのお知らせ"")",,,,,2 3,,,,,,,,,,,,,,,,,,,https://www.release.tdnet.info/inbs/140120260513530970.pdf
20260514,4918,アイビー,決算短信,"=HYPERLINK(""https://www.release.tdnet.info/inbs/140120260514534892.pdf"", ""令和8年3月期 決算短信〔日本基準〕(非連結)"")","=HYPERLINK(""pdf_tmp/20260514/4918_1600_アイビー_令和8年3月期 決算短信〔日本基準〕(非連結).pdf"", ""令和8年3月期 決算短信〔日本基準〕(非連結)"")",,,,,7,,,,,,,,,,,,,,,,,,,https://www.release.tdnet.info/inbs/140120260514534892.pdf
20260514,4937,G-Waqoo,決算短信,"=HYPERLINK(""https://www.release.tdnet.info/inbs/140120260514533356.pdf"", ""2026年9月期 第2四半期(中間期)決算短信〔日本基準〕(連結)"")","=HYPERLINK(""pdf_tmp/20260514/4937_1300_G-Waqoo_2026年9月期 第2四半期(中間期)決算短信〔日本基準〕(連結).pdf"", ""2026年9月期 第2四半期(中間期)決算短信〔日本基準〕(連結)"")",,,,,,,,,,,,5,,,,,,,,,,,,https://www.release.tdnet.info/inbs/140120260514533356.pdf
20260514,4968,荒川化学,決算短信,"=HYPERLINK(""https://www.release.tdnet.info/inbs/140120260514533754.pdf"", ""2026年3月期 決算短信〔日本基準〕(連結)"")","=HYPERLINK(""pdf_tmp/20260514/4968_1500_荒川化学_2026年3月期 決算短信〔日本基準〕(連結).pdf"", ""2026年3月期 決算短信〔日本基準〕(連結)"")",,,,5,,,,,,,,,,,,,,,,,,,,https://www.release.tdnet.info/inbs/140120260514533754.pdf
20260514,4977,ニッタゼラチン,決算短信,"=HYPERLINK(""https://www.release.tdnet.info/inbs/140120260513530531.pdf"", ""2026年3月期 決算短信〔日本基準〕(連結)"")","=HYPERLINK(""pdf_tmp/20260514/4977_1530_ニッタゼラチン_2026年3月期 決算短信〔日本基準〕(連結).pdf"", ""2026年3月期 決算短信〔日本基準〕(連結)"")",,,,,,,,,,,4,,,,,,,,,,,,,https://www.release.tdnet.info/inbs/140120260513530531.pdf
20260514,4978,G-リプロセル,その他,"=HYPERLINK(""https://www.release.tdnet.info/inbs/140120260514533241.pdf"", ""2026年3月期通期個別業績と前期実績値との差異に関するお知らせ"")","=HYPERLINK(""pdf_tmp/20260514/4978_1530_G-リプロセル_2026年3月期通期個別業績と前期実績値との差異に関するお知らせ.pdf"", ""2026年3月期通期個別業績と前期実績値との差異に関するお知らせ"")",,,,,,,,,,,1,,,,,,,,,,,,,https://www.release.tdnet.info/inbs/140120260514533241.pdf
20260514,4998,フマキラー,決算短信,"=HYPERLINK(""https://www.release.tdnet.info/inbs/140120260513531490.pdf"", ""2026年3月期 決算短信〔日本基準〕(連結)"")","=HYPERLINK(""pdf_tmp/20260514/4998_1300_フマキラー_2026年3月期 決算短信〔日本基準〕(連結).pdf"", ""2026年3月期 決算短信〔日本基準〕(連結)"")",,,5,,,,,,,,,,,,,,,,,,,,,https://www.release.tdnet.info/inbs/140120260513531490.pdf
20260514,5027,G-AnyMind,その他,"=HYPERLINK(""https://www.release.tdnet.info/inbs/140120260514534499.pdf"", ""2026年12月期 第1四半期決算説明会資料"")","=HYPERLINK(""pdf_tmp/20260514/5027_1530_G-AnyMind_2026年12月期 第1四半期決算説明会資料.pdf"", ""2026年12月期 第1四半期決算説明会資料"")",,,,,,,,,,,,36,,,,,,,,,,,,https://www.release.tdnet.info/inbs/140120260514534499.pdf
20260514,5027,G-AnyMind,その他,"=HYPERLINK(""https://www.release.tdnet.info/inbs/140120260514534556.pdf"", ""2026年12月期第1四半期決算において想定されるご質問への回答"")","=HYPERLINK(""pdf_tmp/20260514/5027_1530_G-AnyMind_2026年12月期第1四半期決算において想定されるご質問への回答.pdf"", ""2026年12月期第1四半期決算において想定されるご質問への回答"")",,,,,,,,,,,5,,,,,,,,,,,,,https://www.release.tdnet.info/inbs/140120260514534556.pdf
20260514,5027,G-AnyMind,決算短信,"=HYPERLINK(""https://www.release.tdnet.info/inbs/140120260513528675.pdf"", ""2026年12月期第1四半期決算短信〔IFRS〕(連結)"")","=HYPERLINK(""pdf_tmp/20260514/5027_1530_G-AnyMind_2026年12月期第1四半期決算短信〔IFRS〕(連結).pdf"", ""2026年12月期第1四半期決算短信〔IFRS〕(連結)"")",,,,,,,,,,,4,,,,,,,,,,,,,https://www.release.tdnet.info/inbs/140120260513528675.pdf
20260514,5028,G-セカンドサイト,説明資料,"=HYPERLINK(""https://www.release.tdnet.info/inbs/140120260514533796.pdf"", ""2026年12月期 第1四半期決算説明資料"")","=HYPERLINK(""pdf_tmp/20260514/5028_1700_G-セカンドサイト_2026年12月期 第1四半期決算説明資料.pdf"", ""2026年12月期 第1四半期決算説明資料"")",,,,,,,,,,,13 30,,,,,,,,,,,,,https://www.release.tdnet.info/inbs/140120260514533796.pdf
20260514,5029,G-サークレイス,決算短信,"=HYPERLINK(""https://www.release.tdnet.info/inbs/140120260513530116.pdf"", ""2026年3月期決算短信〔日本基準〕(連結)"")","=HYPERLINK(""pdf_tmp/20260514/5029_1600_G-サークレイス_2026年3月期決算短信〔日本基準〕(連結).pdf"", ""2026年3月期決算短信〔日本基準〕(連結)"")",,,,,,,,,,,6,,,,,,,,,,,,,https://www.release.tdnet.info/inbs/140120260513530116.pdf
20260514,5108,ブリヂス,その他,"=HYPERLINK(""https://www.release.tdnet.info/inbs/140120260513531539.pdf"", ""2026年第1四半期 決算説明会"")","=HYPERLINK(""pdf_tmp/20260514/5108_1430_ブリヂス_2026年第1四半期 決算説明会.pdf"", ""2026年第1四半期 決算説明会"")",,,,,,,,,,,,,,,,,,,5,,,,,https://www.release.tdnet.info/inbs/140120260513531539.pdf
20260514,5133,テリロジーHD,説明資料,"=HYPERLINK(""https://www.release.tdnet.info/inbs/140120260511521478.pdf"", ""2026年3月期 決算補足説明資料"")","=HYPERLINK(""pdf_tmp/20260514/5133_1700_テリロジーHD_2026年3月期 決算補足説明資料.pdf"", ""2026年3月期 決算補足説明資料"")",,,,,,,,,,,8,,,,,,,,,,,,,https://www.release.tdnet.info/inbs/140120260511521478.pdf
20260514,5133,テリロジーHD,決算短信,"=HYPERLINK(""https://www.release.tdnet.info/inbs/140120260514535141.pdf"", ""2026年3月期決算短信[日本基準](連結)"")","=HYPERLINK(""pdf_tmp/20260514/5133_1700_テリロジーHD_2026年3月期決算短信[日本基準](連結).pdf"", ""2026年3月期決算短信[日本基準](連結)"")",,,,,,,,,,,4,,,,,,,,,,,,,https://www.release.tdnet.info/inbs/140120260514535141.pdf
20260514,5137,G-スマートドライブ,決算短信,"=HYPERLINK(""https://www.release.tdnet.info/inbs/140120260510521149.pdf"", ""2026年9月期第2四半期(中間期)決算短信〔日本基準〕(連結)"")","=HYPERLINK(""pdf_tmp/20260514/5137_1530_G-スマートドライブ_2026年9月期第2四半期(中間期)決算短信〔日本基準〕(連結).pdf"", ""2026年9月期第2四半期(中間期)決算短信〔日本基準〕(連結)"")",,,,,,,,,,,,,,,,,,,4,,,,,https://www.release.tdnet.info/inbs/140120260510521149.pdf
20260514,5137,G-スマートドライブ,説明資料,"=HYPERLINK(""https://www.release.tdnet.info/inbs/140120260510521152.pdf"", ""2026年9月期第2四半期決算説明資料"")","=HYPERLINK(""pdf_tmp/20260514/5137_1530_G-スマートドライブ_2026年9月期第2四半期決算説明資料.pdf"", ""2026年9月期第2四半期決算説明資料"")",,,,,,,,,,21 26,,,,,,,,,,,,,,https://www.release.tdnet.info/inbs/140120260510521152.pdf
20260514,5139,G-オープンワーク,決算短信,"=HYPERLINK(""https://www.release.tdnet.info/inbs/140120260514532197.pdf"", ""2026年12月期第1四半期 決算短信〔日本基準〕(非連結)"")","=HYPERLINK(""pdf_tmp/20260514/5139_1200_G-オープンワーク_2026年12月期第1四半期 決算短信〔日本基準〕(非連結).pdf"", ""2026年12月期第1四半期 決算短信〔日本基準〕(非連結)"")",,,,,,,,,,,,,,,,,,,4,,,,,https://www.release.tdnet.info/inbs/140120260514532197.pdf
20260514,5192,三星ベルト,決算短信,"=HYPERLINK(""https://www.release.tdnet.info/inbs/140120260513529528.pdf"", ""2026年3月期 決算短信〔日本基準〕(連結)"")","=HYPERLINK(""pdf_tmp/20260514/5192_1400_三星ベルト_2026年3月期 決算短信〔日本基準〕(連結).pdf"", ""2026年3月期 決算短信〔日本基準〕(連結)"")",,,,,,,,,,,,,,,,,,,4,,,,,https://www.release.tdnet.info/inbs/140120260513529528.pdf
20260514,5195,バンドー化,その他,"=HYPERLINK(""https://www.release.tdnet.info/inbs/140120260513530425.pdf"", ""2026年3月期 決算概要"")","=HYPERLINK(""pdf_tmp/20260514/5195_1400_バンドー化_2026年3月期 決算概要.pdf"", ""2026年3月期 決算概要"")",,,,,,,,,,,4,,,,,,,,,,,,,https://www.release.tdnet.info/inbs/140120260513530425.pdf
20260514,5195,バンドー化,その他,"=HYPERLINK(""https://www.release.tdnet.info/inbs/140120260513530681.pdf"", ""連結業績の前期実績値との差異および個別業績の前期実績との差異に関するお知らせ"")","=HYPERLINK(""pdf_tmp/20260514/5195_1400_バンドー化_連結業績の前期実績値との差異および個別業績の前期実績との差異に関するお知らせ.pdf"", ""連結業績の前期実績値との差異および個別業績の前期実績との差異に関するお知らせ"")",,,,,,,,,,,2,,,,,,,,,,,,,https://www.release.tdnet.info/inbs/140120260513530681.pdf
20260514,5244,G-jig.jp,事業計画,"=HYPERLINK(""https://www.release.tdnet.info/inbs/140120260514533770.pdf"", ""2026年3月期決算説明資料及び事業計画並びに成長可能性に関する事項"")","=HYPERLINK(""pdf_tmp/20260514/5244_1530_G-jig.jp_2026年3月期決算説明資料及び事業計画並びに成長可能性に関する事項.pdf"", ""2026年3月期決算説明資料及び事業計画並びに成長可能性に関する事項"")",,,,,,,,,,,7,,,,,,,,,,,,,https://www.release.tdnet.info/inbs/140120260514533770.pdf
20260514,5253,G-カバー,事業計画,"=HYPERLINK(""https://www.release.tdnet.info/inbs/140120260514534197.pdf"", ""事業計画及び成長可能性に関する事項"")","=HYPERLINK(""pdf_tmp/20260514/5253_1530_G-カバー_事業計画及び成長可能性に関する事項.pdf"", ""事業計画及び成長可能性に関する事項"")",,,,,,,,,,,15 27,,,,,,,,,,,,,https://www.release.tdnet.info/inbs/140120260514534197.pdf
20260514,5258,G-TMN,説明資料,"=HYPERLINK(""https://www.release.tdnet.info/inbs/140120260512524589.pdf"", ""2026年3月期 スマホ向けサマリ版決算説明資料"")","=HYPERLINK(""pdf_tmp/20260514/5258_1530_G-TMN_2026年3月期 スマホ向けサマリ版決算説明資料.pdf"", ""2026年3月期 スマホ向けサマリ版決算説明資料"")",,,,,,,,,,,2,,,,,,,,,,,,,https://www.release.tdnet.info/inbs/140120260512524589.pdf
20260514,5258,G-TMN,決算短信,"=HYPERLINK(""https://www.release.tdnet.info/inbs/140120260512524557.pdf"", ""2026年3月期 決算短信[日本基準](連結)"")","=HYPERLINK(""pdf_tmp/20260514/5258_1530_G-TMN_2026年3月期 決算短信[日本基準](連結).pdf"", ""2026年3月期 決算短信[日本基準](連結)"")",,,,,,,,,,,,,,,,,,,4,,,,,https://www.release.tdnet.info/inbs/140120260512524557.pdf
20260514,5258,G-TMN,その他,"=HYPERLINK(""https://www.release.tdnet.info/inbs/140120260512524624.pdf"", ""2026年3月期 通期連結業績予想と実績値との差異に関するお知らせ"")","=HYPERLINK(""pdf_tmp/20260514/5258_1530_G-TMN_2026年3月期 通期連結業績予想と実績値との差異に関するお知らせ.pdf"", ""2026年3月期 通期連結業績予想と実績値との差異に関するお知らせ"")",,,,,,,,,,1,,,,,,,,,,,,,,https://www.release.tdnet.info/inbs/140120260512524624.pdf
20260514,5273,三谷セキサン,決算短信,"=HYPERLINK(""https://www.release.tdnet.info/inbs/140120260512527002.pdf"", ""2026年3月期決算短信〔日本基準〕(連結)"")","=HYPERLINK(""pdf_tmp/20260514/5273_1500_三谷セキサン_2026年3月期決算短信〔日本基準〕(連結).pdf"", ""2026年3月期決算短信〔日本基準〕(連結)"")",,,,,,,,,,,,,,,,4 5,,,,,,,,https://www.release.tdnet.info/inbs/140120260512527002.pdf
20260514,5285,ヤマックス,説明資料,"=HYPERLINK(""https://www.release.tdnet.info/inbs/140120260514531715.pdf"", ""2026年3月期決算説明資料"")","=HYPERLINK(""pdf_tmp/20260514/5285_1400_ヤマックス_2026年3月期決算説明資料.pdf"", ""2026年3月期決算説明資料"")",,,,,,,,,,,2 3,,,,,,,,,,,,,https://www.release.tdnet.info/inbs/140120260514531715.pdf
20260514,5304,SECカーボン,決算短信,"=HYPERLINK(""https://www.release.tdnet.info/inbs/140120260513529531.pdf"", ""2026年3月期決算短信〔日本基準〕(連結)"")","=HYPERLINK(""pdf_tmp/20260514/5304_1530_SECカーボン_2026年3月期決算短信〔日本基準〕(連結).pdf"", ""2026年3月期決算短信〔日本基準〕(連結)"")",,,,,,,,,,,,,,,,,,,4 6,,,,,https://www.release.tdnet.info/inbs/140120260513529531.pdf
20260514,5304,SECカーボン,その他,"=HYPERLINK(""https://www.release.tdnet.info/inbs/140120260513527938.pdf"", ""特別損失(減損損失)の計上及び2026年3月期連結業績予想と実績値との差異に関するお知らせ"")","=HYPERLINK(""pdf_tmp/20260514/5304_1530_SECカーボン_特別損失(減損損失)の計上及び2026年3月期連結業績予想と実績値との差異に関するお知らせ.pdf"", ""特別損失(減損損失)の計上及び2026年3月期連結業績予想と実績値との差異に関するお知らせ"")",,,,,,,,,,,1,,,,,,,,,,,,,https://www.release.tdnet.info/inbs/140120260513527938.pdf
20260514,5384,FUJIMI,決算短信,"=HYPERLINK(""https://www.release.tdnet.info/inbs/140120260513527711.pdf"", ""2026年3月期 決算短信〔日本基準〕(連結)"")","=HYPERLINK(""pdf_tmp/20260514/5384_1620_FUJIMI_2026年3月期 決算短信〔日本基準〕(連結).pdf"", ""2026年3月期 決算短信〔日本基準〕(連結)"")",,,,,,,,,,,,,,,,,,,17,,,,,https://www.release.tdnet.info/inbs/140120260513527711.pdf
20260514,545A,トランヴィア,その他,"=HYPERLINK(""https://www.release.tdnet.info/inbs/140120260514534146.pdf"", ""上場廃止となった子会社(株式会社ランドコンピュータ)に関する決算開示について"")","=HYPERLINK(""pdf_tmp/20260514/545A_1615_トランヴィア_上場廃止となった子会社(株式会社ランドコンピュータ)に関する決算開示について.pdf"", ""上場廃止となった子会社(株式会社ランドコンピュータ)に関する決算開示について"")",,,,,,,,,,,5 7,,,,,,,,,,,,,https://www.release.tdnet.info/inbs/140120260514534146.pdf
20260514,545A,トランヴィア,その他,"=HYPERLINK(""https://www.release.tdnet.info/inbs/140120260514532187.pdf"", ""上場廃止となった子会社(株式会社東邦システムサイエンス)に関する決算開示について"")","=HYPERLINK(""pdf_tmp/20260514/545A_1615_トランヴィア_上場廃止となった子会社(株式会社東邦システムサイエンス)に関する決算開示について.pdf"", ""上場廃止となった子会社(株式会社東邦システムサイエンス)に関する決算開示について"")",,,,,,,,,,,5,,,,,,,,,,,,,https://www.release.tdnet.info/inbs/140120260514532187.pdf
20260514,5537,G-AlbaLink,説明資料,"=HYPERLINK(""https://www.release.tdnet.info/inbs/140120260514533390.pdf"", ""2026年12月期第1四半期決算 補足説明資料"")","=HYPERLINK(""pdf_tmp/20260514/5537_1600_G-AlbaLink_2026年12月期第1四半期決算 補足説明資料.pdf"", ""2026年12月期第1四半期決算 補足説明資料"")",,,,,,,,,,,7 8 14 31 45,,,,,,,,,,,,,https://www.release.tdnet.info/inbs/140120260514533390.pdf
20260514,5576,オービーシステム,説明資料,"=HYPERLINK(""https://www.release.tdnet.info/inbs/140120260512526849.pdf"", ""2026年3月期 期末決算説明資料"")","=HYPERLINK(""pdf_tmp/20260514/5576_1000_オービーシステム_2026年3月期 期末決算説明資料.pdf"", ""2026年3月期 期末決算説明資料"")",,,,,,,,,,,8 12,,,,,,,,,,,,,https://www.release.tdnet.info/inbs/140120260512526849.pdf
20260514,5586,G-LaboroAI,説明資料,"=HYPERLINK(""https://www.release.tdnet.info/inbs/140120260514532030.pdf"", ""2026年9月期 第2四半期 決算説明資料"")","=HYPERLINK(""pdf_tmp/20260514/5586_1600_G-LaboroAI_2026年9月期 第2四半期 決算説明資料.pdf"", ""2026年9月期 第2四半期 決算説明資料"")",,,,,,,,,,15,,,,,,,,,,,,,,https://www.release.tdnet.info/inbs/140120260514532030.pdf
20260514,5590,G-ネットスターズ,決算短信,"=HYPERLINK(""https://www.release.tdnet.info/inbs/140120260514532556.pdf"", ""2026年12月期 第1四半期決算短信〔日本基準〕(連結)"")","=HYPERLINK(""pdf_tmp/20260514/5590_1530_G-ネットスターズ_2026年12月期 第1四半期決算短信〔日本基準〕(連結).pdf"", ""2026年12月期 第1四半期決算短信〔日本基準〕(連結)"")",,,,,,,,,,,,,,,,4,,,,,,,,https://www.release.tdnet.info/inbs/140120260514532556.pdf
20260514,5592,G-くすりの窓口,説明資料,"=HYPERLINK(""https://www.release.tdnet.info/inbs/140120260513529944.pdf"", ""2026年3月期決算説明資料"")","=HYPERLINK(""pdf_tmp/20260514/5592_1530_G-くすりの窓口_2026年3月期決算説明資料.pdf"", ""2026年3月期決算説明資料"")",,,,,,,,,,,12 15 19 20 37,,,,,,,,,,,,,https://www.release.tdnet.info/inbs/140120260513529944.pdf
20260514,5597,G-ブルーイノベ,説明資料,"=HYPERLINK(""https://www.release.tdnet.info/inbs/140120260514532381.pdf"", ""2026年12月期 第1四半期 決算説明資料"")","=HYPERLINK(""pdf_tmp/20260514/5597_1530_G-ブルーイノベ_2026年12月期 第1四半期 決算説明資料.pdf"", ""2026年12月期 第1四半期 決算説明資料"")",,,,,,,,,,,18 25 73,,,,,,,,,,,,,https://www.release.tdnet.info/inbs/140120260514532381.pdf
20260514,5597,G-ブルーイノベ,決算短信,"=HYPERLINK(""https://www.release.tdnet.info/inbs/140120260514531861.pdf"", ""2026年12月期 第1四半期決算短信〔日本基準〕(非連結)"")","=HYPERLINK(""pdf_tmp/20260514/5597_1530_G-ブルーイノベ_2026年12月期 第1四半期決算短信〔日本基準〕(非連結).pdf"", ""2026年12月期 第1四半期決算短信〔日本基準〕(非連結)"")",,,,,,,,,,,4,,,,,,,,,,,,,https://www.release.tdnet.info/inbs/140120260514531861.pdf
20260514,5618,G-ナイル,決算短信,"=HYPERLINK(""https://www.release.tdnet.info/inbs/140120260513531398.pdf"", ""2026年12月期 第1四半期決算短信〔日本基準〕(連結)"")","=HYPERLINK(""pdf_tmp/20260514/5618_1530_G-ナイル_2026年12月期 第1四半期決算短信〔日本基準〕(連結).pdf"", ""2026年12月期 第1四半期決算短信〔日本基準〕(連結)"")",,,,,,,,,,,4,,,,,,,,,,,,,https://www.release.tdnet.info/inbs/140120260513531398.pdf
20260514,5644,メタルアート,決算短信,"=HYPERLINK(""https://www.release.tdnet.info/inbs/140120260514531741.pdf"", ""2026年3月期 決算短信[日本基準](連結)"")","=HYPERLINK(""pdf_tmp/20260514/5644_1930_メタルアート_2026年3月期 決算短信[日本基準](連結).pdf"", ""2026年3月期 決算短信[日本基準](連結)"")",,,,4,,,,,,,,,,,,,,,,,,,,https://www.release.tdnet.info/inbs/140120260514531741.pdf
20260514,5644,メタルアート,その他,"=HYPERLINK(""https://www.release.tdnet.info/inbs/140120260514535613.pdf"", ""Gerbera holdings株式会社による株式会社メタルアート(証券コード:5644)の普通株式に対する 公開買付けの開始に関するお知らせ"")","=HYPERLINK(""pdf_tmp/20260514/5644_1930_メタルアート_Gerbera holdings株式会社による株式会社メタルアート(証券コード_5644)の普通株式に対する 公開買付けの開始に関するお知らせ.pdf"", ""Gerbera holdings株式会社による株式会社メタルアート(証券コード:5644)の普通株式に対する 公開買付けの開始に関するお知らせ"")",,,,,,,,,,,,,,,,,,,4,,,,,https://www.release.tdnet.info/inbs/140120260514535613.pdf
20260514,5704,G-JMC,決算短信,"=HYPERLINK(""https://www.release.tdnet.info/inbs/140120260507518656.pdf"", ""2026年12月期 第1四半期決算短信〔日本基準〕(非連結)"")","=HYPERLINK(""pdf_tmp/20260514/5704_1530_G-JMC_2026年12月期 第1四半期決算短信〔日本基準〕(非連結).pdf"", ""2026年12月期 第1四半期決算短信〔日本基準〕(非連結)"")",,,,,,,,,,,,,,,,,,,7,,,,,https://www.release.tdnet.info/inbs/140120260507518656.pdf
20260514,5726,大阪チタ,決算短信,"=HYPERLINK(""https://www.release.tdnet.info/inbs/140120260423509551.pdf"", ""2026年3月期 決算短信〔日本基準〕(非連結)"")","=HYPERLINK(""pdf_tmp/20260514/5726_1600_大阪チタ_2026年3月期 決算短信〔日本基準〕(非連結).pdf"", ""2026年3月期 決算短信〔日本基準〕(非連結)"")",,,,,,,,,,,4,,,,,,,,,,,,,https://www.release.tdnet.info/inbs/140120260423509551.pdf
20260514,5741,UACJ,決算短信,"=HYPERLINK(""https://www.release.tdnet.info/inbs/140120260513530366.pdf"", ""2026年3月期 決算短信〔IFRS〕(連結)"")","=HYPERLINK(""pdf_tmp/20260514/5741_1400_UACJ_2026年3月期 決算短信〔IFRS〕(連結).pdf"", ""2026年3月期 決算短信〔IFRS〕(連結)"")",,,,,4,,,,,,,,,,,,,,,,,,,https://www.release.tdnet.info/inbs/140120260513530366.pdf
20260514,5803,フジクラ,決算短信,"=HYPERLINK(""https://www.release.tdnet.info/inbs/140120260514532598.pdf"", ""2026年3月期 決算短信〔日本基準〕(連結)"")","=HYPERLINK(""pdf_tmp/20260514/5803_1400_フジクラ_2026年3月期 決算短信〔日本基準〕(連結).pdf"", ""2026年3月期 決算短信〔日本基準〕(連結)"")",,5 9,,,,,,,,,,,,,,,,,,,,,,https://www.release.tdnet.info/inbs/140120260514532598.pdf
20260514,5858,G-STG,決算短信,"=HYPERLINK(""https://www.release.tdnet.info/inbs/140120260514532653.pdf"", ""2026年3月期決算短信〔日本基準〕(連結)"")","=HYPERLINK(""pdf_tmp/20260514/5858_1400_G-STG_2026年3月期決算短信〔日本基準〕(連結).pdf"", ""2026年3月期決算短信〔日本基準〕(連結)"")",,,,,,,,,,,6,,,,,,,,,,,,,https://www.release.tdnet.info/inbs/140120260514532653.pdf
20260514,5871,SOLIZE HD,決算短信,"=HYPERLINK(""https://www.release.tdnet.info/inbs/140120260514532691.pdf"", ""2026年12月期  第1四半期決算短信〔日本基準〕(連結)"")","=HYPERLINK(""pdf_tmp/20260514/5871_1530_SOLIZE HD_2026年12月期 第1四半期決算短信〔日本基準〕(連結).pdf"", ""2026年12月期  第1四半期決算短信〔日本基準〕(連結)"")",,,,,,,,,,,,,,,,,,,4,,,,,https://www.release.tdnet.info/inbs/140120260514532691.pdf
20260514,5871,SOLIZE HD,説明資料,"=HYPERLINK(""https://www.release.tdnet.info/inbs/140120260514532755.pdf"", ""2026年12月期 第1四半期決算説明資料"")","=HYPERLINK(""pdf_tmp/20260514/5871_1530_SOLIZE HD_2026年12月期 第1四半期決算説明資料.pdf"", ""2026年12月期 第1四半期決算説明資料"")",,,,,,,,,,,,,,,,,,,15 30,,,,,https://www.release.tdnet.info/inbs/140120260514532755.pdf
20260514,5892,G-yutori,説明資料,"=HYPERLINK(""https://www.release.tdnet.info/inbs/140120260514533482.pdf"", ""2026年3月期 決算説明資料"")","=HYPERLINK(""pdf_tmp/20260514/5892_1600_G-yutori_2026年3月期 決算説明資料.pdf"", ""2026年3月期 決算説明資料"")",,,,,16 20,,,,,,,,,,,,,,,,,,,https://www.release.tdnet.info/inbs/140120260514533482.pdf
20260514,5929,三和HD,決算短信,"=HYPERLINK(""https://www.release.tdnet.info/inbs/140120260421507590.pdf"", ""2026年3月期決算短信〔日本基準〕(連結)"")","=HYPERLINK(""pdf_tmp/20260514/5929_1130_三和HD_2026年3月期決算短信〔日本基準〕(連結).pdf"", ""2026年3月期決算短信〔日本基準〕(連結)"")",,,,,,,,,,,,,,,,,,,,,,4,,https://www.release.tdnet.info/inbs/140120260421507590.pdf
20260514,5930,文化シヤター,説明資料,"=HYPERLINK(""https://www.release.tdnet.info/inbs/140120260513530449.pdf"", ""2026年3月期 決算説明資料"")","=HYPERLINK(""pdf_tmp/20260514/5930_1400_文化シヤター_2026年3月期 決算説明資料.pdf"", ""2026年3月期 決算説明資料"")",,,,,,,,,,11 19 20 21 22,,,,,,,,,,,,,,https://www.release.tdnet.info/inbs/140120260513530449.pdf
20260514,5940,不二サッシ,資本コストや株価,"=HYPERLINK(""https://www.release.tdnet.info/inbs/140120260514532466.pdf"", ""資本コストや株価を意識した経営の実現に向けた対応について(アップデート)"")","=HYPERLINK(""pdf_tmp/20260514/5940_1400_不二サッシ_資本コストや株価を意識した経営の実現に向けた対応について(アップデート).pdf"", ""資本コストや株価を意識した経営の実現に向けた対応について(アップデート)"")",,,,,,,,,,,,3,,,,,,,,,,,,https://www.release.tdnet.info/inbs/140120260514532466.pdf
20260514,5945,天龍製鋸,決算短信,"=HYPERLINK(""https://www.release.tdnet.info/inbs/140120260513528751.pdf"", ""2026年3月期 決算短信〔日本基準〕(連結)"")","=HYPERLINK(""pdf_tmp/20260514/5945_1430_天龍製鋸_2026年3月期 決算短信〔日本基準〕(連結).pdf"", ""2026年3月期 決算短信〔日本基準〕(連結)"")",,,,,,,,,,,,,,,,,,,4,,,,,https://www.release.tdnet.info/inbs/140120260513528751.pdf
20260514,5945,天龍製鋸,その他,"=HYPERLINK(""https://www.release.tdnet.info/inbs/140120260513528804.pdf"", ""中期経営計画(2024年度~2026年度)の数値目標の修正に関するお知らせ"")","=HYPERLINK(""pdf_tmp/20260514/5945_1430_天龍製鋸_中期経営計画(2024年度~2026年度)の数値目標の修正に関するお知らせ.pdf"", ""中期経営計画(2024年度~2026年度)の数値目標の修正に関するお知らせ"")",,,,,,,,,,,,,,,,,,,2,,,,,https://www.release.tdnet.info/inbs/140120260513528804.pdf
20260514,6016,ジャパンエンジン,決算短信,"=HYPERLINK(""https://www.release.tdnet.info/inbs/140120260513531551.pdf"", ""2026年3月期 決算短信〔日本基準〕(非連結)"")","=HYPERLINK(""pdf_tmp/20260514/6016_1530_ジャパンエンジン_2026年3月期 決算短信〔日本基準〕(非連結).pdf"", ""2026年3月期 決算短信〔日本基準〕(非連結)"")",,,,5,,,,,,,,,,,,,,,,,,,,https://www.release.tdnet.info/inbs/140120260513531551.pdf
20260514,6033,G-エクストリーム,その他,"=HYPERLINK(""https://www.release.tdnet.info/inbs/140120260514533617.pdf"", ""中期経営計画の基本方針"")","=HYPERLINK(""pdf_tmp/20260514/6033_1330_G-エクストリーム_中期経営計画の基本方針.pdf"", ""中期経営計画の基本方針"")",,,,,,,,,,,6 7,,,,,,,,,,,,,https://www.release.tdnet.info/inbs/140120260514533617.pdf
20260514,6069,G-Trends,説明資料,"=HYPERLINK(""https://www.release.tdnet.info/inbs/140120260514532420.pdf"", ""2026年3月期 決算説明資料"")","=HYPERLINK(""pdf_tmp/20260514/6069_1530_G-Trends_2026年3月期 決算説明資料.pdf"", ""2026年3月期 決算説明資料"")",,,,,,,,,,,9 11 12 21,,,,,,,,,,,,,https://www.release.tdnet.info/inbs/140120260514532420.pdf
20260514,6070,キャリアリンク,決算短信,"=HYPERLINK(""https://www.release.tdnet.info/inbs/140120260512525451.pdf"", ""2026年3月期 決算短信〔日本基準〕(連結)"")","=HYPERLINK(""pdf_tmp/20260514/6070_1645_キャリアリンク_2026年3月期 決算短信〔日本基準〕(連結).pdf"", ""2026年3月期 決算短信〔日本基準〕(連結)"")",,,,,,,,,,,4 5,,,,,,,,,,,,,https://www.release.tdnet.info/inbs/140120260512525451.pdf
20260514,6072,地盤ネットHD,説明資料,"=HYPERLINK(""https://www.release.tdnet.info/inbs/140120260514535048.pdf"", ""2026年3月期決算補足説明資料"")","=HYPERLINK(""pdf_tmp/20260514/6072_1700_地盤ネットHD_2026年3月期決算補足説明資料.pdf"", ""2026年3月期決算補足説明資料"")",,,,,,,,,,,5 12,,,,,,,,,,,,,https://www.release.tdnet.info/inbs/140120260514535048.pdf
20260514,6072,地盤ネットHD,決算短信,"=HYPERLINK(""https://www.release.tdnet.info/inbs/140120260514535041.pdf"", ""2026年3月期決算短信〔日本基準〕(連結)"")","=HYPERLINK(""pdf_tmp/20260514/6072_1703_地盤ネットHD_2026年3月期決算短信〔日本基準〕(連結).pdf"", ""2026年3月期決算短信〔日本基準〕(連結)"")",,,,,,,,,,,4,,,,,,,,,,,,,https://www.release.tdnet.info/inbs/140120260514535041.pdf
20260514,6074,JSS,その他,"=HYPERLINK(""https://www.release.tdnet.info/inbs/140120260513531354.pdf"", ""特別損失の計上および2026年3月期通期業績予想と実績値の差異に関するお知らせ"")","=HYPERLINK(""pdf_tmp/20260514/6074_1630_JSS_特別損失の計上および2026年3月期通期業績予想と実績値の差異に関するお知らせ.pdf"", ""特別損失の計上および2026年3月期通期業績予想と実績値の差異に関するお知らせ"")",,,,,,,,,,,,,,,,,,,1,,,,,https://www.release.tdnet.info/inbs/140120260513531354.pdf
20260514,6089,ウィルグループ,その他,"=HYPERLINK(""https://www.release.tdnet.info/inbs/140120260514531751.pdf"", ""中期経営計画(WILL-being 2029)策定に関するお知らせ"")","=HYPERLINK(""pdf_tmp/20260514/6089_1530_ウィルグループ_中期経営計画(WILL-being 2029)策定に関するお知らせ.pdf"", ""中期経営計画(WILL-being 2029)策定に関するお知らせ"")",,,,,,,,,,,,,,,,,,,6,,,,,https://www.release.tdnet.info/inbs/140120260514531751.pdf
20260514,6113,アマダ,決算短信,"=HYPERLINK(""https://www.release.tdnet.info/inbs/140120260513530498.pdf"", ""2026年3月期 決算短信〔IFRS〕(連結)"")","=HYPERLINK(""pdf_tmp/20260514/6113_1530_アマダ_2026年3月期 決算短信〔IFRS〕(連結).pdf"", ""2026年3月期 決算短信〔IFRS〕(連結)"")",,,,,,,,,,,22 24,,,,,,,,,,,,,https://www.release.tdnet.info/inbs/140120260513530498.pdf
20260514,6113,アマダ,その他,"=HYPERLINK(""https://www.release.tdnet.info/inbs/140120260513530908.pdf"", ""「中期経営計画2030」の策定に関するお知らせ"")","=HYPERLINK(""pdf_tmp/20260514/6113_1530_アマダ_「中期経営計画2030」の策定に関するお知らせ.pdf"", ""「中期経営計画2030」の策定に関するお知らせ"")",,,,,,,,,,1,,,,,,,,,,,,,,https://www.release.tdnet.info/inbs/140120260513530908.pdf
20260514,6113,アマダ,その他,"=HYPERLINK(""https://www.release.tdnet.info/inbs/140120260513530870.pdf"", ""監査等委員会設置会社への移行に伴う業績連動型株式報酬制度の継続及び一部改定に関するお知らせ"")","=HYPERLINK(""pdf_tmp/20260514/6113_1530_アマダ_監査等委員会設置会社への移行に伴う業績連動型株式報酬制度の継続及び一部改定に関するお知らせ.pdf"", ""監査等委員会設置会社への移行に伴う業績連動型株式報酬制度の継続及び一部改定に関するお知らせ"")",,,,,,,,,,2,,,,,,,,,,,,,,https://www.release.tdnet.info/inbs/140120260513530870.pdf
20260514,6134,FUJI,決算短信,"=HYPERLINK(""https://www.release.tdnet.info/inbs/140120260514532021.pdf"", ""2026年3月期 決算短信〔日本基準〕(連結)"")","=HYPERLINK(""pdf_tmp/20260514/6134_1530_FUJI_2026年3月期 決算短信〔日本基準〕(連結).pdf"", ""2026年3月期 決算短信〔日本基準〕(連結)"")",,,,,,,,,,,,,,,,,,4,,,,,,https://www.release.tdnet.info/inbs/140120260514532021.pdf
20260514,6134,FUJI,その他,"=HYPERLINK(""https://www.release.tdnet.info/inbs/140120260514532248.pdf"", ""特別損失の計上、通期連結業績予想と実績値との差異及び剰余金の配当に関するお知らせ"")","=HYPERLINK(""pdf_tmp/20260514/6134_1530_FUJI_特別損失の計上、通期連結業績予想と実績値との差異及び剰余金の配当に関するお知らせ.pdf"", ""特別損失の計上、通期連結業績予想と実績値との差異及び剰余金の配当に関するお知らせ"")",,,,,,,,,,,2,,,,,,,,,,,,,https://www.release.tdnet.info/inbs/140120260514532248.pdf
20260514,6149,小田原エン,決算短信,"=HYPERLINK(""https://www.release.tdnet.info/inbs/140120260513528716.pdf"", ""2026年12月期第1四半期決算短信〔日本基準〕(連結)"")","=HYPERLINK(""pdf_tmp/20260514/6149_1530_小田原エン_2026年12月期第1四半期決算短信〔日本基準〕(連結).pdf"", ""2026年12月期第1四半期決算短信〔日本基準〕(連結)"")",,,,,,,,,,,4,,,,,,,,,,,,,https://www.release.tdnet.info/inbs/140120260513528716.pdf
20260514,6157,日進工具,その他,"=HYPERLINK(""https://www.release.tdnet.info/inbs/140120260514532261.pdf"", ""2026年3月期決算概要"")","=HYPERLINK(""pdf_tmp/20260514/6157_1600_日進工具_2026年3月期決算概要.pdf"", ""2026年3月期決算概要"")",,5 11,,,,,,,,,,,,,,,,,,,,,,https://www.release.tdnet.info/inbs/140120260514532261.pdf
20260514,6180,G-GMOメディア,説明資料,"=HYPERLINK(""https://www.release.tdnet.info/inbs/140120260513531357.pdf"", ""2026年12月期 第1四半期決算補足説明資料"")","=HYPERLINK(""pdf_tmp/20260514/6180_1531_G-GMOメディア_2026年12月期 第1四半期決算補足説明資料.pdf"", ""2026年12月期 第1四半期決算補足説明資料"")",,,,,,,,,,,,,,,,,53,,,,,,,https://www.release.tdnet.info/inbs/140120260513531357.pdf
20260514,6237,イワキポンプ,説明資料,"=HYPERLINK(""https://www.release.tdnet.info/inbs/140120260430515558.pdf"", ""2026年3月期 決算説明資料"")","=HYPERLINK(""pdf_tmp/20260514/6237_1600_イワキポンプ_2026年3月期 決算説明資料.pdf"", ""2026年3月期 決算説明資料"")",,,,,,,,,,,14,,,,,,,,,,,,,https://www.release.tdnet.info/inbs/140120260430515558.pdf
20260514,6238,フリュー,決算短信,"=HYPERLINK(""https://www.release.tdnet.info/inbs/140120260513529417.pdf"", ""2026年3月期 決算短信〔日本基準〕(連結)"")","=HYPERLINK(""pdf_tmp/20260514/6238_1600_フリュー_2026年3月期 決算短信〔日本基準〕(連結).pdf"", ""2026年3月期 決算短信〔日本基準〕(連結)"")",,,,,,,,,,,6,,,,,,,,,,,,,https://www.release.tdnet.info/inbs/140120260513529417.pdf
20260514,6249,ゲームカードHD,決算短信,"=HYPERLINK(""https://www.release.tdnet.info/inbs/140120260514532037.pdf"", ""2026年3月期 決算短信[日本基準](連結)"")","=HYPERLINK(""pdf_tmp/20260514/6249_1530_ゲームカードHD_2026年3月期 決算短信[日本基準](連結).pdf"", ""2026年3月期 決算短信[日本基準](連結)"")",,,,,,,,,,,,,,,,,,,4,,,,,https://www.release.tdnet.info/inbs/140120260514532037.pdf
20260514,6250,やまびこ,決算短信,"=HYPERLINK(""https://www.release.tdnet.info/inbs/140120260514531882.pdf"", ""2026年12月期 第1四半期決算短信〔日本基準〕(連結)"")","=HYPERLINK(""pdf_tmp/20260514/6250_1400_やまびこ_2026年12月期 第1四半期決算短信〔日本基準〕(連結).pdf"", ""2026年12月期 第1四半期決算短信〔日本基準〕(連結)"")",,,5,,,,,,,,,,,,,,,,,,,,,https://www.release.tdnet.info/inbs/140120260514531882.pdf
20260514,6250,やまびこ,その他,"=HYPERLINK(""https://www.release.tdnet.info/inbs/140120260514531854.pdf"", ""海外連結子会社の解散および清算に関するお知らせ"")","=HYPERLINK(""pdf_tmp/20260514/6250_1400_やまびこ_海外連結子会社の解散および清算に関するお知らせ.pdf"", ""海外連結子会社の解散および清算に関するお知らせ"")",,,,,,,,,,,,,,,,,,,1,,,,,https://www.release.tdnet.info/inbs/140120260514531854.pdf
20260514,6254,野村マイクロ,決算短信,"=HYPERLINK(""https://www.release.tdnet.info/inbs/140120260513530559.pdf"", ""2026年3月期決算短信〔日本基準〕(連結)"")","=HYPERLINK(""pdf_tmp/20260514/6254_1530_野村マイクロ_2026年3月期決算短信〔日本基準〕(連結).pdf"", ""2026年3月期決算短信〔日本基準〕(連結)"")",,,,,,,,,,,,,,,,,,,4,,,,,https://www.release.tdnet.info/inbs/140120260513530559.pdf
20260514,6258,平田機工,決算短信,"=HYPERLINK(""https://www.release.tdnet.info/inbs/140120260514533902.pdf"", ""2026年3月期  決算短信〔日本基準〕(連結)"")","=HYPERLINK(""pdf_tmp/20260514/6258_1530_平田機工_2026年3月期 決算短信〔日本基準〕(連結).pdf"", ""2026年3月期  決算短信〔日本基準〕(連結)"")",,,,5,,,,,,,,,,,,,,,,,,,,https://www.release.tdnet.info/inbs/140120260514533902.pdf
20260514,6294,オカダアイヨン,決算短信,"=HYPERLINK(""https://www.release.tdnet.info/inbs/140120260513529065.pdf"", ""2026年3月期 決算短信〔日本基準〕(連結)"")","=HYPERLINK(""pdf_tmp/20260514/6294_1530_オカダアイヨン_2026年3月期 決算短信〔日本基準〕(連結).pdf"", ""2026年3月期 決算短信〔日本基準〕(連結)"")",,4,,,,,,,,,,,,,,,,,,,,,,https://www.release.tdnet.info/inbs/140120260513529065.pdf
20260514,6294,オカダアイヨン,決算短信,"=HYPERLINK(""https://www.release.tdnet.info/inbs/140120260513530652.pdf"", ""2026年3月期 決算短信補足資料"")","=HYPERLINK(""pdf_tmp/20260514/6294_1530_オカダアイヨン_2026年3月期 決算短信補足資料.pdf"", ""2026年3月期 決算短信補足資料"")",,,,,,,,,,,,,,,5,,,,,,,,,https://www.release.tdnet.info/inbs/140120260513530652.pdf
20260514,6338,タカトリ,その他,"=HYPERLINK(""https://www.release.tdnet.info/inbs/140120260513531475.pdf"", ""特別利益の計上および第2四半期(中間期)連結業績予想と実績との差異 並びに非連結決算移行に伴う2026年9月期通期業績予想の公表に関するお知らせ"")","=HYPERLINK(""pdf_tmp/20260514/6338_1530_タカトリ_特別利益の計上および第2四半期(中間期)連結業績予想と実績との差異 並びに非連結決算移行に伴う2026年9月期通期業績予想の公表に関するお知らせ.pdf"", ""特別利益の計上および第2四半期(中間期)連結業績予想と実績との差異 並びに非連結決算移行に伴う2026年9月期通期業績予想の公表に関するお知らせ"")",,,,,,,,,,,2,,,,,,,,,,,,,https://www.release.tdnet.info/inbs/140120260513531475.pdf
20260514,6349,小森,決算短信,"=HYPERLINK(""https://www.release.tdnet.info/inbs/140120260513529183.pdf"", ""2026年3月期決算短信〔日本基準〕(連結)"")","=HYPERLINK(""pdf_tmp/20260514/6349_1530_小森_2026年3月期決算短信〔日本基準〕(連結).pdf"", ""2026年3月期決算短信〔日本基準〕(連結)"")",,,,5,,,,,,,,,,,,,,,,,,,,https://www.release.tdnet.info/inbs/140120260513529183.pdf
20260514,6360,東自機,決算短信,"=HYPERLINK(""https://www.release.tdnet.info/inbs/140120260513529940.pdf"", ""2026年3月期決算短信〔日本基準〕(非連結)"")","=HYPERLINK(""pdf_tmp/20260514/6360_1530_東自機_2026年3月期決算短信〔日本基準〕(非連結).pdf"", ""2026年3月期決算短信〔日本基準〕(非連結)"")",,,,4,,,,,,,,,,,,,,,,,,,,https://www.release.tdnet.info/inbs/140120260513529940.pdf
20260514,6367,ダイキン工,その他,"=HYPERLINK(""https://www.release.tdnet.info/inbs/140120260513530370.pdf"", ""米国における当社及び当社米国子会社に対する訴訟の提起に関するお知らせ"")","=HYPERLINK(""pdf_tmp/20260514/6367_1600_ダイキン工_米国における当社及び当社米国子会社に対する訴訟の提起に関するお知らせ.pdf"", ""米国における当社及び当社米国子会社に対する訴訟の提起に関するお知らせ"")",,,,,1,,,,,,,,,,,,,,,,,,,https://www.release.tdnet.info/inbs/140120260513530370.pdf
20260514,6383,ダイフク,決算短信,"=HYPERLINK(""https://www.release.tdnet.info/inbs/140120260514532380.pdf"", ""2026年12月期 第1四半期決算短信〔日本基準〕(連結)"")","=HYPERLINK(""pdf_tmp/20260514/6383_1530_ダイフク_2026年12月期 第1四半期決算短信〔日本基準〕(連結).pdf"", ""2026年12月期 第1四半期決算短信〔日本基準〕(連結)"")",,,,,,,6,,,,,,,,,,,,,,,,,https://www.release.tdnet.info/inbs/140120260514532380.pdf
20260514,6383,ダイフク,説明資料,"=HYPERLINK(""https://www.release.tdnet.info/inbs/140120260514532275.pdf"", ""2026年12月期 第1四半期決算説明資料"")","=HYPERLINK(""pdf_tmp/20260514/6383_1530_ダイフク_2026年12月期 第1四半期決算説明資料.pdf"", ""2026年12月期 第1四半期決算説明資料"")",,,,,,,2 15,,,,,,,,,,,,,,,,,https://www.release.tdnet.info/inbs/140120260514532275.pdf
20260514,6390,加藤製,決算短信,"=HYPERLINK(""https://www.release.tdnet.info/inbs/140120260513530876.pdf"", ""2026年3月期決算短信〔日本基準〕(連結)"")","=HYPERLINK(""pdf_tmp/20260514/6390_1530_加藤製_2026年3月期決算短信〔日本基準〕(連結).pdf"", ""2026年3月期決算短信〔日本基準〕(連結)"")",,,,,,,,,,,,,,,6,,,,,,,,,https://www.release.tdnet.info/inbs/140120260513530876.pdf
20260514,6390,加藤製,その他,"=HYPERLINK(""https://www.release.tdnet.info/inbs/140120260513530902.pdf"", ""通期連結業績予想と実績値との差異に関するお知らせ"")","=HYPERLINK(""pdf_tmp/20260514/6390_1530_加藤製_通期連結業績予想と実績値との差異に関するお知らせ.pdf"", ""通期連結業績予想と実績値との差異に関するお知らせ"")",,,,,,,,,,,,,,,,,,,1,,,,,https://www.release.tdnet.info/inbs/140120260513530902.pdf
20260514,6419,マースグループHD,決算短信,"=HYPERLINK(""https://www.release.tdnet.info/inbs/140120260424510265.pdf"", ""2026年3月期  決算短信〔日本基準〕(連結)"")","=HYPERLINK(""pdf_tmp/20260514/6419_1600_マースグループHD_2026年3月期 決算短信〔日本基準〕(連結).pdf"", ""2026年3月期  決算短信〔日本基準〕(連結)"")",,,,,,,,,,,,,,,,5,,,,,,,,https://www.release.tdnet.info/inbs/140120260424510265.pdf
20260514,6488,ヨシタケ,予想の修正,"=HYPERLINK(""https://www.release.tdnet.info/inbs/140120260501516538.pdf"", ""業績予想および配当予想の修正に関するお知らせ"")","=HYPERLINK(""pdf_tmp/20260514/6488_1500_ヨシタケ_業績予想および配当予想の修正に関するお知らせ.pdf"", ""業績予想および配当予想の修正に関するお知らせ"")",,,,,,,2,,,,,,,,,,,,,,,,,https://www.release.tdnet.info/inbs/140120260501516538.pdf
20260514,6490,PILLAR,決算短信,"=HYPERLINK(""https://www.release.tdnet.info/inbs/140120260514532914.pdf"", ""2026年3月期 決算短信〔日本基準〕(連結)"")","=HYPERLINK(""pdf_tmp/20260514/6490_1530_PILLAR_2026年3月期 決算短信〔日本基準〕(連結).pdf"", ""2026年3月期 決算短信〔日本基準〕(連結)"")",,,,,,,,,,,,,,,4,,,,,,,,,https://www.release.tdnet.info/inbs/140120260514532914.pdf
20260514,6492,岡野バル,決算短信,"=HYPERLINK(""https://www.release.tdnet.info/inbs/140120260420506567.pdf"", ""2026年9月期 第2四半期(中間期)決算短信〔日本基準〕(連結)"")","=HYPERLINK(""pdf_tmp/20260514/6492_1530_岡野バル_2026年9月期 第2四半期(中間期)決算短信〔日本基準〕(連結).pdf"", ""2026年9月期 第2四半期(中間期)決算短信〔日本基準〕(連結)"")",,,,,,,,,,,5,,,,,,,,,,,,,https://www.release.tdnet.info/inbs/140120260420506567.pdf
20260514,6507,シンフォニア,決算短信,"=HYPERLINK(""https://www.release.tdnet.info/inbs/140120260511523653.pdf"", ""2026年3月期 決算短信〔日本基準〕(連結)"")","=HYPERLINK(""pdf_tmp/20260514/6507_1340_シンフォニア_2026年3月期 決算短信〔日本基準〕(連結).pdf"", ""2026年3月期 決算短信〔日本基準〕(連結)"")",,,,,,,,,,,6,,,,,,,,,,,,,https://www.release.tdnet.info/inbs/140120260511523653.pdf
20260514,6563,G-みらいワークス,説明資料,"=HYPERLINK(""https://www.release.tdnet.info/inbs/140120260513530904.pdf"", ""2026年9月期第2四半期 決算説明資料"")","=HYPERLINK(""pdf_tmp/20260514/6563_1140_G-みらいワークス_2026年9月期第2四半期 決算説明資料.pdf"", ""2026年9月期第2四半期 決算説明資料"")",,,,,,,,,,,6,,,,,,,,,,,,,https://www.release.tdnet.info/inbs/140120260513530904.pdf
20260514,6568,G-神戸天然物化学,決算短信,"=HYPERLINK(""https://www.release.tdnet.info/inbs/140120260514532570.pdf"", ""2026年3月期 決算短信 [日本基準]  (非連結)"")","=HYPERLINK(""pdf_tmp/20260514/6568_1530_G-神戸天然物化学_2026年3月期 決算短信 [日本基準] (非連結).pdf"", ""2026年3月期 決算短信 [日本基準]  (非連結)"")",,,,,,,,,,,,,,,,,,,5,,,,,https://www.release.tdnet.info/inbs/140120260514532570.pdf
20260514,6568,G-神戸天然物化学,説明資料,"=HYPERLINK(""https://www.release.tdnet.info/inbs/140120260514532716.pdf"", ""2026年3月期 決算補足説明資料"")","=HYPERLINK(""pdf_tmp/20260514/6568_1530_G-神戸天然物化学_2026年3月期 決算補足説明資料.pdf"", ""2026年3月期 決算補足説明資料"")",,,,,,,,,,,,,,,,,,,17,,,,,https://www.release.tdnet.info/inbs/140120260514532716.pdf
20260514,6584,三桜工,決算短信,"=HYPERLINK(""https://www.release.tdnet.info/inbs/140120260514532708.pdf"", ""2026年3月期 決算短信〔日本基準〕(連結)"")","=HYPERLINK(""pdf_tmp/20260514/6584_1600_三桜工_2026年3月期 決算短信〔日本基準〕(連結).pdf"", ""2026年3月期 決算短信〔日本基準〕(連結)"")",,,,,,,,,,,,,,,,,,,4,,,,,https://www.release.tdnet.info/inbs/140120260514532708.pdf
20260514,6584,三桜工,その他,"=HYPERLINK(""https://www.release.tdnet.info/inbs/140120260514532747.pdf"", ""特別損失(減損損失)の計上に関するお知らせ"")","=HYPERLINK(""pdf_tmp/20260514/6584_1600_三桜工_特別損失(減損損失)の計上に関するお知らせ.pdf"", ""特別損失(減損損失)の計上に関するお知らせ"")",,,,,,,,,,,,,,,,,,,1,,,,,https://www.release.tdnet.info/inbs/140120260514532747.pdf
20260514,6584,三桜工,その他,"=HYPERLINK(""https://www.release.tdnet.info/inbs/140120260514532791.pdf"", ""特別損失(関係会社出資金評価損)の計上、営業外費用(貸倒引当金繰入額)の計上 及び通期個別実績値と前期実績値との差異に関するお知らせ"")","=HYPERLINK(""pdf_tmp/20260514/6584_1600_三桜工_特別損失(関係会社出資金評価損)の計上、営業外費用(貸倒引当金繰入額)の計上 及び通期個別実績値と前期実績値との差異に関するお知らせ.pdf"", ""特別損失(関係会社出資金評価損)の計上、営業外費用(貸倒引当金繰入額)の計上 及び通期個別実績値と前期実績値との差異に関するお知らせ"")",,,,,,,,,,,,,,,,,,,1,,,,,https://www.release.tdnet.info/inbs/140120260514532791.pdf
20260514,6613,G-QDレーザ,決算短信,"=HYPERLINK(""https://www.release.tdnet.info/inbs/140120260513531607.pdf"", ""2026年3月期 決算短信〔日本基準〕(非連結)"")","=HYPERLINK(""pdf_tmp/20260514/6613_1630_G-QDレーザ_2026年3月期 決算短信〔日本基準〕(非連結).pdf"", ""2026年3月期 決算短信〔日本基準〕(非連結)"")",,4,,,,,,,,,,,,,,,,,,,,,,https://www.release.tdnet.info/inbs/140120260513531607.pdf
20260514,6652,IDEC,その他,"=HYPERLINK(""https://www.release.tdnet.info/inbs/140120260514533691.pdf"", ""連結実績の業績予想との差異、個別業績の前期実績値との差異及び個別決算における特別損失の計上に関するお知らせ"")","=HYPERLINK(""pdf_tmp/20260514/6652_1530_IDEC_連結実績の業績予想との差異、個別業績の前期実績値との差異及び個別決算における特別損失の計上に関するお知らせ.pdf"", ""連結実績の業績予想との差異、個別業績の前期実績値との差異及び個別決算における特別損失の計上に関するお知らせ"")",,,,,,,,,,,1,,,,,,,,,,,,,https://www.release.tdnet.info/inbs/140120260514533691.pdf
20260514,6659,メディアリンクス,決算短信,"=HYPERLINK(""https://www.release.tdnet.info/inbs/140120260514533249.pdf"", ""2026年3月期 決算短信〔日本基準〕(連結)"")","=HYPERLINK(""pdf_tmp/20260514/6659_1530_メディアリンクス_2026年3月期 決算短信〔日本基準〕(連結).pdf"", ""2026年3月期 決算短信〔日本基準〕(連結)"")",,,,,,,,,,,4,,,,,,,,,,,,,https://www.release.tdnet.info/inbs/140120260514533249.pdf
20260514,6659,メディアリンクス,その他,"=HYPERLINK(""https://www.release.tdnet.info/inbs/140120260514534066.pdf"", ""2026年3月期 第4四半期決算説明会資料"")","=HYPERLINK(""pdf_tmp/20260514/6659_1630_メディアリンクス_2026年3月期 第4四半期決算説明会資料.pdf"", ""2026年3月期 第4四半期決算説明会資料"")",,,,,,,,,,,,,,,,,,,4 7,,,,,https://www.release.tdnet.info/inbs/140120260514534066.pdf
20260514,6675,サクサ,決算短信,"=HYPERLINK(""https://www.release.tdnet.info/inbs/140120260513528779.pdf"", ""2026年3月期 決算短信〔日本基準〕(連結)"")","=HYPERLINK(""pdf_tmp/20260514/6675_1530_サクサ_2026年3月期 決算短信〔日本基準〕(連結).pdf"", ""2026年3月期 決算短信〔日本基準〕(連結)"")",,,,,,,,,,,,,,,,,,,5,,,,,https://www.release.tdnet.info/inbs/140120260513528779.pdf
20260514,6676,BUFFALO,決算短信,"=HYPERLINK(""https://www.release.tdnet.info/inbs/140120260513527884.pdf"", ""2026年3月期 決算短信〔日本基準〕(連結)"")","=HYPERLINK(""pdf_tmp/20260514/6676_1530_BUFFALO_2026年3月期 決算短信〔日本基準〕(連結).pdf"", ""2026年3月期 決算短信〔日本基準〕(連結)"")",,,,,,,,,,,4,,,,,,,,,,,,,https://www.release.tdnet.info/inbs/140120260513527884.pdf
20260514,6676,BUFFALO,説明資料,"=HYPERLINK(""https://www.release.tdnet.info/inbs/140120260513528425.pdf"", ""2026年3月期 決算説明資料"")","=HYPERLINK(""pdf_tmp/20260514/6676_1530_BUFFALO_2026年3月期 決算説明資料.pdf"", ""2026年3月期 決算説明資料"")",,,,,,,,,,,35,,,,,,,,,,,,,https://www.release.tdnet.info/inbs/140120260513528425.pdf
20260514,6676,BUFFALO,その他,"=HYPERLINK(""https://www.release.tdnet.info/inbs/140120260513528474.pdf"", ""個別業績の前期実績値との差異に関するお知らせ"")","=HYPERLINK(""pdf_tmp/20260514/6676_1530_BUFFALO_個別業績の前期実績値との差異に関するお知らせ.pdf"", ""個別業績の前期実績値との差異に関するお知らせ"")",,,,,,,,,,,1,,,,,,,,,,,,,https://www.release.tdnet.info/inbs/140120260513528474.pdf
20260514,6740,JDI,決算短信,"=HYPERLINK(""https://www.release.tdnet.info/inbs/140120260428513059.pdf"", ""2026年3月期決算短信〔日本基準〕(連結)"")","=HYPERLINK(""pdf_tmp/20260514/6740_1532_JDI_2026年3月期決算短信〔日本基準〕(連結).pdf"", ""2026年3月期決算短信〔日本基準〕(連結)"")",,,,,,,,,,,5 15,,,,,,,,,,,,,https://www.release.tdnet.info/inbs/140120260428513059.pdf
20260514,6740,JDI,その他,"=HYPERLINK(""https://www.release.tdnet.info/inbs/140120260507517780.pdf"", ""営業外収益、営業外費用、特別利益及び特別損失の計上のお知らせ"")","=HYPERLINK(""pdf_tmp/20260514/6740_1532_JDI_営業外収益、営業外費用、特別利益及び特別損失の計上のお知らせ.pdf"", ""営業外収益、営業外費用、特別利益及び特別損失の計上のお知らせ"")",,,,,,,,,,,,,,,,,,,1,,,,,https://www.release.tdnet.info/inbs/140120260507517780.pdf
20260514,6776,天昇電,決算短信,"=HYPERLINK(""https://www.release.tdnet.info/inbs/140120260427512071.pdf"", ""2026年3月期 決算短信〔日本基準〕(連結)"")","=HYPERLINK(""pdf_tmp/20260514/6776_1600_天昇電_2026年3月期 決算短信〔日本基準〕(連結).pdf"", ""2026年3月期 決算短信〔日本基準〕(連結)"")",,,,,6,,,,,,,,,,,,,,,,,,,https://www.release.tdnet.info/inbs/140120260427512071.pdf
20260514,6786,RVH,決算短信,"=HYPERLINK(""https://www.release.tdnet.info/inbs/140120260513529253.pdf"", ""2026年3月期決算短信〔日本基準〕(連結)"")","=HYPERLINK(""pdf_tmp/20260514/6786_1600_RVH_2026年3月期決算短信〔日本基準〕(連結).pdf"", ""2026年3月期決算短信〔日本基準〕(連結)"")",,,,,,,,,,,5 6,,,,,,,,,,,,,https://www.release.tdnet.info/inbs/140120260513529253.pdf
20260514,6834,精工技研,決算短信,"=HYPERLINK(""https://www.release.tdnet.info/inbs/140120260512527161.pdf"", ""2026年3月期 決算短信〔日本基準〕(連結)"")","=HYPERLINK(""pdf_tmp/20260514/6834_1600_精工技研_2026年3月期 決算短信〔日本基準〕(連結).pdf"", ""2026年3月期 決算短信〔日本基準〕(連結)"")",,,,,,,,,,,4,,,,,,,,,,,,,https://www.release.tdnet.info/inbs/140120260512527161.pdf
20260514,6834,精工技研,その他,"=HYPERLINK(""https://www.release.tdnet.info/inbs/140120260512527126.pdf"", ""個別業績の前期実績との差異に関するお知らせ"")","=HYPERLINK(""pdf_tmp/20260514/6834_1600_精工技研_個別業績の前期実績との差異に関するお知らせ.pdf"", ""個別業績の前期実績との差異に関するお知らせ"")",,,,,,,,,,,1,,,,,,,,,,,,,https://www.release.tdnet.info/inbs/140120260512527126.pdf
20260514,6844,新電元,決算短信,"=HYPERLINK(""https://www.release.tdnet.info/inbs/140120260514532622.pdf"", ""2026年3月期 決算短信〔日本基準〕(連結)"")","=HYPERLINK(""pdf_tmp/20260514/6844_1530_新電元_2026年3月期 決算短信〔日本基準〕(連結).pdf"", ""2026年3月期 決算短信〔日本基準〕(連結)"")",,,,,,,,,,,,,,,,,4,,,,,,,https://www.release.tdnet.info/inbs/140120260514532622.pdf
20260514,6846,中央製,決算短信,"=HYPERLINK(""https://www.release.tdnet.info/inbs/140120260512526302.pdf"", ""2026年3月期決算短信[日本基準](非連結)"")","=HYPERLINK(""pdf_tmp/20260514/6846_1440_中央製_2026年3月期決算短信[日本基準](非連結).pdf"", ""2026年3月期決算短信[日本基準](非連結)"")",,,,,,,,,,,,,,,,,,,4 6,,,,,https://www.release.tdnet.info/inbs/140120260512526302.pdf
20260514,6850,チノー,決算短信,"=HYPERLINK(""https://www.release.tdnet.info/inbs/140120260513529698.pdf"", ""2026年3月期 決算短信〔日本基準〕(連結)"")","=HYPERLINK(""pdf_tmp/20260514/6850_1530_チノー_2026年3月期 決算短信〔日本基準〕(連結).pdf"", ""2026年3月期 決算短信〔日本基準〕(連結)"")",,,,,,,,,,,,,,,,,,,5,,,,,https://www.release.tdnet.info/inbs/140120260513529698.pdf
20260514,6855,電子材料,その他,"=HYPERLINK(""https://www.release.tdnet.info/inbs/140120260514532640.pdf"", ""中期経営計画の進捗状況に関するお知らせ"")","=HYPERLINK(""pdf_tmp/20260514/6855_1600_電子材料_中期経営計画の進捗状況に関するお知らせ.pdf"", ""中期経営計画の進捗状況に関するお知らせ"")",,6,,,,,,,,,,,,,,,,,,,,,,https://www.release.tdnet.info/inbs/140120260514532640.pdf
20260514,6859,エスペック,資本コストや株価,"=HYPERLINK(""https://www.release.tdnet.info/inbs/140120260513528035.pdf"", ""資本コストや株価を意識した経営の実現に向けた対応について(アップデート)"")","=HYPERLINK(""pdf_tmp/20260514/6859_1500_エスペック_資本コストや株価を意識した経営の実現に向けた対応について(アップデート).pdf"", ""資本コストや株価を意識した経営の実現に向けた対応について(アップデート)"")",,,,,,,,,,,,,,,,,,,3,,,,,https://www.release.tdnet.info/inbs/140120260513528035.pdf
20260514,6869,シスメックス,決算短信,"=HYPERLINK(""https://www.release.tdnet.info/inbs/140120260514532236.pdf"", ""2026年3月期 決算短信〔IFRS〕(連結)"")","=HYPERLINK(""pdf_tmp/20260514/6869_1530_シスメックス_2026年3月期 決算短信〔IFRS〕(連結).pdf"", ""2026年3月期 決算短信〔IFRS〕(連結)"")",,,,,,,,,,,,,,,,,,,4 5,,,,,https://www.release.tdnet.info/inbs/140120260514532236.pdf
20260514,6875,メガチップス,決算短信,"=HYPERLINK(""https://www.release.tdnet.info/inbs/140120260514533367.pdf"", ""2026年3月期決算短信〔日本基準〕(連結)"")","=HYPERLINK(""pdf_tmp/20260514/6875_1530_メガチップス_2026年3月期決算短信〔日本基準〕(連結).pdf"", ""2026年3月期決算短信〔日本基準〕(連結)"")",,,,,,,,,,,,,,,,4 8,,,,,,,,https://www.release.tdnet.info/inbs/140120260514533367.pdf
20260514,6899,ASTI,決算短信,"=HYPERLINK(""https://www.release.tdnet.info/inbs/140120260430515526.pdf"", ""2026年3月期 決算短信〔日本基準〕(連結)"")","=HYPERLINK(""pdf_tmp/20260514/6899_1600_ASTI_2026年3月期 決算短信〔日本基準〕(連結).pdf"", ""2026年3月期 決算短信〔日本基準〕(連結)"")",,,,,,,,,,,,,,,,,,,,,,,4,https://www.release.tdnet.info/inbs/140120260430515526.pdf
20260514,6915,千代インテ,決算短信,"=HYPERLINK(""https://www.release.tdnet.info/inbs/140120260514532140.pdf"", ""2026年12月期 第1四半期決算短信〔日本基準〕(連結)"")","=HYPERLINK(""pdf_tmp/20260514/6915_1530_千代インテ_2026年12月期 第1四半期決算短信〔日本基準〕(連結).pdf"", ""2026年12月期 第1四半期決算短信〔日本基準〕(連結)"")",,4,,,,,,,,,,,,,,,,,,,,,,https://www.release.tdnet.info/inbs/140120260514532140.pdf
20260514,6952,カシオ計,決算短信,"=HYPERLINK(""https://www.release.tdnet.info/inbs/140120260513530939.pdf"", ""2026年3月期決算短信〔日本基準〕(連結)"")","=HYPERLINK(""pdf_tmp/20260514/6952_1530_カシオ計_2026年3月期決算短信〔日本基準〕(連結).pdf"", ""2026年3月期決算短信〔日本基準〕(連結)"")",,,,,,,,,,,,,,,,,,,,,,4,,https://www.release.tdnet.info/inbs/140120260513530939.pdf
20260514,6958,CMK,決算短信,"=HYPERLINK(""https://www.release.tdnet.info/inbs/140120260513527923.pdf"", ""2026年3月期 決算短信〔日本基準〕(連結)"")","=HYPERLINK(""pdf_tmp/20260514/6958_1530_CMK_2026年3月期 決算短信〔日本基準〕(連結).pdf"", ""2026年3月期 決算短信〔日本基準〕(連結)"")",,,,,,,,,,,,,,,,,,,4,,,,,https://www.release.tdnet.info/inbs/140120260513527923.pdf
20260514,6962,大真空,決算短信,"=HYPERLINK(""https://www.release.tdnet.info/inbs/140120260424510881.pdf"", ""2026年3月期決算短信〔日本基準〕(連結)"")","=HYPERLINK(""pdf_tmp/20260514/6962_1540_大真空_2026年3月期決算短信〔日本基準〕(連結).pdf"", ""2026年3月期決算短信〔日本基準〕(連結)"")",,,,,,,,,,,,,,,,,,,4,,,,,https://www.release.tdnet.info/inbs/140120260424510881.pdf
20260514,6997,日ケミコン,決算短信,"=HYPERLINK(""https://www.release.tdnet.info/inbs/140120260508520482.pdf"", ""2026年3月期決算短信〔日本基準〕(連結)"")","=HYPERLINK(""pdf_tmp/20260514/6997_1530_日ケミコン_2026年3月期決算短信〔日本基準〕(連結).pdf"", ""2026年3月期決算短信〔日本基準〕(連結)"")",,,,,,,,,,,,,,,,,5,,,,,,,https://www.release.tdnet.info/inbs/140120260508520482.pdf
20260514,6998,日タングス,その他,"=HYPERLINK(""https://www.release.tdnet.info/inbs/140120260512526967.pdf"", ""中期経営計画の策定に関するお知らせ"")","=HYPERLINK(""pdf_tmp/20260514/6998_1600_日タングス_中期経営計画の策定に関するお知らせ.pdf"", ""中期経営計画の策定に関するお知らせ"")",,,,,,,,,,,,,,,,,,,,,,16,,https://www.release.tdnet.info/inbs/140120260512526967.pdf
20260514,7003,三井E&S,説明資料,"=HYPERLINK(""https://www.release.tdnet.info/inbs/140120260514531915.pdf"", ""2025年度決算説明資料"")","=HYPERLINK(""pdf_tmp/20260514/7003_1430_三井E&S_2025年度決算説明資料.pdf"", ""2025年度決算説明資料"")",,,,,,,,,,,4 5 7 8 10 11,,,,,,,,,,,,,https://www.release.tdnet.info/inbs/140120260514531915.pdf
20260514,7014,名村造船,決算短信,"=HYPERLINK(""https://www.release.tdnet.info/inbs/140120260514531979.pdf"", ""2026年3月期 決算短信〔日本基準〕(連結)"")","=HYPERLINK(""pdf_tmp/20260514/7014_1530_名村造船_2026年3月期 決算短信〔日本基準〕(連結).pdf"", ""2026年3月期 決算短信〔日本基準〕(連結)"")",,,,,,,,,,,5 6,,,,,,,,,,,,,https://www.release.tdnet.info/inbs/140120260514531979.pdf
20260514,7038,フロンティアM,決算短信,"=HYPERLINK(""https://www.release.tdnet.info/inbs/140120260513529788.pdf"", ""2026年12月期第1四半期決算短信〔日本基準〕(連結)"")","=HYPERLINK(""pdf_tmp/20260514/7038_1530_フロンティアM_2026年12月期第1四半期決算短信〔日本基準〕(連結).pdf"", ""2026年12月期第1四半期決算短信〔日本基準〕(連結)"")",,,,,,,,,,,4 5,,,,,,,,,,,,,https://www.release.tdnet.info/inbs/140120260513529788.pdf
20260514,7046,G-TDSE,決算短信,"=HYPERLINK(""https://www.release.tdnet.info/inbs/140120260514533622.pdf"", ""2026年3月期 決算短信〔日本基準〕〈非連結〉"")","=HYPERLINK(""pdf_tmp/20260514/7046_1530_G-TDSE_2026年3月期 決算短信〔日本基準〕〈非連結〉.pdf"", ""2026年3月期 決算短信〔日本基準〕〈非連結〉"")",,,,,,,,,,,6,,,,,,,,,,,,,https://www.release.tdnet.info/inbs/140120260514533622.pdf
20260514,7046,G-TDSE,その他,"=HYPERLINK(""https://www.release.tdnet.info/inbs/140120260514533672.pdf"", ""新株予約権(業績連動型有償ストック・オプション)の取得及び消却に関するお知らせ"")","=HYPERLINK(""pdf_tmp/20260514/7046_1530_G-TDSE_新株予約権(業績連動型有償ストック・オプション)の取得及び消却に関するお知らせ.pdf"", ""新株予約権(業績連動型有償ストック・オプション)の取得及び消却に関するお知らせ"")",,,,,,,,,,1,,,,,,,,,,,,,,https://www.release.tdnet.info/inbs/140120260514533672.pdf
20260514,7048,G-ベルトラ,決算短信,"=HYPERLINK(""https://www.release.tdnet.info/inbs/140120260514532437.pdf"", ""2026年12月期  第1四半期決算短信〔日本基準〕(連結)"")","=HYPERLINK(""pdf_tmp/20260514/7048_1531_G-ベルトラ_2026年12月期 第1四半期決算短信〔日本基準〕(連結).pdf"", ""2026年12月期  第1四半期決算短信〔日本基準〕(連結)"")",,,,,,,,,,,4,,,,,,,,,,,,,https://www.release.tdnet.info/inbs/140120260514532437.pdf
20260514,7057,エヌ・シー・エヌ,決算短信,"=HYPERLINK(""https://www.release.tdnet.info/inbs/140120260514535347.pdf"", ""2026年3月期 決算短信[日本基準](連結)"")","=HYPERLINK(""pdf_tmp/20260514/7057_1820_エヌ・シー・エヌ_2026年3月期 決算短信[日本基準](連結).pdf"", ""2026年3月期 決算短信[日本基準](連結)"")",,,,,,,,,,,5,,,,,,,,,,,,,https://www.release.tdnet.info/inbs/140120260514535347.pdf
20260514,7057,エヌ・シー・エヌ,説明資料,"=HYPERLINK(""https://www.release.tdnet.info/inbs/140120260514535352.pdf"", ""2026年3月期 決算説明資料"")","=HYPERLINK(""pdf_tmp/20260514/7057_1820_エヌ・シー・エヌ_2026年3月期 決算説明資料.pdf"", ""2026年3月期 決算説明資料"")",,,,,,,,,,,26 28 32 33 42,,,,,,,,,,,,,https://www.release.tdnet.info/inbs/140120260514535352.pdf
20260514,7066,G-ピアズ,その他,"=HYPERLINK(""https://www.release.tdnet.info/inbs/140120260505517283.pdf"", ""通期業績予想の上方修正に関するお知らせ"")","=HYPERLINK(""pdf_tmp/20260514/7066_1530_G-ピアズ_通期業績予想の上方修正に関するお知らせ.pdf"", ""通期業績予想の上方修正に関するお知らせ"")",,,,,,,1,,,,,,,,,,,,,,,,,https://www.release.tdnet.info/inbs/140120260505517283.pdf
20260514,7069,G-サイバー・バズ,決算短信,"=HYPERLINK(""https://www.release.tdnet.info/inbs/140120260514534318.pdf"", ""2026年9月期 第2四半期(中間期)決算短信〔日本基準〕〈連結〉"")","=HYPERLINK(""pdf_tmp/20260514/7069_1530_G-サイバー・バズ_2026年9月期 第2四半期(中間期)決算短信〔日本基準〕〈連結〉.pdf"", ""2026年9月期 第2四半期(中間期)決算短信〔日本基準〕〈連結〉"")",,,,,,,5,,,,,,,,,,,,,,,,,https://www.release.tdnet.info/inbs/140120260514534318.pdf
20260514,7069,G-サイバー・バズ,その他,"=HYPERLINK(""https://www.release.tdnet.info/inbs/140120260513531148.pdf"", ""株式分割及び株式分割に伴う定款の一部変更に関するお知らせ"")","=HYPERLINK(""pdf_tmp/20260514/7069_1530_G-サイバー・バズ_株式分割及び株式分割に伴う定款の一部変更に関するお知らせ.pdf"", ""株式分割及び株式分割に伴う定款の一部変更に関するお知らせ"")",,,,,,,1,,,,,,,,,,,,,,,,,https://www.release.tdnet.info/inbs/140120260513531148.pdf
20260514,7071,アンビス,説明資料,"=HYPERLINK(""https://www.release.tdnet.info/inbs/140120260514533457.pdf"", ""2026年9月期上半期決算説明資料"")","=HYPERLINK(""pdf_tmp/20260514/7071_1600_アンビス_2026年9月期上半期決算説明資料.pdf"", ""2026年9月期上半期決算説明資料"")",,,,,,,,,,,10,,,,,,,,,,,,,https://www.release.tdnet.info/inbs/140120260514533457.pdf
20260514,7075,G-QLS,決算短信,"=HYPERLINK(""https://www.release.tdnet.info/inbs/140120260514532043.pdf"", ""2026年3月期_決算短信〔日本基準〕(連結)"")","=HYPERLINK(""pdf_tmp/20260514/7075_1200_G-QLS_2026年3月期_決算短信〔日本基準〕(連結).pdf"", ""2026年3月期_決算短信〔日本基準〕(連結)"")",,,,,,,,,,,,,,,,4 5,,,,,,,,https://www.release.tdnet.info/inbs/140120260514532043.pdf
20260514,7115,アルファパーチェス,決算短信,"=HYPERLINK(""https://www.release.tdnet.info/inbs/140120260512527117.pdf"", ""2026年12月期 第1四半期決算短信〔日本基準〕(連結)"")","=HYPERLINK(""pdf_tmp/20260514/7115_1530_アルファパーチェス_2026年12月期 第1四半期決算短信〔日本基準〕(連結).pdf"", ""2026年12月期 第1四半期決算短信〔日本基準〕(連結)"")",,,,,,,,,,,,,,,,,,,4,,,,,https://www.release.tdnet.info/inbs/140120260512527117.pdf
20260514,7127,一家ホールディングス,その他,"=HYPERLINK(""https://www.release.tdnet.info/inbs/140120260513530612.pdf"", ""特別損失の計上及び業績予想と実績値との差異に関するお知らせ"")","=HYPERLINK(""pdf_tmp/20260514/7127_1530_一家ホールディングス_特別損失の計上及び業績予想と実績値との差異に関するお知らせ.pdf"", ""特別損失の計上及び業績予想と実績値との差異に関するお知らせ"")",,,,,,,,,,,1,,,,,,,,,,,,,https://www.release.tdnet.info/inbs/140120260513530612.pdf
20260514,7129,ミアヘルサHD,その他,"=HYPERLINK(""https://www.release.tdnet.info/inbs/140120260514532423.pdf"", ""2026年3月期連結業績予想値と実績値との差異に関するお知らせ"")","=HYPERLINK(""pdf_tmp/20260514/7129_1700_ミアヘルサHD_2026年3月期連結業績予想値と実績値との差異に関するお知らせ.pdf"", ""2026年3月期連結業績予想値と実績値との差異に関するお知らせ"")",,,,,,,1,,,,,,,,,,,,,,,,,https://www.release.tdnet.info/inbs/140120260514532423.pdf
20260514,7135,ジャパンクラフトHD,説明資料,"=HYPERLINK(""https://www.release.tdnet.info/inbs/140120260512525864.pdf"", ""2026年6月期 第3四半期決算補足説明資料"")","=HYPERLINK(""pdf_tmp/20260514/7135_1630_ジャパンクラフトHD_2026年6月期 第3四半期決算補足説明資料.pdf"", ""2026年6月期 第3四半期決算補足説明資料"")",,,,,,,,,,,2,,,,,,,,,,,,,https://www.release.tdnet.info/inbs/140120260512525864.pdf
20260514,7185,ヒロセ通商,決算短信,"=HYPERLINK(""https://www.release.tdnet.info/inbs/140120260514531903.pdf"", ""2026年3月期 決算短信〔日本基準〕(連結)"")","=HYPERLINK(""pdf_tmp/20260514/7185_1630_ヒロセ通商_2026年3月期 決算短信〔日本基準〕(連結).pdf"", ""2026年3月期 決算短信〔日本基準〕(連結)"")",,,,,,,,,,,,,,,,,,,4,,,,,https://www.release.tdnet.info/inbs/140120260514531903.pdf
20260514,7218,田中精密,決算短信,"=HYPERLINK(""https://www.release.tdnet.info/inbs/140120260514532012.pdf"", ""2026年3月期 決算短信〔日本基準〕(連結)"")","=HYPERLINK(""pdf_tmp/20260514/7218_1530_田中精密_2026年3月期 決算短信〔日本基準〕(連結).pdf"", ""2026年3月期 決算短信〔日本基準〕(連結)"")",,,,,,,,,,,,,,,5,,,,,,,,,https://www.release.tdnet.info/inbs/140120260514532012.pdf
20260514,7235,東ラヂエタ,その他,"=HYPERLINK(""https://www.release.tdnet.info/inbs/140120260514532645.pdf"", ""剰余金の配当決定(増配)に関するお知らせ"")","=HYPERLINK(""pdf_tmp/20260514/7235_1600_東ラヂエタ_剰余金の配当決定(増配)に関するお知らせ.pdf"", ""剰余金の配当決定(増配)に関するお知らせ"")",,,,,,,1,,,,,,,,,,,,,,,,,https://www.release.tdnet.info/inbs/140120260514532645.pdf
20260514,7254,ユニバンス,決算短信,"=HYPERLINK(""https://www.release.tdnet.info/inbs/140120260423509055.pdf"", ""2026年3月期決算短信〔日本基準〕(連結)"")","=HYPERLINK(""pdf_tmp/20260514/7254_1530_ユニバンス_2026年3月期決算短信〔日本基準〕(連結).pdf"", ""2026年3月期決算短信〔日本基準〕(連結)"")",,,,,,,,,,,5,,,,,,,,,,,,,https://www.release.tdnet.info/inbs/140120260423509055.pdf
20260514,7254,ユニバンス,その他,"=HYPERLINK(""https://www.release.tdnet.info/inbs/140120260511521933.pdf"", ""通期連結業績予想値と実績値との差異、特別損失(連結・個別)および剰余金の配当(期末配当・増配)に関するお知らせ"")","=HYPERLINK(""pdf_tmp/20260514/7254_1530_ユニバンス_通期連結業績予想値と実績値との差異、特別損失(連結・個別)および剰余金の配当(期末配当・増配)に関するお知らせ.pdf"", ""通期連結業績予想値と実績値との差異、特別損失(連結・個別)および剰余金の配当(期末配当・増配)に関するお知らせ"")",,,,,,,,,,,,,,,,,,,2,,,,,https://www.release.tdnet.info/inbs/140120260511521933.pdf
20260514,7264,MURO,決算短信,"=HYPERLINK(""https://www.release.tdnet.info/inbs/140120260513531045.pdf"", ""2026年3月期決算短信〔日本基準〕(連結)"")","=HYPERLINK(""pdf_tmp/20260514/7264_1300_MURO_2026年3月期決算短信〔日本基準〕(連結).pdf"", ""2026年3月期決算短信〔日本基準〕(連結)"")",,,,,,,,,,,,,,,,4,,,,,,,,https://www.release.tdnet.info/inbs/140120260513531045.pdf
20260514,7269,スズキ,決算短信,"=HYPERLINK(""https://www.release.tdnet.info/inbs/140120260512525522.pdf"", ""2026年3月期 決算短信〔IFRS〕(連結)"")","=HYPERLINK(""pdf_tmp/20260514/7269_1400_スズキ_2026年3月期 決算短信〔IFRS〕(連結).pdf"", ""2026年3月期 決算短信〔IFRS〕(連結)"")",,,,,,4,,,,,,,,,,,,,,,,,,https://www.release.tdnet.info/inbs/140120260512525522.pdf
20260514,7271,安永,決算短信,"=HYPERLINK(""https://www.release.tdnet.info/inbs/140120260514532958.pdf"", ""2026年3月期 決算短信〔日本基準〕(連結)"")","=HYPERLINK(""pdf_tmp/20260514/7271_1700_安永_2026年3月期 決算短信〔日本基準〕(連結).pdf"", ""2026年3月期 決算短信〔日本基準〕(連結)"")",,6,,,,,,,,,,,,,,,,,,,,,,https://www.release.tdnet.info/inbs/140120260514532958.pdf
20260514,7280,ミツバ,その他,"=HYPERLINK(""https://www.release.tdnet.info/inbs/140120260514535346.pdf"", ""株式会社両毛システムズ株式(証券コード:9691)に対する公開買付けの開始に関するお知らせ"")","=HYPERLINK(""pdf_tmp/20260514/7280_1900_ミツバ_株式会社両毛システムズ株式(証券コード_9691)に対する公開買付けの開始に関するお知らせ.pdf"", ""株式会社両毛システムズ株式(証券コード:9691)に対する公開買付けの開始に関するお知らせ"")",,,,,,,,,,,18 19 20,,,,,,,,,,,,,https://www.release.tdnet.info/inbs/140120260514535346.pdf
20260514,7284,盟和産,決算短信,"=HYPERLINK(""https://www.release.tdnet.info/inbs/140120260514532477.pdf"", ""2026年3月期  決算短信〔日本基準〕(連結)"")","=HYPERLINK(""pdf_tmp/20260514/7284_1530_盟和産_2026年3月期 決算短信〔日本基準〕(連結).pdf"", ""2026年3月期  決算短信〔日本基準〕(連結)"")",,,,4,,,,,,,,,,,,,,,,,,,,https://www.release.tdnet.info/inbs/140120260514532477.pdf
20260514,7284,盟和産,その他,"=HYPERLINK(""https://www.release.tdnet.info/inbs/140120260514532401.pdf"", ""通期連結業績予想値と実績値との差異及び個別業績の前期実績値との差異に関するお知らせ"")","=HYPERLINK(""pdf_tmp/20260514/7284_1530_盟和産_通期連結業績予想値と実績値との差異及び個別業績の前期実績値との差異に関するお知らせ.pdf"", ""通期連結業績予想値と実績値との差異及び個別業績の前期実績値との差異に関するお知らせ"")",,,,1 2,,,,,,,,,,,,,,,,,,,,https://www.release.tdnet.info/inbs/140120260514532401.pdf
20260514,7318,G-セレンディップ,決算短信,"=HYPERLINK(""https://www.release.tdnet.info/inbs/140120260514534470.pdf"", ""2026年3月期 決算短信〔日本基準〕(連結)"")","=HYPERLINK(""pdf_tmp/20260514/7318_1530_G-セレンディップ_2026年3月期 決算短信〔日本基準〕(連結).pdf"", ""2026年3月期 決算短信〔日本基準〕(連結)"")",,,,,,,,,,,4 6,,,,,,,,,,,,,https://www.release.tdnet.info/inbs/140120260514534470.pdf
20260514,7318,G-セレンディップ,決算短信,"=HYPERLINK(""https://www.release.tdnet.info/inbs/140120260514534669.pdf"", ""2026年3月期 決算短信補足資料"")","=HYPERLINK(""pdf_tmp/20260514/7318_1530_G-セレンディップ_2026年3月期 決算短信補足資料.pdf"", ""2026年3月期 決算短信補足資料"")",,,,,,,,,,,2 5 13,,,,,,,,,,,,,https://www.release.tdnet.info/inbs/140120260514534669.pdf
20260514,7347,マーキュリアHD,その他,"=HYPERLINK(""https://www.release.tdnet.info/inbs/140120260423508777.pdf"", ""2026年12月期 第1四半期 決算ハイライト"")","=HYPERLINK(""pdf_tmp/20260514/7347_1530_マーキュリアHD_2026年12月期 第1四半期 決算ハイライト.pdf"", ""2026年12月期 第1四半期 決算ハイライト"")",,,,,,,,,,5,,,,,,,,,,,,,,https://www.release.tdnet.info/inbs/140120260423508777.pdf
20260514,7358,ポピンズ,その他,"=HYPERLINK(""https://www.release.tdnet.info/inbs/140120260513531319.pdf"", ""2026年12月期 第1四半期 決算説明会資料"")","=HYPERLINK(""pdf_tmp/20260514/7358_1530_ポピンズ_2026年12月期 第1四半期 決算説明会資料.pdf"", ""2026年12月期 第1四半期 決算説明会資料"")",,,8 9 10 11 13 16,,,,,,,,,,,,,,,,,,,,,https://www.release.tdnet.info/inbs/140120260513531319.pdf
20260514,7358,ポピンズ,決算短信,"=HYPERLINK(""https://www.release.tdnet.info/inbs/140120260513531266.pdf"", ""2026年12月期 第1四半期決算短信〔日本基準〕(連結)"")","=HYPERLINK(""pdf_tmp/20260514/7358_1530_ポピンズ_2026年12月期 第1四半期決算短信〔日本基準〕(連結).pdf"", ""2026年12月期 第1四半期決算短信〔日本基準〕(連結)"")",,,4 5,,,,,,,,,,,,,,,,,,,,,https://www.release.tdnet.info/inbs/140120260513531266.pdf
20260514,7409,G-AeroEdge,決算短信,"=HYPERLINK(""https://www.release.tdnet.info/inbs/140120260513529809.pdf"", ""2026年6月期 第3四半期決算短信〔日本基準〕(非連結)"")","=HYPERLINK(""pdf_tmp/20260514/7409_1130_G-AeroEdge_2026年6月期 第3四半期決算短信〔日本基準〕(非連結).pdf"", ""2026年6月期 第3四半期決算短信〔日本基準〕(非連結)"")",,4,,,,,,,,,,,,,,,,,,,,,,https://www.release.tdnet.info/inbs/140120260513529809.pdf
20260514,7459,メディパル,決算短信,"=HYPERLINK(""https://www.release.tdnet.info/inbs/140120260514532761.pdf"", ""2026年3月期 決算短信〔日本基準〕(連結)"")","=HYPERLINK(""pdf_tmp/20260514/7459_1530_メディパル_2026年3月期 決算短信〔日本基準〕(連結).pdf"", ""2026年3月期 決算短信〔日本基準〕(連結)"")",8,,,,,,,,,,,,,,,,,,,,,,,https://www.release.tdnet.info/inbs/140120260514532761.pdf
20260514,7462,CAPITA,その他,"=HYPERLINK(""https://www.release.tdnet.info/inbs/140120260513530070.pdf"", ""株主優待制度の変更(拡充)に関するお知らせ"")","=HYPERLINK(""pdf_tmp/20260514/7462_1600_CAPITA_株主優待制度の変更(拡充)に関するお知らせ.pdf"", ""株主優待制度の変更(拡充)に関するお知らせ"")",,,,,,,,,,,5,,,,,,,,,,,,,https://www.release.tdnet.info/inbs/140120260513530070.pdf
20260514,7477,ムラキ,その他,"=HYPERLINK(""https://www.release.tdnet.info/inbs/140120260514534139.pdf"", ""緊急対応特別プロジェクト室設置に関するお知らせ"")","=HYPERLINK(""pdf_tmp/20260514/7477_1600_ムラキ_緊急対応特別プロジェクト室設置に関するお知らせ.pdf"", ""緊急対応特別プロジェクト室設置に関するお知らせ"")",,,,,,,,,,,,,,,,,,,1,,,,,https://www.release.tdnet.info/inbs/140120260514534139.pdf
20260514,7500,西川計測,予想の修正,"=HYPERLINK(""https://www.release.tdnet.info/inbs/140120260508520790.pdf"", ""通期業績予想および配当予想の修正(増配)に関するお知らせ"")","=HYPERLINK(""pdf_tmp/20260514/7500_1530_西川計測_通期業績予想および配当予想の修正(増配)に関するお知らせ.pdf"", ""通期業績予想および配当予想の修正(増配)に関するお知らせ"")",,,,,,,,,,,,,,,,,,,2,,,,,https://www.release.tdnet.info/inbs/140120260508520790.pdf
20260514,7552,ハピネット,決算短信,"=HYPERLINK(""https://www.release.tdnet.info/inbs/140120260514532235.pdf"", ""2026年3月期決算短信〔日本基準〕(連結)"")","=HYPERLINK(""pdf_tmp/20260514/7552_1530_ハピネット_2026年3月期決算短信〔日本基準〕(連結).pdf"", ""2026年3月期決算短信〔日本基準〕(連結)"")",,,,,,,,,,,5,,,,,,,,,,,,,https://www.release.tdnet.info/inbs/140120260514532235.pdf
20260514,7567,栄電子,決算短信,"=HYPERLINK(""https://www.release.tdnet.info/inbs/140120260513531286.pdf"", ""2026年3月期 決算短信〔日本基準〕(連結)"")","=HYPERLINK(""pdf_tmp/20260514/7567_1430_栄電子_2026年3月期 決算短信〔日本基準〕(連結).pdf"", ""2026年3月期 決算短信〔日本基準〕(連結)"")",,,,,,,,,,,,,,,5,,,,,,,,,https://www.release.tdnet.info/inbs/140120260513531286.pdf
20260514,7685,G-BUYSELL,決算短信,"=HYPERLINK(""https://www.release.tdnet.info/inbs/140120260514532908.pdf"", ""2026年12月期 第1四半期決算短信〔日本基準〕(連結)"")","=HYPERLINK(""pdf_tmp/20260514/7685_1530_G-BUYSELL_2026年12月期 第1四半期決算短信〔日本基準〕(連結).pdf"", ""2026年12月期 第1四半期決算短信〔日本基準〕(連結)"")",,,,,,,5,,,,,,,,,,,,,,,,,https://www.release.tdnet.info/inbs/140120260514532908.pdf
20260514,7685,G-BUYSELL,予想の修正,"=HYPERLINK(""https://www.release.tdnet.info/inbs/140120260514532957.pdf"", ""2026年12月期 第2四半期(中間期)連結業績予想及び通期連結業績予想並びに配当予想の修正"")","=HYPERLINK(""pdf_tmp/20260514/7685_1530_G-BUYSELL_2026年12月期 第2四半期(中間期)連結業績予想及び通期連結業績予想並びに配当予想の修正.pdf"", ""2026年12月期 第2四半期(中間期)連結業績予想及び通期連結業績予想並びに配当予想の修正"")",,,,,,,,,,,2,,,,,,,,,,,,,https://www.release.tdnet.info/inbs/140120260514532957.pdf
20260514,7687,G-ミクリード,説明資料,"=HYPERLINK(""https://www.release.tdnet.info/inbs/140120260514532241.pdf"", ""2026年3月期 決算説明資料"")","=HYPERLINK(""pdf_tmp/20260514/7687_1600_G-ミクリード_2026年3月期 決算説明資料.pdf"", ""2026年3月期 決算説明資料"")",,,,,13,,,,,,,,,,,,,,,,,,,https://www.release.tdnet.info/inbs/140120260514532241.pdf
20260514,7694,G-いつも,決算短信,"=HYPERLINK(""https://www.release.tdnet.info/inbs/140120260514532831.pdf"", ""2026年3月期 決算短信〔日本基準〕(連結)"")","=HYPERLINK(""pdf_tmp/20260514/7694_1530_G-いつも_2026年3月期 決算短信〔日本基準〕(連結).pdf"", ""2026年3月期 決算短信〔日本基準〕(連結)"")",,,,,,,,,,,4 5,,,,,,,,,,,,,https://www.release.tdnet.info/inbs/140120260514532831.pdf
20260514,7695,G-交換できるくん,決算短信,"=HYPERLINK(""https://www.release.tdnet.info/inbs/140120260514532045.pdf"", ""2026年3月期 決算短信〔日本基準〕(連結)"")","=HYPERLINK(""pdf_tmp/20260514/7695_1600_G-交換できるくん_2026年3月期 決算短信〔日本基準〕(連結).pdf"", ""2026年3月期 決算短信〔日本基準〕(連結)"")",,,,,,,,,,,,,,,,,,,5,,,,,https://www.release.tdnet.info/inbs/140120260514532045.pdf
20260514,7769,リズム,決算短信,"=HYPERLINK(""https://www.release.tdnet.info/inbs/140120260513530100.pdf"", ""2026年3月期決算短信〔日本基準〕(連結)"")","=HYPERLINK(""pdf_tmp/20260514/7769_1600_リズム_2026年3月期決算短信〔日本基準〕(連結).pdf"", ""2026年3月期決算短信〔日本基準〕(連結)"")",,,,,,,,,,,4 5,,,,,,,,,,,,,https://www.release.tdnet.info/inbs/140120260513530100.pdf
20260514,7821,前田工繊,決算短信,"=HYPERLINK(""https://www.release.tdnet.info/inbs/140120260512524646.pdf"", ""2026年6月期 第3四半期決算短信〔日本基準〕(連結)"")","=HYPERLINK(""pdf_tmp/20260514/7821_1430_前田工繊_2026年6月期 第3四半期決算短信〔日本基準〕(連結).pdf"", ""2026年6月期 第3四半期決算短信〔日本基準〕(連結)"")",,,,,,,,,,,,,,,,,,,4,,,,,https://www.release.tdnet.info/inbs/140120260512524646.pdf
20260514,7857,セキ,決算短信,"=HYPERLINK(""https://www.release.tdnet.info/inbs/140120260513530346.pdf"", ""2026年3月期決算短信〔日本基準〕(連結)"")","=HYPERLINK(""pdf_tmp/20260514/7857_1530_セキ_2026年3月期決算短信〔日本基準〕(連結).pdf"", ""2026年3月期決算短信〔日本基準〕(連結)"")",,,4,,,,,,,,,,,,,,,,,,,,,https://www.release.tdnet.info/inbs/140120260513530346.pdf
20260514,7859,アルメディオ,決算短信,"=HYPERLINK(""https://www.release.tdnet.info/inbs/140120260508520468.pdf"", ""2026年3月期決算短信〔日本基準〕(連結)"")","=HYPERLINK(""pdf_tmp/20260514/7859_1530_アルメディオ_2026年3月期決算短信〔日本基準〕(連結).pdf"", ""2026年3月期決算短信〔日本基準〕(連結)"")",,,,,,,,,,,,,4,,,,,,,,,,,https://www.release.tdnet.info/inbs/140120260508520468.pdf
20260514,7859,アルメディオ,その他,"=HYPERLINK(""https://www.release.tdnet.info/inbs/140120260514533730.pdf"", ""中期経営計画2026の実施について"")","=HYPERLINK(""pdf_tmp/20260514/7859_1530_アルメディオ_中期経営計画2026の実施について.pdf"", ""中期経営計画2026の実施について"")",,,,,,,,,,,3,,,,,,,,,,,,,https://www.release.tdnet.info/inbs/140120260514533730.pdf
20260514,7860,エイベックス,説明資料,"=HYPERLINK(""https://www.release.tdnet.info/inbs/140120260514532996.pdf"", ""2026年3月期 通期業績説明資料"")","=HYPERLINK(""pdf_tmp/20260514/7860_1530_エイベックス_2026年3月期 通期業績説明資料.pdf"", ""2026年3月期 通期業績説明資料"")",,,,,,,,,,,3 5 14 31,,,,,,,,,,,,,https://www.release.tdnet.info/inbs/140120260514532996.pdf
20260514,7883,サンメッセ,決算短信,"=HYPERLINK(""https://www.release.tdnet.info/inbs/140120260514534581.pdf"", ""2026年3月期決算短信〔日本基準〕(連結)"")","=HYPERLINK(""pdf_tmp/20260514/7883_1545_サンメッセ_2026年3月期決算短信〔日本基準〕(連結).pdf"", ""2026年3月期決算短信〔日本基準〕(連結)"")",,,,4,,,,,,,,,,,,,,,,,,,,https://www.release.tdnet.info/inbs/140120260514534581.pdf
20260514,7883,サンメッセ,その他,"=HYPERLINK(""https://www.release.tdnet.info/inbs/140120260514532713.pdf"", ""サンメッセグループ「新経営ビジョン(中長期経営計画)」策定に関するお知らせ"")","=HYPERLINK(""pdf_tmp/20260514/7883_1710_サンメッセ_サンメッセグループ「新経営ビジョン(中長期経営計画)」策定に関するお知らせ.pdf"", ""サンメッセグループ「新経営ビジョン(中長期経営計画)」策定に関するお知らせ"")",,,,,,,,,,,33,,,,,,,,,,,,,https://www.release.tdnet.info/inbs/140120260514532713.pdf
20260514,7893,プロネクサス,その他,"=HYPERLINK(""https://www.release.tdnet.info/inbs/140120260513531247.pdf"", ""当社株式の大規模買付行為に関する対応策(買収への対応方針)の継続について"")","=HYPERLINK(""pdf_tmp/20260514/7893_1535_プロネクサス_当社株式の大規模買付行為に関する対応策(買収への対応方針)の継続について.pdf"", ""当社株式の大規模買付行為に関する対応策(買収への対応方針)の継続について"")",,,,,,,,,,,,,,,,,,,,,,2,,https://www.release.tdnet.info/inbs/140120260513531247.pdf
20260514,7897,ホクシン,その他,"=HYPERLINK(""https://www.release.tdnet.info/inbs/140120260514532682.pdf"", ""通期業績予想と実績値との差異に関するお知らせ"")","=HYPERLINK(""pdf_tmp/20260514/7897_1630_ホクシン_通期業績予想と実績値との差異に関するお知らせ.pdf"", ""通期業績予想と実績値との差異に関するお知らせ"")",,,1,,,,,,,,,,,,,,,,,,,,,https://www.release.tdnet.info/inbs/140120260514532682.pdf
20260514,7911,TOPPAN HD,決算短信,"=HYPERLINK(""https://www.release.tdnet.info/inbs/140120260513531643.pdf"", ""2026年3月期 決算短信〔日本基準〕(連結)"")","=HYPERLINK(""pdf_tmp/20260514/7911_1530_TOPPAN HD_2026年3月期 決算短信〔日本基準〕(連結).pdf"", ""2026年3月期 決算短信〔日本基準〕(連結)"")",,,,,,,,,,,,,,,,,,,21,,,,,https://www.release.tdnet.info/inbs/140120260513531643.pdf
20260514,7952,河合楽器,その他,"=HYPERLINK(""https://www.release.tdnet.info/inbs/140120260514533294.pdf"", ""業績予想と実績の差異に関するお知らせ"")","=HYPERLINK(""pdf_tmp/20260514/7952_1530_河合楽器_業績予想と実績の差異に関するお知らせ.pdf"", ""業績予想と実績の差異に関するお知らせ"")",,,,,,,,,,,,,1,,,,,,,,,,,https://www.release.tdnet.info/inbs/140120260514533294.pdf
20260514,7956,ピジョン,決算短信,"=HYPERLINK(""https://www.release.tdnet.info/inbs/140120260514533678.pdf"", ""2026年12月期 第1四半期決算短信〔日本基準〕(連結)"")","=HYPERLINK(""pdf_tmp/20260514/7956_1530_ピジョン_2026年12月期 第1四半期決算短信〔日本基準〕(連結).pdf"", ""2026年12月期 第1四半期決算短信〔日本基準〕(連結)"")",,,,,,,,,,,5,,,,,,,,,,,,,https://www.release.tdnet.info/inbs/140120260514533678.pdf
20260514,7988,ニフコ,その他,"=HYPERLINK(""https://www.release.tdnet.info/inbs/140120260514533154.pdf"", ""役員向け株式報酬制度の継続および一部改定に関するお知らせ"")","=HYPERLINK(""pdf_tmp/20260514/7988_1300_ニフコ_役員向け株式報酬制度の継続および一部改定に関するお知らせ.pdf"", ""役員向け株式報酬制度の継続および一部改定に関するお知らせ"")",,,,,,,,,,6,,,,,,,,,,,,,,https://www.release.tdnet.info/inbs/140120260514533154.pdf
20260514,8039,築地魚,決算短信,"=HYPERLINK(""https://www.release.tdnet.info/inbs/140120260330592533.pdf"", ""2026年3月期 決算短信〔日本基準〕(連結)"")","=HYPERLINK(""pdf_tmp/20260514/8039_1530_築地魚_2026年3月期 決算短信〔日本基準〕(連結).pdf"", ""2026年3月期 決算短信〔日本基準〕(連結)"")",,,,,4,,,,,,,,,,,,,,,,,,,https://www.release.tdnet.info/inbs/140120260330592533.pdf
20260514,8065,佐藤商,説明資料,"=HYPERLINK(""https://www.release.tdnet.info/inbs/140120260513531649.pdf"", ""2026年3月期 決算説明資料"")","=HYPERLINK(""pdf_tmp/20260514/8065_1330_佐藤商_2026年3月期 決算説明資料.pdf"", ""2026年3月期 決算説明資料"")",,,,,,,,,,,5,,,,,,,,,,,,,https://www.release.tdnet.info/inbs/140120260513531649.pdf
20260514,8088,岩谷産,決算短信,"=HYPERLINK(""https://www.release.tdnet.info/inbs/140120260513528249.pdf"", ""2026年3月期 決算短信〔日本基準〕(連結)"")","=HYPERLINK(""pdf_tmp/20260514/8088_1600_岩谷産_2026年3月期 決算短信〔日本基準〕(連結).pdf"", ""2026年3月期 決算短信〔日本基準〕(連結)"")",,,,,,,,,,,,,,,,,,,,,,,4 5 17,https://www.release.tdnet.info/inbs/140120260513528249.pdf
20260514,8117,中央自動車工業,その他,"=HYPERLINK(""https://www.release.tdnet.info/inbs/140120260514532568.pdf"", ""中期経営計画(2026年度~2028年度)策定のお知らせ"")","=HYPERLINK(""pdf_tmp/20260514/8117_1420_中央自動車工業_中期経営計画(2026年度~2028年度)策定のお知らせ.pdf"", ""中期経営計画(2026年度~2028年度)策定のお知らせ"")",,,,,,,17,,,,,,,,,,,,,,,,,https://www.release.tdnet.info/inbs/140120260514532568.pdf
20260514,8119,三栄コーポ,その他,"=HYPERLINK(""https://www.release.tdnet.info/inbs/140120260512526240.pdf"", ""中期経営計画「SANYEI NEXT 2028」策定のお知らせ"")","=HYPERLINK(""pdf_tmp/20260514/8119_1500_三栄コーポ_中期経営計画「SANYEI NEXT 2028」策定のお知らせ.pdf"", ""中期経営計画「SANYEI NEXT 2028」策定のお知らせ"")",,,,4,,,,,,,,,,,,,,,,,,,,https://www.release.tdnet.info/inbs/140120260512526240.pdf
20260514,8132,シナネンHD,決算短信,"=HYPERLINK(""https://www.release.tdnet.info/inbs/140120260513530300.pdf"", ""2026年3月期 決算短信〔日本基準〕(連結)"")","=HYPERLINK(""pdf_tmp/20260514/8132_1530_シナネンHD_2026年3月期 決算短信〔日本基準〕(連結).pdf"", ""2026年3月期 決算短信〔日本基準〕(連結)"")",,,4,,,,,,,,,,,,,,,,,,,,,https://www.release.tdnet.info/inbs/140120260513530300.pdf
20260514,8179,ロイヤルHD,決算短信,"=HYPERLINK(""https://www.release.tdnet.info/inbs/140120260513527866.pdf"", ""2026年12月期 第1四半期 決算短信〔日本基準〕(連結)"")","=HYPERLINK(""pdf_tmp/20260514/8179_1530_ロイヤルHD_2026年12月期 第1四半期 決算短信〔日本基準〕(連結).pdf"", ""2026年12月期 第1四半期 決算短信〔日本基準〕(連結)"")",,,,,,,,,,,,,,,,,,,4,,,,,https://www.release.tdnet.info/inbs/140120260513527866.pdf
20260514,8230,はせがわ,決算短信,"=HYPERLINK(""https://www.release.tdnet.info/inbs/140120260514533389.pdf"", ""2026年3月期 決算短信[日本基準](連結)"")","=HYPERLINK(""pdf_tmp/20260514/8230_1530_はせがわ_2026年3月期 決算短信[日本基準](連結).pdf"", ""2026年3月期 決算短信[日本基準](連結)"")",,,,,,,,,,,6,,,,,,,,,,,,,https://www.release.tdnet.info/inbs/140120260514533389.pdf
20260514,8304,あおぞら,その他,"=HYPERLINK(""https://www.release.tdnet.info/inbs/140120260514532886.pdf"", ""2025年度決算および中期経営計画の進捗状況"")","=HYPERLINK(""pdf_tmp/20260514/8304_1600_あおぞら_2025年度決算および中期経営計画の進捗状況.pdf"", ""2025年度決算および中期経営計画の進捗状況"")",,,,,,,,,,,,4,,,,,,,,,,,,https://www.release.tdnet.info/inbs/140120260514532886.pdf
20260514,8343,秋田銀,決算短信,"=HYPERLINK(""https://www.release.tdnet.info/inbs/140120260513530426.pdf"", ""2026年3月期 決算短信〔日本基準〕(連結)"")","=HYPERLINK(""pdf_tmp/20260514/8343_1400_秋田銀_2026年3月期 決算短信〔日本基準〕(連結).pdf"", ""2026年3月期 決算短信〔日本基準〕(連結)"")",,,,,,,,,,,,,,,,,,,25 26 30,,,,,https://www.release.tdnet.info/inbs/140120260513530426.pdf
20260514,8358,スルガ銀,その他,"=HYPERLINK(""https://www.release.tdnet.info/inbs/140120260513530093.pdf"", ""信託型株式報酬制度の継続に関するお知らせ"")","=HYPERLINK(""pdf_tmp/20260514/8358_1300_スルガ銀_信託型株式報酬制度の継続に関するお知らせ.pdf"", ""信託型株式報酬制度の継続に関するお知らせ"")",,,,,,,,,,2,,,,,,,,,,,,,,https://www.release.tdnet.info/inbs/140120260513530093.pdf
20260514,8360,山梨中銀,その他,"=HYPERLINK(""https://www.release.tdnet.info/inbs/140120260512524340.pdf"", ""中期経営計画「Value Creation Company~1st Stage」における定量目標の上方修正に関するお知らせ"")","=HYPERLINK(""pdf_tmp/20260514/8360_1400_山梨中銀_中期経営計画「Value Creation Company~1st Stage」における定量目標の上方修正に関するお知らせ.pdf"", ""中期経営計画「Value Creation Company~1st Stage」における定量目標の上方修正に関するお知らせ"")",,,,,,,1 2 3,,,,,,,,,,,,,,,,,https://www.release.tdnet.info/inbs/140120260512524340.pdf
20260514,8370,紀陽銀行,決算短信,"=HYPERLINK(""https://www.release.tdnet.info/inbs/140120260513530219.pdf"", ""2026年3月期 決算短信〔日本基準〕(連結)"")","=HYPERLINK(""pdf_tmp/20260514/8370_1430_紀陽銀行_2026年3月期 決算短信〔日本基準〕(連結).pdf"", ""2026年3月期 決算短信〔日本基準〕(連結)"")",,,,,,,46,,,,,,,,,,,,,,,,,https://www.release.tdnet.info/inbs/140120260513530219.pdf
20260514,8425,みずほリース,決算短信,"=HYPERLINK(""https://www.release.tdnet.info/inbs/140120260507518627.pdf"", ""2026年3月期 決算短信〔日本基準〕(連結)"")","=HYPERLINK(""pdf_tmp/20260514/8425_1530_みずほリース_2026年3月期 決算短信〔日本基準〕(連結).pdf"", ""2026年3月期 決算短信〔日本基準〕(連結)"")",,,,,,,,,,,,,,,,,,,5,,,,,https://www.release.tdnet.info/inbs/140120260507518627.pdf
20260514,8508,Jトラスト,決算短信,"=HYPERLINK(""https://www.release.tdnet.info/inbs/140120260512526847.pdf"", ""2026年12月期 第1四半期決算短信〔IFRS〕(連結)"")","=HYPERLINK(""pdf_tmp/20260514/8508_1600_Jトラスト_2026年12月期 第1四半期決算短信〔IFRS〕(連結).pdf"", ""2026年12月期 第1四半期決算短信〔IFRS〕(連結)"")",,,,,,,,,,,,7,,,,,,,,,,,,https://www.release.tdnet.info/inbs/140120260512526847.pdf
20260514,8511,日証金,決算短信,"=HYPERLINK(""https://www.release.tdnet.info/inbs/140120260514532992.pdf"", ""2026年3月期 決算短信〔日本基準〕(連結)"")","=HYPERLINK(""pdf_tmp/20260514/8511_1600_日証金_2026年3月期 決算短信〔日本基準〕(連結).pdf"", ""2026年3月期 決算短信〔日本基準〕(連結)"")",,,,,,,,,,,4,,,,,,,,,,,,,https://www.release.tdnet.info/inbs/140120260514532992.pdf
20260514,8729,ソニーFG,その他,"=HYPERLINK(""https://www.release.tdnet.info/inbs/140120260513531495.pdf"", ""2025年度 業績説明会資料"")","=HYPERLINK(""pdf_tmp/20260514/8729_1130_ソニーFG_2025年度 業績説明会資料.pdf"", ""2025年度 業績説明会資料"")",,,,,,,,,,,,,,,,,,,38,,,,,https://www.release.tdnet.info/inbs/140120260513531495.pdf
20260514,8729,ソニーFG,決算短信,"=HYPERLINK(""https://www.release.tdnet.info/inbs/140120260513531454.pdf"", ""2026年3月期決算短信〔日本基準〕(連結)"")","=HYPERLINK(""pdf_tmp/20260514/8729_1130_ソニーFG_2026年3月期決算短信〔日本基準〕(連結).pdf"", ""2026年3月期決算短信〔日本基準〕(連結)"")",,,,,,,,,,,,,,,,,,,4,,,,,https://www.release.tdnet.info/inbs/140120260513531454.pdf
20260514,8869,明和地所,決算短信,"=HYPERLINK(""https://www.release.tdnet.info/inbs/140120260514532679.pdf"", ""2026年3月期 決算短信[日本基準](連結)"")","=HYPERLINK(""pdf_tmp/20260514/8869_1530_明和地所_2026年3月期 決算短信[日本基準](連結).pdf"", ""2026年3月期 決算短信[日本基準](連結)"")",,,,,,,,,,,4,,,,,,,,,,,,,https://www.release.tdnet.info/inbs/140120260514532679.pdf
20260514,8877,エスリード,決算短信,"=HYPERLINK(""https://www.release.tdnet.info/inbs/140120260423508774.pdf"", ""2026年3月期 決算短信[日本基準](連結)"")","=HYPERLINK(""pdf_tmp/20260514/8877_1400_エスリード_2026年3月期 決算短信[日本基準](連結).pdf"", ""2026年3月期 決算短信[日本基準](連結)"")",,,,,4,,,,,,,,,,,,,,,,,,,https://www.release.tdnet.info/inbs/140120260423508774.pdf
20260514,8877,エスリード,説明資料,"=HYPERLINK(""https://www.release.tdnet.info/inbs/140120260514531894.pdf"", ""2026年3月期 決算説明資料"")","=HYPERLINK(""pdf_tmp/20260514/8877_1400_エスリード_2026年3月期 決算説明資料.pdf"", ""2026年3月期 決算説明資料"")",,,,,17,,,,,,,,,,,,,,,,,,,https://www.release.tdnet.info/inbs/140120260514531894.pdf
20260514,8938,G-グロームHD,予想の修正,"=HYPERLINK(""https://www.release.tdnet.info/inbs/140120260514532445.pdf"", ""業績予想の修正に関するお知らせ"")","=HYPERLINK(""pdf_tmp/20260514/8938_1530_G-グロームHD_業績予想の修正に関するお知らせ.pdf"", ""業績予想の修正に関するお知らせ"")",,,,,,,,,,1,,,,,,,,,,,,,,https://www.release.tdnet.info/inbs/140120260514532445.pdf
20260514,8944,ランビジネス,予想の修正,"=HYPERLINK(""https://www.release.tdnet.info/inbs/140120260514532586.pdf"", ""業績予想の修正に関するお知らせ"")","=HYPERLINK(""pdf_tmp/20260514/8944_1530_ランビジネス_業績予想の修正に関するお知らせ.pdf"", ""業績予想の修正に関するお知らせ"")",,,,,,,,,,,,1,,,,,,,,,,,,https://www.release.tdnet.info/inbs/140120260514532586.pdf
20260514,9012,秩父鉄道,決算短信,"=HYPERLINK(""https://www.release.tdnet.info/inbs/140120260514533055.pdf"", ""2026年3月期 決算短信〔日本基準〕(連結)"")","=HYPERLINK(""pdf_tmp/20260514/9012_1600_秩父鉄道_2026年3月期 決算短信〔日本基準〕(連結).pdf"", ""2026年3月期 決算短信〔日本基準〕(連結)"")",,,,,,,,,,,5,,,,,,,,,,,,,https://www.release.tdnet.info/inbs/140120260514533055.pdf
20260514,9024,西武ホールディングス,その他,"=HYPERLINK(""https://www.release.tdnet.info/inbs/140120260513531251.pdf"", ""2026年3月期 決算実績概況資料"")","=HYPERLINK(""pdf_tmp/20260514/9024_1400_西武ホールディングス_2026年3月期 決算実績概況資料.pdf"", ""2026年3月期 決算実績概況資料"")",,,,,,,,,,,3,,,,,,,,,,,,,https://www.release.tdnet.info/inbs/140120260513531251.pdf
20260514,9028,ゼロ,決算短信,"=HYPERLINK(""https://www.release.tdnet.info/inbs/140120260513530807.pdf"", ""2026年6月期 第3四半期決算短信[IFRS](連結)"")","=HYPERLINK(""pdf_tmp/20260514/9028_1700_ゼロ_2026年6月期 第3四半期決算短信[IFRS](連結).pdf"", ""2026年6月期 第3四半期決算短信[IFRS](連結)"")",,,,,,,,,,,,,,,,,,,4,,,,,https://www.release.tdnet.info/inbs/140120260513530807.pdf
20260514,9031,西鉄,決算短信,"=HYPERLINK(""https://www.release.tdnet.info/inbs/140120260513530519.pdf"", ""2026年3月期決算短信〔日本基準〕(連結)"")","=HYPERLINK(""pdf_tmp/20260514/9031_1600_西鉄_2026年3月期決算短信〔日本基準〕(連結).pdf"", ""2026年3月期決算短信〔日本基準〕(連結)"")",,,,,,,,,,,,,,,,5,,,,,,,,https://www.release.tdnet.info/inbs/140120260513530519.pdf
20260514,9035,第一交通,決算短信,"=HYPERLINK(""https://www.release.tdnet.info/inbs/140120260424510526.pdf"", ""2026年3月期 決算短信〔日本基準〕(連結)"")","=HYPERLINK(""pdf_tmp/20260514/9035_1430_第一交通_2026年3月期 決算短信〔日本基準〕(連結).pdf"", ""2026年3月期 決算短信〔日本基準〕(連結)"")",,,,,,,,,,,4,,,,,,,,,,,,,https://www.release.tdnet.info/inbs/140120260424510526.pdf
20260514,9035,第一交通,説明資料,"=HYPERLINK(""https://www.release.tdnet.info/inbs/140120260424510593.pdf"", ""2026年3月期 決算補足説明資料"")","=HYPERLINK(""pdf_tmp/20260514/9035_1430_第一交通_2026年3月期 決算補足説明資料.pdf"", ""2026年3月期 決算補足説明資料"")",,,,,,,,,,,1,,,,,,,,,,,,,https://www.release.tdnet.info/inbs/140120260424510593.pdf
20260514,9060,日ロジテム,その他,"=HYPERLINK(""https://www.release.tdnet.info/inbs/140120260514533211.pdf"", ""個別業績の前期実績値との差異に関するお知らせ"")","=HYPERLINK(""pdf_tmp/20260514/9060_1530_日ロジテム_個別業績の前期実績値との差異に関するお知らせ.pdf"", ""個別業績の前期実績値との差異に関するお知らせ"")",,,,,,,,,,,1,,,,,,,,,,,,,https://www.release.tdnet.info/inbs/140120260514533211.pdf
20260514,9075,福山運,決算短信,"=HYPERLINK(""https://www.release.tdnet.info/inbs/140120260514532696.pdf"", ""2026年3月期 決算短信〔日本基準〕(連結)"")","=HYPERLINK(""pdf_tmp/20260514/9075_1530_福山運_2026年3月期 決算短信〔日本基準〕(連結).pdf"", ""2026年3月期 決算短信〔日本基準〕(連結)"")",,,,,,,,,,,,,,,,,,,,,,4,,https://www.release.tdnet.info/inbs/140120260514532696.pdf
20260514,9085,中央バス,決算短信,"=HYPERLINK(""https://www.release.tdnet.info/inbs/140120260507518039.pdf"", ""2026年3月期 決算短信〔日本基準〕(連結)"")","=HYPERLINK(""pdf_tmp/20260514/9085_1500_中央バス_2026年3月期 決算短信〔日本基準〕(連結).pdf"", ""2026年3月期 決算短信〔日本基準〕(連結)"")",,,,,,,,,,,,,,,,,4,,,,,,,https://www.release.tdnet.info/inbs/140120260507518039.pdf
20260514,9173,東海船,決算短信,"=HYPERLINK(""https://www.release.tdnet.info/inbs/140120260514532198.pdf"", ""2026年12月期 第1四半期決算短信[日本基準](連結)"")","=HYPERLINK(""pdf_tmp/20260514/9173_1530_東海船_2026年12月期 第1四半期決算短信[日本基準](連結).pdf"", ""2026年12月期 第1四半期決算短信[日本基準](連結)"")",,,,,,,,,,,,,,,,4,,,,,,,,https://www.release.tdnet.info/inbs/140120260514532198.pdf
20260514,9213,セイファート,決算短信,"=HYPERLINK(""https://www.release.tdnet.info/inbs/140120260513531022.pdf"", ""2026年12月期 第1四半期決算短信〔日本基準〕(連結)"")","=HYPERLINK(""pdf_tmp/20260514/9213_1530_セイファート_2026年12月期 第1四半期決算短信〔日本基準〕(連結).pdf"", ""2026年12月期 第1四半期決算短信〔日本基準〕(連結)"")",,,,,,,,,,4,,,,,,,,,,,,,,https://www.release.tdnet.info/inbs/140120260513531022.pdf
20260514,9256,G-サクシード,決算短信,"=HYPERLINK(""https://www.release.tdnet.info/inbs/140120260514532885.pdf"", ""2026年3月期決算短信〔日本基準〕(連結)"")","=HYPERLINK(""pdf_tmp/20260514/9256_1600_G-サクシード_2026年3月期決算短信〔日本基準〕(連結).pdf"", ""2026年3月期決算短信〔日本基準〕(連結)"")",,,,,,,,,,,,,,,,7,,,,,,,,https://www.release.tdnet.info/inbs/140120260514532885.pdf
20260514,9256,G-サクシード,その他,"=HYPERLINK(""https://www.release.tdnet.info/inbs/140120260514532947.pdf"", ""2026年3月期決算説明補助資料"")","=HYPERLINK(""pdf_tmp/20260514/9256_1600_G-サクシード_2026年3月期決算説明補助資料.pdf"", ""2026年3月期決算説明補助資料"")",,,,,,,,,,,4,,,,,,,,,,,,,https://www.release.tdnet.info/inbs/140120260514532947.pdf
20260514,9271,G-和心,その他,"=HYPERLINK(""https://www.release.tdnet.info/inbs/140120260513531457.pdf"", ""自己株式の取得枠設定に関するお知らせ"")","=HYPERLINK(""pdf_tmp/20260514/9271_1530_G-和心_自己株式の取得枠設定に関するお知らせ.pdf"", ""自己株式の取得枠設定に関するお知らせ"")",,,,,,,1,,,,,,,,,,,,,,,,,https://www.release.tdnet.info/inbs/140120260513531457.pdf
20260514,9335,P-テクノC,決算短信,"=HYPERLINK(""https://www.release.tdnet.info/inbs/140120260514532190.pdf"", ""2026年9月期 中間決算短信〔日本基準〕(非連結)"")","=HYPERLINK(""pdf_tmp/20260514/9335_1500_P-テクノC_2026年9月期 中間決算短信〔日本基準〕(非連結).pdf"", ""2026年9月期 中間決算短信〔日本基準〕(非連結)"")",,,,,,,,,,,4,,,,,,,,,,,,,https://www.release.tdnet.info/inbs/140120260514532190.pdf
20260514,9336,大栄環境,決算短信,"=HYPERLINK(""https://www.release.tdnet.info/inbs/140120260514532895.pdf"", ""2026年3月期  決算短信〔日本基準〕(連結)"")","=HYPERLINK(""pdf_tmp/20260514/9336_1130_大栄環境_2026年3月期 決算短信〔日本基準〕(連結).pdf"", ""2026年3月期  決算短信〔日本基準〕(連結)"")",,,,,,,,,,,,,,,,,,,,,,14,,https://www.release.tdnet.info/inbs/140120260514532895.pdf
20260514,9336,大栄環境,その他,"=HYPERLINK(""https://www.release.tdnet.info/inbs/140120260514531985.pdf"", ""中期経営計画「D-Plan2028」の一部見直しに関するお知らせ"")","=HYPERLINK(""pdf_tmp/20260514/9336_1130_大栄環境_中期経営計画「D-Plan2028」の一部見直しに関するお知らせ.pdf"", ""中期経営計画「D-Plan2028」の一部見直しに関するお知らせ"")",,,,12,,,,,,,,,,,,,,,,,,,,https://www.release.tdnet.info/inbs/140120260514531985.pdf
20260514,9337,G-トリドリ,説明資料,"=HYPERLINK(""https://www.release.tdnet.info/inbs/140120260514533051.pdf"", ""2026年12月期 第1四半期決算説明資料"")","=HYPERLINK(""pdf_tmp/20260514/9337_1530_G-トリドリ_2026年12月期 第1四半期決算説明資料.pdf"", ""2026年12月期 第1四半期決算説明資料"")",,,,,8 9,,,,,,,,,,,,,,,,,,,https://www.release.tdnet.info/inbs/140120260514533051.pdf
20260514,9344,G-アクシスC,その他,"=HYPERLINK(""https://www.release.tdnet.info/inbs/140120260513531625.pdf"", ""連結決算開始に伴う連結業績予想に関するお知らせ"")","=HYPERLINK(""pdf_tmp/20260514/9344_1600_G-アクシスC_連結決算開始に伴う連結業績予想に関するお知らせ.pdf"", ""連結決算開始に伴う連結業績予想に関するお知らせ"")",,,,,,,2,,,,,,,,,,,,,,,,,https://www.release.tdnet.info/inbs/140120260513531625.pdf
20260514,9360,鈴与シンワ,その他,"=HYPERLINK(""https://www.release.tdnet.info/inbs/140120260513530695.pdf"", ""個別業績実績値と前年実績値との差異に関するお知らせ"")","=HYPERLINK(""pdf_tmp/20260514/9360_1600_鈴与シンワ_個別業績実績値と前年実績値との差異に関するお知らせ.pdf"", ""個別業績実績値と前年実績値との差異に関するお知らせ"")",,,,,,,,,,,1,,,,,,,,,,,,,https://www.release.tdnet.info/inbs/140120260513530695.pdf
20260514,9363,大運,決算短信,"=HYPERLINK(""https://www.release.tdnet.info/inbs/140120260514533372.pdf"", ""2026年3月期 決算短信〔日本基準〕(非連結)"")","=HYPERLINK(""pdf_tmp/20260514/9363_1540_大運_2026年3月期 決算短信〔日本基準〕(非連結).pdf"", ""2026年3月期 決算短信〔日本基準〕(非連結)"")",,,,,,,,,,,,,,,,,,,4,,,,,https://www.release.tdnet.info/inbs/140120260514533372.pdf
20260514,9364,上組,決算短信,"=HYPERLINK(""https://www.release.tdnet.info/inbs/140120260514534183.pdf"", ""2026年3月期決算短信〔日本基準〕(連結)"")","=HYPERLINK(""pdf_tmp/20260514/9364_1530_上組_2026年3月期決算短信〔日本基準〕(連結).pdf"", ""2026年3月期決算短信〔日本基準〕(連結)"")",,,,,,,,,,,,,,,,,,,,,,4,,https://www.release.tdnet.info/inbs/140120260514534183.pdf
20260514,9404,日テレHD,決算短信,"=HYPERLINK(""https://www.release.tdnet.info/inbs/140120260513528627.pdf"", ""2026年3月期 決算短信〔日本基準〕(連結)"")","=HYPERLINK(""pdf_tmp/20260514/9404_1630_日テレHD_2026年3月期 決算短信〔日本基準〕(連結).pdf"", ""2026年3月期 決算短信〔日本基準〕(連結)"")",,,,,,,,,,,,,,,,,,,,,28,,,https://www.release.tdnet.info/inbs/140120260513528627.pdf
20260514,9416,ビジョン,その他,"=HYPERLINK(""https://www.release.tdnet.info/inbs/140120260513531047.pdf"", ""2026年12月期第1四半期決算説明補足資料"")","=HYPERLINK(""pdf_tmp/20260514/9416_1530_ビジョン_2026年12月期第1四半期決算説明補足資料.pdf"", ""2026年12月期第1四半期決算説明補足資料"")",,,,,,,,,,,15,,,,,,,,,,,,,https://www.release.tdnet.info/inbs/140120260513531047.pdf
20260514,9468,KADOKAWA,決算短信,"=HYPERLINK(""https://www.release.tdnet.info/inbs/140120260511523375.pdf"", ""2026年3月期  決算短信〔日本基準〕(連結)"")","=HYPERLINK(""pdf_tmp/20260514/9468_1530_KADOKAWA_2026年3月期 決算短信〔日本基準〕(連結).pdf"", ""2026年3月期  決算短信〔日本基準〕(連結)"")",,,,,,,,,,,7,,,,,,,,,,,,,https://www.release.tdnet.info/inbs/140120260511523375.pdf
20260514,9501,東電力HD,説明資料,"=HYPERLINK(""https://www.release.tdnet.info/inbs/140120260514533536.pdf"", ""(訂正)「2025年度決算説明資料」の一部訂正について"")","=HYPERLINK(""pdf_tmp/20260514/9501_1330_東電力HD_(訂正)「2025年度決算説明資料」の一部訂正について.pdf"", ""(訂正)「2025年度決算説明資料」の一部訂正について"")",,,,,,,,,,,,,,,,,,,10 13,,,,,https://www.release.tdnet.info/inbs/140120260514533536.pdf
20260514,9502,中部電力,その他,"=HYPERLINK(""https://www.release.tdnet.info/inbs/140120260513530848.pdf"", ""株式会社両毛システムズ株式(証券コード:9691)に対する公開買付けの開始に関するお知らせ"")","=HYPERLINK(""pdf_tmp/20260514/9502_1900_中部電力_株式会社両毛システムズ株式(証券コード_9691)に対する公開買付けの開始に関するお知らせ.pdf"", ""株式会社両毛システムズ株式(証券コード:9691)に対する公開買付けの開始に関するお知らせ"")",,,,,,,,,,,18 19 20,,,,,,,,,,,,,https://www.release.tdnet.info/inbs/140120260513530848.pdf
20260514,9519,レノバ,その他,"=HYPERLINK(""https://www.release.tdnet.info/inbs/140120260513529907.pdf"", ""2026年3月期 決算説明会資料"")","=HYPERLINK(""pdf_tmp/20260514/9519_0830_レノバ_2026年3月期 決算説明会資料.pdf"", ""2026年3月期 決算説明会資料"")",,,,,,,,,,,3 5 7 19 26,,,,,,,,,,,,,https://www.release.tdnet.info/inbs/140120260513529907.pdf
20260514,9656,グリーンランド,決算短信,"=HYPERLINK(""https://www.release.tdnet.info/inbs/140120260425510982.pdf"", ""2026年12月期 第1四半期決算短信〔日本基準〕(連結)"")","=HYPERLINK(""pdf_tmp/20260514/9656_1530_グリーンランド_2026年12月期 第1四半期決算短信〔日本基準〕(連結).pdf"", ""2026年12月期 第1四半期決算短信〔日本基準〕(連結)"")",,,,,,,,,,,,,,,,,,,4,,,,,https://www.release.tdnet.info/inbs/140120260425510982.pdf
20260514,9684,スクエニHD,その他,"=HYPERLINK(""https://www.release.tdnet.info/inbs/140120260514533496.pdf"", ""中期経営計画 進捗報告(2025年3月期~2027年3月期)"")","=HYPERLINK(""pdf_tmp/20260514/9684_1530_スクエニHD_中期経営計画 進捗報告(2025年3月期~2027年3月期).pdf"", ""中期経営計画 進捗報告(2025年3月期~2027年3月期)"")",,,,,,,,,,,11,,,,,,,,,,,,,https://www.release.tdnet.info/inbs/140120260514533496.pdf
20260514,9685,KYCOM,決算短信,"=HYPERLINK(""https://www.release.tdnet.info/inbs/140120260514533812.pdf"", ""2026年3月期 決算短信〔日本基準〕(連結)"")","=HYPERLINK(""pdf_tmp/20260514/9685_1500_KYCOM_2026年3月期 決算短信〔日本基準〕(連結).pdf"", ""2026年3月期 決算短信〔日本基準〕(連結)"")",,,,,,,,,,,,,,,,5,,,,,,,,https://www.release.tdnet.info/inbs/140120260514533812.pdf
20260514,9685,KYCOM,その他,"=HYPERLINK(""https://www.release.tdnet.info/inbs/140120260514532550.pdf"", ""個別業績と前期実績値との差異に関するお知らせ"")","=HYPERLINK(""pdf_tmp/20260514/9685_1500_KYCOM_個別業績と前期実績値との差異に関するお知らせ.pdf"", ""個別業績と前期実績値との差異に関するお知らせ"")",,,,,,,,,,,1,,,,,,,,,,,,,https://www.release.tdnet.info/inbs/140120260514532550.pdf
20260514,9708,帝国ホテル,決算短信,"=HYPERLINK(""https://www.release.tdnet.info/inbs/140120260513530526.pdf"", ""2026年3月期 決算短信[日本基準](連結)"")","=HYPERLINK(""pdf_tmp/20260514/9708_1400_帝国ホテル_2026年3月期 決算短信[日本基準](連結).pdf"", ""2026年3月期 決算短信[日本基準](連結)"")",,,,,,,,,,,,,,,,,,,4,,,,,https://www.release.tdnet.info/inbs/140120260513530526.pdf
20260514,9708,帝国ホテル,説明資料,"=HYPERLINK(""https://www.release.tdnet.info/inbs/140120260513529395.pdf"", ""2026年3月期 決算説明資料"")","=HYPERLINK(""pdf_tmp/20260514/9708_1400_帝国ホテル_2026年3月期 決算説明資料.pdf"", ""2026年3月期 決算説明資料"")",,,,,,,,,,,,,,,,,,,3,,,,,https://www.release.tdnet.info/inbs/140120260513529395.pdf
20260514,9708,帝国ホテル,その他,"=HYPERLINK(""https://www.release.tdnet.info/inbs/140120260513530747.pdf"", ""繰延税金資産の計上及び業績予想との差異に関するお知らせ"")","=HYPERLINK(""pdf_tmp/20260514/9708_1400_帝国ホテル_繰延税金資産の計上及び業績予想との差異に関するお知らせ.pdf"", ""繰延税金資産の計上及び業績予想との差異に関するお知らせ"")",,,,,,,,,,,1,,,,,,,,,,,,,https://www.release.tdnet.info/inbs/140120260513530747.pdf
20260514,9713,ロイヤルホテル,その他,"=HYPERLINK(""https://www.release.tdnet.info/inbs/140120260513529489.pdf"", ""剰余金の配当(普通株式の増配)に関するお知らせ"")","=HYPERLINK(""pdf_tmp/20260514/9713_1630_ロイヤルホテル_剰余金の配当(普通株式の増配)に関するお知らせ.pdf"", ""剰余金の配当(普通株式の増配)に関するお知らせ"")",,,,,,,,,,,,1,,,,,,,,,,,,https://www.release.tdnet.info/inbs/140120260513529489.pdf
20260514,9722,藤田観,説明資料,"=HYPERLINK(""https://www.release.tdnet.info/inbs/140120260513530448.pdf"", ""2026年12月期 第1四半期 決算説明資料"")","=HYPERLINK(""pdf_tmp/20260514/9722_1530_藤田観_2026年12月期 第1四半期 決算説明資料.pdf"", ""2026年12月期 第1四半期 決算説明資料"")",,,,,,,,,,,7,,,,,,,,,,,,,https://www.release.tdnet.info/inbs/140120260513530448.pdf
20260514,9722,藤田観,決算短信,"=HYPERLINK(""https://www.release.tdnet.info/inbs/140120260513530295.pdf"", ""2026年12月期第1四半期決算短信〔日本基準〕(連結)"")","=HYPERLINK(""pdf_tmp/20260514/9722_1530_藤田観_2026年12月期第1四半期決算短信〔日本基準〕(連結).pdf"", ""2026年12月期第1四半期決算短信〔日本基準〕(連結)"")",,,,,,,,,,,,,,,,,,,5,,,,,https://www.release.tdnet.info/inbs/140120260513530295.pdf
20260514,9731,白洋舎,決算短信,"=HYPERLINK(""https://www.release.tdnet.info/inbs/140120260514533819.pdf"", ""2026年12月期 第1四半期決算短信〔日本基準〕(連結)"")","=HYPERLINK(""pdf_tmp/20260514/9731_1530_白洋舎_2026年12月期 第1四半期決算短信〔日本基準〕(連結).pdf"", ""2026年12月期 第1四半期決算短信〔日本基準〕(連結)"")",,,4,,,,,,,,,,,,,,,,,,,,,https://www.release.tdnet.info/inbs/140120260514533819.pdf
20260514,9761,東海リース,決算短信,"=HYPERLINK(""https://www.release.tdnet.info/inbs/140120260514533060.pdf"", ""2026年3月期 決算短信〔日本基準〕(連結)"")","=HYPERLINK(""pdf_tmp/20260514/9761_1530_東海リース_2026年3月期 決算短信〔日本基準〕(連結).pdf"", ""2026年3月期 決算短信〔日本基準〕(連結)"")",,,,,,,,,,4,,,,,,,,,,,,,,https://www.release.tdnet.info/inbs/140120260514533060.pdf
20260514,9780,ハリマビステム,その他,"=HYPERLINK(""https://www.release.tdnet.info/inbs/140120260513530883.pdf"", ""中期経営計画(2026~2028年度)策定に関するお知らせ"")","=HYPERLINK(""pdf_tmp/20260514/9780_1530_ハリマビステム_中期経営計画(2026~2028年度)策定に関するお知らせ.pdf"", ""中期経営計画(2026~2028年度)策定に関するお知らせ"")",,,,,,,,,,6,,,,,,,,,,,,,,https://www.release.tdnet.info/inbs/140120260513530883.pdf
20260514,9843,ニトリHD,決算短信,"=HYPERLINK(""https://www.release.tdnet.info/inbs/140120260514532526.pdf"", ""2026年3月期 決算短信(IFRS)(連結)"")","=HYPERLINK(""pdf_tmp/20260514/9843_1530_ニトリHD_2026年3月期 決算短信(IFRS)(連結).pdf"", ""2026年3月期 決算短信(IFRS)(連結)"")",,,,,,,,,,,5,,,,,,,,,,,,,https://www.release.tdnet.info/inbs/140120260514532526.pdf
20260514,9885,シャルレ,その他,"=HYPERLINK(""https://www.release.tdnet.info/inbs/140120260514533129.pdf"", ""取締役報酬の減額に関するお知らせ"")","=HYPERLINK(""pdf_tmp/20260514/9885_1530_シャルレ_取締役報酬の減額に関するお知らせ.pdf"", ""取締役報酬の減額に関するお知らせ"")",,,,,,,,,,,2,,,,,,,,,,,,,https://www.release.tdnet.info/inbs/140120260514533129.pdf
20260514,9895,コンセック,決算短信,"=HYPERLINK(""https://www.release.tdnet.info/inbs/140120260428512650.pdf"", ""2026年3月期 決算短信〔日本基準〕(連結)"")","=HYPERLINK(""pdf_tmp/20260514/9895_1500_コンセック_2026年3月期 決算短信〔日本基準〕(連結).pdf"", ""2026年3月期 決算短信〔日本基準〕(連結)"")",,,,,,,,,,,,,,,,,,,7,,,,,https://www.release.tdnet.info/inbs/140120260428512650.pdf
20260514,9896,JKHD,決算短信,"=HYPERLINK(""https://www.release.tdnet.info/inbs/140120260514532106.pdf"", ""2026年3月期決算短信〔日本基準〕(連結)"")","=HYPERLINK(""pdf_tmp/20260514/9896_1130_JKHD_2026年3月期決算短信〔日本基準〕(連結).pdf"", ""2026年3月期決算短信〔日本基準〕(連結)"")",,,,,,,,,,,,,,,,,,,,,,7,,https://www.release.tdnet.info/inbs/140120260514532106.pdf
20260514,9900,サガミHD,決算短信,"=HYPERLINK(""https://www.release.tdnet.info/inbs/140120260503517149.pdf"", ""2026年3月期決算短信[日本基準](連結)"")","=HYPERLINK(""pdf_tmp/20260514/9900_1500_サガミHD_2026年3月期決算短信[日本基準](連結).pdf"", ""2026年3月期決算短信[日本基準](連結)"")",,,4,,,,,,,,,,,,,,,,,,,,,https://www.release.tdnet.info/inbs/140120260503517149.pdf
20260514,9960,東テク,その他,"=HYPERLINK(""https://www.release.tdnet.info/inbs/140120260513530871.pdf"", ""東テクグループ 2026年3月期 決算補足資料"")","=HYPERLINK(""pdf_tmp/20260514/9960_1600_東テク_東テクグループ 2026年3月期 決算補足資料.pdf"", ""東テクグループ 2026年3月期 決算補足資料"")",,,,,,,,,,,5 6 8,,,,,,,,,,,,,https://www.release.tdnet.info/inbs/140120260513530871.pdf
20260514,9969,ショクブン,決算短信,"=HYPERLINK(""https://www.release.tdnet.info/inbs/140120260514532734.pdf"", ""2026年3月期決算短信〔日本基準〕(非連結)"")","=HYPERLINK(""pdf_tmp/20260514/9969_1530_ショクブン_2026年3月期決算短信〔日本基準〕(非連結).pdf"", ""2026年3月期決算短信〔日本基準〕(非連結)"")",,,,,4,,,,,,,,,,,,,,,,,,,https://www.release.tdnet.info/inbs/140120260514532734.pdf
20260514,9980,MRK HLD,決算短信,"=HYPERLINK(""https://www.release.tdnet.info/inbs/140120260514532867.pdf"", ""2026年3月期 決算短信(日本基準)(連結)"")","=HYPERLINK(""pdf_tmp/20260514/9980_1530_MRK HLD_2026年3月期 決算短信(日本基準)(連結).pdf"", ""2026年3月期 決算短信(日本基準)(連結)"")",,,,,,,,,,,5,,,,,,,,,,,,,https://www.release.tdnet.info/inbs/140120260514532867.pdf
20260514,9980,MRK HLD,その他,"=HYPERLINK(""https://www.release.tdnet.info/inbs/140120260514533474.pdf"", ""経営支援料に関する契約締結のお知らせ"")","=HYPERLINK(""pdf_tmp/20260514/9980_1530_MRK HLD_経営支援料に関する契約締結のお知らせ.pdf"", ""経営支援料に関する契約締結のお知らせ"")",,,,,,,,,,,6,,,,,,,,,,,,,https://www.release.tdnet.info/inbs/140120260514533474.pdf
