日付,コード,会社名,分類,表題（リンク_TDnet）,表題（リンク_ローカル）,価格交渉,増産,価格改定,価格転嫁,値上,想定以上,上方修正,下方修正,想定以下,未達,大幅,計画を上,計画を下,計画以,需要回復,需要の回復,需要が増,需要が低,悪化,グローバルニッチトップ,トップシェア,シェア拡大,レアアース,URL（生）
20260806,5741,UACJ,その他,"=HYPERLINK(""https://www.release.tdnet.info/inbs/140120260805510902.pdf"", ""2026年度第1四半期決算説明会資料"")","=HYPERLINK(""pdf_tmp/20260806/5741_1400_UACJ_2026年度第1四半期決算説明会資料.pdf"", ""2026年度第1四半期決算説明会資料"")",,27,3 4 6 16,,6,,4 7 10 18,,,,7,14,,,,14 27,,,,,,27,,https://www.release.tdnet.info/inbs/140120260805510902.pdf
20260806,1332,ニッスイ,決算短信,"=HYPERLINK(""https://www.release.tdnet.info/inbs/140120260805510152.pdf"", ""2027年3月期 第1四半期決算短信補足資料"")","=HYPERLINK(""pdf_tmp/20260806/1332_1200_ニッスイ_2027年3月期 第1四半期決算短信補足資料.pdf"", ""2027年3月期 第1四半期決算短信補足資料"")",,7 14 19,2 6 13 21,,,,2 17,,,,7,,19,,,,,,9 19,,,,,https://www.release.tdnet.info/inbs/140120260805510152.pdf
20260806,4985,アース製薬,説明資料,"=HYPERLINK(""https://www.release.tdnet.info/inbs/140120260806511535.pdf"", ""2026年12月期第2四半期決算説明資料"")","=HYPERLINK(""pdf_tmp/20260806/4985_1530_アース製薬_2026年12月期第2四半期決算説明資料.pdf"", ""2026年12月期第2四半期決算説明資料"")",,,3 26,2 3 20 26,,,,,,15,17,,15,,,,,,,,,2 20 22 28,,https://www.release.tdnet.info/inbs/140120260806511535.pdf
20260806,5110,住友ゴム,その他,"=HYPERLINK(""https://www.release.tdnet.info/inbs/140120260805510750.pdf"", ""第135期 第2四半期決算説明会資料"")","=HYPERLINK(""pdf_tmp/20260806/5110_1300_住友ゴム_第135期 第2四半期決算説明会資料.pdf"", ""第135期 第2四半期決算説明会資料"")",,,,6,10 11,,,,,,8 11,8,10,,,,,,6 7,,,,,https://www.release.tdnet.info/inbs/140120260805510750.pdf
20260806,6062,チャームケア,説明資料,"=HYPERLINK(""https://www.release.tdnet.info/inbs/140120260806512062.pdf"", ""2026年6月期 通期 決算説明資料"")","=HYPERLINK(""pdf_tmp/20260806/6062_1430_チャームケア_2026年6月期 通期 決算説明資料.pdf"", ""2026年6月期 通期 決算説明資料"")",,,,,,5,22,,,5 14,17 58 85,34,,6 7,,,,,,,,,,https://www.release.tdnet.info/inbs/140120260806512062.pdf
20260806,1375,ユキグニファクトリー,説明資料,"=HYPERLINK(""https://www.release.tdnet.info/inbs/140120260806512057.pdf"", ""2027年3月期第1四半期 決算説明資料"")","=HYPERLINK(""pdf_tmp/20260806/1375_1530_ユキグニファクトリー_2027年3月期第1四半期 決算説明資料.pdf"", ""2027年3月期第1四半期 決算説明資料"")",,,,,56,,,,,,,,,,,,49,,13,,50,36,,https://www.release.tdnet.info/inbs/140120260806512057.pdf
20260806,2445,タカミヤ,説明資料,"=HYPERLINK(""https://www.release.tdnet.info/inbs/140120260806511404.pdf"", ""2027年3月期 第1四半期決算説明資料"")","=HYPERLINK(""pdf_tmp/20260806/2445_1530_タカミヤ_2027年3月期 第1四半期決算説明資料.pdf"", ""2027年3月期 第1四半期決算説明資料"")",,,12 27 28,12,,,38,,,,11 17 25 27 34 43 52,,,,,,,,42,,,,,https://www.release.tdnet.info/inbs/140120260806511404.pdf
20260806,2681,ゲオHD,説明資料,"=HYPERLINK(""https://www.release.tdnet.info/inbs/140120260805510639.pdf"", ""2027年3月期 第1四半期 決算説明資料"")","=HYPERLINK(""pdf_tmp/20260806/2681_1530_ゲオHD_2027年3月期 第1四半期 決算説明資料.pdf"", ""2027年3月期 第1四半期 決算説明資料"")",,,8 15,,,,,,,,8,,,,,,30,,,,5 32,24,,https://www.release.tdnet.info/inbs/140120260805510639.pdf
20260806,3402,東レ,その他,"=HYPERLINK(""https://www.release.tdnet.info/inbs/140120260805510234.pdf"", ""2027年3月期第1四半期決算の概要"")","=HYPERLINK(""pdf_tmp/20260806/3402_1300_東レ_2027年3月期第1四半期決算の概要.pdf"", ""2027年3月期第1四半期決算の概要"")",,,,8 10,,,3,,,,3,,,,,17,,,8 10,,,,,https://www.release.tdnet.info/inbs/140120260805510234.pdf
20260806,5976,ネツレン,決算短信,"=HYPERLINK(""https://www.release.tdnet.info/inbs/140120260803507459.pdf"", ""2027年3月期 第1四半期決算短信〔日本基準〕(連結)"")","=HYPERLINK(""pdf_tmp/20260806/5976_1530_ネツレン_2027年3月期 第1四半期決算短信〔日本基準〕(連結).pdf"", ""2027年3月期 第1四半期決算短信〔日本基準〕(連結)"")",,4,4,,,4,,4,,,4,,,,,,,,,,,,,https://www.release.tdnet.info/inbs/140120260803507459.pdf
20260806,6524,湖北工業,説明資料,"=HYPERLINK(""https://www.release.tdnet.info/inbs/140120260805510696.pdf"", ""2026年12月期第2四半期 決算説明資料"")","=HYPERLINK(""pdf_tmp/20260806/6524_1530_湖北工業_2026年12月期第2四半期 決算説明資料.pdf"", ""2026年12月期第2四半期 決算説明資料"")",,29,,38,,,,,,,4 7 8 13 17 19 28 29,14 18,,,,,,,,,,,18,https://www.release.tdnet.info/inbs/140120260805510696.pdf
20260806,6845,アズビル,決算短信,"=HYPERLINK(""https://www.release.tdnet.info/inbs/140120260730503442.pdf"", ""2027年3月期  第1四半期決算短信〔IFRS〕(連結)"")","=HYPERLINK(""pdf_tmp/20260806/6845_1530_アズビル_2027年3月期 第1四半期決算短信〔IFRS〕(連結).pdf"", ""2027年3月期  第1四半期決算短信〔IFRS〕(連結)"")",,,,5 6 7 8,,,,,,,5,,,,6,,6,,29,,,,,https://www.release.tdnet.info/inbs/140120260730503442.pdf
20260806,8934,サンフロンティア,説明資料,"=HYPERLINK(""https://www.release.tdnet.info/inbs/140120260805511030.pdf"", ""2027年3月期第1四半期 決算説明資料"")","=HYPERLINK(""pdf_tmp/20260806/8934_1530_サンフロンティア_2027年3月期第1四半期 決算説明資料.pdf"", ""2027年3月期第1四半期 決算説明資料"")",,,,,,,20 24,,,,6,20,,,56,56,,,,,,,,https://www.release.tdnet.info/inbs/140120260805511030.pdf
20260806,9075,福山運,説明資料,"=HYPERLINK(""https://www.release.tdnet.info/inbs/140120260806511224.pdf"", ""2027年3月期 第1四半期決算説明資料"")","=HYPERLINK(""pdf_tmp/20260806/9075_1530_福山運_2027年3月期 第1四半期決算説明資料.pdf"", ""2027年3月期 第1四半期決算説明資料"")",,,,4,13,,,,,2,7 14,,,,,,,,4,,,,,https://www.release.tdnet.info/inbs/140120260806511224.pdf
20260806,2982,ADワークスグループ,説明資料,"=HYPERLINK(""https://www.release.tdnet.info/inbs/140120260806512121.pdf"", ""2026年12月期 第2四半期 決算説明資料"")","=HYPERLINK(""pdf_tmp/20260806/2982_1500_ADワークスグループ_2026年12月期 第2四半期 決算説明資料.pdf"", ""2026年12月期 第2四半期 決算説明資料"")",,,,,,,,,,,8 33 35 36 49,28,,,,31 37,,,,,,32 45,,https://www.release.tdnet.info/inbs/140120260806512121.pdf
20260806,3024,クリエイト,決算短信,"=HYPERLINK(""https://www.release.tdnet.info/inbs/140120260806511310.pdf"", ""2027年3月期 第1四半期決算短信[日本基準](連結)"")","=HYPERLINK(""pdf_tmp/20260806/3024_1530_クリエイト_2027年3月期 第1四半期決算短信[日本基準](連結).pdf"", ""2027年3月期 第1四半期決算短信[日本基準](連結)"")",,,5,4,4,,,,,,4 5,,,,,,,,,,,,,https://www.release.tdnet.info/inbs/140120260806511310.pdf
20260806,3103,ユニチカ,その他,"=HYPERLINK(""https://www.release.tdnet.info/inbs/140120260806511402.pdf"", ""2027年3月期 第1四半期 決算の概要"")","=HYPERLINK(""pdf_tmp/20260806/3103_1100_ユニチカ_2027年3月期 第1四半期 決算の概要.pdf"", ""2027年3月期 第1四半期 決算の概要"")",,,3 4 8 9,,,,,,,,3 4,3,,,,,,,,,,9,,https://www.release.tdnet.info/inbs/140120260806511402.pdf
20260806,3107,ダイワボHD,説明資料,"=HYPERLINK(""https://www.release.tdnet.info/inbs/140120260806511233.pdf"", ""2027年3月期 第1四半期決算説明資料"")","=HYPERLINK(""pdf_tmp/20260806/3107_1530_ダイワボHD_2027年3月期 第1四半期決算説明資料.pdf"", ""2027年3月期 第1四半期決算説明資料"")",,,,14,4 19,,,,,,4 12 15 19,,,,,,,,,,,27,,https://www.release.tdnet.info/inbs/140120260806511233.pdf
20260806,3864,三菱紙,決算短信,"=HYPERLINK(""https://www.release.tdnet.info/inbs/140120260805510962.pdf"", ""2027年3月期 第1四半期決算短信〔日本基準〕(連結)"")","=HYPERLINK(""pdf_tmp/20260806/3864_1530_三菱紙_2027年3月期 第1四半期決算短信〔日本基準〕(連結).pdf"", ""2027年3月期 第1四半期決算短信〔日本基準〕(連結)"")",,,5 6,6,,,,,,,,,,,5,,,,,,,6,,https://www.release.tdnet.info/inbs/140120260805510962.pdf
20260806,4004,レゾナックHD,説明資料,"=HYPERLINK(""https://www.release.tdnet.info/inbs/140120260806511586.pdf"", ""2026年12月期 中間期決算説明資料"")","=HYPERLINK(""pdf_tmp/20260806/4004_1530_レゾナックHD_2026年12月期 中間期決算説明資料.pdf"", ""2026年12月期 中間期決算説明資料"")",,,10,,,,2 15 16,,,,2 4 5 16,,,,,,,,6 12,,,,,https://www.release.tdnet.info/inbs/140120260806511586.pdf
20260806,4109,ステラケミファ,資本コストや株価,"=HYPERLINK(""https://www.release.tdnet.info/inbs/140120260731505460.pdf"", ""資本コストや株価を意識した経営の実現に向けた対応(アップデート)"")","=HYPERLINK(""pdf_tmp/20260806/4109_1400_ステラケミファ_資本コストや株価を意識した経営の実現に向けた対応(アップデート).pdf"", ""資本コストや株価を意識した経営の実現に向けた対応(アップデート)"")",,9,,8,,,7,,,,7,,,,,,,,,,,,,https://www.release.tdnet.info/inbs/140120260731505460.pdf
20260806,4527,ロート薬,その他,"=HYPERLINK(""https://www.release.tdnet.info/inbs/140120260806511897.pdf"", ""2027年3月期 第1四半期 決算説明会"")","=HYPERLINK(""pdf_tmp/20260806/4527_1530_ロート薬_2027年3月期 第1四半期 決算説明会.pdf"", ""2027年3月期 第1四半期 決算説明会"")",,,,,4 9 10 11 21,,4 18 19 20 21 22,,,,4 6 9 10 12 13 15 16 18 21 31,,,,,,,,16,,,,,https://www.release.tdnet.info/inbs/140120260806511897.pdf
20260806,5016,JX金属,説明資料,"=HYPERLINK(""https://www.release.tdnet.info/inbs/140120260805510601.pdf"", ""2027年3月期第1四半期決算説明資料"")","=HYPERLINK(""pdf_tmp/20260806/5016_1530_JX金属_2027年3月期第1四半期決算説明資料.pdf"", ""2027年3月期第1四半期決算説明資料"")",,6 31,,,,,5 21,,,,24,,,,,,,,,,23 30,,,https://www.release.tdnet.info/inbs/140120260805510601.pdf
20260806,5233,太平洋セメ,説明資料,"=HYPERLINK(""https://www.release.tdnet.info/inbs/140120260805511048.pdf"", ""2026年度 第1四半期 決算説明資料"")","=HYPERLINK(""pdf_tmp/20260806/5233_1430_太平洋セメ_2026年度 第1四半期 決算説明資料.pdf"", ""2026年度 第1四半期 決算説明資料"")",,,35,21,6 10 11 21,,,,,,,,,,21,,,,,,,,,https://www.release.tdnet.info/inbs/140120260805511048.pdf
20260806,5380,新東,決算短信,"=HYPERLINK(""https://www.release.tdnet.info/inbs/140120260804508700.pdf"", ""2026年6月期 決算短信[日本基準] (非連結)"")","=HYPERLINK(""pdf_tmp/20260806/5380_1500_新東_2026年6月期 決算短信[日本基準] (非連結).pdf"", ""2026年6月期 決算短信[日本基準] (非連結)"")",6,,,,5,,,,,,6,,,,,,,,4 6,,,,,https://www.release.tdnet.info/inbs/140120260804508700.pdf
20260806,5632,三菱製鋼,説明資料,"=HYPERLINK(""https://www.release.tdnet.info/inbs/140120260805510923.pdf"", ""2027年3月期第1四半期決算説明資料"")","=HYPERLINK(""pdf_tmp/20260806/5632_1500_三菱製鋼_2027年3月期第1四半期決算説明資料.pdf"", ""2027年3月期第1四半期決算説明資料"")",,8,,,,8,8,,,,,,,,,,,,5,,,,,https://www.release.tdnet.info/inbs/140120260805510923.pdf
20260806,5976,ネツレン,その他,"=HYPERLINK(""https://www.release.tdnet.info/inbs/140120260803507407.pdf"", ""2027年3月期 第2四半期(累計)及び通期連結業績予想並びに第16次中期経営計画連結数値目標の修正に関するお知らせ"")","=HYPERLINK(""pdf_tmp/20260806/5976_1530_ネツレン_2027年3月期 第2四半期(累計)及び通期連結業績予想並びに第16次中期経営計画連結数値目標の修正に関するお知らせ.pdf"", ""2027年3月期 第2四半期(累計)及び通期連結業績予想並びに第16次中期経営計画連結数値目標の修正に関するお知らせ"")",,2,,2,2,2,,,,,,,,,,,,,,,,,,https://www.release.tdnet.info/inbs/140120260803507407.pdf
20260806,6525,KOKUSAI,説明資料,"=HYPERLINK(""https://www.release.tdnet.info/inbs/140120260806511220.pdf"", ""2027年3月期第1四半期(2026年4月~6月)決算説明資料"")","=HYPERLINK(""pdf_tmp/20260806/6525_1400_KOKUSAI_2027年3月期第1四半期(2026年4月~6月)決算説明資料.pdf"", ""2027年3月期第1四半期(2026年4月~6月)決算説明資料"")",,,,,,,4 15 19 27,,,,17,,,,4 15 24,,,,,,41,,,https://www.release.tdnet.info/inbs/140120260806511220.pdf
20260806,8037,カメイ,説明資料,"=HYPERLINK(""https://www.release.tdnet.info/inbs/140120260806511210.pdf"", ""2027年3月期 第1四半期 決算補足説明資料"")","=HYPERLINK(""pdf_tmp/20260806/8037_1530_カメイ_2027年3月期 第1四半期 決算補足説明資料.pdf"", ""2027年3月期 第1四半期 決算補足説明資料"")",,,,12,,,2 10 11 13,,,,5 6 7,,,,,,,,6 7,,,,,https://www.release.tdnet.info/inbs/140120260806511210.pdf
20260806,2700,木徳神糧,説明資料,"=HYPERLINK(""https://www.release.tdnet.info/inbs/140120260803507492.pdf"", ""2026年12月期第2四半期(中間期) 決算説明資料"")","=HYPERLINK(""pdf_tmp/20260806/2700_1530_木徳神糧_2026年12月期第2四半期(中間期) 決算説明資料.pdf"", ""2026年12月期第2四半期(中間期) 決算説明資料"")",18,,6,,,,,,,,7 8 14,,,,,,,,,,,,,https://www.release.tdnet.info/inbs/140120260803507492.pdf
20260806,3103,ユニチカ,決算短信,"=HYPERLINK(""https://www.release.tdnet.info/inbs/140120260806511359.pdf"", ""2027年3月期 第1四半期決算短信〔日本基準〕(連結)"")","=HYPERLINK(""pdf_tmp/20260806/3103_1100_ユニチカ_2027年3月期 第1四半期決算短信〔日本基準〕(連結).pdf"", ""2027年3月期 第1四半期決算短信〔日本基準〕(連結)"")",,,5,,,,,,,,5,,,,,,,,,,,5,,https://www.release.tdnet.info/inbs/140120260806511359.pdf
20260806,3105,日清紡HD,説明資料,"=HYPERLINK(""https://www.release.tdnet.info/inbs/140120260806511163.pdf"", ""決算説明資料2026年12月期第2四半期(中間期)"")","=HYPERLINK(""pdf_tmp/20260806/3105_1130_日清紡HD_決算説明資料2026年12月期第2四半期(中間期).pdf"", ""決算説明資料2026年12月期第2四半期(中間期)"")",,,,,,,,,,24,6,,,,,,,,10,,,,,https://www.release.tdnet.info/inbs/140120260806511163.pdf
20260806,3431,宮地エンジ,資本コストや株価,"=HYPERLINK(""https://www.release.tdnet.info/inbs/140120260805509600.pdf"", ""資本コストや株価を意識した経営の実現に向けた対応(2026年度)について"")","=HYPERLINK(""pdf_tmp/20260806/3431_1640_宮地エンジ_資本コストや株価を意識した経営の実現に向けた対応(2026年度)について.pdf"", ""資本コストや株価を意識した経営の実現に向けた対応(2026年度)について"")",,,,,,,,2,,,1 2 3 5,,,,,,,,3,,,,,https://www.release.tdnet.info/inbs/140120260805509600.pdf
20260806,3436,SUMCO,その他,"=HYPERLINK(""https://www.release.tdnet.info/inbs/140120260805509524.pdf"", ""2026年12月期 第2四半期決算説明会資料"")","=HYPERLINK(""pdf_tmp/20260806/3436_1530_SUMCO_2026年12月期 第2四半期決算説明会資料.pdf"", ""2026年12月期 第2四半期決算説明会資料"")",,,,,,,13 15,,,,15,,,,10,,,,,,,,,https://www.release.tdnet.info/inbs/140120260805509524.pdf
20260806,3676,デジハHD,説明資料,"=HYPERLINK(""https://www.release.tdnet.info/inbs/140120260805509715.pdf"", ""2027年3月期 第1四半期決算説明資料"")","=HYPERLINK(""pdf_tmp/20260806/3676_1600_デジハHD_2027年3月期 第1四半期決算説明資料.pdf"", ""2027年3月期 第1四半期決算説明資料"")",,,,,23,,,,,,6 14 15 18 19,,,,,,,,3,,,,,https://www.release.tdnet.info/inbs/140120260805509715.pdf
20260806,3676,デジハHD,その他,"=HYPERLINK(""https://www.release.tdnet.info/inbs/140120260805509743.pdf"", ""MBOの実施及び応募の推奨のお知らせ"")","=HYPERLINK(""pdf_tmp/20260806/3676_1600_デジハHD_MBOの実施及び応募の推奨のお知らせ.pdf"", ""MBOの実施及び応募の推奨のお知らせ"")",15 41,,,,,,,,,,17 20 38 43,,,,,,,,8 35 39,,,,,https://www.release.tdnet.info/inbs/140120260805509743.pdf
20260806,3880,大王紙,決算短信,"=HYPERLINK(""https://www.release.tdnet.info/inbs/140120260806511714.pdf"", ""2027年3月期第1四半期決算短信[日本基準](連結)"")","=HYPERLINK(""pdf_tmp/20260806/3880_1300_大王紙_2027年3月期第1四半期決算短信[日本基準](連結).pdf"", ""2027年3月期第1四半期決算短信[日本基準](連結)"")",,,4 5,,,,,,,,5,,,,,,,,4,,,,,https://www.release.tdnet.info/inbs/140120260806511714.pdf
20260806,3901,マークラインズ,決算短信,"=HYPERLINK(""https://www.release.tdnet.info/inbs/140120260804508499.pdf"", ""2026年12月期 第2四半期(中間期)決算短信〔日本基準〕(連結)"")","=HYPERLINK(""pdf_tmp/20260806/3901_1530_マークラインズ_2026年12月期 第2四半期(中間期)決算短信〔日本基準〕(連結).pdf"", ""2026年12月期 第2四半期(中間期)決算短信〔日本基準〕(連結)"")",,,4 5 6,,,,,,,,5,,,,,,,,4,,,,,https://www.release.tdnet.info/inbs/140120260804508499.pdf
20260806,3992,ニーズウェル,説明資料,"=HYPERLINK(""https://www.release.tdnet.info/inbs/140120260806512028.pdf"", ""2026年9月期第3四半期 決算説明資料"")","=HYPERLINK(""pdf_tmp/20260806/3992_1400_ニーズウェル_2026年9月期第3四半期 決算説明資料.pdf"", ""2026年9月期第3四半期 決算説明資料"")",,,,,,,9,,,,3 16,,,,,,,,,,,11 17,,https://www.release.tdnet.info/inbs/140120260806512028.pdf
20260806,4186,東応化,説明資料,"=HYPERLINK(""https://www.release.tdnet.info/inbs/140120260805510095.pdf"", ""2026年12月期第2四半期決算説明資料"")","=HYPERLINK(""pdf_tmp/20260806/4186_1400_東応化_2026年12月期第2四半期決算説明資料.pdf"", ""2026年12月期第2四半期決算説明資料"")",,,,,,,3,,,,3,,,,,,,,,,,18,,https://www.release.tdnet.info/inbs/140120260805510095.pdf
20260806,4234,サンエー化研,決算短信,"=HYPERLINK(""https://www.release.tdnet.info/inbs/140120260724599527.pdf"", ""2027年3月期 第1四半期決算短信〔日本基準〕(連結)"")","=HYPERLINK(""pdf_tmp/20260806/4234_1200_サンエー化研_2027年3月期 第1四半期決算短信〔日本基準〕(連結).pdf"", ""2027年3月期 第1四半期決算短信〔日本基準〕(連結)"")",,,,,4,,,,,,4,,,,,,4,,,,,,,https://www.release.tdnet.info/inbs/140120260724599527.pdf
20260806,4901,富士フイルム,決算短信,"=HYPERLINK(""https://www.release.tdnet.info/inbs/140120260804509125.pdf"", ""2027年3月期 第1四半期決算短信〔米国基準〕(連結)"")","=HYPERLINK(""pdf_tmp/20260806/4901_1530_富士フイルム_2027年3月期 第1四半期決算短信〔米国基準〕(連結).pdf"", ""2027年3月期 第1四半期決算短信〔米国基準〕(連結)"")",,,,,,,7,,,,5,,,,,,,,,,5,,,https://www.release.tdnet.info/inbs/140120260804509125.pdf
20260806,4975,JCU,決算短信,"=HYPERLINK(""https://www.release.tdnet.info/inbs/140120260806512267.pdf"", ""2027年3月期第1四半期決算短信〔日本基準〕(連結)"")","=HYPERLINK(""pdf_tmp/20260806/4975_1530_JCU_2027年3月期第1四半期決算短信〔日本基準〕(連結).pdf"", ""2027年3月期第1四半期決算短信〔日本基準〕(連結)"")",,,,,,,,,,,4 5,,,,,4,4,,,,,,,https://www.release.tdnet.info/inbs/140120260806512267.pdf
20260806,5282,ジオスター,決算短信,"=HYPERLINK(""https://www.release.tdnet.info/inbs/140120260804508906.pdf"", ""2027年3月期第1四半期決算短信〔日本基準〕(連結)"")","=HYPERLINK(""pdf_tmp/20260806/5282_1530_ジオスター_2027年3月期第1四半期決算短信〔日本基準〕(連結).pdf"", ""2027年3月期第1四半期決算短信〔日本基準〕(連結)"")",,,,4,,,,,,,4,,,,,,,,4,,,,,https://www.release.tdnet.info/inbs/140120260804508906.pdf
20260806,5711,三菱マ,説明資料,"=HYPERLINK(""https://www.release.tdnet.info/inbs/140120260806512119.pdf"", ""2027年3月期第1四半期決算補足説明資料"")","=HYPERLINK(""pdf_tmp/20260806/5711_1530_三菱マ_2027年3月期第1四半期決算補足説明資料.pdf"", ""2027年3月期第1四半期決算補足説明資料"")",,,,,19,,5 10,,,,,,,,,,,,7,,,,,https://www.release.tdnet.info/inbs/140120260806512119.pdf
20260806,5816,オーナンバ,説明資料,"=HYPERLINK(""https://www.release.tdnet.info/inbs/140120260805510937.pdf"", ""決算説明資料 (2026年12月期第2四半期(中間期)決算)"")","=HYPERLINK(""pdf_tmp/20260806/5816_1530_オーナンバ_決算説明資料 (2026年12月期第2四半期(中間期)決算).pdf"", ""決算説明資料 (2026年12月期第2四半期(中間期)決算)"")",,,,,,,,,,,,,,,,,3,3,2,,,,,https://www.release.tdnet.info/inbs/140120260805510937.pdf
20260806,6284,ASB機械,決算短信,"=HYPERLINK(""https://www.release.tdnet.info/inbs/140120260805511015.pdf"", ""2026年9月期 第3四半期決算短信〔日本基準〕(連結)"")","=HYPERLINK(""pdf_tmp/20260806/6284_1600_ASB機械_2026年9月期 第3四半期決算短信〔日本基準〕(連結).pdf"", ""2026年9月期 第3四半期決算短信〔日本基準〕(連結)"")",,,,6,,,,,,,4,,,,,,5,,,,,,,https://www.release.tdnet.info/inbs/140120260805511015.pdf
20260806,6417,SANKYO,説明資料,"=HYPERLINK(""https://www.release.tdnet.info/inbs/140120260804509123.pdf"", ""2027年3月期 第1四半期決算説明資料"")","=HYPERLINK(""pdf_tmp/20260806/6417_1130_SANKYO_2027年3月期 第1四半期決算説明資料.pdf"", ""2027年3月期 第1四半期決算説明資料"")",,4 6 12 15 35 36,,,,,,,,,21,,,,,,,,,,19,,,https://www.release.tdnet.info/inbs/140120260804509123.pdf
20260806,6523,PHCHD,決算短信,"=HYPERLINK(""https://www.release.tdnet.info/inbs/140120260730503873.pdf"", ""2027年3月期 第1四半期決算短信〔IFRS〕(連結)"")","=HYPERLINK(""pdf_tmp/20260806/6523_1530_PHCHD_2027年3月期 第1四半期決算短信〔IFRS〕(連結).pdf"", ""2027年3月期 第1四半期決算短信〔IFRS〕(連結)"")",,,4 8,,,,,,,,4 6,,,,,,,8,,,,,,https://www.release.tdnet.info/inbs/140120260730503873.pdf
20260806,6769,ザイン,説明資料,"=HYPERLINK(""https://www.release.tdnet.info/inbs/140120260805511040.pdf"", ""2026年12月期 第2四半期決算説明資料"")","=HYPERLINK(""pdf_tmp/20260806/6769_1530_ザイン_2026年12月期 第2四半期決算説明資料.pdf"", ""2026年12月期 第2四半期決算説明資料"")",,,8,,,,,,,,8 10 11,,,,9,,,,,,,,,https://www.release.tdnet.info/inbs/140120260805511040.pdf
20260806,7082,G-ジモティー,その他,"=HYPERLINK(""https://www.release.tdnet.info/inbs/140120260806512102.pdf"", ""株式併合並びに単元株式数の定めの廃止及び定款一部変更に関する臨時株主総会開催のお知らせ"")","=HYPERLINK(""pdf_tmp/20260806/7082_1530_G-ジモティー_株式併合並びに単元株式数の定めの廃止及び定款一部変更に関する臨時株主総会開催のお知らせ.pdf"", ""株式併合並びに単元株式数の定めの廃止及び定款一部変更に関する臨時株主総会開催のお知らせ"")",25,,,,,,16,,,,4 5 16 18 23,,,,,,,,,,,,,https://www.release.tdnet.info/inbs/140120260806512102.pdf
20260806,7094,G-NexTone,説明資料,"=HYPERLINK(""https://www.release.tdnet.info/inbs/140120260805510147.pdf"", ""2027年3月期 第1四半期決算説明資料"")","=HYPERLINK(""pdf_tmp/20260806/7094_1300_G-NexTone_2027年3月期 第1四半期決算説明資料.pdf"", ""2027年3月期 第1四半期決算説明資料"")",,,11,,,,,,,,3 5 52,6,,,,,,,,,,,,https://www.release.tdnet.info/inbs/140120260805510147.pdf
20260806,7966,リンテック,決算短信,"=HYPERLINK(""https://www.release.tdnet.info/inbs/140120260805510715.pdf"", ""2027年3月期 第1四半期決算短信〔日本基準〕(連結)"")","=HYPERLINK(""pdf_tmp/20260806/7966_1300_リンテック_2027年3月期 第1四半期決算短信〔日本基準〕(連結).pdf"", ""2027年3月期 第1四半期決算短信〔日本基準〕(連結)"")",,,4 5,,,,,,,,4 5,,,,,,,,4,,,,,https://www.release.tdnet.info/inbs/140120260805510715.pdf
20260806,8130,サンゲツ,決算短信,"=HYPERLINK(""https://www.release.tdnet.info/inbs/140120260805509936.pdf"", ""2027年3月期 第1四半期決算短信〔日本基準〕(連結)"")","=HYPERLINK(""pdf_tmp/20260806/8130_1340_サンゲツ_2027年3月期 第1四半期決算短信〔日本基準〕(連結).pdf"", ""2027年3月期 第1四半期決算短信〔日本基準〕(連結)"")",,,4 5,,,,,,,,4,,,,,,,,5,,,,,https://www.release.tdnet.info/inbs/140120260805509936.pdf
20260806,9075,福山運,決算短信,"=HYPERLINK(""https://www.release.tdnet.info/inbs/140120260806511184.pdf"", ""2027年3月期 第1四半期決算短信〔日本基準〕(連結)"")","=HYPERLINK(""pdf_tmp/20260806/9075_1530_福山運_2027年3月期 第1四半期決算短信〔日本基準〕(連結).pdf"", ""2027年3月期 第1四半期決算短信〔日本基準〕(連結)"")",,,,4,,,,,,,4,,,,,,,,,,,4,,https://www.release.tdnet.info/inbs/140120260806511184.pdf
20260806,9076,セイノーHD,その他,"=HYPERLINK(""https://www.release.tdnet.info/inbs/140120260717595637.pdf"", ""2027年3月期第1四半期決算説明会資料"")","=HYPERLINK(""pdf_tmp/20260806/9076_1530_セイノーHD_2027年3月期第1四半期決算説明会資料.pdf"", ""2027年3月期第1四半期決算説明会資料"")",,,,,,,3 14,,,,5,3,,,,,,,,,,,,https://www.release.tdnet.info/inbs/140120260717595637.pdf
20260806,1332,ニッスイ,決算短信,"=HYPERLINK(""https://www.release.tdnet.info/inbs/140120260805510138.pdf"", ""2027年3月期 第1四半期決算短信〔日本基準〕(連結)"")","=HYPERLINK(""pdf_tmp/20260806/1332_1200_ニッスイ_2027年3月期 第1四半期決算短信〔日本基準〕(連結).pdf"", ""2027年3月期 第1四半期決算短信〔日本基準〕(連結)"")",,,5,,,,7,,,,,,,,,,,,,,,,,https://www.release.tdnet.info/inbs/140120260805510138.pdf
20260806,1899,福田組,決算短信,"=HYPERLINK(""https://www.release.tdnet.info/inbs/140120260806511752.pdf"", ""2026年12月期 第2四半期(中間期)決算短信〔日本基準〕(連結)"")","=HYPERLINK(""pdf_tmp/20260806/1899_1530_福田組_2026年12月期 第2四半期(中間期)決算短信〔日本基準〕(連結).pdf"", ""2026年12月期 第2四半期(中間期)決算短信〔日本基準〕(連結)"")",,,,,,,6,,,,,6,,,,,,,,,,,,https://www.release.tdnet.info/inbs/140120260806511752.pdf
20260806,1899,福田組,説明資料,"=HYPERLINK(""https://www.release.tdnet.info/inbs/140120260806512104.pdf"", ""2026年12月期 第2四半期決算説明資料"")","=HYPERLINK(""pdf_tmp/20260806/1899_1530_福田組_2026年12月期 第2四半期決算説明資料.pdf"", ""2026年12月期 第2四半期決算説明資料"")",,,,,,,7,,,,4 5,,,,,,,,,,,,,https://www.release.tdnet.info/inbs/140120260806512104.pdf
20260806,2587,サントリーBF,決算短信,"=HYPERLINK(""https://www.release.tdnet.info/inbs/140120260806511864.pdf"", ""2026年12月期 第2四半期(中間期)決算短信〔IFRS〕(連結)"")","=HYPERLINK(""pdf_tmp/20260806/2587_1400_サントリーBF_2026年12月期 第2四半期(中間期)決算短信〔IFRS〕(連結).pdf"", ""2026年12月期 第2四半期(中間期)決算短信〔IFRS〕(連結)"")",,,4 5,,,,,,,,2,,,,,,,,,,,,,https://www.release.tdnet.info/inbs/140120260806511864.pdf
20260806,2681,ゲオHD,決算短信,"=HYPERLINK(""https://www.release.tdnet.info/inbs/140120260805510561.pdf"", ""2027年3月期 第1四半期決算短信〔日本基準〕(連結)"")","=HYPERLINK(""pdf_tmp/20260806/2681_1530_ゲオHD_2027年3月期 第1四半期決算短信〔日本基準〕(連結).pdf"", ""2027年3月期 第1四半期決算短信〔日本基準〕(連結)"")",,,,,4,,,,,,4,,,,,,,,,,,,,https://www.release.tdnet.info/inbs/140120260805510561.pdf
20260806,2802,味の素,決算短信,"=HYPERLINK(""https://www.release.tdnet.info/inbs/140120260805509556.pdf"", ""2027年3月期 第1四半期決算短信〔IFRS〕(連結)"")","=HYPERLINK(""pdf_tmp/20260806/2802_1530_味の素_2027年3月期 第1四半期決算短信〔IFRS〕(連結).pdf"", ""2027年3月期 第1四半期決算短信〔IFRS〕(連結)"")",,,,,,,4,,,,5 6,,,,,,,,,,,,,https://www.release.tdnet.info/inbs/140120260805509556.pdf
20260806,2982,ADワークスグループ,決算短信,"=HYPERLINK(""https://www.release.tdnet.info/inbs/140120260806512109.pdf"", ""2026年12月期 第2四半期(中間期)決算短信〔日本基準〕(連結)"")","=HYPERLINK(""pdf_tmp/20260806/2982_1500_ADワークスグループ_2026年12月期 第2四半期(中間期)決算短信〔日本基準〕(連結).pdf"", ""2026年12月期 第2四半期(中間期)決算短信〔日本基準〕(連結)"")",,,,,,,,,,,8,,,,,,,,4,,,,,https://www.release.tdnet.info/inbs/140120260806512109.pdf
20260806,3101,東洋紡,その他,"=HYPERLINK(""https://www.release.tdnet.info/inbs/140120260805510599.pdf"", ""2026年度第1四半期決算説明"")","=HYPERLINK(""pdf_tmp/20260806/3101_1300_東洋紡_2026年度第1四半期決算説明.pdf"", ""2026年度第1四半期決算説明"")",,,,,,,,,,,,,,,10,,,,2 10 11,,,,,https://www.release.tdnet.info/inbs/140120260805510599.pdf
20260806,3101,東洋紡,決算短信,"=HYPERLINK(""https://www.release.tdnet.info/inbs/140120260805510566.pdf"", ""2027年3月期 第1四半期決算短信〔日本基準〕(連結)"")","=HYPERLINK(""pdf_tmp/20260806/3101_1300_東洋紡_2027年3月期 第1四半期決算短信〔日本基準〕(連結).pdf"", ""2027年3月期 第1四半期決算短信〔日本基準〕(連結)"")",,,,,,,,,,,,,,,4,,,,4,,,,,https://www.release.tdnet.info/inbs/140120260805510566.pdf
20260806,3107,ダイワボHD,決算短信,"=HYPERLINK(""https://www.release.tdnet.info/inbs/140120260805510716.pdf"", ""2027年3月期 第1四半期決算短信〔日本基準〕(連結)"")","=HYPERLINK(""pdf_tmp/20260806/3107_1530_ダイワボHD_2027年3月期 第1四半期決算短信〔日本基準〕(連結).pdf"", ""2027年3月期 第1四半期決算短信〔日本基準〕(連結)"")",,,,,4,,,,,,4,,,,,,,,,,,,,https://www.release.tdnet.info/inbs/140120260805510716.pdf
20260806,3242,アーバネット,その他,"=HYPERLINK(""https://www.release.tdnet.info/inbs/140120260806512100.pdf"", ""2026年6月期 決算説明会資料"")","=HYPERLINK(""pdf_tmp/20260806/3242_1600_アーバネット_2026年6月期 決算説明会資料.pdf"", ""2026年6月期 決算説明会資料"")",,,,,,,4,,,,7,,,,,,,,,,,,,https://www.release.tdnet.info/inbs/140120260806512100.pdf
20260806,3242,アーバネット,その他,"=HYPERLINK(""https://www.release.tdnet.info/inbs/140120260806511925.pdf"", ""剰余金の配当(増配)に関するお知らせ"")","=HYPERLINK(""pdf_tmp/20260806/3242_1600_アーバネット_剰余金の配当(増配)に関するお知らせ.pdf"", ""剰余金の配当(増配)に関するお知らせ"")",,,,,,1,,,,,,1,,,,,,,,,,,,https://www.release.tdnet.info/inbs/140120260806511925.pdf
20260806,3402,東レ,決算短信,"=HYPERLINK(""https://www.release.tdnet.info/inbs/140120260805510168.pdf"", ""2027年3月期  第1四半期決算短信〔IFRS〕(連結)"")","=HYPERLINK(""pdf_tmp/20260806/3402_1300_東レ_2027年3月期 第1四半期決算短信〔IFRS〕(連結).pdf"", ""2027年3月期  第1四半期決算短信〔IFRS〕(連結)"")",,,,4,,,,,,,,,,,,,,,4,,,,,https://www.release.tdnet.info/inbs/140120260805510168.pdf
20260806,3449,テクノフレックス,その他,"=HYPERLINK(""https://www.release.tdnet.info/inbs/140120260806511218.pdf"", ""2026年12月期 第2四半期(中間期)決算補足資料"")","=HYPERLINK(""pdf_tmp/20260806/3449_1530_テクノフレックス_2026年12月期 第2四半期(中間期)決算補足資料.pdf"", ""2026年12月期 第2四半期(中間期)決算補足資料"")",,,6,,,,,,,,,,,,,,21 24 25,,,,,,,https://www.release.tdnet.info/inbs/140120260806511218.pdf
20260806,3566,G-ユニネク,説明資料,"=HYPERLINK(""https://www.release.tdnet.info/inbs/140120260806511820.pdf"", ""2026年12月期第2四半期決算説明資料"")","=HYPERLINK(""pdf_tmp/20260806/3566_1700_G-ユニネク_2026年12月期第2四半期決算説明資料.pdf"", ""2026年12月期第2四半期決算説明資料"")",,,,,,,,,,,21,,,,,,,,,,,15 21,,https://www.release.tdnet.info/inbs/140120260806511820.pdf
20260806,3670,協立情報通信,説明資料,"=HYPERLINK(""https://www.release.tdnet.info/inbs/140120260805510205.pdf"", ""2027年3月期 第1四半期決算説明資料"")","=HYPERLINK(""pdf_tmp/20260806/3670_1600_協立情報通信_2027年3月期 第1四半期決算説明資料.pdf"", ""2027年3月期 第1四半期決算説明資料"")",,,,,,,,,,,14,,,,,,,,23,,,,,https://www.release.tdnet.info/inbs/140120260805510205.pdf
20260806,3698,CRI・MW,説明資料,"=HYPERLINK(""https://www.release.tdnet.info/inbs/140120260806511754.pdf"", ""2026年9月期第3四半期決算補足説明資料"")","=HYPERLINK(""pdf_tmp/20260806/3698_1530_CRI・MW_2026年9月期第3四半期決算補足説明資料.pdf"", ""2026年9月期第3四半期決算補足説明資料"")",,,,,,,,,,,31 33 37,,,,,,,,,,,19 45,,https://www.release.tdnet.info/inbs/140120260806511754.pdf
20260806,3796,いい生活,説明資料,"=HYPERLINK(""https://www.release.tdnet.info/inbs/140120260806512040.pdf"", ""2027年3月期 第1四半期 決算説明資料"")","=HYPERLINK(""pdf_tmp/20260806/3796_1530_いい生活_2027年3月期 第1四半期 決算説明資料.pdf"", ""2027年3月期 第1四半期 決算説明資料"")",,,,,,,,,,,35,,,,,,,,,,,44,,https://www.release.tdnet.info/inbs/140120260806512040.pdf
20260806,3834,朝日ネット,決算短信,"=HYPERLINK(""https://www.release.tdnet.info/inbs/140120260805510785.pdf"", ""2027年3月期 第1四半期決算短信〔日本基準〕(非連結)"")","=HYPERLINK(""pdf_tmp/20260806/3834_1530_朝日ネット_2027年3月期 第1四半期決算短信〔日本基準〕(非連結).pdf"", ""2027年3月期 第1四半期決算短信〔日本基準〕(非連結)"")",,,6,,6,,,,,,,,,,,,,,,,,,,https://www.release.tdnet.info/inbs/140120260805510785.pdf
20260806,3877,中越パル,説明資料,"=HYPERLINK(""https://www.release.tdnet.info/inbs/140120260805510169.pdf"", ""2026年度第1四半期 決算説明資料"")","=HYPERLINK(""pdf_tmp/20260806/3877_1530_中越パル_2026年度第1四半期 決算説明資料.pdf"", ""2026年度第1四半期 決算説明資料"")",,5,3,,,,,,,,,,,,,,,,,,,,,https://www.release.tdnet.info/inbs/140120260805510169.pdf
20260806,3901,マークラインズ,説明資料,"=HYPERLINK(""https://www.release.tdnet.info/inbs/140120260804508522.pdf"", ""2026年12月期 第2四半期(中間期)決算補足説明資料"")","=HYPERLINK(""pdf_tmp/20260806/3901_1530_マークラインズ_2026年12月期 第2四半期(中間期)決算補足説明資料.pdf"", ""2026年12月期 第2四半期(中間期)決算補足説明資料"")",,,15 19 20 23 31 33,,,,,,,,15,,,,,,,,,,,,,https://www.release.tdnet.info/inbs/140120260804508522.pdf
20260806,4025,多木化学,決算短信,"=HYPERLINK(""https://www.release.tdnet.info/inbs/140120260717596085.pdf"", ""令和8年12月期 第2四半期(中間期)決算短信〔日本基準〕(連結)"")","=HYPERLINK(""pdf_tmp/20260806/4025_1300_多木化学_令和8年12月期 第2四半期(中間期)決算短信〔日本基準〕(連結).pdf"", ""令和8年12月期 第2四半期(中間期)決算短信〔日本基準〕(連結)"")",,,,,4,,,,,,4,,,,,,,,,,,,,https://www.release.tdnet.info/inbs/140120260717596085.pdf
20260806,4112,保土谷化,説明資料,"=HYPERLINK(""https://www.release.tdnet.info/inbs/140120260806512551.pdf"", ""2026年度第1四半期決算説明資料"")","=HYPERLINK(""pdf_tmp/20260806/4112_1700_保土谷化_2026年度第1四半期決算説明資料.pdf"", ""2026年度第1四半期決算説明資料"")",,,,,,,,,,,14 15 16,,,,,,15,,,,,,,https://www.release.tdnet.info/inbs/140120260806512551.pdf
20260806,4112,保土谷化,決算短信,"=HYPERLINK(""https://www.release.tdnet.info/inbs/140120260806512495.pdf"", ""2027年3月期 第1四半期決算短信〔日本基準〕(連結)"")","=HYPERLINK(""pdf_tmp/20260806/4112_1700_保土谷化_2027年3月期 第1四半期決算短信〔日本基準〕(連結).pdf"", ""2027年3月期 第1四半期決算短信〔日本基準〕(連結)"")",,,,,,,,,,,4,,,,,,4,,,,,,,https://www.release.tdnet.info/inbs/140120260806512495.pdf
20260806,4116,大日精化,説明資料,"=HYPERLINK(""https://www.release.tdnet.info/inbs/140120260805509658.pdf"", ""2027年3月期 第1四半期決算補足説明資料"")","=HYPERLINK(""pdf_tmp/20260806/4116_1430_大日精化_2027年3月期 第1四半期決算補足説明資料.pdf"", ""2027年3月期 第1四半期決算補足説明資料"")",,,2,,,,,,,,2,,,,,,,,,,,,,https://www.release.tdnet.info/inbs/140120260805509658.pdf
20260806,4249,森六,その他,"=HYPERLINK(""https://www.release.tdnet.info/inbs/140120260805510941.pdf"", ""2027年3月期 第1四半期決算補足資料"")","=HYPERLINK(""pdf_tmp/20260806/4249_1400_森六_2027年3月期 第1四半期決算補足資料.pdf"", ""2027年3月期 第1四半期決算補足資料"")",,,6 8,,,,17,,,,,,,,,,,,,,,,,https://www.release.tdnet.info/inbs/140120260805510941.pdf
20260806,4293,セプテーニHD,予想の修正,"=HYPERLINK(""https://www.release.tdnet.info/inbs/140120260806511748.pdf"", ""2026年12月期通期連結業績予想の修正に関するお知らせ"")","=HYPERLINK(""pdf_tmp/20260806/4293_1530_セプテーニHD_2026年12月期通期連結業績予想の修正に関するお知らせ.pdf"", ""2026年12月期通期連結業績予想の修正に関するお知らせ"")",,,,,,,1,,,,,,,,,,,,2,,,,,https://www.release.tdnet.info/inbs/140120260806511748.pdf
20260806,4404,ミヨシ油脂,説明資料,"=HYPERLINK(""https://www.release.tdnet.info/inbs/140120260806512132.pdf"", ""2026年12月期第2四半期決算補足説明資料"")","=HYPERLINK(""pdf_tmp/20260806/4404_1600_ミヨシ油脂_2026年12月期第2四半期決算補足説明資料.pdf"", ""2026年12月期第2四半期決算補足説明資料"")",,,,3,,,,,,,17 27,,,,,,,,,,,,,https://www.release.tdnet.info/inbs/140120260806512132.pdf
20260806,4553,東和薬品,決算短信,"=HYPERLINK(""https://www.release.tdnet.info/inbs/140120260805510784.pdf"", ""2027年3月期 第1四半期決算短信[日本基準](連結)"")","=HYPERLINK(""pdf_tmp/20260806/4553_1530_東和薬品_2027年3月期 第1四半期決算短信[日本基準](連結).pdf"", ""2027年3月期 第1四半期決算短信[日本基準](連結)"")",,6,,,,,,,,,,,,,,,,,5,,,,,https://www.release.tdnet.info/inbs/140120260805510784.pdf
20260806,4553,東和薬品,説明資料,"=HYPERLINK(""https://www.release.tdnet.info/inbs/140120260805510818.pdf"", ""2027年3月期 第1四半期決算補足説明資料"")","=HYPERLINK(""pdf_tmp/20260806/4553_1530_東和薬品_2027年3月期 第1四半期決算補足説明資料.pdf"", ""2027年3月期 第1四半期決算補足説明資料"")",,,,,,,,,,8,,,,,,,,,5 8,,,,,https://www.release.tdnet.info/inbs/140120260805510818.pdf
20260806,4572,G-カルナバイオ,説明資料,"=HYPERLINK(""https://www.release.tdnet.info/inbs/140120260723598366.pdf"", ""2026年第2四半期決算説明資料"")","=HYPERLINK(""pdf_tmp/20260806/4572_1600_G-カルナバイオ_2026年第2四半期決算説明資料.pdf"", ""2026年第2四半期決算説明資料"")",,,,,,,,,,,2 33,,,,,,,,52,,,,,https://www.release.tdnet.info/inbs/140120260723598366.pdf
20260806,4849,エン,決算短信,"=HYPERLINK(""https://www.release.tdnet.info/inbs/140120260806511731.pdf"", ""2027年3月期第1四半期決算短信〔日本基準〕(連結)"")","=HYPERLINK(""pdf_tmp/20260806/4849_1530_エン_2027年3月期第1四半期決算短信〔日本基準〕(連結).pdf"", ""2027年3月期第1四半期決算短信〔日本基準〕(連結)"")",,,,,,,,,,,4,,,,5,,,,,,,,,https://www.release.tdnet.info/inbs/140120260806511731.pdf
20260806,5110,住友ゴム,決算短信,"=HYPERLINK(""https://www.release.tdnet.info/inbs/140120260805510431.pdf"", ""2026年12月期 第2四半期(中間期)決算短信〔IFRS〕(連結)"")","=HYPERLINK(""pdf_tmp/20260806/5110_1300_住友ゴム_2026年12月期 第2四半期(中間期)決算短信〔IFRS〕(連結).pdf"", ""2026年12月期 第2四半期(中間期)決算短信〔IFRS〕(連結)"")",,,,,6,,,,,,4,,,,,,,,,,,,,https://www.release.tdnet.info/inbs/140120260805510431.pdf
20260806,5161,西川ゴム,決算短信,"=HYPERLINK(""https://www.release.tdnet.info/inbs/140120260806511693.pdf"", ""2027年3月期 第1四半期決算短信〔日本基準〕(連結)"")","=HYPERLINK(""pdf_tmp/20260806/5161_1600_西川ゴム_2027年3月期 第1四半期決算短信〔日本基準〕(連結).pdf"", ""2027年3月期 第1四半期決算短信〔日本基準〕(連結)"")",,,4,,,,,,,,,,,,,,,,4,,,,,https://www.release.tdnet.info/inbs/140120260806511693.pdf
20260806,5391,A&Aマテリアル,決算短信,"=HYPERLINK(""https://www.release.tdnet.info/inbs/140120260806511798.pdf"", ""2027年3月期 第1四半期決算短信〔日本基準〕(連結)"")","=HYPERLINK(""pdf_tmp/20260806/5391_1500_A&Aマテリアル_2027年3月期 第1四半期決算短信〔日本基準〕(連結).pdf"", ""2027年3月期 第1四半期決算短信〔日本基準〕(連結)"")",,,5,,,,,,,,,,,,,,,,4,,,,,https://www.release.tdnet.info/inbs/140120260806511798.pdf
20260806,5535,ミガロHD,説明資料,"=HYPERLINK(""https://www.release.tdnet.info/inbs/140120260806511775.pdf"", ""2027年3月期 第1四半期 決算説明資料"")","=HYPERLINK(""pdf_tmp/20260806/5535_1530_ミガロHD_2027年3月期 第1四半期 決算説明資料.pdf"", ""2027年3月期 第1四半期 決算説明資料"")",,,,,,18 19,,,,,9 11 12 31,,,,,,,,,,,,,https://www.release.tdnet.info/inbs/140120260806511775.pdf
20260806,5541,大平洋金,決算短信,"=HYPERLINK(""https://www.release.tdnet.info/inbs/140120260804508483.pdf"", ""2027年3月期第1四半期決算短信〔日本基準〕(連結)"")","=HYPERLINK(""pdf_tmp/20260806/5541_1500_大平洋金_2027年3月期第1四半期決算短信〔日本基準〕(連結).pdf"", ""2027年3月期第1四半期決算短信〔日本基準〕(連結)"")",,,,,,,,,,,4,,,,,,,,,,,,4,https://www.release.tdnet.info/inbs/140120260804508483.pdf
20260806,5632,三菱製鋼,決算短信,"=HYPERLINK(""https://www.release.tdnet.info/inbs/140120260805510893.pdf"", ""2027年3月期第1四半期決算短信〔日本基準〕(連結)"")","=HYPERLINK(""pdf_tmp/20260806/5632_1500_三菱製鋼_2027年3月期第1四半期決算短信〔日本基準〕(連結).pdf"", ""2027年3月期第1四半期決算短信〔日本基準〕(連結)"")",,,,,,,,,,,,,,,,,,4,4,,,,,https://www.release.tdnet.info/inbs/140120260805510893.pdf
20260806,5711,三菱マ,決算短信,"=HYPERLINK(""https://www.release.tdnet.info/inbs/140120260721596624.pdf"", ""2027年3月期第1四半期決算短信〔日本基準〕(連結)"")","=HYPERLINK(""pdf_tmp/20260806/5711_1530_三菱マ_2027年3月期第1四半期決算短信〔日本基準〕(連結).pdf"", ""2027年3月期第1四半期決算短信〔日本基準〕(連結)"")",,,,,,,,,,,12,,,,,,,,12,,,,,https://www.release.tdnet.info/inbs/140120260721596624.pdf
20260806,5989,エイチワン,決算短信,"=HYPERLINK(""https://www.release.tdnet.info/inbs/140120260805509915.pdf"", ""2027年3月期 第1四半期決算短信〔IFRS〕(連結)"")","=HYPERLINK(""pdf_tmp/20260806/5989_1600_エイチワン_2027年3月期 第1四半期決算短信〔IFRS〕(連結).pdf"", ""2027年3月期 第1四半期決算短信〔IFRS〕(連結)"")",13,,,,,,,,,,4,,,,,,,,,,,,,https://www.release.tdnet.info/inbs/140120260805509915.pdf
20260806,6230,SANEI,説明資料,"=HYPERLINK(""https://www.release.tdnet.info/inbs/140120260805509192.pdf"", ""2027年3月期 第1四半期決算説明資料"")","=HYPERLINK(""pdf_tmp/20260806/6230_1100_SANEI_2027年3月期 第1四半期決算説明資料.pdf"", ""2027年3月期 第1四半期決算説明資料"")",,,3 5 8,,,,,,,,3,,,,,,,,,,,,,https://www.release.tdnet.info/inbs/140120260805509192.pdf
20260806,6272,レオン自機,決算短信,"=HYPERLINK(""https://www.release.tdnet.info/inbs/140120260805509332.pdf"", ""2027年3月期 第1四半期決算短信〔日本基準〕(連結)"")","=HYPERLINK(""pdf_tmp/20260806/6272_1300_レオン自機_2027年3月期 第1四半期決算短信〔日本基準〕(連結).pdf"", ""2027年3月期 第1四半期決算短信〔日本基準〕(連結)"")",,,,,4,,,,,,,,,,4,,,,,,,,,https://www.release.tdnet.info/inbs/140120260805509332.pdf
20260806,6284,ASB機械,その他,"=HYPERLINK(""https://www.release.tdnet.info/inbs/140120260805511023.pdf"", ""2026年9月期 第3四半期決算補足資料"")","=HYPERLINK(""pdf_tmp/20260806/6284_1600_ASB機械_2026年9月期 第3四半期決算補足資料.pdf"", ""2026年9月期 第3四半期決算補足資料"")",,,,,,,,,,,4 21,,,,,,,,,1,,,,https://www.release.tdnet.info/inbs/140120260805511023.pdf
20260806,6351,鶴見製,その他,"=HYPERLINK(""https://www.release.tdnet.info/inbs/140120260806511477.pdf"", ""業績予想の上方修正に関するお知らせ"")","=HYPERLINK(""pdf_tmp/20260806/6351_1400_鶴見製_業績予想の上方修正に関するお知らせ.pdf"", ""業績予想の上方修正に関するお知らせ"")",,,,,,,1 2,,,,2,,,,,,,,,,,,,https://www.release.tdnet.info/inbs/140120260806511477.pdf
20260806,6384,昭和真空,決算短信,"=HYPERLINK(""https://www.release.tdnet.info/inbs/140120260805510698.pdf"", ""2027年3月期 第1四半期決算短信〔日本基準〕(連結)"")","=HYPERLINK(""pdf_tmp/20260806/6384_1600_昭和真空_2027年3月期 第1四半期決算短信〔日本基準〕(連結).pdf"", ""2027年3月期 第1四半期決算短信〔日本基準〕(連結)"")",,4,,,,,,,,,,,,,,4,,,,,,,,https://www.release.tdnet.info/inbs/140120260805510698.pdf
20260806,6420,ガリレイ,決算短信,"=HYPERLINK(""https://www.release.tdnet.info/inbs/140120260804508497.pdf"", ""2027年3月期第1四半期決算短信〔日本基準〕(連結)"")","=HYPERLINK(""pdf_tmp/20260806/6420_1600_ガリレイ_2027年3月期第1四半期決算短信〔日本基準〕(連結).pdf"", ""2027年3月期第1四半期決算短信〔日本基準〕(連結)"")",,4,,,,,,,,,,,,,,,4,,,,,,,https://www.release.tdnet.info/inbs/140120260804508497.pdf
20260806,6448,ブラザー,決算短信,"=HYPERLINK(""https://www.release.tdnet.info/inbs/140120260805509777.pdf"", ""2027年3月期 第1四半期決算短信〔IFRS〕(連結)"")","=HYPERLINK(""pdf_tmp/20260806/6448_1530_ブラザー_2027年3月期 第1四半期決算短信〔IFRS〕(連結).pdf"", ""2027年3月期 第1四半期決算短信〔IFRS〕(連結)"")",,,,,,,7,,,,4 5,,,,,,,,,,,,,https://www.release.tdnet.info/inbs/140120260805509777.pdf
20260806,6448,ブラザー,説明資料,"=HYPERLINK(""https://www.release.tdnet.info/inbs/140120260806512047.pdf"", ""2027年3月期 第1四半期決算説明資料"")","=HYPERLINK(""pdf_tmp/20260806/6448_1530_ブラザー_2027年3月期 第1四半期決算説明資料.pdf"", ""2027年3月期 第1四半期決算説明資料"")",,,,,,,2 9 12,,,,2 4 6 7 10,,,,,,,,,,,,,https://www.release.tdnet.info/inbs/140120260806512047.pdf
20260806,6458,新晃工業,説明資料,"=HYPERLINK(""https://www.release.tdnet.info/inbs/140120260731504536.pdf"", ""2027年3月期 第1四半期決算補足説明資料"")","=HYPERLINK(""pdf_tmp/20260806/6458_1600_新晃工業_2027年3月期 第1四半期決算補足説明資料.pdf"", ""2027年3月期 第1四半期決算補足説明資料"")",,,,4 11 12,,,,,,,,,,,,,,,10,,,,,https://www.release.tdnet.info/inbs/140120260731504536.pdf
20260806,6544,JESHD,その他,"=HYPERLINK(""https://www.release.tdnet.info/inbs/140120260806512172.pdf"", ""2027年3月期 第1四半期 決算補足資料"")","=HYPERLINK(""pdf_tmp/20260806/6544_1530_JESHD_2027年3月期 第1四半期 決算補足資料.pdf"", ""2027年3月期 第1四半期 決算補足資料"")",,,,,,,,,,,3 4 5,,,,,,,,,,,12 13 15,,https://www.release.tdnet.info/inbs/140120260806512172.pdf
20260806,6551,ツナグGHD,説明資料,"=HYPERLINK(""https://www.release.tdnet.info/inbs/140120260806512173.pdf"", ""2026年9月期 第3四半期決算説明資料"")","=HYPERLINK(""pdf_tmp/20260806/6551_1530_ツナグGHD_2026年9月期 第3四半期決算説明資料.pdf"", ""2026年9月期 第3四半期決算説明資料"")",,,18 19,,,,,,,,19,,,,,,,,,,,,,https://www.release.tdnet.info/inbs/140120260806512173.pdf
20260806,6590,芝浦,説明資料,"=HYPERLINK(""https://www.release.tdnet.info/inbs/140120260805509348.pdf"", ""2027年3月期 第1四半期決算説明資料"")","=HYPERLINK(""pdf_tmp/20260806/6590_1500_芝浦_2027年3月期 第1四半期決算説明資料.pdf"", ""2027年3月期 第1四半期決算説明資料"")",,,,,,,,,,,2 3 5,,,,,,,,,8 11,,,,https://www.release.tdnet.info/inbs/140120260805509348.pdf
20260806,6769,ザイン,決算短信,"=HYPERLINK(""https://www.release.tdnet.info/inbs/140120260805510421.pdf"", ""2026年12月期 第2四半期(中間期)決算短信 [日本基準] (連結)"")","=HYPERLINK(""pdf_tmp/20260806/6769_1530_ザイン_2026年12月期 第2四半期(中間期)決算短信 [日本基準] (連結).pdf"", ""2026年12月期 第2四半期(中間期)決算短信 [日本基準] (連結)"")",,,4,,,,,,,,4 5,,,,,,,,,,,,,https://www.release.tdnet.info/inbs/140120260805510421.pdf
20260806,6771,池上通,決算短信,"=HYPERLINK(""https://www.release.tdnet.info/inbs/140120260806511893.pdf"", ""2027年3月期第1四半期決算短信〔日本基準〕(連結)"")","=HYPERLINK(""pdf_tmp/20260806/6771_1530_池上通_2027年3月期第1四半期決算短信〔日本基準〕(連結).pdf"", ""2027年3月期第1四半期決算短信〔日本基準〕(連結)"")",,,,,,,,,,,4,,,,,,,,4,,,,,https://www.release.tdnet.info/inbs/140120260806511893.pdf
20260806,6787,メイコー,決算短信,"=HYPERLINK(""https://www.release.tdnet.info/inbs/140120260805510731.pdf"", ""2027年3月期第1四半期決算短信〔日本基準〕(連結)"")","=HYPERLINK(""pdf_tmp/20260806/6787_1530_メイコー_2027年3月期第1四半期決算短信〔日本基準〕(連結).pdf"", ""2027年3月期第1四半期決算短信〔日本基準〕(連結)"")",,5,,,,,,,,,5,,,,,,,,,,,,,https://www.release.tdnet.info/inbs/140120260805510731.pdf
20260806,6849,日本光電,決算短信,"=HYPERLINK(""https://www.release.tdnet.info/inbs/140120260805510184.pdf"", ""2027年3月期 第1四半期決算短信〔日本基準〕(連結)"")","=HYPERLINK(""pdf_tmp/20260806/6849_1530_日本光電_2027年3月期 第1四半期決算短信〔日本基準〕(連結).pdf"", ""2027年3月期 第1四半期決算短信〔日本基準〕(連結)"")",,,,,,,,,,,4,,,,,,,,4,,,,,https://www.release.tdnet.info/inbs/140120260805510184.pdf
20260806,6859,エスペック,決算短信,"=HYPERLINK(""https://www.release.tdnet.info/inbs/140120260806512009.pdf"", ""2027年3月期 第1四半期決算短信〔日本基準〕(連結)"")","=HYPERLINK(""pdf_tmp/20260806/6859_1500_エスペック_2027年3月期 第1四半期決算短信〔日本基準〕(連結).pdf"", ""2027年3月期 第1四半期決算短信〔日本基準〕(連結)"")",,,,,,,,,,,5,,,,,4,,,,,,,,https://www.release.tdnet.info/inbs/140120260806512009.pdf
20260806,7018,内海造,決算短信,"=HYPERLINK(""https://www.release.tdnet.info/inbs/140120260805509373.pdf"", ""2027年3月期 第1四半期決算短信〔日本基準〕(連結)"")","=HYPERLINK(""pdf_tmp/20260806/7018_1530_内海造_2027年3月期 第1四半期決算短信〔日本基準〕(連結).pdf"", ""2027年3月期 第1四半期決算短信〔日本基準〕(連結)"")",,,,,4,,,,,,,,,,,,,,4,,,,,https://www.release.tdnet.info/inbs/140120260805509373.pdf
20260806,7089,G-フォースタ,決算短信,"=HYPERLINK(""https://www.release.tdnet.info/inbs/140120260806511659.pdf"", ""2027年3月期 第1四半期決算短信〔日本基準〕(連結)"")","=HYPERLINK(""pdf_tmp/20260806/7089_1530_G-フォースタ_2027年3月期 第1四半期決算短信〔日本基準〕(連結).pdf"", ""2027年3月期 第1四半期決算短信〔日本基準〕(連結)"")",,,,,4,,,,,,4,,,,,,,,,,,,,https://www.release.tdnet.info/inbs/140120260806511659.pdf
20260806,7090,G-リグア,説明資料,"=HYPERLINK(""https://www.release.tdnet.info/inbs/140120260805511038.pdf"", ""2027年3月期 第1四半期決算説明資料"")","=HYPERLINK(""pdf_tmp/20260806/7090_1530_G-リグア_2027年3月期 第1四半期決算説明資料.pdf"", ""2027年3月期 第1四半期決算説明資料"")",,26,,,,,,,,,3,,,,,,,,,,,,,https://www.release.tdnet.info/inbs/140120260805511038.pdf
20260806,7212,エフテック,決算短信,"=HYPERLINK(""https://www.release.tdnet.info/inbs/140120260805510170.pdf"", ""2027年3月期 第1四半期決算短信〔日本基準〕(連結)"")","=HYPERLINK(""pdf_tmp/20260806/7212_1530_エフテック_2027年3月期 第1四半期決算短信〔日本基準〕(連結).pdf"", ""2027年3月期 第1四半期決算短信〔日本基準〕(連結)"")",,,,,,,,,,,4,,,,,,,,4,,,,,https://www.release.tdnet.info/inbs/140120260805510170.pdf
20260806,7226,極東開,決算短信,"=HYPERLINK(""https://www.release.tdnet.info/inbs/140120260806512012.pdf"", ""2027年3月期 第1四半期決算短信〔日本基準〕(連結)"")","=HYPERLINK(""pdf_tmp/20260806/7226_1530_極東開_2027年3月期 第1四半期決算短信〔日本基準〕(連結).pdf"", ""2027年3月期 第1四半期決算短信〔日本基準〕(連結)"")",,,4,,,,,,,,4,,,,,,,,,,,,,https://www.release.tdnet.info/inbs/140120260806512012.pdf
20260806,7271,安永,決算短信,"=HYPERLINK(""https://www.release.tdnet.info/inbs/140120260806511669.pdf"", ""2027年3月期第1四半期決算短信〔日本基準〕(連結)"")","=HYPERLINK(""pdf_tmp/20260806/7271_1530_安永_2027年3月期第1四半期決算短信〔日本基準〕(連結).pdf"", ""2027年3月期第1四半期決算短信〔日本基準〕(連結)"")",,,,,,,,,,,,4,,,,,,,4,,,,,https://www.release.tdnet.info/inbs/140120260806511669.pdf
20260806,7628,オーハシテクニカ,決算短信,"=HYPERLINK(""https://www.release.tdnet.info/inbs/140120260806512318.pdf"", ""2027年3月期第1四半期決算短信〔日本基準〕(連結)"")","=HYPERLINK(""pdf_tmp/20260806/7628_1530_オーハシテクニカ_2027年3月期第1四半期決算短信〔日本基準〕(連結).pdf"", ""2027年3月期第1四半期決算短信〔日本基準〕(連結)"")",,4,4,,,,,,,,,,,,,,,,,,,,,https://www.release.tdnet.info/inbs/140120260806512318.pdf
20260806,7826,フルヤ金属,その他,"=HYPERLINK(""https://www.release.tdnet.info/inbs/140120260806511724.pdf"", ""中期経営計画の見直しに関するお知らせ"")","=HYPERLINK(""pdf_tmp/20260806/7826_1530_フルヤ金属_中期経営計画の見直しに関するお知らせ.pdf"", ""中期経営計画の見直しに関するお知らせ"")",,5,,,,,,,,,,,,,,,,,,,,,14,https://www.release.tdnet.info/inbs/140120260806511724.pdf
20260806,7927,ムトー精工,決算短信,"=HYPERLINK(""https://www.release.tdnet.info/inbs/140120260805510519.pdf"", ""2027年3月期第1四半期決算短信〔日本基準〕(連結)"")","=HYPERLINK(""pdf_tmp/20260806/7927_1540_ムトー精工_2027年3月期第1四半期決算短信〔日本基準〕(連結).pdf"", ""2027年3月期第1四半期決算短信〔日本基準〕(連結)"")",,,,,4,,,,,,4,,,,,,,,,,,,,https://www.release.tdnet.info/inbs/140120260805510519.pdf
20260806,7972,イトーキ,説明資料,"=HYPERLINK(""https://www.release.tdnet.info/inbs/140120260806511452.pdf"", ""2026年12月期第2四半期(中間期)決算補足説明資料"")","=HYPERLINK(""pdf_tmp/20260806/7972_1530_イトーキ_2026年12月期第2四半期(中間期)決算補足説明資料.pdf"", ""2026年12月期第2四半期(中間期)決算補足説明資料"")",,,6,,,,,,,,3,,,,,,,,,,,,,https://www.release.tdnet.info/inbs/140120260806511452.pdf
20260806,7992,セーラー,決算短信,"=HYPERLINK(""https://www.release.tdnet.info/inbs/140120260805510345.pdf"", ""2026年12月期 第2四半期(中間期)決算短信〔日本基準〕(連結)"")","=HYPERLINK(""pdf_tmp/20260806/7992_1530_セーラー_2026年12月期 第2四半期(中間期)決算短信〔日本基準〕(連結).pdf"", ""2026年12月期 第2四半期(中間期)決算短信〔日本基準〕(連結)"")",,,4,,,,,,,,,,,,,,,,5,,,,,https://www.release.tdnet.info/inbs/140120260805510345.pdf
20260806,8075,神鋼商,説明資料,"=HYPERLINK(""https://www.release.tdnet.info/inbs/140120260806511768.pdf"", ""2026年度第1四半期決算説明資料"")","=HYPERLINK(""pdf_tmp/20260806/8075_1245_神鋼商_2026年度第1四半期決算説明資料.pdf"", ""2026年度第1四半期決算説明資料"")",,,,,8,,2,,,,,,,,,,,,,,,,,https://www.release.tdnet.info/inbs/140120260806511768.pdf
20260806,8830,住友不,決算短信,"=HYPERLINK(""https://www.release.tdnet.info/inbs/140120260805510816.pdf"", ""2027年3月期 第1四半期決算短信[日本基準](連結)"")","=HYPERLINK(""pdf_tmp/20260806/8830_1530_住友不_2027年3月期 第1四半期決算短信[日本基準](連結).pdf"", ""2027年3月期 第1四半期決算短信[日本基準](連結)"")",,,,,4 5,,,,,,5,,,,,,,,,,,,,https://www.release.tdnet.info/inbs/140120260805510816.pdf
20260806,9519,レノバ,決算短信,"=HYPERLINK(""https://www.release.tdnet.info/inbs/140120260805510352.pdf"", ""2027年3月期第1四半期決算短信〔IFRS〕(連結)"")","=HYPERLINK(""pdf_tmp/20260806/9519_1530_レノバ_2027年3月期第1四半期決算短信〔IFRS〕(連結).pdf"", ""2027年3月期第1四半期決算短信〔IFRS〕(連結)"")",,4,,,,,,,,,4,,,,,,,,,,,,,https://www.release.tdnet.info/inbs/140120260805510352.pdf
20260806,9722,藤田観,説明資料,"=HYPERLINK(""https://www.release.tdnet.info/inbs/140120260805510050.pdf"", ""2026年12月期 第2四半期(中間期) 決算説明資料"")","=HYPERLINK(""pdf_tmp/20260806/9722_1530_藤田観_2026年12月期 第2四半期(中間期) 決算説明資料.pdf"", ""2026年12月期 第2四半期(中間期) 決算説明資料"")",,,,,,,12,,,,2,,,,,,,,,,,,,https://www.release.tdnet.info/inbs/140120260805510050.pdf
20260806,9984,ソフトバンクグループ,決算短信,"=HYPERLINK(""https://www.release.tdnet.info/inbs/140120260805510515.pdf"", ""2027年3月期 第1四半期決算短信〔IFRS〕(連結)"")","=HYPERLINK(""pdf_tmp/20260806/9984_1530_ソフトバンクグループ_2027年3月期 第1四半期決算短信〔IFRS〕(連結).pdf"", ""2027年3月期 第1四半期決算短信〔IFRS〕(連結)"")",,,,,,,,,,,61,,,,,,,,5 20 21,,,,,https://www.release.tdnet.info/inbs/140120260805510515.pdf
20260806,1515,日鉄鉱,説明資料,"=HYPERLINK(""https://www.release.tdnet.info/inbs/140120260806512016.pdf"", ""2026年度(2027年3月期)第1四半期 決算説明資料"")","=HYPERLINK(""pdf_tmp/20260806/1515_1500_日鉄鉱_2026年度(2027年3月期)第1四半期 決算説明資料.pdf"", ""2026年度(2027年3月期)第1四半期 決算説明資料"")",,,,,,,,,,,,,,,,,,,4,,,,,https://www.release.tdnet.info/inbs/140120260806512016.pdf
20260806,1515,日鉄鉱,決算短信,"=HYPERLINK(""https://www.release.tdnet.info/inbs/140120260806511980.pdf"", ""2027年3月期 第1四半期決算短信〔日本基準〕(連結)"")","=HYPERLINK(""pdf_tmp/20260806/1515_1500_日鉄鉱_2027年3月期 第1四半期決算短信〔日本基準〕(連結).pdf"", ""2027年3月期 第1四半期決算短信〔日本基準〕(連結)"")",,,,,,,,,,,,,,,,,,,4,,,,,https://www.release.tdnet.info/inbs/140120260806511980.pdf
20260806,166A,タスキHD,その他,"=HYPERLINK(""https://www.release.tdnet.info/inbs/140120260806512046.pdf"", ""2026年9月期第3四半期決算発表後の質疑応答について"")","=HYPERLINK(""pdf_tmp/20260806/166A_1530_タスキHD_2026年9月期第3四半期決算発表後の質疑応答について.pdf"", ""2026年9月期第3四半期決算発表後の質疑応答について"")",,,,1,,,,,,,,,,,,,,,,,,,,https://www.release.tdnet.info/inbs/140120260806512046.pdf
20260806,1780,ヤマウラ,決算短信,"=HYPERLINK(""https://www.release.tdnet.info/inbs/140120260805510603.pdf"", ""2027年3月期 第1四半期決算短信〔日本基準〕(連結)"")","=HYPERLINK(""pdf_tmp/20260806/1780_1200_ヤマウラ_2027年3月期 第1四半期決算短信〔日本基準〕(連結).pdf"", ""2027年3月期 第1四半期決算短信〔日本基準〕(連結)"")",,,,,,,,,,,,4,,,,,,,,,,,,https://www.release.tdnet.info/inbs/140120260805510603.pdf
20260806,1801,大成建,決算短信,"=HYPERLINK(""https://www.release.tdnet.info/inbs/140120260731505707.pdf"", ""2027年3月期 第1四半期決算短信〔日本基準〕(連結)"")","=HYPERLINK(""pdf_tmp/20260806/1801_1300_大成建_2027年3月期 第1四半期決算短信〔日本基準〕(連結).pdf"", ""2027年3月期 第1四半期決算短信〔日本基準〕(連結)"")",,,,,,,,,,,,,,,,,,,6,,,,,https://www.release.tdnet.info/inbs/140120260731505707.pdf
20260806,1808,長谷工,説明資料,"=HYPERLINK(""https://www.release.tdnet.info/inbs/140120260806511331.pdf"", ""2027年3月期 第1四半期決算説明資料"")","=HYPERLINK(""pdf_tmp/20260806/1808_1530_長谷工_2027年3月期 第1四半期決算説明資料.pdf"", ""2027年3月期 第1四半期決算説明資料"")",,,,,,,,,,,4 7 14,,,,,,,,,,,,,https://www.release.tdnet.info/inbs/140120260806511331.pdf
20260806,1826,佐田建,決算短信,"=HYPERLINK(""https://www.release.tdnet.info/inbs/140120260806511209.pdf"", ""2027年3月期 第1四半期決算短信[日本基準](連結)"")","=HYPERLINK(""pdf_tmp/20260806/1826_1500_佐田建_2027年3月期 第1四半期決算短信[日本基準](連結).pdf"", ""2027年3月期 第1四半期決算短信[日本基準](連結)"")",,,,4,,,,,,,,,,,,,,,,,,,,https://www.release.tdnet.info/inbs/140120260806511209.pdf
20260806,1852,浅沼組,その他,"=HYPERLINK(""https://www.release.tdnet.info/inbs/140120260727599996.pdf"", ""2027年3月期 第1四半期決算補足資料"")","=HYPERLINK(""pdf_tmp/20260806/1852_1530_浅沼組_2027年3月期 第1四半期決算補足資料.pdf"", ""2027年3月期 第1四半期決算補足資料"")",,,,,,,,,,,3,,,,,,,,,,,,,https://www.release.tdnet.info/inbs/140120260727599996.pdf
20260806,1866,北野建,決算短信,"=HYPERLINK(""https://www.release.tdnet.info/inbs/140120260806511631.pdf"", ""令和9年3月期 第1四半期決算短信〔日本基準〕(連結)"")","=HYPERLINK(""pdf_tmp/20260806/1866_1530_北野建_令和9年3月期 第1四半期決算短信〔日本基準〕(連結).pdf"", ""令和9年3月期 第1四半期決算短信〔日本基準〕(連結)"")",,,,,,,,,,,,,,,,,,,4,,,,,https://www.release.tdnet.info/inbs/140120260806511631.pdf
20260806,1899,福田組,予想の修正,"=HYPERLINK(""https://www.release.tdnet.info/inbs/140120260806512022.pdf"", ""業績予想及び配当予想の修正(増配)に関するお知らせ"")","=HYPERLINK(""pdf_tmp/20260806/1899_1530_福田組_業績予想及び配当予想の修正(増配)に関するお知らせ.pdf"", ""業績予想及び配当予想の修正(増配)に関するお知らせ"")",,,,,,,,,,,,2,,,,,,,,,,,,https://www.release.tdnet.info/inbs/140120260806512022.pdf
20260806,1925,大和ハウス,決算短信,"=HYPERLINK(""https://www.release.tdnet.info/inbs/140120260805509275.pdf"", ""2027年3月期 第1四半期決算短信〔日本基準〕(連結)"")","=HYPERLINK(""pdf_tmp/20260806/1925_1530_大和ハウス_2027年3月期 第1四半期決算短信〔日本基準〕(連結).pdf"", ""2027年3月期 第1四半期決算短信〔日本基準〕(連結)"")",,,,,,,,4,,,,,,,,,,,,,,,,https://www.release.tdnet.info/inbs/140120260805509275.pdf
20260806,1938,日リーテック,決算短信,"=HYPERLINK(""https://www.release.tdnet.info/inbs/140120260805510225.pdf"", ""2027年3月期 第1四半期決算短信〔日本基準〕(連結)"")","=HYPERLINK(""pdf_tmp/20260806/1938_1430_日リーテック_2027年3月期 第1四半期決算短信〔日本基準〕(連結).pdf"", ""2027年3月期 第1四半期決算短信〔日本基準〕(連結)"")",4,,,,,,,,,,,,,,,,,,,,,,,https://www.release.tdnet.info/inbs/140120260805510225.pdf
20260806,1945,東京エネシス,決算短信,"=HYPERLINK(""https://www.release.tdnet.info/inbs/140120260805509829.pdf"", ""2027年3月期 第1四半期決算短信〔日本基準〕(連結)"")","=HYPERLINK(""pdf_tmp/20260806/1945_1630_東京エネシス_2027年3月期 第1四半期決算短信〔日本基準〕(連結).pdf"", ""2027年3月期 第1四半期決算短信〔日本基準〕(連結)"")",,,,,,,,,,,,,,,,,,,4,,,,,https://www.release.tdnet.info/inbs/140120260805509829.pdf
20260806,1982,日比谷設,説明資料,"=HYPERLINK(""https://www.release.tdnet.info/inbs/140120260806511695.pdf"", ""2027年3月期 第1四半期決算説明資料"")","=HYPERLINK(""pdf_tmp/20260806/1982_1230_日比谷設_2027年3月期 第1四半期決算説明資料.pdf"", ""2027年3月期 第1四半期決算説明資料"")",,,,,,,,,,,2 4 5,,,,,,,,,,,,,https://www.release.tdnet.info/inbs/140120260806511695.pdf
20260806,2001,ニップン,その他,"=HYPERLINK(""https://www.release.tdnet.info/inbs/140120260806511431.pdf"", ""(株)ニップン 第1四半期連結累計期間の業績および通期連結業績予想"")","=HYPERLINK(""pdf_tmp/20260806/2001_1600_ニップン_(株)ニップン 第1四半期連結累計期間の業績および通期連結業績予想.pdf"", ""(株)ニップン 第1四半期連結累計期間の業績および通期連結業績予想"")",,,1,,,,,,,,,,,,,,,,,,,,,https://www.release.tdnet.info/inbs/140120260806511431.pdf
20260806,2001,ニップン,決算短信,"=HYPERLINK(""https://www.release.tdnet.info/inbs/140120260806511446.pdf"", ""2027年3月期 第1四半期決算短信〔日本基準〕(連結)"")","=HYPERLINK(""pdf_tmp/20260806/2001_1600_ニップン_2027年3月期 第1四半期決算短信〔日本基準〕(連結).pdf"", ""2027年3月期 第1四半期決算短信〔日本基準〕(連結)"")",,,4 5,,,,,,,,,,,,,,,,,,,,,https://www.release.tdnet.info/inbs/140120260806511446.pdf
20260806,2109,DM三井製糖,決算短信,"=HYPERLINK(""https://www.release.tdnet.info/inbs/140120260804508436.pdf"", ""2027年3月期 第1四半期決算短信〔日本基準〕(連結)(公認会計士等による期中レビューの完了)"")","=HYPERLINK(""pdf_tmp/20260806/2109_1500_DM三井製糖_2027年3月期 第1四半期決算短信〔日本基準〕(連結)(公認会計士等による期中レビューの完了).pdf"", ""2027年3月期 第1四半期決算短信〔日本基準〕(連結)(公認会計士等による期中レビューの完了)"")",,5,,,,,,,,,,,,,,,,,,,,,,https://www.release.tdnet.info/inbs/140120260804508436.pdf
20260806,2117,ウェルネオシュガー,決算短信,"=HYPERLINK(""https://www.release.tdnet.info/inbs/140120260729502574.pdf"", ""2027年3月期第1四半期決算短信〔IFRS〕(連結)"")","=HYPERLINK(""pdf_tmp/20260806/2117_1300_ウェルネオシュガー_2027年3月期第1四半期決算短信〔IFRS〕(連結).pdf"", ""2027年3月期第1四半期決算短信〔IFRS〕(連結)"")",,4,,,,,,,,,,,,,,,,,,,,,,https://www.release.tdnet.info/inbs/140120260729502574.pdf
20260806,2185,シイエム・シイ,決算短信,"=HYPERLINK(""https://www.release.tdnet.info/inbs/140120260803506463.pdf"", ""2026年9月期第3四半期決算短信〔日本基準〕(連結)"")","=HYPERLINK(""pdf_tmp/20260806/2185_1500_シイエム・シイ_2026年9月期第3四半期決算短信〔日本基準〕(連結).pdf"", ""2026年9月期第3四半期決算短信〔日本基準〕(連結)"")",,,,,,,,,,,,,,,,,,,4,,,,,https://www.release.tdnet.info/inbs/140120260803506463.pdf
20260806,2201,森永菓,決算短信,"=HYPERLINK(""https://www.release.tdnet.info/inbs/140120260805510027.pdf"", ""2027年3月期第1四半期決算短信〔日本基準〕(連結)"")","=HYPERLINK(""pdf_tmp/20260806/2201_1530_森永菓_2027年3月期第1四半期決算短信〔日本基準〕(連結).pdf"", ""2027年3月期第1四半期決算短信〔日本基準〕(連結)"")",,,4 5 18,,,,,,,,,,,,,,,,,,,,,https://www.release.tdnet.info/inbs/140120260805510027.pdf
20260806,2573,北海コカ,決算短信,"=HYPERLINK(""https://www.release.tdnet.info/inbs/140120260514535017.pdf"", ""2026年12月期 第2四半期(中間期)決算短信〔日本基準〕(連結)"")","=HYPERLINK(""pdf_tmp/20260806/2573_1600_北海コカ_2026年12月期 第2四半期(中間期)決算短信〔日本基準〕(連結).pdf"", ""2026年12月期 第2四半期(中間期)決算短信〔日本基準〕(連結)"")",,,,,,,,,,,,,,,,,,,4,,,,,https://www.release.tdnet.info/inbs/140120260514535017.pdf
20260806,2587,サントリーBF,その他,"=HYPERLINK(""https://www.release.tdnet.info/inbs/140120260806511955.pdf"", ""2026年度 第2四半期 決算説明会"")","=HYPERLINK(""pdf_tmp/20260806/2587_1400_サントリーBF_2026年度 第2四半期 決算説明会.pdf"", ""2026年度 第2四半期 決算説明会"")",,,2 11 12 15,,,,,,,,,,,,,,,,,,,,,https://www.release.tdnet.info/inbs/140120260806511955.pdf
20260806,2700,木徳神糧,決算短信,"=HYPERLINK(""https://www.release.tdnet.info/inbs/140120260803507493.pdf"", ""2026年12月期 第2四半期(中間期)決算短信〔日本基準〕(連結)"")","=HYPERLINK(""pdf_tmp/20260806/2700_1530_木徳神糧_2026年12月期 第2四半期(中間期)決算短信〔日本基準〕(連結).pdf"", ""2026年12月期 第2四半期(中間期)決算短信〔日本基準〕(連結)"")",,,,,,,,,,,4,,,,,,,,,,,,,https://www.release.tdnet.info/inbs/140120260803507493.pdf
20260806,2802,味の素,予想の修正,"=HYPERLINK(""https://www.release.tdnet.info/inbs/140120260805509642.pdf"", ""通期連結業績予想の修正に関するお知らせ"")","=HYPERLINK(""pdf_tmp/20260806/2802_1530_味の素_通期連結業績予想の修正に関するお知らせ.pdf"", ""通期連結業績予想の修正に関するお知らせ"")",,,,,,,1,,,,,,,,,,,,,,,,,https://www.release.tdnet.info/inbs/140120260805509642.pdf
20260806,300A,MIC,決算短信,"=HYPERLINK(""https://www.release.tdnet.info/inbs/140120260805510915.pdf"", ""2027年3月期第1四半期決算短信〔日本基準〕(非連結)"")","=HYPERLINK(""pdf_tmp/20260806/300A_1600_MIC_2027年3月期第1四半期決算短信〔日本基準〕(非連結).pdf"", ""2027年3月期第1四半期決算短信〔日本基準〕(非連結)"")",,,,,,,,,,,,,,,,4,,,,,,,,https://www.release.tdnet.info/inbs/140120260805510915.pdf
20260806,300A,MIC,説明資料,"=HYPERLINK(""https://www.release.tdnet.info/inbs/140120260806511456.pdf"", ""2027年3月期第1四半期決算説明資料"")","=HYPERLINK(""pdf_tmp/20260806/300A_1600_MIC_2027年3月期第1四半期決算説明資料.pdf"", ""2027年3月期第1四半期決算説明資料"")",,,,,,,,,,,41,,,,,,,,,,,,,https://www.release.tdnet.info/inbs/140120260806511456.pdf
20260806,3024,クリエイト,その他,"=HYPERLINK(""https://www.release.tdnet.info/inbs/140120260806511341.pdf"", ""業績予想及び配当予想並びに中期経営計画の見直しに関するお知らせ"")","=HYPERLINK(""pdf_tmp/20260806/3024_1530_クリエイト_業績予想及び配当予想並びに中期経営計画の見直しに関するお知らせ.pdf"", ""業績予想及び配当予想並びに中期経営計画の見直しに関するお知らせ"")",,,,,,,,,,,,,,,,,,,2,,,,,https://www.release.tdnet.info/inbs/140120260806511341.pdf
20260806,3028,アルペン,決算短信,"=HYPERLINK(""https://www.release.tdnet.info/inbs/140120260805509266.pdf"", ""2026年6月期 決算短信〔日本基準〕(連結)"")","=HYPERLINK(""pdf_tmp/20260806/3028_1530_アルペン_2026年6月期 決算短信〔日本基準〕(連結).pdf"", ""2026年6月期 決算短信〔日本基準〕(連結)"")",,,,,,,,,,,,,,,,,,,,,,6,,https://www.release.tdnet.info/inbs/140120260805509266.pdf
20260806,3101,東洋紡,その他,"=HYPERLINK(""https://www.release.tdnet.info/inbs/140120260805510614.pdf"", ""通期連結業績予想および配当予想に関するお知らせ"")","=HYPERLINK(""pdf_tmp/20260806/3101_1300_東洋紡_通期連結業績予想および配当予想に関するお知らせ.pdf"", ""通期連結業績予想および配当予想に関するお知らせ"")",,,,,,,,,,,,,,,,,,,1,,,,,https://www.release.tdnet.info/inbs/140120260805510614.pdf
20260806,3105,日清紡HD,決算短信,"=HYPERLINK(""https://www.release.tdnet.info/inbs/140120260806511135.pdf"", ""2026年12月期 第2四半期(中間期)決算短信〔日本基準〕(連結)"")","=HYPERLINK(""pdf_tmp/20260806/3105_1130_日清紡HD_2026年12月期 第2四半期(中間期)決算短信〔日本基準〕(連結).pdf"", ""2026年12月期 第2四半期(中間期)決算短信〔日本基準〕(連結)"")",,,,,,,,,,,,,,,,,,,5 13,,,,,https://www.release.tdnet.info/inbs/140120260806511135.pdf
20260806,3355,クリヤマHD,決算短信,"=HYPERLINK(""https://www.release.tdnet.info/inbs/140120260708589951.pdf"", ""2026年12月期 第2四半期(中間期)決算短信〔日本基準〕(連結)"")","=HYPERLINK(""pdf_tmp/20260806/3355_1330_クリヤマHD_2026年12月期 第2四半期(中間期)決算短信〔日本基準〕(連結).pdf"", ""2026年12月期 第2四半期(中間期)決算短信〔日本基準〕(連結)"")",,,,,,,,,,,,,,,4,,,,,,,,,https://www.release.tdnet.info/inbs/140120260708589951.pdf
20260806,3422,J-MAX,決算短信,"=HYPERLINK(""https://www.release.tdnet.info/inbs/140120260805510476.pdf"", ""2027年3月期 第1四半期決算短信〔日本基準〕(連結)"")","=HYPERLINK(""pdf_tmp/20260806/3422_1600_J-MAX_2027年3月期 第1四半期決算短信〔日本基準〕(連結).pdf"", ""2027年3月期 第1四半期決算短信〔日本基準〕(連結)"")",,,,,,,,,,,5,,,,,,,,,,,,,https://www.release.tdnet.info/inbs/140120260805510476.pdf
20260806,3431,宮地エンジ,決算短信,"=HYPERLINK(""https://www.release.tdnet.info/inbs/140120260805509561.pdf"", ""2027年3月期 第1四半期決算短信〔日本基準〕(連結)"")","=HYPERLINK(""pdf_tmp/20260806/3431_1640_宮地エンジ_2027年3月期 第1四半期決算短信〔日本基準〕(連結).pdf"", ""2027年3月期 第1四半期決算短信〔日本基準〕(連結)"")",,,,,,,,,,,4,,,,,,,,,,,,,https://www.release.tdnet.info/inbs/140120260805509561.pdf
20260806,3434,アルファCo,決算短信,"=HYPERLINK(""https://www.release.tdnet.info/inbs/140120260803506337.pdf"", ""2027年3月期第1四半期決算短信〔日本基準〕(連結)"")","=HYPERLINK(""pdf_tmp/20260806/3434_1530_アルファCo_2027年3月期第1四半期決算短信〔日本基準〕(連結).pdf"", ""2027年3月期第1四半期決算短信〔日本基準〕(連結)"")",,,,,,,,,,,,,,,,,,,4,,,,,https://www.release.tdnet.info/inbs/140120260803506337.pdf
20260806,3435,サンコーテクノ,決算短信,"=HYPERLINK(""https://www.release.tdnet.info/inbs/140120260805510088.pdf"", ""2027年3月期第1四半期決算短信〔日本基準〕(連結)"")","=HYPERLINK(""pdf_tmp/20260806/3435_1540_サンコーテクノ_2027年3月期第1四半期決算短信〔日本基準〕(連結).pdf"", ""2027年3月期第1四半期決算短信〔日本基準〕(連結)"")",,,4,,,,,,,,,,,,,,,,,,,,,https://www.release.tdnet.info/inbs/140120260805510088.pdf
20260806,3449,テクノフレックス,決算短信,"=HYPERLINK(""https://www.release.tdnet.info/inbs/140120260806511188.pdf"", ""2026年12月期 第2四半期(中間期)決算短信〔日本基準〕(連結)"")","=HYPERLINK(""pdf_tmp/20260806/3449_1530_テクノフレックス_2026年12月期 第2四半期(中間期)決算短信〔日本基準〕(連結).pdf"", ""2026年12月期 第2四半期(中間期)決算短信〔日本基準〕(連結)"")",,,,,,,,,,,4,,,,,,,,,,,,,https://www.release.tdnet.info/inbs/140120260806511188.pdf
20260806,3477,G-フォーライフ,決算短信,"=HYPERLINK(""https://www.release.tdnet.info/inbs/140120260730504070.pdf"", ""2027年3月期第1四半期決算短信〔日本基準〕(非連結)"")","=HYPERLINK(""pdf_tmp/20260806/3477_1500_G-フォーライフ_2027年3月期第1四半期決算短信〔日本基準〕(非連結).pdf"", ""2027年3月期第1四半期決算短信〔日本基準〕(非連結)"")",,,,,,,,,,,,,,,,,,,,,,4,,https://www.release.tdnet.info/inbs/140120260730504070.pdf
20260806,3537,昭栄薬品,決算短信,"=HYPERLINK(""https://www.release.tdnet.info/inbs/140120260803507220.pdf"", ""2027年3月期 第1四半期決算短信〔日本基準〕(連結)"")","=HYPERLINK(""pdf_tmp/20260806/3537_1530_昭栄薬品_2027年3月期 第1四半期決算短信〔日本基準〕(連結).pdf"", ""2027年3月期 第1四半期決算短信〔日本基準〕(連結)"")",,,,4,,,,,,,,,,,,,,,,,,,,https://www.release.tdnet.info/inbs/140120260803507220.pdf
20260806,3577,東海染工,決算短信,"=HYPERLINK(""https://www.release.tdnet.info/inbs/140120260804508511.pdf"", ""2027年3月期 第1四半期決算短信〔日本基準〕(連結)"")","=HYPERLINK(""pdf_tmp/20260806/3577_1400_東海染工_2027年3月期 第1四半期決算短信〔日本基準〕(連結).pdf"", ""2027年3月期 第1四半期決算短信〔日本基準〕(連結)"")",,,4,,,,,,,,,,,,,,,,,,,,,https://www.release.tdnet.info/inbs/140120260804508511.pdf
20260806,3634,ソケッツ,決算短信,"=HYPERLINK(""https://www.release.tdnet.info/inbs/140120260715594673.pdf"", ""2027年3月期 第1四半期 決算短信[日本基準](非連結)"")","=HYPERLINK(""pdf_tmp/20260806/3634_1530_ソケッツ_2027年3月期 第1四半期 決算短信[日本基準](非連結).pdf"", ""2027年3月期 第1四半期 決算短信[日本基準](非連結)"")",,,,,,,,,,,,,,,,,,,4,,,,,https://www.release.tdnet.info/inbs/140120260715594673.pdf
20260806,3634,ソケッツ,説明資料,"=HYPERLINK(""https://www.release.tdnet.info/inbs/140120260715594676.pdf"", ""2027年3月期 第1四半期決算説明資料"")","=HYPERLINK(""pdf_tmp/20260806/3634_1830_ソケッツ_2027年3月期 第1四半期決算説明資料.pdf"", ""2027年3月期 第1四半期決算説明資料"")",,,,,,,,,,,3 6 11,,,,,,,,,,,,,https://www.release.tdnet.info/inbs/140120260715594676.pdf
20260806,3712,情報企画,決算短信,"=HYPERLINK(""https://www.release.tdnet.info/inbs/140120260804508560.pdf"", ""2026年9月期 第3四半期決算短信〔日本基準〕(連結)"")","=HYPERLINK(""pdf_tmp/20260806/3712_1540_情報企画_2026年9月期 第3四半期決算短信〔日本基準〕(連結).pdf"", ""2026年9月期 第3四半期決算短信〔日本基準〕(連結)"")",,,,,,,,,,,4,,,,,,,,,,,,,https://www.release.tdnet.info/inbs/140120260804508560.pdf
20260806,3744,サイオス,決算短信,"=HYPERLINK(""https://www.release.tdnet.info/inbs/140120260804508047.pdf"", ""2026年12月期 第2四半期(中間期)決算短信〔日本基準〕(連結)"")","=HYPERLINK(""pdf_tmp/20260806/3744_1545_サイオス_2026年12月期 第2四半期(中間期)決算短信〔日本基準〕(連結).pdf"", ""2026年12月期 第2四半期(中間期)決算短信〔日本基準〕(連結)"")",,,,,,4,,,,,,,,,,,,,,,,,,https://www.release.tdnet.info/inbs/140120260804508047.pdf
20260806,3744,サイオス,説明資料,"=HYPERLINK(""https://www.release.tdnet.info/inbs/140120260804508057.pdf"", ""2026年12月期 第2四半期(中間期)決算説明資料"")","=HYPERLINK(""pdf_tmp/20260806/3744_1545_サイオス_2026年12月期 第2四半期(中間期)決算説明資料.pdf"", ""2026年12月期 第2四半期(中間期)決算説明資料"")",,,,,,,,,,,27 28 36,,,,,,,,,,,,,https://www.release.tdnet.info/inbs/140120260804508057.pdf
20260806,3837,アドソル日進,決算短信,"=HYPERLINK(""https://www.release.tdnet.info/inbs/140120260803507582.pdf"", ""2027年3月期 第1四半期決算短信〔日本基準〕(連結)"")","=HYPERLINK(""pdf_tmp/20260806/3837_1530_アドソル日進_2027年3月期 第1四半期決算短信〔日本基準〕(連結).pdf"", ""2027年3月期 第1四半期決算短信〔日本基準〕(連結)"")",,,,,,,,,,,4 5,,,,,,,,,,,,,https://www.release.tdnet.info/inbs/140120260803507582.pdf
20260806,3837,アドソル日進,説明資料,"=HYPERLINK(""https://www.release.tdnet.info/inbs/140120260804508905.pdf"", ""2027年3月期 第1四半期決算説明資料"")","=HYPERLINK(""pdf_tmp/20260806/3837_1530_アドソル日進_2027年3月期 第1四半期決算説明資料.pdf"", ""2027年3月期 第1四半期決算説明資料"")",,,,,,,,,,,6 8 9,,,,,,,,,,,,,https://www.release.tdnet.info/inbs/140120260804508905.pdf
20260806,3877,中越パル,決算短信,"=HYPERLINK(""https://www.release.tdnet.info/inbs/140120260805510162.pdf"", ""2027年3月期第1四半期決算短信〔日本基準〕(連結)"")","=HYPERLINK(""pdf_tmp/20260806/3877_1530_中越パル_2027年3月期第1四半期決算短信〔日本基準〕(連結).pdf"", ""2027年3月期第1四半期決算短信〔日本基準〕(連結)"")",,,4,,,,,,,,,,,,,,,,,,,,,https://www.release.tdnet.info/inbs/140120260805510162.pdf
20260806,3922,PRTIMES,その他,"=HYPERLINK(""https://www.release.tdnet.info/inbs/140120260806512381.pdf"", ""タスク・プロジェクト管理ツール「Jooto」の一般提供終了及び事業廃止の決定に関するお知らせ"")","=HYPERLINK(""pdf_tmp/20260806/3922_1530_PRTIMES_タスク・プロジェクト管理ツール「Jooto」の一般提供終了及び事業廃止の決定に関するお知らせ.pdf"", ""タスク・プロジェクト管理ツール「Jooto」の一般提供終了及び事業廃止の決定に関するお知らせ"")",,,,,,,,,,,,,1,,,,,,,,,,,https://www.release.tdnet.info/inbs/140120260806512381.pdf
20260806,4004,レゾナックHD,決算短信,"=HYPERLINK(""https://www.release.tdnet.info/inbs/140120260806511574.pdf"", ""2026年12月期 第2四半期(中間期)決算短信〔IFRS〕(連結)"")","=HYPERLINK(""pdf_tmp/20260806/4004_1530_レゾナックHD_2026年12月期 第2四半期(中間期)決算短信〔IFRS〕(連結).pdf"", ""2026年12月期 第2四半期(中間期)決算短信〔IFRS〕(連結)"")",,,5,,,,,,,,,,,,,,,,,,,,,https://www.release.tdnet.info/inbs/140120260806511574.pdf
20260806,4008,住友精化,決算短信,"=HYPERLINK(""https://www.release.tdnet.info/inbs/140120260806511225.pdf"", ""2027年3月期 第1四半期決算短信〔日本基準〕(連結)"")","=HYPERLINK(""pdf_tmp/20260806/4008_1430_住友精化_2027年3月期 第1四半期決算短信〔日本基準〕(連結).pdf"", ""2027年3月期 第1四半期決算短信〔日本基準〕(連結)"")",,,,,,,,,,,,,,,,,,,5,,,,,https://www.release.tdnet.info/inbs/140120260806511225.pdf
20260806,4008,住友精化,その他,"=HYPERLINK(""https://www.release.tdnet.info/inbs/140120260805510760.pdf"", ""2027年3月期 通期業績予想に関するお知らせ"")","=HYPERLINK(""pdf_tmp/20260806/4008_1430_住友精化_2027年3月期 通期業績予想に関するお知らせ.pdf"", ""2027年3月期 通期業績予想に関するお知らせ"")",,,,,,,,,,,,,,,,,,,1,,,,,https://www.release.tdnet.info/inbs/140120260805510760.pdf
20260806,4012,アクシス,説明資料,"=HYPERLINK(""https://www.release.tdnet.info/inbs/140120260806511676.pdf"", ""2026年12月期第2四半期決算補足説明資料"")","=HYPERLINK(""pdf_tmp/20260806/4012_1200_アクシス_2026年12月期第2四半期決算補足説明資料.pdf"", ""2026年12月期第2四半期決算補足説明資料"")",,,,,,,,,,,5 9,,,,,,,,,,,,,https://www.release.tdnet.info/inbs/140120260806511676.pdf
20260806,4025,多木化学,予想の修正,"=HYPERLINK(""https://www.release.tdnet.info/inbs/140120260724599482.pdf"", ""業績予想の上方修正、配当予想の修正(増配)に関するお知らせ"")","=HYPERLINK(""pdf_tmp/20260806/4025_1300_多木化学_業績予想の上方修正、配当予想の修正(増配)に関するお知らせ.pdf"", ""業績予想の上方修正、配当予想の修正(増配)に関するお知らせ"")",,,,,,,1 2,,,,,,,,,,,,,,,,,https://www.release.tdnet.info/inbs/140120260724599482.pdf
20260806,4094,日化学産,決算短信,"=HYPERLINK(""https://www.release.tdnet.info/inbs/140120260806512299.pdf"", ""2027年3月期第1四半期決算短信〔日本基準〕(連結)"")","=HYPERLINK(""pdf_tmp/20260806/4094_1430_日化学産_2027年3月期第1四半期決算短信〔日本基準〕(連結).pdf"", ""2027年3月期第1四半期決算短信〔日本基準〕(連結)"")",,,,,,,,,,,4,,,,,,,,,,,,,https://www.release.tdnet.info/inbs/140120260806512299.pdf
20260806,4109,ステラケミファ,決算短信,"=HYPERLINK(""https://www.release.tdnet.info/inbs/140120260721596952.pdf"", ""2027年3月期 第1四半期決算短信[日本基準](連結)"")","=HYPERLINK(""pdf_tmp/20260806/4109_1400_ステラケミファ_2027年3月期 第1四半期決算短信[日本基準](連結).pdf"", ""2027年3月期 第1四半期決算短信[日本基準](連結)"")",,,,4,,,,,,,,,,,,,,,,,,,,https://www.release.tdnet.info/inbs/140120260721596952.pdf
20260806,4109,ステラケミファ,説明資料,"=HYPERLINK(""https://www.release.tdnet.info/inbs/140120260806511257.pdf"", ""2027年3月期(84期)第1四半期決算説明資料"")","=HYPERLINK(""pdf_tmp/20260806/4109_1400_ステラケミファ_2027年3月期(84期)第1四半期決算説明資料.pdf"", ""2027年3月期(84期)第1四半期決算説明資料"")",,,,3 4 7 12 15,,,,,,,,,,,,,,,,,,,,https://www.release.tdnet.info/inbs/140120260806511257.pdf
20260806,4116,大日精化,決算短信,"=HYPERLINK(""https://www.release.tdnet.info/inbs/140120260805509355.pdf"", ""2027年3月期 第1四半期決算短信〔日本基準〕(連結)"")","=HYPERLINK(""pdf_tmp/20260806/4116_1430_大日精化_2027年3月期 第1四半期決算短信〔日本基準〕(連結).pdf"", ""2027年3月期 第1四半期決算短信〔日本基準〕(連結)"")",,,,,,,,,,,,,,,,,,,4,,,,,https://www.release.tdnet.info/inbs/140120260805509355.pdf
20260806,4116,大日精化,予想の修正,"=HYPERLINK(""https://www.release.tdnet.info/inbs/140120260805509791.pdf"", ""連結業績予想の修正に関するお知らせ"")","=HYPERLINK(""pdf_tmp/20260806/4116_1430_大日精化_連結業績予想の修正に関するお知らせ.pdf"", ""連結業績予想の修正に関するお知らせ"")",,,,,,,,,,,,,,,,,,,2,,,,,https://www.release.tdnet.info/inbs/140120260805509791.pdf
20260806,4120,スガイ化学工業,決算短信,"=HYPERLINK(""https://www.release.tdnet.info/inbs/140120260729501798.pdf"", ""2027年3月期 第1四半期決算短信〔日本基準〕(非連結)"")","=HYPERLINK(""pdf_tmp/20260806/4120_1530_スガイ化学工業_2027年3月期 第1四半期決算短信〔日本基準〕(非連結).pdf"", ""2027年3月期 第1四半期決算短信〔日本基準〕(非連結)"")",,,,,,,,,,,4,,,,,,,,,,,,,https://www.release.tdnet.info/inbs/140120260729501798.pdf
20260806,4234,サンエー化研,予想の修正,"=HYPERLINK(""https://www.release.tdnet.info/inbs/140120260728500686.pdf"", ""業績予想の修正に関するお知らせ"")","=HYPERLINK(""pdf_tmp/20260806/4234_1200_サンエー化研_業績予想の修正に関するお知らせ.pdf"", ""業績予想の修正に関するお知らせ"")",,,,1,,,,,,,,,,,,,,,,,,,,https://www.release.tdnet.info/inbs/140120260728500686.pdf
20260806,4249,森六,その他,"=HYPERLINK(""https://www.release.tdnet.info/inbs/140120260805510939.pdf"", ""2027年3月期 第1四半期決算概要"")","=HYPERLINK(""pdf_tmp/20260806/4249_1400_森六_2027年3月期 第1四半期決算概要.pdf"", ""2027年3月期 第1四半期決算概要"")",,,1,,,,,,,,,,,,,,,,,,,,,https://www.release.tdnet.info/inbs/140120260805510939.pdf
20260806,4249,森六,決算短信,"=HYPERLINK(""https://www.release.tdnet.info/inbs/140120260805510907.pdf"", ""2027年3月期 第1四半期決算短信〔日本基準〕(連結)"")","=HYPERLINK(""pdf_tmp/20260806/4249_1400_森六_2027年3月期 第1四半期決算短信〔日本基準〕(連結).pdf"", ""2027年3月期 第1四半期決算短信〔日本基準〕(連結)"")",,,4,,,,,,,,,,,,,,,,,,,,,https://www.release.tdnet.info/inbs/140120260805510907.pdf
20260806,4249,森六,予想の修正,"=HYPERLINK(""https://www.release.tdnet.info/inbs/140120260805510946.pdf"", ""特別利益(負ののれん発生益)の計上ならびに2027年3月期第2四半期(中間期)および通期連結業績予想の修正に関するお知らせ"")","=HYPERLINK(""pdf_tmp/20260806/4249_1400_森六_特別利益(負ののれん発生益)の計上ならびに2027年3月期第2四半期(中間期)および通期連結業績予想の修正に関するお知らせ.pdf"", ""特別利益(負ののれん発生益)の計上ならびに2027年3月期第2四半期(中間期)および通期連結業績予想の修正に関するお知らせ"")",,,2,,,,,,,,,,,,,,,,,,,,,https://www.release.tdnet.info/inbs/140120260805510946.pdf
20260806,4274,細谷火工,決算短信,"=HYPERLINK(""https://www.release.tdnet.info/inbs/140120260806511829.pdf"", ""令和9年3月期 第1四半期決算短信[日本基準](非連結)"")","=HYPERLINK(""pdf_tmp/20260806/4274_1530_細谷火工_令和9年3月期 第1四半期決算短信[日本基準](非連結).pdf"", ""令和9年3月期 第1四半期決算短信[日本基準](非連結)"")",,,,,,,,,,,4,,,,,,,,,,,,,https://www.release.tdnet.info/inbs/140120260806511829.pdf
20260806,429A,テクセンド,決算短信,"=HYPERLINK(""https://www.release.tdnet.info/inbs/140120260806511123.pdf"", ""2027年3月期第1四半期決算短信〔IFRS〕(連結)"")","=HYPERLINK(""pdf_tmp/20260806/429A_1530_テクセンド_2027年3月期第1四半期決算短信〔IFRS〕(連結).pdf"", ""2027年3月期第1四半期決算短信〔IFRS〕(連結)"")",,,,,,,,,,,4,,,,,,,,,,,,,https://www.release.tdnet.info/inbs/140120260806511123.pdf
20260806,429A,テクセンド,その他,"=HYPERLINK(""https://www.release.tdnet.info/inbs/140120260806511176.pdf"", ""2027年3月期第1四半期決算説明会資料"")","=HYPERLINK(""pdf_tmp/20260806/429A_1530_テクセンド_2027年3月期第1四半期決算説明会資料.pdf"", ""2027年3月期第1四半期決算説明会資料"")",,,,,,,,,,,21 24,,,,,,,,,,,,,https://www.release.tdnet.info/inbs/140120260806511176.pdf
20260806,4404,ミヨシ油脂,決算短信,"=HYPERLINK(""https://www.release.tdnet.info/inbs/140120260806512114.pdf"", ""2026年12月期 第2四半期(中間期)決算短信〔日本基準〕(連結)"")","=HYPERLINK(""pdf_tmp/20260806/4404_1600_ミヨシ油脂_2026年12月期 第2四半期(中間期)決算短信〔日本基準〕(連結).pdf"", ""2026年12月期 第2四半期(中間期)決算短信〔日本基準〕(連結)"")",,,,,,,,,,,4,,,,,,,,,,,,,https://www.release.tdnet.info/inbs/140120260806512114.pdf
20260806,4498,G-サイバートラスト,その他,"=HYPERLINK(""https://www.release.tdnet.info/inbs/140120260806512088.pdf"", ""2027年3月期第1四半期 決算説明レポート(書き起こし)"")","=HYPERLINK(""pdf_tmp/20260806/4498_1530_G-サイバートラスト_2027年3月期第1四半期 決算説明レポート(書き起こし).pdf"", ""2027年3月期第1四半期 決算説明レポート(書き起こし)"")",,,,,,,,,,,2 5 6 9,,,,,,,,,,,,,https://www.release.tdnet.info/inbs/140120260806512088.pdf
20260806,4524,仁丹,決算短信,"=HYPERLINK(""https://www.release.tdnet.info/inbs/140120260806511705.pdf"", ""2027年3月期 第1四半期決算短信〔日本基準〕(連結)"")","=HYPERLINK(""pdf_tmp/20260806/4524_1530_仁丹_2027年3月期 第1四半期決算短信〔日本基準〕(連結).pdf"", ""2027年3月期 第1四半期決算短信〔日本基準〕(連結)"")",,,,,,,,,,,4,,,,,,,,,,,,,https://www.release.tdnet.info/inbs/140120260806511705.pdf
20260806,4527,ロート薬,決算短信,"=HYPERLINK(""https://www.release.tdnet.info/inbs/140120260806511719.pdf"", ""2027年3月期 第1四半期決算短信[日本基準](連結)"")","=HYPERLINK(""pdf_tmp/20260806/4527_1530_ロート薬_2027年3月期 第1四半期決算短信[日本基準](連結).pdf"", ""2027年3月期 第1四半期決算短信[日本基準](連結)"")",,,,,,,,,,,4 5,,,,,,,,,,,,,https://www.release.tdnet.info/inbs/140120260806511719.pdf
20260806,4559,ゼリア新薬,決算短信,"=HYPERLINK(""https://www.release.tdnet.info/inbs/140120260805510294.pdf"", ""2027年3月期 第1四半期決算短信〔日本基準〕(連結)"")","=HYPERLINK(""pdf_tmp/20260806/4559_1600_ゼリア新薬_2027年3月期 第1四半期決算短信〔日本基準〕(連結).pdf"", ""2027年3月期 第1四半期決算短信〔日本基準〕(連結)"")",,,,,,,,,,,,,4,,,,,,,,,,,https://www.release.tdnet.info/inbs/140120260805510294.pdf
20260806,4572,G-カルナバイオ,決算短信,"=HYPERLINK(""https://www.release.tdnet.info/inbs/140120260728500790.pdf"", ""2026年12月期第2四半期(中間期)決算短信〔日本基準〕(連結)"")","=HYPERLINK(""pdf_tmp/20260806/4572_1600_G-カルナバイオ_2026年12月期第2四半期(中間期)決算短信〔日本基準〕(連結).pdf"", ""2026年12月期第2四半期(中間期)決算短信〔日本基準〕(連結)"")",,,,,,,,,,,9,,,,,,,,,,,,,https://www.release.tdnet.info/inbs/140120260728500790.pdf
20260806,4625,アトミクス,予想の修正,"=HYPERLINK(""https://www.release.tdnet.info/inbs/140120260805509248.pdf"", ""業績予想の修正に関するお知らせ"")","=HYPERLINK(""pdf_tmp/20260806/4625_1400_アトミクス_業績予想の修正に関するお知らせ.pdf"", ""業績予想の修正に関するお知らせ"")",,,1,,,,,,,,,,,,,,,,,,,,,https://www.release.tdnet.info/inbs/140120260805509248.pdf
20260806,4809,パラカ,決算短信,"=HYPERLINK(""https://www.release.tdnet.info/inbs/140120260723598205.pdf"", ""令和8年9月期 第3四半期決算短信〔日本基準〕(非連結)"")","=HYPERLINK(""pdf_tmp/20260806/4809_1530_パラカ_令和8年9月期 第3四半期決算短信〔日本基準〕(非連結).pdf"", ""令和8年9月期 第3四半期決算短信〔日本基準〕(非連結)"")",,,,,,,5,,,,,,,,,,,,,,,,,https://www.release.tdnet.info/inbs/140120260723598205.pdf
20260806,4849,エン,説明資料,"=HYPERLINK(""https://www.release.tdnet.info/inbs/140120260806511855.pdf"", ""2027年3月期 第1四半期 決算説明資料"")","=HYPERLINK(""pdf_tmp/20260806/4849_1530_エン_2027年3月期 第1四半期 決算説明資料.pdf"", ""2027年3月期 第1四半期 決算説明資料"")",,,,,,,,,,,10,,,,,,,,,,,,,https://www.release.tdnet.info/inbs/140120260806511855.pdf
20260806,4914,高砂香料,決算短信,"=HYPERLINK(""https://www.release.tdnet.info/inbs/140120260804508636.pdf"", ""2027年3月期 第1四半期決算短信〔日本基準〕(連結)"")","=HYPERLINK(""pdf_tmp/20260806/4914_1530_高砂香料_2027年3月期 第1四半期決算短信〔日本基準〕(連結).pdf"", ""2027年3月期 第1四半期決算短信〔日本基準〕(連結)"")",,,,,,,,,,,,,,,,,,,4,,,,,https://www.release.tdnet.info/inbs/140120260804508636.pdf
20260806,4922,コーセーHD,決算短信,"=HYPERLINK(""https://www.release.tdnet.info/inbs/140120260806511793.pdf"", ""2026年12月期第2四半期(中間期)決算短信〔日本基準〕(連結)"")","=HYPERLINK(""pdf_tmp/20260806/4922_1530_コーセーHD_2026年12月期第2四半期(中間期)決算短信〔日本基準〕(連結).pdf"", ""2026年12月期第2四半期(中間期)決算短信〔日本基準〕(連結)"")",,,,,,,,,,,,,,,5,,,,,,,,,https://www.release.tdnet.info/inbs/140120260806511793.pdf
20260806,4926,シーボン,決算短信,"=HYPERLINK(""https://www.release.tdnet.info/inbs/140120260804508698.pdf"", ""2027年3月期 第1四半期決算短信〔日本基準〕(連結)"")","=HYPERLINK(""pdf_tmp/20260806/4926_1530_シーボン_2027年3月期 第1四半期決算短信〔日本基準〕(連結).pdf"", ""2027年3月期 第1四半期決算短信〔日本基準〕(連結)"")",,,4,,,,,,,,,,,,,,,,,,,,,https://www.release.tdnet.info/inbs/140120260804508698.pdf
20260806,4927,ポーラオルHD,決算短信,"=HYPERLINK(""https://www.release.tdnet.info/inbs/140120260804508609.pdf"", ""2026年12月期 第2四半期(中間期)決算短信〔日本基準〕(連結)"")","=HYPERLINK(""pdf_tmp/20260806/4927_1530_ポーラオルHD_2026年12月期 第2四半期(中間期)決算短信〔日本基準〕(連結).pdf"", ""2026年12月期 第2四半期(中間期)決算短信〔日本基準〕(連結)"")",,,,,,,,,,,,,,,,5,,,,,,,,https://www.release.tdnet.info/inbs/140120260804508609.pdf
20260806,4967,小林製薬,決算短信,"=HYPERLINK(""https://www.release.tdnet.info/inbs/140120260729501465.pdf"", ""2026年12月期 第2四半期(中間期)決算短信〔日本基準〕(連結)"")","=HYPERLINK(""pdf_tmp/20260806/4967_1530_小林製薬_2026年12月期 第2四半期(中間期)決算短信〔日本基準〕(連結).pdf"", ""2026年12月期 第2四半期(中間期)決算短信〔日本基準〕(連結)"")",,,,,,,,,,,5,,,,,,,,,,,,,https://www.release.tdnet.info/inbs/140120260729501465.pdf
20260806,4985,アース製薬,決算短信,"=HYPERLINK(""https://www.release.tdnet.info/inbs/140120260806511503.pdf"", ""2026年12月期第2四半期(中間期)決算短信〔日本基準〕(連結)"")","=HYPERLINK(""pdf_tmp/20260806/4985_1530_アース製薬_2026年12月期第2四半期(中間期)決算短信〔日本基準〕(連結).pdf"", ""2026年12月期第2四半期(中間期)決算短信〔日本基準〕(連結)"")",,,,,,,,,,,4 5,,,,,,,,,,,,,https://www.release.tdnet.info/inbs/140120260806511503.pdf
20260806,4997,日農薬,決算短信,"=HYPERLINK(""https://www.release.tdnet.info/inbs/140120260806511245.pdf"", ""2027年3月期第1四半期決算短信〔日本基準〕(連結)"")","=HYPERLINK(""pdf_tmp/20260806/4997_1400_日農薬_2027年3月期第1四半期決算短信〔日本基準〕(連結).pdf"", ""2027年3月期第1四半期決算短信〔日本基準〕(連結)"")",,,,,,,,,,,4,,,,,,,,,,,,,https://www.release.tdnet.info/inbs/140120260806511245.pdf
20260806,5161,西川ゴム,説明資料,"=HYPERLINK(""https://www.release.tdnet.info/inbs/140120260806511828.pdf"", ""2027年3月期 第1四半期決算補足説明資料"")","=HYPERLINK(""pdf_tmp/20260806/5161_1600_西川ゴム_2027年3月期 第1四半期決算補足説明資料.pdf"", ""2027年3月期 第1四半期決算補足説明資料"")",,,5 8 9 13,,,,,,,,,,,,,,,,,,,,,https://www.release.tdnet.info/inbs/140120260806511828.pdf
20260806,5208,有沢製,決算短信,"=HYPERLINK(""https://www.release.tdnet.info/inbs/140120260805510769.pdf"", ""2027年3月期 第1四半期決算短信〔日本基準〕(連結)"")","=HYPERLINK(""pdf_tmp/20260806/5208_1600_有沢製_2027年3月期 第1四半期決算短信〔日本基準〕(連結).pdf"", ""2027年3月期 第1四半期決算短信〔日本基準〕(連結)"")",,,,,,,,,,,,,,,,,4,,,,,,,https://www.release.tdnet.info/inbs/140120260805510769.pdf
20260806,5254,G-Arent,決算短信,"=HYPERLINK(""https://www.release.tdnet.info/inbs/140120260805510975.pdf"", ""2026年6月期 決算短信〔日本基準〕(連結)"")","=HYPERLINK(""pdf_tmp/20260806/5254_1600_G-Arent_2026年6月期 決算短信〔日本基準〕(連結).pdf"", ""2026年6月期 決算短信〔日本基準〕(連結)"")",,,,,,,,,,,5,,,,,,,,,,,,,https://www.release.tdnet.info/inbs/140120260805510975.pdf
20260806,5254,G-Arent,説明資料,"=HYPERLINK(""https://www.release.tdnet.info/inbs/140120260805511004.pdf"", ""2026年6月期決算説明資料"")","=HYPERLINK(""pdf_tmp/20260806/5254_1600_G-Arent_2026年6月期決算説明資料.pdf"", ""2026年6月期決算説明資料"")",,,,,,,,,,,10 17,,,,,,,,,,,,,https://www.release.tdnet.info/inbs/140120260805511004.pdf
20260806,5261,リソル,決算短信,"=HYPERLINK(""https://www.release.tdnet.info/inbs/140120260806511541.pdf"", ""2027年3月期 第1四半期決算短信〔日本基準〕(連結)"")","=HYPERLINK(""pdf_tmp/20260806/5261_1430_リソル_2027年3月期 第1四半期決算短信〔日本基準〕(連結).pdf"", ""2027年3月期 第1四半期決算短信〔日本基準〕(連結)"")",,,,4,,,,,,,,,,,,,,,,,,,,https://www.release.tdnet.info/inbs/140120260806511541.pdf
20260806,5285,ヤマックス,決算短信,"=HYPERLINK(""https://www.release.tdnet.info/inbs/140120260806511086.pdf"", ""2027年3月期 第1四半期決算短信〔日本基準〕(連結)"")","=HYPERLINK(""pdf_tmp/20260806/5285_1400_ヤマックス_2027年3月期 第1四半期決算短信〔日本基準〕(連結).pdf"", ""2027年3月期 第1四半期決算短信〔日本基準〕(連結)"")",,,,4 5,,,,,,,,,,,,,,,,,,,,https://www.release.tdnet.info/inbs/140120260806511086.pdf
20260806,5451,ヨドコウ,決算短信,"=HYPERLINK(""https://www.release.tdnet.info/inbs/140120260805509593.pdf"", ""2027年3月期 第1四半期決算短信〔日本基準〕(連結)"")","=HYPERLINK(""pdf_tmp/20260806/5451_1600_ヨドコウ_2027年3月期 第1四半期決算短信〔日本基準〕(連結).pdf"", ""2027年3月期 第1四半期決算短信〔日本基準〕(連結)"")",,,,,,5,,,,,,,,,,,,,,,,,,https://www.release.tdnet.info/inbs/140120260805509593.pdf
20260806,5602,栗本鉄,決算短信,"=HYPERLINK(""https://www.release.tdnet.info/inbs/140120260804507889.pdf"", ""2027年3月期第1四半期決算短信〔日本基準〕(連結)"")","=HYPERLINK(""pdf_tmp/20260806/5602_1340_栗本鉄_2027年3月期第1四半期決算短信〔日本基準〕(連結).pdf"", ""2027年3月期第1四半期決算短信〔日本基準〕(連結)"")",,,,,,,5,,,,,,,,,,,,,,,,,https://www.release.tdnet.info/inbs/140120260804507889.pdf
20260806,5632,三菱製鋼,予想の修正,"=HYPERLINK(""https://www.release.tdnet.info/inbs/140120260805510912.pdf"", ""2027年3月期第2四半期業績予想の修正に関するお知らせ"")","=HYPERLINK(""pdf_tmp/20260806/5632_1500_三菱製鋼_2027年3月期第2四半期業績予想の修正に関するお知らせ.pdf"", ""2027年3月期第2四半期業績予想の修正に関するお知らせ"")",,,,,,1,,,,,,,,,,,,,,,,,,https://www.release.tdnet.info/inbs/140120260805510912.pdf
20260806,5644,メタルアート,決算短信,"=HYPERLINK(""https://www.release.tdnet.info/inbs/140120260805511035.pdf"", ""2027年3月期 第1四半期決算短信"")","=HYPERLINK(""pdf_tmp/20260806/5644_1400_メタルアート_2027年3月期 第1四半期決算短信.pdf"", ""2027年3月期 第1四半期決算短信"")",,4,,,,,,,,,,,,,,,,,,,,,,https://www.release.tdnet.info/inbs/140120260805511035.pdf
20260806,5644,メタルアート,予想の修正,"=HYPERLINK(""https://www.release.tdnet.info/inbs/140120260806511085.pdf"", ""業績予想の修正に関するお知らせ"")","=HYPERLINK(""pdf_tmp/20260806/5644_1400_メタルアート_業績予想の修正に関するお知らせ.pdf"", ""業績予想の修正に関するお知らせ"")",,2,,,,,,,,,,,,,,,,,,,,,,https://www.release.tdnet.info/inbs/140120260806511085.pdf
20260806,5729,日精鉱,説明資料,"=HYPERLINK(""https://www.release.tdnet.info/inbs/140120260806511124.pdf"", ""2027年3月期 第1四半期決算概要補足説明資料"")","=HYPERLINK(""pdf_tmp/20260806/5729_1300_日精鉱_2027年3月期 第1四半期決算概要補足説明資料.pdf"", ""2027年3月期 第1四半期決算概要補足説明資料"")",,,,,,,,,,,3 4 5,,,,,,,,,,,,,https://www.release.tdnet.info/inbs/140120260806511124.pdf
20260806,5741,UACJ,予想の修正,"=HYPERLINK(""https://www.release.tdnet.info/inbs/140120260805510841.pdf"", ""連結業績予想及び配当予想の修正 (増配)に関するお知らせ"")","=HYPERLINK(""pdf_tmp/20260806/5741_1400_UACJ_連結業績予想及び配当予想の修正 (増配)に関するお知らせ.pdf"", ""連結業績予想及び配当予想の修正 (増配)に関するお知らせ"")",,,,,,,1,,,,,,,,,,,,,,,,,https://www.release.tdnet.info/inbs/140120260805510841.pdf
20260806,5816,オーナンバ,決算短信,"=HYPERLINK(""https://www.release.tdnet.info/inbs/140120260805510754.pdf"", ""2026年12月期第2四半期(中間期)決算短信〔日本基準〕(連結)"")","=HYPERLINK(""pdf_tmp/20260806/5816_1530_オーナンバ_2026年12月期第2四半期(中間期)決算短信〔日本基準〕(連結).pdf"", ""2026年12月期第2四半期(中間期)決算短信〔日本基準〕(連結)"")",,,,,,,,,,,,,,,,,,,4,,,,,https://www.release.tdnet.info/inbs/140120260805510754.pdf
20260806,5831,しずおかFG,予想の修正,"=HYPERLINK(""https://www.release.tdnet.info/inbs/140120260804508519.pdf"", ""通期連結業績予想の修正、期末配当予想の修正(増配)および 自己株式取得に係る事項の決定に関するお知らせ"")","=HYPERLINK(""pdf_tmp/20260806/5831_1530_しずおかFG_通期連結業績予想の修正、期末配当予想の修正(増配)および 自己株式取得に係る事項の決定に関するお知らせ.pdf"", ""通期連結業績予想の修正、期末配当予想の修正(増配)および 自己株式取得に係る事項の決定に関するお知らせ"")",,,,,,,1,,,,,,,,,,,,,,,,,https://www.release.tdnet.info/inbs/140120260804508519.pdf
20260806,5838,楽天銀行,予想の修正,"=HYPERLINK(""https://www.release.tdnet.info/inbs/140120260805510955.pdf"", ""業績予想の修正に関するお知らせ"")","=HYPERLINK(""pdf_tmp/20260806/5838_1535_楽天銀行_業績予想の修正に関するお知らせ.pdf"", ""業績予想の修正に関するお知らせ"")",,,,,,,1,,,,,,,,,,,,,,,,,https://www.release.tdnet.info/inbs/140120260805510955.pdf
20260806,5871,SOLIZE HD,決算短信,"=HYPERLINK(""https://www.release.tdnet.info/inbs/140120260806511509.pdf"", ""2026年12月期  第2四半期(中間期)決算短信〔日本基準〕(連結)"")","=HYPERLINK(""pdf_tmp/20260806/5871_1530_SOLIZE HD_2026年12月期 第2四半期(中間期)決算短信〔日本基準〕(連結).pdf"", ""2026年12月期  第2四半期(中間期)決算短信〔日本基準〕(連結)"")",,,,,,,,,,,,,,,,,,,4,,,,,https://www.release.tdnet.info/inbs/140120260806511509.pdf
20260806,5871,SOLIZE HD,説明資料,"=HYPERLINK(""https://www.release.tdnet.info/inbs/140120260806511638.pdf"", ""2026年12月期 第2四半期決算説明資料"")","=HYPERLINK(""pdf_tmp/20260806/5871_1530_SOLIZE HD_2026年12月期 第2四半期決算説明資料.pdf"", ""2026年12月期 第2四半期決算説明資料"")",,,,,,,,,,,,,,,,,,,15,,,,,https://www.release.tdnet.info/inbs/140120260806511638.pdf
20260806,5949,ユニプレス,決算短信,"=HYPERLINK(""https://www.release.tdnet.info/inbs/140120260805510250.pdf"", ""2027年3月期第1四半期決算短信〔日本基準〕(連結)"")","=HYPERLINK(""pdf_tmp/20260806/5949_1600_ユニプレス_2027年3月期第1四半期決算短信〔日本基準〕(連結).pdf"", ""2027年3月期第1四半期決算短信〔日本基準〕(連結)"")",,4,,,,,,,,,,,,,,,,,,,,,,https://www.release.tdnet.info/inbs/140120260805510250.pdf
20260806,5970,ジーテクト,決算短信,"=HYPERLINK(""https://www.release.tdnet.info/inbs/140120260805510582.pdf"", ""2027年3月期 第1四半期決算短信〔日本基準〕(連結)"")","=HYPERLINK(""pdf_tmp/20260806/5970_1630_ジーテクト_2027年3月期 第1四半期決算短信〔日本基準〕(連結).pdf"", ""2027年3月期 第1四半期決算短信〔日本基準〕(連結)"")",,4,,,,,,,,,,,,,,,,,,,,,,https://www.release.tdnet.info/inbs/140120260805510582.pdf
20260806,5979,カネソウ,決算短信,"=HYPERLINK(""https://www.release.tdnet.info/inbs/140120260731505049.pdf"", ""2027年3月期 第1四半期決算短信〔日本基準〕(非連結)"")","=HYPERLINK(""pdf_tmp/20260806/5979_1500_カネソウ_2027年3月期 第1四半期決算短信〔日本基準〕(非連結).pdf"", ""2027年3月期 第1四半期決算短信〔日本基準〕(非連結)"")",,,,,,,,,,,,,,,,,,,4,,,,,https://www.release.tdnet.info/inbs/140120260731505049.pdf
20260806,5984,兼房,決算短信,"=HYPERLINK(""https://www.release.tdnet.info/inbs/140120260728500724.pdf"", ""2027年3月期 第1四半期決算短信〔日本基準〕(連結)"")","=HYPERLINK(""pdf_tmp/20260806/5984_1340_兼房_2027年3月期 第1四半期決算短信〔日本基準〕(連結).pdf"", ""2027年3月期 第1四半期決算短信〔日本基準〕(連結)"")",,4,,,,,,,,,,,,,,,,,,,,,,https://www.release.tdnet.info/inbs/140120260728500724.pdf
20260806,6016,ジャパンエンジン,決算短信,"=HYPERLINK(""https://www.release.tdnet.info/inbs/140120260805510933.pdf"", ""2027年3月期 第1四半期決算短信〔日本基準〕(非連結)"")","=HYPERLINK(""pdf_tmp/20260806/6016_1530_ジャパンエンジン_2027年3月期 第1四半期決算短信〔日本基準〕(非連結).pdf"", ""2027年3月期 第1四半期決算短信〔日本基準〕(非連結)"")",,,,,,,,,,,,,,,,,,,,,,4 5,,https://www.release.tdnet.info/inbs/140120260805510933.pdf
20260806,6062,チャームケア,決算短信,"=HYPERLINK(""https://www.release.tdnet.info/inbs/140120260806512019.pdf"", ""2026年6月期決算短信〔日本基準〕(連結)"")","=HYPERLINK(""pdf_tmp/20260806/6062_1430_チャームケア_2026年6月期決算短信〔日本基準〕(連結).pdf"", ""2026年6月期決算短信〔日本基準〕(連結)"")",,,,,,,,,,,,5,,,,,,,,,,,,https://www.release.tdnet.info/inbs/140120260806512019.pdf
20260806,6104,芝浦機械,説明資料,"=HYPERLINK(""https://www.release.tdnet.info/inbs/140120260805510981.pdf"", ""決算補足説明資料(2027年3月期第1四半期決算説明資料)"")","=HYPERLINK(""pdf_tmp/20260806/6104_1000_芝浦機械_決算補足説明資料(2027年3月期第1四半期決算説明資料).pdf"", ""決算補足説明資料(2027年3月期第1四半期決算説明資料)"")",,,,,,,,,,,4,,,,,,,,,,,,,https://www.release.tdnet.info/inbs/140120260805510981.pdf
20260806,6182,G-メタリアル,その他,"=HYPERLINK(""https://www.release.tdnet.info/inbs/140120260806512453.pdf"", ""(開示事項の経過)連結子会社である株式会社ロゼッタにおける重要な新機能開発に関するお知らせ -「超高精度(熟考)」モードに「妥当性根拠」表示機能を追加"")","=HYPERLINK(""pdf_tmp/20260806/6182_1530_G-メタリアル_(開示事項の経過)連結子会社である株式会社ロゼッタにおける重要な新機能開発に関するお知らせ -「超高精度(熟考)」モードに「妥当性根拠」表示機能を追加.pdf"", ""(開示事項の経過)連結子会社である株式会社ロゼッタにおける重要な新機能開発に関するお知らせ -「超高精度(熟考)」モードに「妥当性根拠」表示機能を追加"")",,,,,,,,,,,3,,,,,,,,,,,,,https://www.release.tdnet.info/inbs/140120260806512453.pdf
20260806,6203,豊和工,決算短信,"=HYPERLINK(""https://www.release.tdnet.info/inbs/140120260805509864.pdf"", ""2027年3月期 第1四半期決算短信〔日本基準〕(連結)"")","=HYPERLINK(""pdf_tmp/20260806/6203_1630_豊和工_2027年3月期 第1四半期決算短信〔日本基準〕(連結).pdf"", ""2027年3月期 第1四半期決算短信〔日本基準〕(連結)"")",,,,,,,,,,,,,,,4,,,,,,,,,https://www.release.tdnet.info/inbs/140120260805509864.pdf
20260806,6272,レオン自機,説明資料,"=HYPERLINK(""https://www.release.tdnet.info/inbs/140120260805510849.pdf"", ""2027年3月期 第1四半期決算補足説明資料"")","=HYPERLINK(""pdf_tmp/20260806/6272_1300_レオン自機_2027年3月期 第1四半期決算補足説明資料.pdf"", ""2027年3月期 第1四半期決算補足説明資料"")",,,,,,,,,,,7,,,,,,,,,,,,,https://www.release.tdnet.info/inbs/140120260805510849.pdf
20260806,6278,ユニオンツール,決算短信,"=HYPERLINK(""https://www.release.tdnet.info/inbs/140120260805510301.pdf"", ""2026年12月期 第2四半期(中間期)決算短信[日本基準](連結)"")","=HYPERLINK(""pdf_tmp/20260806/6278_1530_ユニオンツール_2026年12月期 第2四半期(中間期)決算短信[日本基準](連結).pdf"", ""2026年12月期 第2四半期(中間期)決算短信[日本基準](連結)"")",,,,,,,,,,,4,,,,,,,,,,,,,https://www.release.tdnet.info/inbs/140120260805510301.pdf
20260806,6282,オイレス工,決算短信,"=HYPERLINK(""https://www.release.tdnet.info/inbs/140120260805510993.pdf"", ""2027年3月期 第1四半期決算短信〔日本基準〕(連結)"")","=HYPERLINK(""pdf_tmp/20260806/6282_1500_オイレス工_2027年3月期 第1四半期決算短信〔日本基準〕(連結).pdf"", ""2027年3月期 第1四半期決算短信〔日本基準〕(連結)"")",,,,,,,,,,,,,,,,4,,,,,,,,https://www.release.tdnet.info/inbs/140120260805510993.pdf
20260806,6284,ASB機械,その他,"=HYPERLINK(""https://www.release.tdnet.info/inbs/140120260805511027.pdf"", ""インド子会社における設備投資に関するお知らせ"")","=HYPERLINK(""pdf_tmp/20260806/6284_1600_ASB機械_インド子会社における設備投資に関するお知らせ.pdf"", ""インド子会社における設備投資に関するお知らせ"")",,,,,,,,,,,1,,,,,,,,,,,,,https://www.release.tdnet.info/inbs/140120260805511027.pdf
20260806,6370,栗田工,その他,"=HYPERLINK(""https://www.release.tdnet.info/inbs/140120260805509637.pdf"", ""2027年3月期第1四半期 決算説明会資料"")","=HYPERLINK(""pdf_tmp/20260806/6370_1530_栗田工_2027年3月期第1四半期 決算説明会資料.pdf"", ""2027年3月期第1四半期 決算説明会資料"")",,,,,,,,,,,,,,,,,,,7 9,,,,,https://www.release.tdnet.info/inbs/140120260805509637.pdf
20260806,6383,ダイフク,決算短信,"=HYPERLINK(""https://www.release.tdnet.info/inbs/140120260806511193.pdf"", ""2026年12月期 第2四半期(中間期)決算短信〔日本基準〕(連結)"")","=HYPERLINK(""pdf_tmp/20260806/6383_1530_ダイフク_2026年12月期 第2四半期(中間期)決算短信〔日本基準〕(連結).pdf"", ""2026年12月期 第2四半期(中間期)決算短信〔日本基準〕(連結)"")",,,,,,,7,,,,,,,,,,,,,,,,,https://www.release.tdnet.info/inbs/140120260806511193.pdf
20260806,6383,ダイフク,説明資料,"=HYPERLINK(""https://www.release.tdnet.info/inbs/140120260806511199.pdf"", ""2026年12月期 第2四半期(中間期)決算説明資料"")","=HYPERLINK(""pdf_tmp/20260806/6383_1530_ダイフク_2026年12月期 第2四半期(中間期)決算説明資料.pdf"", ""2026年12月期 第2四半期(中間期)決算説明資料"")",,,,,,,2 15,,,,,,,,,,,,,,,,,https://www.release.tdnet.info/inbs/140120260806511199.pdf
20260806,6383,ダイフク,予想の修正,"=HYPERLINK(""https://www.release.tdnet.info/inbs/140120260806511424.pdf"", ""通期業績予想、剰余金の配当(中間配当)及び期末配当予想の修正のお知らせ"")","=HYPERLINK(""pdf_tmp/20260806/6383_1530_ダイフク_通期業績予想、剰余金の配当(中間配当)及び期末配当予想の修正のお知らせ.pdf"", ""通期業績予想、剰余金の配当(中間配当)及び期末配当予想の修正のお知らせ"")",,,,,,,2,,,,,,,,,,,,,,,,,https://www.release.tdnet.info/inbs/140120260806511424.pdf
20260806,6417,SANKYO,決算短信,"=HYPERLINK(""https://www.release.tdnet.info/inbs/140120260731505813.pdf"", ""2027年3月期 第1四半期決算短信〔日本基準〕(連結)"")","=HYPERLINK(""pdf_tmp/20260806/6417_1130_SANKYO_2027年3月期 第1四半期決算短信〔日本基準〕(連結).pdf"", ""2027年3月期 第1四半期決算短信〔日本基準〕(連結)"")",,4,,,,,,,,,,,,,,,,,,,,,,https://www.release.tdnet.info/inbs/140120260731505813.pdf
20260806,6458,新晃工業,決算短信,"=HYPERLINK(""https://www.release.tdnet.info/inbs/140120260717596041.pdf"", ""2027年3月期 第1四半期決算短信〔日本基準〕(連結)"")","=HYPERLINK(""pdf_tmp/20260806/6458_1600_新晃工業_2027年3月期 第1四半期決算短信〔日本基準〕(連結).pdf"", ""2027年3月期 第1四半期決算短信〔日本基準〕(連結)"")",,,,,,,,,,,,,,,,,,,4,,,,,https://www.release.tdnet.info/inbs/140120260717596041.pdf
20260806,6485,前沢給装,決算短信,"=HYPERLINK(""https://www.release.tdnet.info/inbs/140120260806512913.pdf"", ""2027年3月期 第1四半期決算短信〔日本基準〕(非連結)"")","=HYPERLINK(""pdf_tmp/20260806/6485_1700_前沢給装_2027年3月期 第1四半期決算短信〔日本基準〕(非連結).pdf"", ""2027年3月期 第1四半期決算短信〔日本基準〕(非連結)"")",,,4,,,,,,,,,,,,,,,,,,,,,https://www.release.tdnet.info/inbs/140120260806512913.pdf
20260806,6486,イーグル工,決算短信,"=HYPERLINK(""https://www.release.tdnet.info/inbs/140120260806511821.pdf"", ""2027年3月期 第1四半期決算短信〔日本基準〕(連結)"")","=HYPERLINK(""pdf_tmp/20260806/6486_1530_イーグル工_2027年3月期 第1四半期決算短信〔日本基準〕(連結).pdf"", ""2027年3月期 第1四半期決算短信〔日本基準〕(連結)"")",,,,,,,5,,,,,,,,,,,,,,,,,https://www.release.tdnet.info/inbs/140120260806511821.pdf
20260806,6490,PILLAR,決算短信,"=HYPERLINK(""https://www.release.tdnet.info/inbs/140120260806511393.pdf"", ""2027年3月期 第1四半期決算短信〔日本基準〕(連結)"")","=HYPERLINK(""pdf_tmp/20260806/6490_1530_PILLAR_2027年3月期 第1四半期決算短信〔日本基準〕(連結).pdf"", ""2027年3月期 第1四半期決算短信〔日本基準〕(連結)"")",,,,,,,,,,,4,,,,,,,,,,,,,https://www.release.tdnet.info/inbs/140120260806511393.pdf
20260806,6490,PILLAR,予想の修正,"=HYPERLINK(""https://www.release.tdnet.info/inbs/140120260806512150.pdf"", ""業績予想及び配当予想の修正(増配)に関するお知らせ"")","=HYPERLINK(""pdf_tmp/20260806/6490_1530_PILLAR_業績予想及び配当予想の修正(増配)に関するお知らせ.pdf"", ""業績予想及び配当予想の修正(増配)に関するお知らせ"")",,,,,,,1,,,,,,,,,,,,,,,,,https://www.release.tdnet.info/inbs/140120260806512150.pdf
20260806,6524,湖北工業,決算短信,"=HYPERLINK(""https://www.release.tdnet.info/inbs/140120260805510640.pdf"", ""2026年12月期 第2四半期(中間期)決算短信〔日本基準〕(連結)"")","=HYPERLINK(""pdf_tmp/20260806/6524_1530_湖北工業_2026年12月期 第2四半期(中間期)決算短信〔日本基準〕(連結).pdf"", ""2026年12月期 第2四半期(中間期)決算短信〔日本基準〕(連結)"")",,,,,,,,,,,5,,,,,,,,,,,,,https://www.release.tdnet.info/inbs/140120260805510640.pdf
20260806,6525,KOKUSAI,決算短信,"=HYPERLINK(""https://www.release.tdnet.info/inbs/140120260806511194.pdf"", ""2027年3月期 第1四半期決算短信〔IFRS〕(連結)"")","=HYPERLINK(""pdf_tmp/20260806/6525_1400_KOKUSAI_2027年3月期 第1四半期決算短信〔IFRS〕(連結).pdf"", ""2027年3月期 第1四半期決算短信〔IFRS〕(連結)"")",,,,,,,,,,,,,,,4,,,,,,,,,https://www.release.tdnet.info/inbs/140120260806511194.pdf
20260806,6539,MS-Japan,説明資料,"=HYPERLINK(""https://www.release.tdnet.info/inbs/140120260806511055.pdf"", ""2027年3月期 第1四半期決算説明資料"")","=HYPERLINK(""pdf_tmp/20260806/6539_1530_MS-Japan_2027年3月期 第1四半期決算説明資料.pdf"", ""2027年3月期 第1四半期決算説明資料"")",,,,,,,,,,,19 24,,,,,,,,,,,,,https://www.release.tdnet.info/inbs/140120260806511055.pdf
20260806,6551,ツナグGHD,決算短信,"=HYPERLINK(""https://www.release.tdnet.info/inbs/140120260806512131.pdf"", ""2026年9月期 第3四半期決算短信〔日本基準〕(連結)"")","=HYPERLINK(""pdf_tmp/20260806/6551_1530_ツナグGHD_2026年9月期 第3四半期決算短信〔日本基準〕(連結).pdf"", ""2026年9月期 第3四半期決算短信〔日本基準〕(連結)"")",,,5,,,,,,,,,,,,,,,,,,,,,https://www.release.tdnet.info/inbs/140120260806512131.pdf
20260806,6590,芝浦,決算短信,"=HYPERLINK(""https://www.release.tdnet.info/inbs/140120260805509325.pdf"", ""2027年3月期 第1四半期決算短信[日本基準](連結)"")","=HYPERLINK(""pdf_tmp/20260806/6590_1500_芝浦_2027年3月期 第1四半期決算短信[日本基準](連結).pdf"", ""2027年3月期 第1四半期決算短信[日本基準](連結)"")",,,,,,,,,,,4,,,,,,,,,,,,,https://www.release.tdnet.info/inbs/140120260805509325.pdf
20260806,6614,シキノハイテック,決算短信,"=HYPERLINK(""https://www.release.tdnet.info/inbs/140120260806511423.pdf"", ""2027年3月期 第1四半期決算短信〔日本基準〕(非連結)"")","=HYPERLINK(""pdf_tmp/20260806/6614_1530_シキノハイテック_2027年3月期 第1四半期決算短信〔日本基準〕(非連結).pdf"", ""2027年3月期 第1四半期決算短信〔日本基準〕(非連結)"")",,,,,,,,,,,,4 5,,,,,,,,,,,,https://www.release.tdnet.info/inbs/140120260806511423.pdf
20260806,6651,日東工,決算短信,"=HYPERLINK(""https://www.release.tdnet.info/inbs/140120260805510826.pdf"", ""2027年3月期第1四半期決算短信〔日本基準〕(連結)"")","=HYPERLINK(""pdf_tmp/20260806/6651_1540_日東工_2027年3月期第1四半期決算短信〔日本基準〕(連結).pdf"", ""2027年3月期第1四半期決算短信〔日本基準〕(連結)"")",,,4,,,,,,,,,,,,,,,,,,,,,https://www.release.tdnet.info/inbs/140120260805510826.pdf
20260806,6652,IDEC,決算短信,"=HYPERLINK(""https://www.release.tdnet.info/inbs/140120260805510577.pdf"", ""2027年3月期  第1四半期決算短信〔日本基準〕(連結)"")","=HYPERLINK(""pdf_tmp/20260806/6652_1530_IDEC_2027年3月期 第1四半期決算短信〔日本基準〕(連結).pdf"", ""2027年3月期  第1四半期決算短信〔日本基準〕(連結)"")",,,,,4,,,,,,,,,,,,,,,,,,,https://www.release.tdnet.info/inbs/140120260805510577.pdf
20260806,6744,能美防災,決算短信,"=HYPERLINK(""https://www.release.tdnet.info/inbs/140120260715593745.pdf"", ""2027年3月期 第1四半期決算短信〔日本基準〕(連結)"")","=HYPERLINK(""pdf_tmp/20260806/6744_1530_能美防災_2027年3月期 第1四半期決算短信〔日本基準〕(連結).pdf"", ""2027年3月期 第1四半期決算短信〔日本基準〕(連結)"")",,,4,,,,,,,,,,,,,,,,,,,,,https://www.release.tdnet.info/inbs/140120260715593745.pdf
20260806,6744,能美防災,説明資料,"=HYPERLINK(""https://www.release.tdnet.info/inbs/140120260731504954.pdf"", ""2027年3月期 第1四半期決算説明資料"")","=HYPERLINK(""pdf_tmp/20260806/6744_1530_能美防災_2027年3月期 第1四半期決算説明資料.pdf"", ""2027年3月期 第1四半期決算説明資料"")",,,3,,,,,,,,,,,,,,,,,,,,,https://www.release.tdnet.info/inbs/140120260731504954.pdf
20260806,6763,帝通工,決算短信,"=HYPERLINK(""https://www.release.tdnet.info/inbs/140120260806511268.pdf"", ""2027年3月期 第1四半期決算短信〔日本基準〕(連結)"")","=HYPERLINK(""pdf_tmp/20260806/6763_1530_帝通工_2027年3月期 第1四半期決算短信〔日本基準〕(連結).pdf"", ""2027年3月期 第1四半期決算短信〔日本基準〕(連結)"")",,,,4,,,,,,,,,,,,,,,,,,,,https://www.release.tdnet.info/inbs/140120260806511268.pdf
20260806,6800,ヨコオ,決算短信,"=HYPERLINK(""https://www.release.tdnet.info/inbs/140120260805510627.pdf"", ""2027年3月期第1四半期決算短信〔日本基準〕(連結)"")","=HYPERLINK(""pdf_tmp/20260806/6800_1600_ヨコオ_2027年3月期第1四半期決算短信〔日本基準〕(連結).pdf"", ""2027年3月期第1四半期決算短信〔日本基準〕(連結)"")",,,,,,,,,,,4,,,,,,,,,,,,,https://www.release.tdnet.info/inbs/140120260805510627.pdf
20260806,6867,リーダ電子,決算短信,"=HYPERLINK(""https://www.release.tdnet.info/inbs/140120260730503079.pdf"", ""2027年3月期 第1四半期決算短信〔日本基準〕(連結)"")","=HYPERLINK(""pdf_tmp/20260806/6867_1645_リーダ電子_2027年3月期 第1四半期決算短信〔日本基準〕(連結).pdf"", ""2027年3月期 第1四半期決算短信〔日本基準〕(連結)"")",,,,,,,,,,,4,,,,,,,,,,,,,https://www.release.tdnet.info/inbs/140120260730503079.pdf
20260806,6875,メガチップス,その他,"=HYPERLINK(""https://www.release.tdnet.info/inbs/140120260806511867.pdf"", ""自己株式取得に係る事項の決定及び自己株式の消却に関するお知らせ"")","=HYPERLINK(""pdf_tmp/20260806/6875_1530_メガチップス_自己株式取得に係る事項の決定及び自己株式の消却に関するお知らせ.pdf"", ""自己株式取得に係る事項の決定及び自己株式の消却に関するお知らせ"")",,,,,,,,,,,,1,,,,,,,,,,,,https://www.release.tdnet.info/inbs/140120260806511867.pdf
20260806,6943,NKK,決算短信,"=HYPERLINK(""https://www.release.tdnet.info/inbs/140120260721596975.pdf"", ""2027年3月期 第1四半期決算短信〔日本基準〕(連結)"")","=HYPERLINK(""pdf_tmp/20260806/6943_1600_NKK_2027年3月期 第1四半期決算短信〔日本基準〕(連結).pdf"", ""2027年3月期 第1四半期決算短信〔日本基準〕(連結)"")",,,4,,,,,,,,,,,,,,,,,,,,,https://www.release.tdnet.info/inbs/140120260721596975.pdf
20260806,6943,NKK,予想の修正,"=HYPERLINK(""https://www.release.tdnet.info/inbs/140120260805509229.pdf"", ""通期連結業績予想の修正に関するお知らせ"")","=HYPERLINK(""pdf_tmp/20260806/6943_1600_NKK_通期連結業績予想の修正に関するお知らせ.pdf"", ""通期連結業績予想の修正に関するお知らせ"")",,,,,,,,,,,,,,,1,,,,,,,,,https://www.release.tdnet.info/inbs/140120260805509229.pdf
20260806,6965,浜松ホトニク,決算短信,"=HYPERLINK(""https://www.release.tdnet.info/inbs/140120260805510756.pdf"", ""2026年9月期 第3四半期決算短信〔日本基準〕(連結)"")","=HYPERLINK(""pdf_tmp/20260806/6965_1530_浜松ホトニク_2026年9月期 第3四半期決算短信〔日本基準〕(連結).pdf"", ""2026年9月期 第3四半期決算短信〔日本基準〕(連結)"")",,,,,,,,,,,,4,,,,,,,,,,,,https://www.release.tdnet.info/inbs/140120260805510756.pdf
20260806,7014,名村造船,決算短信,"=HYPERLINK(""https://www.release.tdnet.info/inbs/140120260805509916.pdf"", ""2027年3月期 第1四半期決算短信〔日本基準〕(連結)"")","=HYPERLINK(""pdf_tmp/20260806/7014_1540_名村造船_2027年3月期 第1四半期決算短信〔日本基準〕(連結).pdf"", ""2027年3月期 第1四半期決算短信〔日本基準〕(連結)"")",,5,,,,,,,,,,,,,,,,,,,,,,https://www.release.tdnet.info/inbs/140120260805509916.pdf
20260806,7081,レンティア,決算短信,"=HYPERLINK(""https://www.release.tdnet.info/inbs/140120260806511309.pdf"", ""2026年12月期 第2四半期(中間期)決算短信〔日本基準〕(連結)"")","=HYPERLINK(""pdf_tmp/20260806/7081_1600_レンティア_2026年12月期 第2四半期(中間期)決算短信〔日本基準〕(連結).pdf"", ""2026年12月期 第2四半期(中間期)決算短信〔日本基準〕(連結)"")",,,,4,,,,,,,,,,,,,,,,,,,,https://www.release.tdnet.info/inbs/140120260806511309.pdf
20260806,7081,レンティア,予想の修正,"=HYPERLINK(""https://www.release.tdnet.info/inbs/140120260806511560.pdf"", ""2026年12月期第2四半期(中間期)連結業績予想数値と実績値との差異及び通期連結業績予想の修正に関するお知らせ"")","=HYPERLINK(""pdf_tmp/20260806/7081_1600_レンティア_2026年12月期第2四半期(中間期)連結業績予想数値と実績値との差異及び通期連結業績予想の修正に関するお知らせ.pdf"", ""2026年12月期第2四半期(中間期)連結業績予想数値と実績値との差異及び通期連結業績予想の修正に関するお知らせ"")",,,,,,,2,,,,,,,,,,,,,,,,,https://www.release.tdnet.info/inbs/140120260806511560.pdf
20260806,7089,G-フォースタ,説明資料,"=HYPERLINK(""https://www.release.tdnet.info/inbs/140120260806511858.pdf"", ""2027年3月期 第1四半期決算説明資料"")","=HYPERLINK(""pdf_tmp/20260806/7089_1530_G-フォースタ_2027年3月期 第1四半期決算説明資料.pdf"", ""2027年3月期 第1四半期決算説明資料"")",,,,,,,,,,,,2 5,,,,,,,,,,,,https://www.release.tdnet.info/inbs/140120260806511858.pdf
20260806,7090,G-リグア,決算短信,"=HYPERLINK(""https://www.release.tdnet.info/inbs/140120260805510949.pdf"", ""2027年3月期 第1四半期決算短信〔日本基準〕(連結)"")","=HYPERLINK(""pdf_tmp/20260806/7090_1530_G-リグア_2027年3月期 第1四半期決算短信〔日本基準〕(連結).pdf"", ""2027年3月期 第1四半期決算短信〔日本基準〕(連結)"")",,,,4,,,,,,,,,,,,,,,,,,,,https://www.release.tdnet.info/inbs/140120260805510949.pdf
20260806,7228,デイトナ,決算短信,"=HYPERLINK(""https://www.release.tdnet.info/inbs/140120260805510649.pdf"", ""2026年12月期第2四半期(中間期)決算短信〔日本基準〕(連結)"")","=HYPERLINK(""pdf_tmp/20260806/7228_1230_デイトナ_2026年12月期第2四半期(中間期)決算短信〔日本基準〕(連結).pdf"", ""2026年12月期第2四半期(中間期)決算短信〔日本基準〕(連結)"")",,,6,,,,,,,,,,,,,,,,,,,,,https://www.release.tdnet.info/inbs/140120260805510649.pdf
20260806,7240,NOK,決算短信,"=HYPERLINK(""https://www.release.tdnet.info/inbs/140120260803507417.pdf"", ""2027年3月期 第1四半期決算短信〔日本基準〕(連結)"")","=HYPERLINK(""pdf_tmp/20260806/7240_1530_NOK_2027年3月期 第1四半期決算短信〔日本基準〕(連結).pdf"", ""2027年3月期 第1四半期決算短信〔日本基準〕(連結)"")",,,4,,,,,,,,,,,,,,,,,,,,,https://www.release.tdnet.info/inbs/140120260803507417.pdf
20260806,7292,村上開明,決算短信,"=HYPERLINK(""https://www.release.tdnet.info/inbs/140120260806511157.pdf"", ""2027年3月期  第1四半期決算短信〔日本基準〕(連結)"")","=HYPERLINK(""pdf_tmp/20260806/7292_1530_村上開明_2027年3月期 第1四半期決算短信〔日本基準〕(連結).pdf"", ""2027年3月期  第1四半期決算短信〔日本基準〕(連結)"")",,,,,,,,,,,,,,,,,,,4,,,,,https://www.release.tdnet.info/inbs/140120260806511157.pdf
20260806,7458,第一興商,説明資料,"=HYPERLINK(""https://www.release.tdnet.info/inbs/140120260806511954.pdf"", ""2027年3月期第1四半期決算補足説明資料"")","=HYPERLINK(""pdf_tmp/20260806/7458_1530_第一興商_2027年3月期第1四半期決算補足説明資料.pdf"", ""2027年3月期第1四半期決算補足説明資料"")",,,,,,,14,,,,,,,,,,,,,,,,,https://www.release.tdnet.info/inbs/140120260806511954.pdf
20260806,7554,幸楽苑,決算短信,"=HYPERLINK(""https://www.release.tdnet.info/inbs/140120260805509966.pdf"", ""2027年3月期第1四半期決算短信〔日本基準〕(非連結)"")","=HYPERLINK(""pdf_tmp/20260806/7554_1530_幸楽苑_2027年3月期第1四半期決算短信〔日本基準〕(非連結).pdf"", ""2027年3月期第1四半期決算短信〔日本基準〕(非連結)"")",,,,,4,,,,,,,,,,,,,,,,,,,https://www.release.tdnet.info/inbs/140120260805509966.pdf
20260806,7670,オーウエル,決算短信,"=HYPERLINK(""https://www.release.tdnet.info/inbs/140120260806512324.pdf"", ""2027年3月期 第1四半期決算短信〔日本基準〕(連結)"")","=HYPERLINK(""pdf_tmp/20260806/7670_1500_オーウエル_2027年3月期 第1四半期決算短信〔日本基準〕(連結).pdf"", ""2027年3月期 第1四半期決算短信〔日本基準〕(連結)"")",,,,,,,,,,,,,,,,,,,,,,4,,https://www.release.tdnet.info/inbs/140120260806512324.pdf
20260806,7670,オーウエル,予想の修正,"=HYPERLINK(""https://www.release.tdnet.info/inbs/140120260806512420.pdf"", ""2027年3月期第2四半期(中間期)及び通期連結業績予想の修正並びに配当予想の修正に関するお知らせ"")","=HYPERLINK(""pdf_tmp/20260806/7670_1500_オーウエル_2027年3月期第2四半期(中間期)及び通期連結業績予想の修正並びに配当予想の修正に関するお知らせ.pdf"", ""2027年3月期第2四半期(中間期)及び通期連結業績予想の修正並びに配当予想の修正に関するお知らせ"")",,,,,,,,,,,,,,,,,,,,,,2,,https://www.release.tdnet.info/inbs/140120260806512420.pdf
20260806,7701,島津製,決算短信,"=HYPERLINK(""https://www.release.tdnet.info/inbs/140120260806512073.pdf"", ""2027年3月期 第1四半期決算短信〔日本基準〕(連結)"")","=HYPERLINK(""pdf_tmp/20260806/7701_1530_島津製_2027年3月期 第1四半期決算短信〔日本基準〕(連結).pdf"", ""2027年3月期 第1四半期決算短信〔日本基準〕(連結)"")",,,,,,,7,,,,,,,,,,,,,,,,,https://www.release.tdnet.info/inbs/140120260806512073.pdf
20260806,7826,フルヤ金属,その他,"=HYPERLINK(""https://www.release.tdnet.info/inbs/140120260806511673.pdf"", ""剰余金の配当(増配)に関するお知らせ"")","=HYPERLINK(""pdf_tmp/20260806/7826_1530_フルヤ金属_剰余金の配当(増配)に関するお知らせ.pdf"", ""剰余金の配当(増配)に関するお知らせ"")",,,,,,,,,,,,1,,,,,,,,,,,,https://www.release.tdnet.info/inbs/140120260806511673.pdf
20260806,7846,パイロット,決算短信,"=HYPERLINK(""https://www.release.tdnet.info/inbs/140120260806511691.pdf"", ""2026年12月期第2四半期(中間期)決算短信〔日本基準〕(連結)"")","=HYPERLINK(""pdf_tmp/20260806/7846_1600_パイロット_2026年12月期第2四半期(中間期)決算短信〔日本基準〕(連結).pdf"", ""2026年12月期第2四半期(中間期)決算短信〔日本基準〕(連結)"")",,,,,,,,,,,,,,,,,,,,,4,,,https://www.release.tdnet.info/inbs/140120260806511691.pdf
20260806,7857,セキ,決算短信,"=HYPERLINK(""https://www.release.tdnet.info/inbs/140120260806511299.pdf"", ""2027年3月期 第1四半期決算短信〔日本基準〕(連結)"")","=HYPERLINK(""pdf_tmp/20260806/7857_1530_セキ_2027年3月期 第1四半期決算短信〔日本基準〕(連結).pdf"", ""2027年3月期 第1四半期決算短信〔日本基準〕(連結)"")",,,4,,,,,,,,,,,,,,,,,,,,,https://www.release.tdnet.info/inbs/140120260806511299.pdf
20260806,7917,ZACROS,説明資料,"=HYPERLINK(""https://www.release.tdnet.info/inbs/140120260729501647.pdf"", ""2027年3月期 第1四半期 決算補足説明資料"")","=HYPERLINK(""pdf_tmp/20260806/7917_1600_ZACROS_2027年3月期 第1四半期 決算補足説明資料.pdf"", ""2027年3月期 第1四半期 決算補足説明資料"")",,,,6 7,,,,,,,,,,,,,,,,,,,,https://www.release.tdnet.info/inbs/140120260729501647.pdf
20260806,7917,ZACROS,決算短信,"=HYPERLINK(""https://www.release.tdnet.info/inbs/140120260729501641.pdf"", ""2027年3月期 第1四半期決算短信〔日本基準〕(連結)"")","=HYPERLINK(""pdf_tmp/20260806/7917_1600_ZACROS_2027年3月期 第1四半期決算短信〔日本基準〕(連結).pdf"", ""2027年3月期 第1四半期決算短信〔日本基準〕(連結)"")",,,,4,,,,,,,,,,,,,,,,,,,,https://www.release.tdnet.info/inbs/140120260729501641.pdf
20260806,7956,ピジョン,決算短信,"=HYPERLINK(""https://www.release.tdnet.info/inbs/140120260805510885.pdf"", ""2026年12月期 第2四半期(中間期)決算短信〔日本基準〕(連結)"")","=HYPERLINK(""pdf_tmp/20260806/7956_1530_ピジョン_2026年12月期 第2四半期(中間期)決算短信〔日本基準〕(連結).pdf"", ""2026年12月期 第2四半期(中間期)決算短信〔日本基準〕(連結)"")",,,,,,,,,,,5,,,,,,,,,,,,,https://www.release.tdnet.info/inbs/140120260805510885.pdf
20260806,7972,イトーキ,決算短信,"=HYPERLINK(""https://www.release.tdnet.info/inbs/140120260805510571.pdf"", ""2026年12月期 第2四半期(中間期)決算短信〔日本基準〕(連結)"")","=HYPERLINK(""pdf_tmp/20260806/7972_1530_イトーキ_2026年12月期 第2四半期(中間期)決算短信〔日本基準〕(連結).pdf"", ""2026年12月期 第2四半期(中間期)決算短信〔日本基準〕(連結)"")",,,,,,,,,,,4,,,,,,,,,,,,,https://www.release.tdnet.info/inbs/140120260805510571.pdf
20260806,7992,セーラー,その他,"=HYPERLINK(""https://www.release.tdnet.info/inbs/140120260805510365.pdf"", ""2026年12月期 第2四半期(中間期)連結業績予想と実績との差異に関するお知らせ"")","=HYPERLINK(""pdf_tmp/20260806/7992_1530_セーラー_2026年12月期 第2四半期(中間期)連結業績予想と実績との差異に関するお知らせ.pdf"", ""2026年12月期 第2四半期(中間期)連結業績予想と実績との差異に関するお知らせ"")",,,1,,,,,,,,,,,,,,,,,,,,,https://www.release.tdnet.info/inbs/140120260805510365.pdf
20260806,7997,くろがね工作所,決算短信,"=HYPERLINK(""https://www.release.tdnet.info/inbs/140120260806512642.pdf"", ""(訂正)2026年11月期 第2四半期(中間期)決算短信〔日本基準〕(連結)の一部訂正(文言追加)について"")","=HYPERLINK(""pdf_tmp/20260806/7997_1540_くろがね工作所_(訂正)2026年11月期 第2四半期(中間期)決算短信〔日本基準〕(連結)の一部訂正(文言追加)について.pdf"", ""(訂正)2026年11月期 第2四半期(中間期)決算短信〔日本基準〕(連結)の一部訂正(文言追加)について"")",,,,,,,,,,,2,,,,,,,,,,,,,https://www.release.tdnet.info/inbs/140120260806512642.pdf
20260806,8001,伊藤忠,決算短信,"=HYPERLINK(""https://www.release.tdnet.info/inbs/140120260806512198.pdf"", ""2027年3月期第1四半期決算短信(監査法人による期中レビューの完了)"")","=HYPERLINK(""pdf_tmp/20260806/8001_1530_伊藤忠_2027年3月期第1四半期決算短信(監査法人による期中レビューの完了).pdf"", ""2027年3月期第1四半期決算短信(監査法人による期中レビューの完了)"")",,,,,,,,,,,,,,,,,,,5,,,,,https://www.release.tdnet.info/inbs/140120260806512198.pdf
20260806,8040,東ソワール,説明資料,"=HYPERLINK(""https://www.release.tdnet.info/inbs/140120260805510020.pdf"", ""2026年12月期第2四半期 決算説明資料"")","=HYPERLINK(""pdf_tmp/20260806/8040_1530_東ソワール_2026年12月期第2四半期 決算説明資料.pdf"", ""2026年12月期第2四半期 決算説明資料"")",,,,,,,,,,,13,,,,,,,,,,,,,https://www.release.tdnet.info/inbs/140120260805510020.pdf
20260806,8088,岩谷産,決算短信,"=HYPERLINK(""https://www.release.tdnet.info/inbs/140120260804508506.pdf"", ""2027年3月期 第1四半期決算短信〔日本基準〕(連結)"")","=HYPERLINK(""pdf_tmp/20260806/8088_1600_岩谷産_2027年3月期 第1四半期決算短信〔日本基準〕(連結).pdf"", ""2027年3月期 第1四半期決算短信〔日本基準〕(連結)"")",,,,,,,,,,,,,,,,,,,,,,,4 5 12,https://www.release.tdnet.info/inbs/140120260804508506.pdf
20260806,8097,三愛オブリ,決算短信,"=HYPERLINK(""https://www.release.tdnet.info/inbs/140120260730504019.pdf"", ""2027年3月期 第1四半期決算短信[日本基準](連結)"")","=HYPERLINK(""pdf_tmp/20260806/8097_1530_三愛オブリ_2027年3月期 第1四半期決算短信[日本基準](連結).pdf"", ""2027年3月期 第1四半期決算短信[日本基準](連結)"")",,,,,,,,,,,,,,,,,,,4,,,,,https://www.release.tdnet.info/inbs/140120260730504019.pdf
20260806,8111,ゴルドウイン,決算短信,"=HYPERLINK(""https://www.release.tdnet.info/inbs/140120260806511447.pdf"", ""2027年3月期 第1四半期決算短信〔日本基準〕(連結)"")","=HYPERLINK(""pdf_tmp/20260806/8111_1530_ゴルドウイン_2027年3月期 第1四半期決算短信〔日本基準〕(連結).pdf"", ""2027年3月期 第1四半期決算短信〔日本基準〕(連結)"")",,,,,,,,,,,4,,,,,,,,,,,,,https://www.release.tdnet.info/inbs/140120260806511447.pdf
20260806,8115,ムーンバット,決算短信,"=HYPERLINK(""https://www.release.tdnet.info/inbs/140120260721596974.pdf"", ""2027年3月期 第1四半期決算短信〔日本基準〕(連結)"")","=HYPERLINK(""pdf_tmp/20260806/8115_1530_ムーンバット_2027年3月期 第1四半期決算短信〔日本基準〕(連結).pdf"", ""2027年3月期 第1四半期決算短信〔日本基準〕(連結)"")",,,,,,,,,,,4,,,,,,,,,,,,,https://www.release.tdnet.info/inbs/140120260721596974.pdf
20260806,8130,サンゲツ,説明資料,"=HYPERLINK(""https://www.release.tdnet.info/inbs/140120260805509953.pdf"", ""2027年3月期 第1四半期決算補足説明資料"")","=HYPERLINK(""pdf_tmp/20260806/8130_1340_サンゲツ_2027年3月期 第1四半期決算補足説明資料.pdf"", ""2027年3月期 第1四半期決算補足説明資料"")",,,2 3 8,,,,,,,,,,,,,,,,,,,,,https://www.release.tdnet.info/inbs/140120260805509953.pdf
20260806,8133,エネクス,決算短信,"=HYPERLINK(""https://www.release.tdnet.info/inbs/140120260805510643.pdf"", ""2027年3月期 第1四半期決算短信〔IFRS〕(連結)(公認会計士等による期中レビューの完了)"")","=HYPERLINK(""pdf_tmp/20260806/8133_1300_エネクス_2027年3月期 第1四半期決算短信〔IFRS〕(連結)(公認会計士等による期中レビューの完了).pdf"", ""2027年3月期 第1四半期決算短信〔IFRS〕(連結)(公認会計士等による期中レビューの完了)"")",,,,,,,,,,,5,,,,,,,,,,,,,https://www.release.tdnet.info/inbs/140120260805510643.pdf
20260806,8337,千葉興銀,決算短信,"=HYPERLINK(""https://www.release.tdnet.info/inbs/140120260805509596.pdf"", ""2027年3月期 第1四半期決算短信〔日本基準〕(連結)"")","=HYPERLINK(""pdf_tmp/20260806/8337_1330_千葉興銀_2027年3月期 第1四半期決算短信〔日本基準〕(連結).pdf"", ""2027年3月期 第1四半期決算短信〔日本基準〕(連結)"")",,,,,,,,,,,,,,,,,,,5,,,,,https://www.release.tdnet.info/inbs/140120260805509596.pdf
20260806,8705,日産証券グループ,決算短信,"=HYPERLINK(""https://www.release.tdnet.info/inbs/140120260709590587.pdf"", ""2027年3月期第1四半期決算短信〔日本基準〕(連結)"")","=HYPERLINK(""pdf_tmp/20260806/8705_1500_日産証券グループ_2027年3月期第1四半期決算短信〔日本基準〕(連結).pdf"", ""2027年3月期第1四半期決算短信〔日本基準〕(連結)"")",,,,,,,,,,,5,,,,,,,,,,,,,https://www.release.tdnet.info/inbs/140120260709590587.pdf
20260806,8804,東建物,その他,"=HYPERLINK(""https://www.release.tdnet.info/inbs/140120260806512201.pdf"", ""2026年12月期第2四半期(中間期) 決算ハイライト"")","=HYPERLINK(""pdf_tmp/20260806/8804_1530_東建物_2026年12月期第2四半期(中間期) 決算ハイライト.pdf"", ""2026年12月期第2四半期(中間期) 決算ハイライト"")",,,,,,,2,,,,,,,,,,,,,,,,,https://www.release.tdnet.info/inbs/140120260806512201.pdf
20260806,8804,東建物,予想の修正,"=HYPERLINK(""https://www.release.tdnet.info/inbs/140120260806512220.pdf"", ""通期業績予想及び配当予想の修正に関するお知らせ"")","=HYPERLINK(""pdf_tmp/20260806/8804_1530_東建物_通期業績予想及び配当予想の修正に関するお知らせ.pdf"", ""通期業績予想及び配当予想の修正に関するお知らせ"")",,,,,,,2,,,,,,,,,,,,,,,,,https://www.release.tdnet.info/inbs/140120260806512220.pdf
20260806,8914,エリアリンク,月次,"=HYPERLINK(""https://www.release.tdnet.info/inbs/140120260805510658.pdf"", ""2026年7月度 月次実績"")","=HYPERLINK(""pdf_tmp/20260806/8914_1200_エリアリンク_2026年7月度 月次実績.pdf"", ""2026年7月度 月次実績"")",,,,,,,,,,,,4,,,,,,,,,,,,https://www.release.tdnet.info/inbs/140120260805510658.pdf
20260806,9028,ゼロ,決算短信,"=HYPERLINK(""https://www.release.tdnet.info/inbs/140120260806511281.pdf"", ""2026年6月期 決算短信[IFRS](連結)"")","=HYPERLINK(""pdf_tmp/20260806/9028_1700_ゼロ_2026年6月期 決算短信[IFRS](連結).pdf"", ""2026年6月期 決算短信[IFRS](連結)"")",,,,,,,,,,,,,,,,,,5,,,,,,https://www.release.tdnet.info/inbs/140120260806511281.pdf
20260806,9225,G-ブリッジコンサル,その他,"=HYPERLINK(""https://www.release.tdnet.info/inbs/140120260806511449.pdf"", ""「中小企業成長加速化補助金」採択に関するお知らせ"")","=HYPERLINK(""pdf_tmp/20260806/9225_1200_G-ブリッジコンサル_「中小企業成長加速化補助金」採択に関するお知らせ.pdf"", ""「中小企業成長加速化補助金」採択に関するお知らせ"")",,,,,,,,,,1,,,,,,,,,,,,,,https://www.release.tdnet.info/inbs/140120260806511449.pdf
20260806,9272,G-ブティックス,説明資料,"=HYPERLINK(""https://www.release.tdnet.info/inbs/140120260803507436.pdf"", ""2027年3月期 第1四半期決算説明資料"")","=HYPERLINK(""pdf_tmp/20260806/9272_1600_G-ブティックス_2027年3月期 第1四半期決算説明資料.pdf"", ""2027年3月期 第1四半期決算説明資料"")",,,,,,,,,,,11 31 33,,,,,,,,,,,,,https://www.release.tdnet.info/inbs/140120260803507436.pdf
20260806,9401,TBSHD,その他,"=HYPERLINK(""https://www.release.tdnet.info/inbs/140120260805510720.pdf"", ""2026年度 第1四半期 決算資料"")","=HYPERLINK(""pdf_tmp/20260806/9401_1630_TBSHD_2026年度 第1四半期 決算資料.pdf"", ""2026年度 第1四半期 決算資料"")",,,,,,,,2 15 16,,,,,,,,,,,,,,,,https://www.release.tdnet.info/inbs/140120260805510720.pdf
20260806,9424,日本通信,決算短信,"=HYPERLINK(""https://www.release.tdnet.info/inbs/140120260805510175.pdf"", ""2027年3月期 第1四半期決算短信〔日本基準〕(連結)"")","=HYPERLINK(""pdf_tmp/20260806/9424_1531_日本通信_2027年3月期 第1四半期決算短信〔日本基準〕(連結).pdf"", ""2027年3月期 第1四半期決算短信〔日本基準〕(連結)"")",,,,,,,,,,,4,,,,,,,,,,,,,https://www.release.tdnet.info/inbs/140120260805510175.pdf
20260806,9438,エムティーアイ,決算短信,"=HYPERLINK(""https://www.release.tdnet.info/inbs/140120260805511039.pdf"", ""2026年9月期 第3四半期決算短信〔日本基準〕(連結)"")","=HYPERLINK(""pdf_tmp/20260806/9438_1400_エムティーアイ_2026年9月期 第3四半期決算短信〔日本基準〕(連結).pdf"", ""2026年9月期 第3四半期決算短信〔日本基準〕(連結)"")",,,,,,,,,,,5,,,,,,,,,,,,,https://www.release.tdnet.info/inbs/140120260805511039.pdf
20260806,9438,エムティーアイ,予想の修正,"=HYPERLINK(""https://www.release.tdnet.info/inbs/140120260805511041.pdf"", ""特別利益の計上および通期連結業績予想の修正に関するお知らせ"")","=HYPERLINK(""pdf_tmp/20260806/9438_1400_エムティーアイ_特別利益の計上および通期連結業績予想の修正に関するお知らせ.pdf"", ""特別利益の計上および通期連結業績予想の修正に関するお知らせ"")",,,,,,,,2,,,,,,,,,,,,,,,,https://www.release.tdnet.info/inbs/140120260805511041.pdf
20260806,9519,レノバ,その他,"=HYPERLINK(""https://www.release.tdnet.info/inbs/140120260806512438.pdf"", ""2027年3月期  第1四半期決算補足資料"")","=HYPERLINK(""pdf_tmp/20260806/9519_1530_レノバ_2027年3月期 第1四半期決算補足資料.pdf"", ""2027年3月期  第1四半期決算補足資料"")",,,,,,,,,,,18 25 55 58,,,,,,,,,,,,,https://www.release.tdnet.info/inbs/140120260806512438.pdf
20260806,9622,スペース,説明資料,"=HYPERLINK(""https://www.release.tdnet.info/inbs/140120260806511398.pdf"", ""2026年12月期 第2四半期(中間期)決算説明資料"")","=HYPERLINK(""pdf_tmp/20260806/9622_1530_スペース_2026年12月期 第2四半期(中間期)決算説明資料.pdf"", ""2026年12月期 第2四半期(中間期)決算説明資料"")",,,,,,,,,,,,21,,,,,,,,,,,,https://www.release.tdnet.info/inbs/140120260806511398.pdf
20260806,9831,ヤマダHD,決算短信,"=HYPERLINK(""https://www.release.tdnet.info/inbs/140120260804508635.pdf"", ""2027年3月期 第1四半期決算短信〔日本基準〕(連結)"")","=HYPERLINK(""pdf_tmp/20260806/9831_1130_ヤマダHD_2027年3月期 第1四半期決算短信〔日本基準〕(連結).pdf"", ""2027年3月期 第1四半期決算短信〔日本基準〕(連結)"")",,,4 5,,,,,,,,,,,,,,,,,,,,,https://www.release.tdnet.info/inbs/140120260804508635.pdf
20260806,9831,ヤマダHD,その他,"=HYPERLINK(""https://www.release.tdnet.info/inbs/140120260804508637.pdf"", ""2027年3月期 第1四半期決算説明会資料"")","=HYPERLINK(""pdf_tmp/20260806/9831_1130_ヤマダHD_2027年3月期 第1四半期決算説明会資料.pdf"", ""2027年3月期 第1四半期決算説明会資料"")",,,18,,,,,,,,,,,,,,,,,,,,,https://www.release.tdnet.info/inbs/140120260804508637.pdf
