日付,コード,会社名,分類,表題（リンク_TDnet）,表題（リンク_ローカル）,価格交渉,増産,価格改定,価格転嫁,値上,想定以上,上方修正,下方修正,想定以下,未達,大幅,計画を上,計画を下,計画以,需要回復,需要の回復,需要が増,需要が低,悪化,グローバルニッチトップ,トップシェア,シェア拡大,レアアース,URL（生）
20260512,4202,ダイセル,説明資料,"=HYPERLINK(""https://www.release.tdnet.info/inbs/140120260512524830.pdf"", ""2026年3月期 決算説明資料"")","=HYPERLINK(""pdf_tmp/20260512/4202_1320_ダイセル_2026年3月期 決算説明資料.pdf"", ""2026年3月期 決算説明資料"")",,15 16 17,,13 24 26,19,,,,,,15 19,,,,,12,,,2 14 19 20 21 23 35,,,27,,https://www.release.tdnet.info/inbs/140120260512524830.pdf
20260512,4951,エステー,その他,"=HYPERLINK(""https://www.release.tdnet.info/inbs/140120260511523866.pdf"", ""2026年3月期 決算説明会"")","=HYPERLINK(""pdf_tmp/20260512/4951_1330_エステー_2026年3月期 決算説明会.pdf"", ""2026年3月期 決算説明会"")",,,3 24 33,,9 13 18,,,20,,21 23 24 25 26 28 32 33,23 31 33,,24,,,,,,20 40,,,,,https://www.release.tdnet.info/inbs/140120260511523866.pdf
20260512,2871,ニチレイ,その他,"=HYPERLINK(""https://www.release.tdnet.info/inbs/140120260512524833.pdf"", ""2026年3月期 期末決算説明会資料"")","=HYPERLINK(""pdf_tmp/20260512/2871_1530_ニチレイ_2026年3月期 期末決算説明会資料.pdf"", ""2026年3月期 期末決算説明会資料"")",,,6 11 13 27 28 30 32,,,,2 19,2 11 19,,5 6,28 33 39,,,,,,,,27,,,,,https://www.release.tdnet.info/inbs/140120260512524833.pdf
20260512,3407,旭化成,説明資料,"=HYPERLINK(""https://www.release.tdnet.info/inbs/140120260512524226.pdf"", ""2025年度決算説明資料"")","=HYPERLINK(""pdf_tmp/20260512/3407_1230_旭化成_2025年度決算説明資料.pdf"", ""2025年度決算説明資料"")",,,,,9,,,,,,2 12 17 21,,,,34,,7,,6 15 23 33 39 51,,,31 34,,https://www.release.tdnet.info/inbs/140120260512524226.pdf
20260512,4452,花王,決算短信,"=HYPERLINK(""https://www.release.tdnet.info/inbs/140120260511522987.pdf"", ""2026年12月期 第1四半期決算短信〔IFRS会計基準〕(連結)"")","=HYPERLINK(""pdf_tmp/20260512/4452_1530_花王_2026年12月期 第1四半期決算短信〔IFRS会計基準〕(連結).pdf"", ""2026年12月期 第1四半期決算短信〔IFRS会計基準〕(連結)"")",,,6 7,7,,,,,,,6,7,,,,,,,6,,,6,,https://www.release.tdnet.info/inbs/140120260511522987.pdf
20260512,6367,ダイキン工,決算短信,"=HYPERLINK(""https://www.release.tdnet.info/inbs/140120260511523610.pdf"", ""2026年3月期 決算短信〔日本基準〕(連結)"")","=HYPERLINK(""pdf_tmp/20260512/6367_1530_ダイキン工_2026年3月期 決算短信〔日本基準〕(連結).pdf"", ""2026年3月期 決算短信〔日本基準〕(連結)"")",,,,8,,,,,,,,,22,,5,6,,5,,,,5,,https://www.release.tdnet.info/inbs/140120260511523610.pdf
20260512,7245,大同メタル,説明資料,"=HYPERLINK(""https://www.release.tdnet.info/inbs/140120260506517389.pdf"", ""2026年3月期 通期 決算補足説明資料"")","=HYPERLINK(""pdf_tmp/20260512/7245_1300_大同メタル_2026年3月期 通期 決算補足説明資料.pdf"", ""2026年3月期 通期 決算補足説明資料"")",,,11 13 14,2 4 6,,,,,,,,,14,,,2 11 17,,,14,,,11,,https://www.release.tdnet.info/inbs/140120260506517389.pdf
20260512,3066,JBイレブン,決算短信,"=HYPERLINK(""https://www.release.tdnet.info/inbs/140120260424510377.pdf"", ""2026年3月期 決算短信〔日本基準〕(連結)"")","=HYPERLINK(""pdf_tmp/20260512/3066_1500_JBイレブン_2026年3月期 決算短信〔日本基準〕(連結).pdf"", ""2026年3月期 決算短信〔日本基準〕(連結)"")",12,,,6 12,4,,,,,,6 9,,,,,,,,4 7 9,,,,,https://www.release.tdnet.info/inbs/140120260424510377.pdf
20260512,4911,資生堂,説明資料,"=HYPERLINK(""https://www.release.tdnet.info/inbs/140120260508520381.pdf"", ""2026年 第1四半期 決算説明資料"")","=HYPERLINK(""pdf_tmp/20260512/4911_1530_資生堂_2026年 第1四半期 決算説明資料.pdf"", ""2026年 第1四半期 決算説明資料"")",,,,,3 7 11 13 20,,19 25,3 19 25,,,7 8,,,,,,,,3 6 8 19 20,,,,,https://www.release.tdnet.info/inbs/140120260508520381.pdf
20260512,5142,アキレス,その他,"=HYPERLINK(""https://www.release.tdnet.info/inbs/140120260511522824.pdf"", ""2026年3月期 決算概要"")","=HYPERLINK(""pdf_tmp/20260512/5142_1400_アキレス_2026年3月期 決算概要.pdf"", ""2026年3月期 決算概要"")",,,7 13 14,,,,,,,,4 7,13,,,,,,,7,,,17,,https://www.release.tdnet.info/inbs/140120260511522824.pdf
20260512,5233,太平洋セメ,説明資料,"=HYPERLINK(""https://www.release.tdnet.info/inbs/140120260512525330.pdf"", ""2025年度 決算説明資料"")","=HYPERLINK(""pdf_tmp/20260512/5233_1630_太平洋セメ_2025年度 決算説明資料.pdf"", ""2025年度 決算説明資料"")",,,38,22,6 11 12 22,,,,,,,,,,22,,,,12,,,,,https://www.release.tdnet.info/inbs/140120260512525330.pdf
20260512,6351,鶴見製,決算短信,"=HYPERLINK(""https://www.release.tdnet.info/inbs/140120260512524756.pdf"", ""2026年3月期 決算短信〔日本基準〕(連結)"")","=HYPERLINK(""pdf_tmp/20260512/6351_1400_鶴見製_2026年3月期 決算短信〔日本基準〕(連結).pdf"", ""2026年3月期 決算短信〔日本基準〕(連結)"")",,,,,,,,,,,5,,,,,5,6,,5,,,5,,https://www.release.tdnet.info/inbs/140120260512524756.pdf
20260512,6381,アネスト岩田,説明資料,"=HYPERLINK(""https://www.release.tdnet.info/inbs/140120260512524849.pdf"", ""2026年3月期決算補足説明資料"")","=HYPERLINK(""pdf_tmp/20260512/6381_1530_アネスト岩田_2026年3月期決算補足説明資料.pdf"", ""2026年3月期決算補足説明資料"")",,,,8,5,4,,,,3 4,,,2,,,,,,,,,,,https://www.release.tdnet.info/inbs/140120260512524849.pdf
20260512,6986,双葉電子,説明資料,"=HYPERLINK(""https://www.release.tdnet.info/inbs/140120260512524431.pdf"", ""2026年3月期 連結決算説明資料"")","=HYPERLINK(""pdf_tmp/20260512/6986_1500_双葉電子_2026年3月期 連結決算説明資料.pdf"", ""2026年3月期 連結決算説明資料"")",,,,6 12,,,,,,14 15,7,,,,,12,,,6 10,,,,,https://www.release.tdnet.info/inbs/140120260512524431.pdf
20260512,9142,JR九州,その他,"=HYPERLINK(""https://www.release.tdnet.info/inbs/140120260512524065.pdf"", ""2026年3月期 決算説明会資料"")","=HYPERLINK(""pdf_tmp/20260512/9142_1000_JR九州_2026年3月期 決算説明会資料.pdf"", ""2026年3月期 決算説明会資料"")",,,,48,48 49,4,4 5 7,,,,,25,,,,,,,,,,,,https://www.release.tdnet.info/inbs/140120260512524065.pdf
20260512,9517,イーレックス,説明資料,"=HYPERLINK(""https://www.release.tdnet.info/inbs/140120260512527012.pdf"", ""2026年3月期 決算補足説明資料"")","=HYPERLINK(""pdf_tmp/20260512/9517_1845_イーレックス_2026年3月期 決算補足説明資料.pdf"", ""2026年3月期 決算補足説明資料"")",,,,,28,,,,,,3 14,2,,,,,1,,6 7,,,,,https://www.release.tdnet.info/inbs/140120260512527012.pdf
20260512,1820,西松建,その他,"=HYPERLINK(""https://www.release.tdnet.info/inbs/140120260511523353.pdf"", ""『西松-Vision 2035』及び『中期経営計画2028』策定のお知らせ"")","=HYPERLINK(""pdf_tmp/20260512/1820_1400_西松建_『西松-Vision 2035』及び『中期経営計画2028』策定のお知らせ.pdf"", ""『西松-Vision 2035』及び『中期経営計画2028』策定のお知らせ"")",,,,23,,,,,,12 24,,,,12 17 26,,,,,27,,,,,https://www.release.tdnet.info/inbs/140120260511523353.pdf
20260512,2445,タカミヤ,説明資料,"=HYPERLINK(""https://www.release.tdnet.info/inbs/140120260512526120.pdf"", ""2026年3月期 決算説明資料"")","=HYPERLINK(""pdf_tmp/20260512/2445_1530_タカミヤ_2026年3月期 決算説明資料.pdf"", ""2026年3月期 決算説明資料"")",,,,,,,48,,,20,4 8 11 23 44,,,,,,,,25 30,,,,,https://www.release.tdnet.info/inbs/140120260512526120.pdf
20260512,2602,日清オイリオ,決算短信,"=HYPERLINK(""https://www.release.tdnet.info/inbs/140120260511523304.pdf"", ""2026年3月期 決算短信[日本基準](連結)"")","=HYPERLINK(""pdf_tmp/20260512/2602_1200_日清オイリオ_2026年3月期 決算短信[日本基準](連結).pdf"", ""2026年3月期 決算短信[日本基準](連結)"")",,,7,,,,,,,,,,,,6,,6,,6,,,,,https://www.release.tdnet.info/inbs/140120260511523304.pdf
20260512,3679,じげん,その他,"=HYPERLINK(""https://www.release.tdnet.info/inbs/140120260512526211.pdf"", ""2026年3月期 通期決算説明会資料"")","=HYPERLINK(""pdf_tmp/20260512/3679_1530_じげん_2026年3月期 通期決算説明会資料.pdf"", ""2026年3月期 通期決算説明会資料"")",,,,,,,,,,4 30 34 49 60,6 18 25 32 61 63 66,,,,,,,,60,,,17,,https://www.release.tdnet.info/inbs/140120260512526211.pdf
20260512,4828,ビーエンジ,説明資料,"=HYPERLINK(""https://www.release.tdnet.info/inbs/140120260512523914.pdf"", ""2026年3月期 決算説明資料"")","=HYPERLINK(""pdf_tmp/20260512/4828_1130_ビーエンジ_2026年3月期 決算説明資料.pdf"", ""2026年3月期 決算説明資料"")",,,,,,,5 7,,,,4 5 6 7 18 47,18,,,,,,,,,,45,,https://www.release.tdnet.info/inbs/140120260512523914.pdf
20260512,5461,中部鋼鈑,その他,"=HYPERLINK(""https://www.release.tdnet.info/inbs/140120260512525321.pdf"", ""2026年3月期決算補足資料"")","=HYPERLINK(""pdf_tmp/20260512/5461_1500_中部鋼鈑_2026年3月期決算補足資料.pdf"", ""2026年3月期決算補足資料"")",,5,,,7,,,,,,3,,,,,,,,3,,,,,https://www.release.tdnet.info/inbs/140120260512525321.pdf
20260512,6644,大崎電,説明資料,"=HYPERLINK(""https://www.release.tdnet.info/inbs/140120260512524917.pdf"", ""2025年度通期 決算説明資料"")","=HYPERLINK(""pdf_tmp/20260512/6644_1535_大崎電_2025年度通期 決算説明資料.pdf"", ""2025年度通期 決算説明資料"")",,,,35,,,,,,,,,20,,,,,,8 33 35,,19,,,https://www.release.tdnet.info/inbs/140120260512524917.pdf
20260512,6763,帝通工,決算短信,"=HYPERLINK(""https://www.release.tdnet.info/inbs/140120260512524035.pdf"", ""2026年3月期決算短信〔日本基準〕(連結)"")","=HYPERLINK(""pdf_tmp/20260512/6763_1530_帝通工_2026年3月期決算短信〔日本基準〕(連結).pdf"", ""2026年3月期決算短信〔日本基準〕(連結)"")",,6,,,,,,,,,4,,,,4,,,,4,,,,,https://www.release.tdnet.info/inbs/140120260512524035.pdf
20260512,7012,川崎重,説明資料,"=HYPERLINK(""https://www.release.tdnet.info/inbs/140120260511523889.pdf"", ""2025年度決算説明資料"")","=HYPERLINK(""pdf_tmp/20260512/7012_1130_川崎重_2025年度決算説明資料.pdf"", ""2025年度決算説明資料"")",,24 37,,,,,,,,,17 36 46,,,,,,24,,9 12 43,,,,,https://www.release.tdnet.info/inbs/140120260511523889.pdf
20260512,7417,南陽,説明資料,"=HYPERLINK(""https://www.release.tdnet.info/inbs/140120260507518032.pdf"", ""2026年3月期決算説明資料"")","=HYPERLINK(""pdf_tmp/20260512/7417_1530_南陽_2026年3月期決算説明資料.pdf"", ""2026年3月期決算説明資料"")",,,,4 5,12,,,,,,,,,,5 10,,12,,,,,,,https://www.release.tdnet.info/inbs/140120260507518032.pdf
20260512,7425,初穂商事,決算短信,"=HYPERLINK(""https://www.release.tdnet.info/inbs/140120260316582675.pdf"", ""2026年12月期 第1四半期決算短信〔日本基準〕(連結)"")","=HYPERLINK(""pdf_tmp/20260512/7425_1600_初穂商事_2026年12月期 第1四半期決算短信〔日本基準〕(連結).pdf"", ""2026年12月期 第1四半期決算短信〔日本基準〕(連結)"")",,,,,4,4,,,,,,,,,,,,4,,,,4,,https://www.release.tdnet.info/inbs/140120260316582675.pdf
20260512,7628,オーハシテクニカ,その他,"=HYPERLINK(""https://www.release.tdnet.info/inbs/140120260512524901.pdf"", ""減損損失(連結)の計上、及び2026年3月期連結業績予想と実績値の差異に関するお知らせ"")","=HYPERLINK(""pdf_tmp/20260512/7628_1530_オーハシテクニカ_減損損失(連結)の計上、及び2026年3月期連結業績予想と実績値の差異に関するお知らせ.pdf"", ""減損損失(連結)の計上、及び2026年3月期連結業績予想と実績値の差異に関するお知らせ"")",,,,,,,,,,,1,,2,,,,,,1,,,1,,https://www.release.tdnet.info/inbs/140120260512524901.pdf
20260512,7940,ウェーブロックHD,その他,"=HYPERLINK(""https://www.release.tdnet.info/inbs/140120260512524448.pdf"", ""2026年3月期決算補足説明"")","=HYPERLINK(""pdf_tmp/20260512/7940_1530_ウェーブロックHD_2026年3月期決算補足説明.pdf"", ""2026年3月期決算補足説明"")",,,,,,,,,,5,19 20,,,,,,,6,19 20,,,,,https://www.release.tdnet.info/inbs/140120260512524448.pdf
20260512,9517,イーレックス,決算短信,"=HYPERLINK(""https://www.release.tdnet.info/inbs/140120260512525627.pdf"", ""2026年3月期 決算短信〔IFRS〕(連結)"")","=HYPERLINK(""pdf_tmp/20260512/9517_1530_イーレックス_2026年3月期 決算短信〔IFRS〕(連結).pdf"", ""2026年3月期 決算短信〔IFRS〕(連結)"")",,,,,,,,,,,4,4,4,,,,,,4,,,,,https://www.release.tdnet.info/inbs/140120260512525627.pdf
20260512,1870,矢作建,説明資料,"=HYPERLINK(""https://www.release.tdnet.info/inbs/140120260512524577.pdf"", ""IR資料 【2026年3月期 連結決算補足説明資料】"")","=HYPERLINK(""pdf_tmp/20260512/1870_1400_矢作建_IR資料 【2026年3月期 連結決算補足説明資料】.pdf"", ""IR資料 【2026年3月期 連結決算補足説明資料】"")",,,,8,,,,,,,6 8 9 15 17,7,,,,,,,,,,,,https://www.release.tdnet.info/inbs/140120260512524577.pdf
20260512,1938,日リーテック,決算短信,"=HYPERLINK(""https://www.release.tdnet.info/inbs/140120260508520947.pdf"", ""2026年3月期 決算短信〔日本基準〕(連結)"")","=HYPERLINK(""pdf_tmp/20260512/1938_1430_日リーテック_2026年3月期 決算短信〔日本基準〕(連結).pdf"", ""2026年3月期 決算短信〔日本基準〕(連結)"")",4,,,4,,,,,,,4,,,,,,,,,,,,,https://www.release.tdnet.info/inbs/140120260508520947.pdf
20260512,2055,日和産業,決算短信,"=HYPERLINK(""https://www.release.tdnet.info/inbs/140120260511523371.pdf"", ""2026年3月期 決算短信〔日本基準〕(連結)"")","=HYPERLINK(""pdf_tmp/20260512/2055_1530_日和産業_2026年3月期 決算短信〔日本基準〕(連結).pdf"", ""2026年3月期 決算短信〔日本基準〕(連結)"")",,,,,4,,,,,,,,,,4,,4,,,,,,,https://www.release.tdnet.info/inbs/140120260511523371.pdf
20260512,2304,CSSHD,決算短信,"=HYPERLINK(""https://www.release.tdnet.info/inbs/140120260512525720.pdf"", ""2026年9月期 第2四半期(中間期)決算短信〔日本基準〕(連結)"")","=HYPERLINK(""pdf_tmp/20260512/2304_1600_CSSHD_2026年9月期 第2四半期(中間期)決算短信〔日本基準〕(連結).pdf"", ""2026年9月期 第2四半期(中間期)決算短信〔日本基準〕(連結)"")",,,,,4,,,,,4,,,,,,,,,4,,,,,https://www.release.tdnet.info/inbs/140120260512525720.pdf
20260512,2371,カカクコム,その他,"=HYPERLINK(""https://www.release.tdnet.info/inbs/140120260512526522.pdf"", ""Kamgras 1株式会社による当社株券等に対する 公開買付けに関する賛同の意見表明及び応募推奨のお知らせ"")","=HYPERLINK(""pdf_tmp/20260512/2371_1800_カカクコム_Kamgras 1株式会社による当社株券等に対する 公開買付けに関する賛同の意見表明及び応募推奨のお知らせ.pdf"", ""Kamgras 1株式会社による当社株券等に対する 公開買付けに関する賛同の意見表明及び応募推奨のお知らせ"")",65 66 73,,,,,,,,,,34 37 66 67 80,,,,,,,,28 60,,,,,https://www.release.tdnet.info/inbs/140120260512526522.pdf
20260512,2432,ディーエヌエー,決算短信,"=HYPERLINK(""https://www.release.tdnet.info/inbs/140120260511522442.pdf"", ""2026年3月期 決算短信〔IFRS〕(連結)"")","=HYPERLINK(""pdf_tmp/20260512/2432_1545_ディーエヌエー_2026年3月期 決算短信〔IFRS〕(連結).pdf"", ""2026年3月期 決算短信〔IFRS〕(連結)"")",,,,,,15,,,,,9,,,,,,,,12 14,,,,,https://www.release.tdnet.info/inbs/140120260511522442.pdf
20260512,2607,不二製油,決算短信,"=HYPERLINK(""https://www.release.tdnet.info/inbs/140120260511523712.pdf"", ""2026年3月期 決算短信〔IFRS〕(連結)"")","=HYPERLINK(""pdf_tmp/20260512/2607_1530_不二製油_2026年3月期 決算短信〔IFRS〕(連結).pdf"", ""2026年3月期 決算短信〔IFRS〕(連結)"")",,,,,,,,,,,4,,,,,,6,,5,,,,,https://www.release.tdnet.info/inbs/140120260511523712.pdf
20260512,2767,円谷フィールズHD,決算短信,"=HYPERLINK(""https://www.release.tdnet.info/inbs/140120260512526159.pdf"", ""2026年3月期決算短信〔日本基準〕(連結)"")","=HYPERLINK(""pdf_tmp/20260512/2767_1545_円谷フィールズHD_2026年3月期決算短信〔日本基準〕(連結).pdf"", ""2026年3月期決算短信〔日本基準〕(連結)"")",,6,,,,,,,,7,,,,,,,,,,,,6,,https://www.release.tdnet.info/inbs/140120260512526159.pdf
20260512,2871,ニチレイ,決算短信,"=HYPERLINK(""https://www.release.tdnet.info/inbs/140120260512524701.pdf"", ""2026年3月期 決算短信〔日本基準〕(連結)"")","=HYPERLINK(""pdf_tmp/20260512/2871_1530_ニチレイ_2026年3月期 決算短信〔日本基準〕(連結).pdf"", ""2026年3月期 決算短信〔日本基準〕(連結)"")",,,5 6 11,,7,,,,,,6,,,,,,,,,,,,,https://www.release.tdnet.info/inbs/140120260512524701.pdf
20260512,3101,東洋紡,その他,"=HYPERLINK(""https://www.release.tdnet.info/inbs/140120260511522736.pdf"", ""2025年度決算説明"")","=HYPERLINK(""pdf_tmp/20260512/3101_1300_東洋紡_2025年度決算説明.pdf"", ""2025年度決算説明"")",,10,,,,,,,,,2,,,,,,,,12,,,,,https://www.release.tdnet.info/inbs/140120260511522736.pdf
20260512,3179,シュッピン,その他,"=HYPERLINK(""https://www.release.tdnet.info/inbs/140120260512526284.pdf"", ""2026年3月期決算補足資料"")","=HYPERLINK(""pdf_tmp/20260512/3179_1600_シュッピン_2026年3月期決算補足資料.pdf"", ""2026年3月期決算補足資料"")",,,,,,,,,,,41,,5,,,,,,,,,21,,https://www.release.tdnet.info/inbs/140120260512526284.pdf
20260512,3628,G-データHR,事業計画,"=HYPERLINK(""https://www.release.tdnet.info/inbs/140120260512525962.pdf"", ""事業計画及び成長可能性に関する事項"")","=HYPERLINK(""pdf_tmp/20260512/3628_1530_G-データHR_事業計画及び成長可能性に関する事項.pdf"", ""事業計画及び成長可能性に関する事項"")",,,,,,,,,,,26 39 45,,,,,,,,,,8 27 32 33,27,,https://www.release.tdnet.info/inbs/140120260512525962.pdf
20260512,3634,ソケッツ,説明資料,"=HYPERLINK(""https://www.release.tdnet.info/inbs/140120260430514883.pdf"", ""2026年3月期 決算説明資料"")","=HYPERLINK(""pdf_tmp/20260512/3634_1600_ソケッツ_2026年3月期 決算説明資料.pdf"", ""2026年3月期 決算説明資料"")",,,,,,,4 6,,,21 44,10 15 16 17,,,,,,,,,,,,,https://www.release.tdnet.info/inbs/140120260430514883.pdf
20260512,3964,オークネット,説明資料,"=HYPERLINK(""https://www.release.tdnet.info/inbs/140120260511523663.pdf"", ""2026年12月期第1四半期決算説明資料"")","=HYPERLINK(""pdf_tmp/20260512/3964_1530_オークネット_2026年12月期第1四半期決算説明資料.pdf"", ""2026年12月期第1四半期決算説明資料"")",,,,,,,21,,,,,,,,,,15,,,,32,,,https://www.release.tdnet.info/inbs/140120260511523663.pdf
20260512,4023,クレハ,決算短信,"=HYPERLINK(""https://www.release.tdnet.info/inbs/140120260511522893.pdf"", ""2026年3月期 決算短信〔IFRS〕(連結)"")","=HYPERLINK(""pdf_tmp/20260512/4023_1530_クレハ_2026年3月期 決算短信〔IFRS〕(連結).pdf"", ""2026年3月期 決算短信〔IFRS〕(連結)"")",,,,,,4 7 20,,,,,,,,,4 20,,,,6,,,,,https://www.release.tdnet.info/inbs/140120260511522893.pdf
20260512,4046,大阪ソーダ,決算短信,"=HYPERLINK(""https://www.release.tdnet.info/inbs/140120260512524512.pdf"", ""2026年3月期 決算短信〔日本基準〕(連結)"")","=HYPERLINK(""pdf_tmp/20260512/4046_1600_大阪ソーダ_2026年3月期 決算短信〔日本基準〕(連結).pdf"", ""2026年3月期 決算短信〔日本基準〕(連結)"")",,,,,,,,,,,,,,,,,,,,6,4 6,6,,https://www.release.tdnet.info/inbs/140120260512524512.pdf
20260512,4452,花王,その他,"=HYPERLINK(""https://www.release.tdnet.info/inbs/140120260512524705.pdf"", ""2026年12月期第1四半期連結決算の概要"")","=HYPERLINK(""pdf_tmp/20260512/4452_1530_花王_2026年12月期第1四半期連結決算の概要.pdf"", ""2026年12月期第1四半期連結決算の概要"")",,,8 10,8 14,10,,,,,,,,,,,,,,,,,,,https://www.release.tdnet.info/inbs/140120260512524705.pdf
20260512,4549,栄研化,その他,"=HYPERLINK(""https://www.release.tdnet.info/inbs/140120260512524936.pdf"", ""2026年3月期 決算および経営計画説明会"")","=HYPERLINK(""pdf_tmp/20260512/4549_1300_栄研化_2026年3月期 決算および経営計画説明会.pdf"", ""2026年3月期 決算および経営計画説明会"")",,,,15,,,,,,2 5 15,5,,,,,,,,,,,,,https://www.release.tdnet.info/inbs/140120260512524936.pdf
20260512,4901,富士フイルム,決算短信,"=HYPERLINK(""https://www.release.tdnet.info/inbs/140120260508520206.pdf"", ""2026年3月期決算短信〔米国基準〕(連結)"")","=HYPERLINK(""pdf_tmp/20260512/4901_1400_富士フイルム_2026年3月期決算短信〔米国基準〕(連結).pdf"", ""2026年3月期決算短信〔米国基準〕(連結)"")",,,,,,,,,,,,,,,,,10,,,,5,,8,https://www.release.tdnet.info/inbs/140120260508520206.pdf
20260512,4912,ライオン,説明資料,"=HYPERLINK(""https://www.release.tdnet.info/inbs/140120260511523242.pdf"", ""2026年12月期 第1四半期決算説明資料"")","=HYPERLINK(""pdf_tmp/20260512/4912_1530_ライオン_2026年12月期 第1四半期決算説明資料.pdf"", ""2026年12月期 第1四半期決算説明資料"")",,,,17,16,,,,,,8,,,,,,,,,,,,,https://www.release.tdnet.info/inbs/140120260511523242.pdf
20260512,4975,JCU,決算短信,"=HYPERLINK(""https://www.release.tdnet.info/inbs/140120260512525249.pdf"", ""2026年3月期決算短信〔日本基準〕(連結)"")","=HYPERLINK(""pdf_tmp/20260512/4975_1530_JCU_2026年3月期決算短信〔日本基準〕(連結).pdf"", ""2026年3月期決算短信〔日本基準〕(連結)"")",15,,,,,,,,,,4 5,,,,,,4,,,,,,,https://www.release.tdnet.info/inbs/140120260512525249.pdf
20260512,5019,出光興産,説明資料,"=HYPERLINK(""https://www.release.tdnet.info/inbs/140120260512524867.pdf"", ""2025年度 決算説明資料"")","=HYPERLINK(""pdf_tmp/20260512/5019_1530_出光興産_2025年度 決算説明資料.pdf"", ""2025年度 決算説明資料"")",,,,3 19,,,,,,,15,,,,,,,,14 19 26,,,,,https://www.release.tdnet.info/inbs/140120260512524867.pdf
20260512,5021,コスモエネルギーHD,決算短信,"=HYPERLINK(""https://www.release.tdnet.info/inbs/140120260511522958.pdf"", ""2026年3月期 決算短信〔日本基準〕(連結)"")","=HYPERLINK(""pdf_tmp/20260512/5021_1530_コスモエネルギーHD_2026年3月期 決算短信〔日本基準〕(連結).pdf"", ""2026年3月期 決算短信〔日本基準〕(連結)"")",,4,,,,,,,,,4,,,,,,,,4,,,,,https://www.release.tdnet.info/inbs/140120260511522958.pdf
20260512,5036,日本ビジネスシステム,決算短信,"=HYPERLINK(""https://www.release.tdnet.info/inbs/140120260512524554.pdf"", ""2026年9月期 第2四半期(中間期)決算短信〔日本基準〕(連結)"")","=HYPERLINK(""pdf_tmp/20260512/5036_1530_日本ビジネスシステム_2026年9月期 第2四半期(中間期)決算短信〔日本基準〕(連結).pdf"", ""2026年9月期 第2四半期(中間期)決算短信〔日本基準〕(連結)"")",,,,,,,6,,,,4,,,,,,,,,,4,,,https://www.release.tdnet.info/inbs/140120260512524554.pdf
20260512,5142,アキレス,決算短信,"=HYPERLINK(""https://www.release.tdnet.info/inbs/140120260511522790.pdf"", ""2026年3月期 決算短信〔日本基準〕(連結)"")","=HYPERLINK(""pdf_tmp/20260512/5142_1400_アキレス_2026年3月期 決算短信〔日本基準〕(連結).pdf"", ""2026年3月期 決算短信〔日本基準〕(連結)"")",,,4 6,,,,,,,,4 8,,,,,,,,4,,,,,https://www.release.tdnet.info/inbs/140120260511522790.pdf
20260512,5256,G-Fusic,決算短信,"=HYPERLINK(""https://www.release.tdnet.info/inbs/140120260512525710.pdf"", ""2026年6月期第3四半期決算短信〔日本基準〕(非連結)"")","=HYPERLINK(""pdf_tmp/20260512/5256_1600_G-Fusic_2026年6月期第3四半期決算短信〔日本基準〕(非連結).pdf"", ""2026年6月期第3四半期決算短信〔日本基準〕(非連結)"")",,,,,,5,,,,,5,5,,,,,,,,,,,,https://www.release.tdnet.info/inbs/140120260512525710.pdf
20260512,5256,G-Fusic,説明資料,"=HYPERLINK(""https://www.release.tdnet.info/inbs/140120260512526206.pdf"", ""2026年6月期第3四半期決算補足説明資料"")","=HYPERLINK(""pdf_tmp/20260512/5256_1600_G-Fusic_2026年6月期第3四半期決算補足説明資料.pdf"", ""2026年6月期第3四半期決算補足説明資料"")",,,,,,,,,,,11 13 14 22 23 24 27 33,4 18,,,,,,,,,,27,,https://www.release.tdnet.info/inbs/140120260512526206.pdf
20260512,5256,G-Fusic,予想の修正,"=HYPERLINK(""https://www.release.tdnet.info/inbs/140120260512526219.pdf"", ""2026年6月期通期業績予想の修正に関するお知らせ"")","=HYPERLINK(""pdf_tmp/20260512/5256_1600_G-Fusic_2026年6月期通期業績予想の修正に関するお知らせ.pdf"", ""2026年6月期通期業績予想の修正に関するお知らせ"")",,,,,,2,,,,,2,2,,,,,,,,,,,,https://www.release.tdnet.info/inbs/140120260512526219.pdf
20260512,528A,P-フリースタイル,予想の修正,"=HYPERLINK(""https://www.release.tdnet.info/inbs/140120260512526230.pdf"", ""業績予想の修正に関するお知らせ"")","=HYPERLINK(""pdf_tmp/20260512/528A_1645_P-フリースタイル_業績予想の修正に関するお知らせ.pdf"", ""業績予想の修正に関するお知らせ"")",,,,,,,2,,,,2,,1,,,,,,,,,,,https://www.release.tdnet.info/inbs/140120260512526230.pdf
20260512,5446,北越メタル,決算短信,"=HYPERLINK(""https://www.release.tdnet.info/inbs/140120260507517815.pdf"", ""2026年3月期決算短信〔日本基準〕(連結)"")","=HYPERLINK(""pdf_tmp/20260512/5446_1500_北越メタル_2026年3月期決算短信〔日本基準〕(連結).pdf"", ""2026年3月期決算短信〔日本基準〕(連結)"")",,,,,,,,,,,5,,,,,,,4,4,,,,,https://www.release.tdnet.info/inbs/140120260507517815.pdf
20260512,5461,中部鋼鈑,決算短信,"=HYPERLINK(""https://www.release.tdnet.info/inbs/140120260508520768.pdf"", ""2026年3月期決算短信〔日本基準〕(連結)"")","=HYPERLINK(""pdf_tmp/20260512/5461_1500_中部鋼鈑_2026年3月期決算短信〔日本基準〕(連結).pdf"", ""2026年3月期決算短信〔日本基準〕(連結)"")",,,4,,6,,,,,,,,,,,,,,4,,,,,https://www.release.tdnet.info/inbs/140120260508520768.pdf
20260512,5570,G-ジェノバ,決算短信,"=HYPERLINK(""https://www.release.tdnet.info/inbs/140120260501516286.pdf"", ""2026年9月期 第2四半期(中間期)決算短信[日本基準](非連結)"")","=HYPERLINK(""pdf_tmp/20260512/5570_1430_G-ジェノバ_2026年9月期 第2四半期(中間期)決算短信[日本基準](非連結).pdf"", ""2026年9月期 第2四半期(中間期)決算短信[日本基準](非連結)"")",,,,,,,,,,,4,,,,,,4,,6,,,,,https://www.release.tdnet.info/inbs/140120260501516286.pdf
20260512,5715,古河機金,決算短信,"=HYPERLINK(""https://www.release.tdnet.info/inbs/140120260511522998.pdf"", ""2026年3月期 決算短信〔日本基準〕(連結)"")","=HYPERLINK(""pdf_tmp/20260512/5715_1530_古河機金_2026年3月期 決算短信〔日本基準〕(連結).pdf"", ""2026年3月期 決算短信〔日本基準〕(連結)"")",,,6,,,,,,,,,,,,,6 7,,,6 7,,,,,https://www.release.tdnet.info/inbs/140120260511522998.pdf
20260512,5801,古河電工,決算短信,"=HYPERLINK(""https://www.release.tdnet.info/inbs/140120260511523194.pdf"", ""2026年3月期決算短信〔日本基準〕(連結)"")","=HYPERLINK(""pdf_tmp/20260512/5801_1400_古河電工_2026年3月期決算短信〔日本基準〕(連結).pdf"", ""2026年3月期決算短信〔日本基準〕(連結)"")",,7,,,,,,,,9,,,,,,,,,5,,,,,https://www.release.tdnet.info/inbs/140120260511523194.pdf
20260512,5988,パイオラックス,その他,"=HYPERLINK(""https://www.release.tdnet.info/inbs/140120260511521916.pdf"", ""中期経営計画の見直しに関するお知らせ"")","=HYPERLINK(""pdf_tmp/20260512/5988_1700_パイオラックス_中期経営計画の見直しに関するお知らせ.pdf"", ""中期経営計画の見直しに関するお知らせ"")",,,,,,,,,,16,4 5,,,,,,,,5 6,,,,,https://www.release.tdnet.info/inbs/140120260511521916.pdf
20260512,6378,木村化工,決算短信,"=HYPERLINK(""https://www.release.tdnet.info/inbs/140120260511523080.pdf"", ""2026年3月期 決算短信〔日本基準〕(連結)"")","=HYPERLINK(""pdf_tmp/20260512/6378_1600_木村化工_2026年3月期 決算短信〔日本基準〕(連結).pdf"", ""2026年3月期 決算短信〔日本基準〕(連結)"")",,4,,,,,,,,,4,,,,,,,,4,,,,,https://www.release.tdnet.info/inbs/140120260511523080.pdf
20260512,6479,ミネベアミツミ,決算短信,"=HYPERLINK(""https://www.release.tdnet.info/inbs/140120260512523965.pdf"", ""2026年3月期  決算短信〔IFRS〕(連結)"")","=HYPERLINK(""pdf_tmp/20260512/6479_1530_ミネベアミツミ_2026年3月期 決算短信〔IFRS〕(連結).pdf"", ""2026年3月期  決算短信〔IFRS〕(連結)"")",,,,4,,8,,,,,,,,,,,,,4 8,,,,,https://www.release.tdnet.info/inbs/140120260512523965.pdf
20260512,6479,ミネベアミツミ,その他,"=HYPERLINK(""https://www.release.tdnet.info/inbs/140120260512523975.pdf"", ""2026年3月期 決算説明会資料"")","=HYPERLINK(""pdf_tmp/20260512/6479_1600_ミネベアミツミ_2026年3月期 決算説明会資料.pdf"", ""2026年3月期 決算説明会資料"")",,39 40 51,,,,,,,,,32 49,,,,,,,,,,,35,,https://www.release.tdnet.info/inbs/140120260512523975.pdf
20260512,6737,EIZO,決算短信,"=HYPERLINK(""https://www.release.tdnet.info/inbs/140120260512524518.pdf"", ""2026年3月期 決算短信〔日本基準〕(連結)"")","=HYPERLINK(""pdf_tmp/20260512/6737_1400_EIZO_2026年3月期 決算短信〔日本基準〕(連結).pdf"", ""2026年3月期 決算短信〔日本基準〕(連結)"")",,,,,,,,,,,,,,,5 6,,,,4,,,6,,https://www.release.tdnet.info/inbs/140120260512524518.pdf
20260512,6752,パナソニックHD,決算短信,"=HYPERLINK(""https://www.release.tdnet.info/inbs/140120260512524367.pdf"", ""2026年3月期 決算短信〔IFRS〕(連結)"")","=HYPERLINK(""pdf_tmp/20260512/6752_1600_パナソニックHD_2026年3月期 決算短信〔IFRS〕(連結).pdf"", ""2026年3月期 決算短信〔IFRS〕(連結)"")",,,6 7,,,,,,,,6 10,,,,,,,,4 6 7,,,,,https://www.release.tdnet.info/inbs/140120260512524367.pdf
20260512,6753,シャープ,その他,"=HYPERLINK(""https://www.release.tdnet.info/inbs/140120260512524414.pdf"", ""FY2025決算及びFY2025-2027中期経営計画の進捗状況"")","=HYPERLINK(""pdf_tmp/20260512/6753_1530_シャープ_FY2025決算及びFY2025-2027中期経営計画の進捗状況.pdf"", ""FY2025決算及びFY2025-2027中期経営計画の進捗状況"")",,,,,,10,,,,,3 8 18,,,,,,,,13 14 16 19,,,,,https://www.release.tdnet.info/inbs/140120260512524414.pdf
20260512,6862,ミナトHD,説明資料,"=HYPERLINK(""https://www.release.tdnet.info/inbs/140120260512525765.pdf"", ""2026年3月期 決算説明資料"")","=HYPERLINK(""pdf_tmp/20260512/6862_1530_ミナトHD_2026年3月期 決算説明資料.pdf"", ""2026年3月期 決算説明資料"")",,,,,,,20,,,,4 15 17 18 19 21 25 26 31 32,5,,,,,,,,,,,,https://www.release.tdnet.info/inbs/140120260512525765.pdf
20260512,6986,双葉電子,決算短信,"=HYPERLINK(""https://www.release.tdnet.info/inbs/140120260511523151.pdf"", ""2026年3月期 決算短信〔日本基準〕(連結)"")","=HYPERLINK(""pdf_tmp/20260512/6986_1500_双葉電子_2026年3月期 決算短信〔日本基準〕(連結).pdf"", ""2026年3月期 決算短信〔日本基準〕(連結)"")",,,,7,,,,,,,5,,,,,,,,5,,,,,https://www.release.tdnet.info/inbs/140120260511523151.pdf
20260512,7094,G-NexTone,説明資料,"=HYPERLINK(""https://www.release.tdnet.info/inbs/140120260511523433.pdf"", ""2026年3月期 決算説明資料"")","=HYPERLINK(""pdf_tmp/20260512/7094_1300_G-NexTone_2026年3月期 決算説明資料.pdf"", ""2026年3月期 決算説明資料"")",,,,,,,,,,6,5 53,,6,,,,,,,,,,,https://www.release.tdnet.info/inbs/140120260511523433.pdf
20260512,7326,G-SBIインシュ,事業計画,"=HYPERLINK(""https://www.release.tdnet.info/inbs/140120260511522473.pdf"", ""事業計画及び成長可能性に関する事項"")","=HYPERLINK(""pdf_tmp/20260512/7326_1130_G-SBIインシュ_事業計画及び成長可能性に関する事項.pdf"", ""事業計画及び成長可能性に関する事項"")",,,,,,,,,,,50 54,,,,,,,,53 54,,31,,,https://www.release.tdnet.info/inbs/140120260511522473.pdf
20260512,7417,南陽,決算短信,"=HYPERLINK(""https://www.release.tdnet.info/inbs/140120260420507049.pdf"", ""2026年3月期決算短信〔日本基準〕(連結)"")","=HYPERLINK(""pdf_tmp/20260512/7417_1530_南陽_2026年3月期決算短信〔日本基準〕(連結).pdf"", ""2026年3月期決算短信〔日本基準〕(連結)"")",,6,,,,,,,,,,,,,,6,,,4,,,,,https://www.release.tdnet.info/inbs/140120260420507049.pdf
20260512,7433,伯東,決算短信,"=HYPERLINK(""https://www.release.tdnet.info/inbs/140120260512526535.pdf"", ""2026年3月期 決算短信〔日本基準〕(連結)"")","=HYPERLINK(""pdf_tmp/20260512/7433_1800_伯東_2026年3月期 決算短信〔日本基準〕(連結).pdf"", ""2026年3月期 決算短信〔日本基準〕(連結)"")",,,,,,,,,,,,,,,,4,,4,6,,,,,https://www.release.tdnet.info/inbs/140120260512526535.pdf
20260512,7702,JMS,その他,"=HYPERLINK(""https://www.release.tdnet.info/inbs/140120260512526009.pdf"", ""2026年3月期連結決算の概要"")","=HYPERLINK(""pdf_tmp/20260512/7702_1530_JMS_2026年3月期連結決算の概要.pdf"", ""2026年3月期連結決算の概要"")",,10,,8 11,,,,,,,,,,,8,,,,,,,,,https://www.release.tdnet.info/inbs/140120260512526009.pdf
20260512,7918,ヴィアHD,説明資料,"=HYPERLINK(""https://www.release.tdnet.info/inbs/140120260511523508.pdf"", ""2026年3月期 決算説明資料"")","=HYPERLINK(""pdf_tmp/20260512/7918_1600_ヴィアHD_2026年3月期 決算説明資料.pdf"", ""2026年3月期 決算説明資料"")",,,,,,,,,,8,23,,,,,,,,5 9,,,,,https://www.release.tdnet.info/inbs/140120260511523508.pdf
20260512,7940,ウェーブロックHD,決算短信,"=HYPERLINK(""https://www.release.tdnet.info/inbs/140120260512524416.pdf"", ""2026年3月期 決算短信〔日本基準〕(連結)"")","=HYPERLINK(""pdf_tmp/20260512/7940_1530_ウェーブロックHD_2026年3月期 決算短信〔日本基準〕(連結).pdf"", ""2026年3月期 決算短信〔日本基準〕(連結)"")",,,,,5,,,,,,4,,,,,,,4,,,,,,https://www.release.tdnet.info/inbs/140120260512524416.pdf
20260512,8041,OUG HD,その他,"=HYPERLINK(""https://www.release.tdnet.info/inbs/140120260509521058.pdf"", ""「OUGグループ中期経営計画2024」の進捗について"")","=HYPERLINK(""pdf_tmp/20260512/8041_1400_OUG HD_「OUGグループ中期経営計画2024」の進捗について.pdf"", ""「OUGグループ中期経営計画2024」の進捗について"")",,,,,,,1,,,,1 3,3,,,,,,,,,,,,https://www.release.tdnet.info/inbs/140120260509521058.pdf
20260512,8078,阪和興,説明資料,"=HYPERLINK(""https://www.release.tdnet.info/inbs/140120260511522329.pdf"", ""2025年度(2026年3月期)決算説明資料"")","=HYPERLINK(""pdf_tmp/20260512/8078_1300_阪和興_2025年度(2026年3月期)決算説明資料.pdf"", ""2025年度(2026年3月期)決算説明資料"")",,,,,,,,,,,6,,,,,,,6,5 6 8,,,,,https://www.release.tdnet.info/inbs/140120260511522329.pdf
20260512,8078,阪和興,その他,"=HYPERLINK(""https://www.release.tdnet.info/inbs/140120260511522394.pdf"", ""阪和興業 中期経営計画(2026年度-2028年度)に関するお知らせ"")","=HYPERLINK(""pdf_tmp/20260512/8078_1300_阪和興_阪和興業 中期経営計画(2026年度-2028年度)に関するお知らせ.pdf"", ""阪和興業 中期経営計画(2026年度-2028年度)に関するお知らせ"")",,,,,,5,,,,5,22,,,,,,,,,,,,,https://www.release.tdnet.info/inbs/140120260511522394.pdf
20260512,8086,ニプロ,決算短信,"=HYPERLINK(""https://www.release.tdnet.info/inbs/140120260512524364.pdf"", ""2026年3月期決算短信〔日本基準〕(連結)"")","=HYPERLINK(""pdf_tmp/20260512/8086_1530_ニプロ_2026年3月期決算短信〔日本基準〕(連結).pdf"", ""2026年3月期決算短信〔日本基準〕(連結)"")",,,,,,,,,,,4,,,,,4,,,,,,4,,https://www.release.tdnet.info/inbs/140120260512524364.pdf
20260512,8139,ナガホリ,予想の修正,"=HYPERLINK(""https://www.release.tdnet.info/inbs/140120260512524662.pdf"", ""令和8年3月期通期業績予想の上方修正並びに配当予想の修正に関するお知らせ"")","=HYPERLINK(""pdf_tmp/20260512/8139_1530_ナガホリ_令和8年3月期通期業績予想の上方修正並びに配当予想の修正に関するお知らせ.pdf"", ""令和8年3月期通期業績予想の上方修正並びに配当予想の修正に関するお知らせ"")",,,,,,,1 2,,,,1,,,,,,,,2,,,,,https://www.release.tdnet.info/inbs/140120260512524662.pdf
20260512,8789,フィンテック,予想の修正,"=HYPERLINK(""https://www.release.tdnet.info/inbs/140120260512524516.pdf"", ""連結業績予想の修正に関するお知らせ"")","=HYPERLINK(""pdf_tmp/20260512/8789_1600_フィンテック_連結業績予想の修正に関するお知らせ.pdf"", ""連結業績予想の修正に関するお知らせ"")",,,,,,,,,,2,,2,1,,,,,,,,,,,https://www.release.tdnet.info/inbs/140120260512524516.pdf
20260512,9045,京阪HD,その他,"=HYPERLINK(""https://www.release.tdnet.info/inbs/140120260511523689.pdf"", ""京阪グループ長期経営戦略アップデート・中期経営計画「真価を磨く 2028」の策定について"")","=HYPERLINK(""pdf_tmp/20260512/9045_1400_京阪HD_京阪グループ長期経営戦略アップデート・中期経営計画「真価を磨く 2028」の策定について.pdf"", ""京阪グループ長期経営戦略アップデート・中期経営計画「真価を磨く 2028」の策定について"")",,,,,,10,,,,,34,,,,10,,,,,,,,,https://www.release.tdnet.info/inbs/140120260511523689.pdf
20260512,9229,サンウェルズ,説明資料,"=HYPERLINK(""https://www.release.tdnet.info/inbs/140120260511523148.pdf"", ""2026年3月期 決算説明資料"")","=HYPERLINK(""pdf_tmp/20260512/9229_1600_サンウェルズ_2026年3月期 決算説明資料.pdf"", ""2026年3月期 決算説明資料"")",,,,,15,,,,,,11 24 26,,,,,,,,35,,,,,https://www.release.tdnet.info/inbs/140120260511523148.pdf
20260512,9343,G-アイビス,その他,"=HYPERLINK(""https://www.release.tdnet.info/inbs/140120260512524366.pdf"", ""2026年12月期第1四半期決算説明会資料"")","=HYPERLINK(""pdf_tmp/20260512/9343_1200_G-アイビス_2026年12月期第1四半期決算説明会資料.pdf"", ""2026年12月期第1四半期決算説明会資料"")",,,,,25,,,,,,9 10,3 8,,,,,,,,,,,,https://www.release.tdnet.info/inbs/140120260512524366.pdf
20260512,9433,KDDI,決算短信,"=HYPERLINK(""https://www.release.tdnet.info/inbs/140120260511523545.pdf"", ""2026年3月期 決算短信〔IFRS〕(連結)"")","=HYPERLINK(""pdf_tmp/20260512/9433_1545_KDDI_2026年3月期 決算短信〔IFRS〕(連結).pdf"", ""2026年3月期 決算短信〔IFRS〕(連結)"")",37,,,,,,,,,,29,,,,,,,,21 30,,,,,https://www.release.tdnet.info/inbs/140120260511523545.pdf
20260512,9744,メイテックGHD,説明資料,"=HYPERLINK(""https://www.release.tdnet.info/inbs/140120260512524213.pdf"", ""2026年3月期 決算説明資料"")","=HYPERLINK(""pdf_tmp/20260512/9744_1130_メイテックGHD_2026年3月期 決算説明資料.pdf"", ""2026年3月期 決算説明資料"")",,,,,,,3,,,,,,18,,,,,,20,,,,,https://www.release.tdnet.info/inbs/140120260512524213.pdf
20260512,1431,G-リブワーク,説明資料,"=HYPERLINK(""https://www.release.tdnet.info/inbs/140120260512524430.pdf"", ""2026年6月期第3四半期 決算説明資料"")","=HYPERLINK(""pdf_tmp/20260512/1431_1530_G-リブワーク_2026年6月期第3四半期 決算説明資料.pdf"", ""2026年6月期第3四半期 決算説明資料"")",,,,,,,,,,,28 29,,,,,,,,,,,17,,https://www.release.tdnet.info/inbs/140120260512524430.pdf
20260512,166A,G-タスキHD,説明資料,"=HYPERLINK(""https://www.release.tdnet.info/inbs/140120260402597675.pdf"", ""2026年9月期 第2四半期決算説明資料"")","=HYPERLINK(""pdf_tmp/20260512/166A_1530_G-タスキHD_2026年9月期 第2四半期決算説明資料.pdf"", ""2026年9月期 第2四半期決算説明資料"")",,,,,,,,,,,5 8 9 10 36 38,5,,,,,,,,,,,,https://www.release.tdnet.info/inbs/140120260402597675.pdf
20260512,1798,守谷商会,決算短信,"=HYPERLINK(""https://www.release.tdnet.info/inbs/140120260512524052.pdf"", ""2026年3月期 決算短信〔日本基準〕(連結)"")","=HYPERLINK(""pdf_tmp/20260512/1798_1500_守谷商会_2026年3月期 決算短信〔日本基準〕(連結).pdf"", ""2026年3月期 決算短信〔日本基準〕(連結)"")",,,,,,,,,,,7,,,,,,,,5 6 7,,,,,https://www.release.tdnet.info/inbs/140120260512524052.pdf
20260512,1820,西松建,決算短信,"=HYPERLINK(""https://www.release.tdnet.info/inbs/140120260511522965.pdf"", ""2026年3月期 決算短信〔日本基準〕(連結)"")","=HYPERLINK(""pdf_tmp/20260512/1820_1400_西松建_2026年3月期 決算短信〔日本基準〕(連結).pdf"", ""2026年3月期 決算短信〔日本基準〕(連結)"")",,,,,,,,,,,7,4,,,,,,,,,,,,https://www.release.tdnet.info/inbs/140120260511522965.pdf
20260512,1870,矢作建,その他,"=HYPERLINK(""https://www.release.tdnet.info/inbs/140120260512524668.pdf"", ""矢作建設グループ「中期経営計画〔 2026年度~2030年度〕」の策定について"")","=HYPERLINK(""pdf_tmp/20260512/1870_1400_矢作建_矢作建設グループ「中期経営計画〔 2026年度~2030年度〕」の策定について.pdf"", ""矢作建設グループ「中期経営計画〔 2026年度~2030年度〕」の策定について"")",,,,9,,,,,,,9 10,,,,,,,,,,,,,https://www.release.tdnet.info/inbs/140120260512524668.pdf
20260512,1938,日リーテック,説明資料,"=HYPERLINK(""https://www.release.tdnet.info/inbs/140120260508520990.pdf"", ""2026年3月期 決算補足説明資料"")","=HYPERLINK(""pdf_tmp/20260512/1938_1430_日リーテック_2026年3月期 決算補足説明資料.pdf"", ""2026年3月期 決算補足説明資料"")",,,,2,,,,,,,2 9,,,,,,,,,,,,,https://www.release.tdnet.info/inbs/140120260508520990.pdf
20260512,2122,Iスペース,決算短信,"=HYPERLINK(""https://www.release.tdnet.info/inbs/140120260512525241.pdf"", ""2026年9月期 第2四半期(中間期)決算短信〔日本基準〕(連結)"")","=HYPERLINK(""pdf_tmp/20260512/2122_1530_Iスペース_2026年9月期 第2四半期(中間期)決算短信〔日本基準〕(連結).pdf"", ""2026年9月期 第2四半期(中間期)決算短信〔日本基準〕(連結)"")",,,,,,,,,,,4,4,,,,,,,,,,,,https://www.release.tdnet.info/inbs/140120260512525241.pdf
20260512,2209,井村屋G,決算短信,"=HYPERLINK(""https://www.release.tdnet.info/inbs/140120260508519409.pdf"", ""2026年3月期 決算短信〔日本基準〕(連結)"")","=HYPERLINK(""pdf_tmp/20260512/2209_1540_井村屋G_2026年3月期 決算短信〔日本基準〕(連結).pdf"", ""2026年3月期 決算短信〔日本基準〕(連結)"")",,,4,,,,,,,,,,,,,,,,7,,,,,https://www.release.tdnet.info/inbs/140120260508519409.pdf
20260512,2221,岩塚製菓,決算短信,"=HYPERLINK(""https://www.release.tdnet.info/inbs/140120260512525190.pdf"", ""2026年3月期 決算短信〔日本基準〕(連結)"")","=HYPERLINK(""pdf_tmp/20260512/2221_1500_岩塚製菓_2026年3月期 決算短信〔日本基準〕(連結).pdf"", ""2026年3月期 決算短信〔日本基準〕(連結)"")",,,4,,,,,,,,4 6,,,,,,,,,,,,,https://www.release.tdnet.info/inbs/140120260512525190.pdf
20260512,2331,ALSOK,決算短信,"=HYPERLINK(""https://www.release.tdnet.info/inbs/140120260509521044.pdf"", ""2026年3月期 決算短信〔日本基準〕(連結)"")","=HYPERLINK(""pdf_tmp/20260512/2331_1530_ALSOK_2026年3月期 決算短信〔日本基準〕(連結).pdf"", ""2026年3月期 決算短信〔日本基準〕(連結)"")",,,4,,,,,,,,,,,,,,,,4 5 8 9,,,,,https://www.release.tdnet.info/inbs/140120260509521044.pdf
20260512,250A,シマダヤ,説明資料,"=HYPERLINK(""https://www.release.tdnet.info/inbs/140120260512524622.pdf"", ""2026年3月期決算説明資料"")","=HYPERLINK(""pdf_tmp/20260512/250A_1540_シマダヤ_2026年3月期決算説明資料.pdf"", ""2026年3月期決算説明資料"")",,,4 10,,,,,,,,,,,,,,,,,,,18,,https://www.release.tdnet.info/inbs/140120260512524622.pdf
20260512,2588,プレミアムウォーター,その他,"=HYPERLINK(""https://www.release.tdnet.info/inbs/140120260511523071.pdf"", ""2026年3月期(第20期)決算説明補足資料"")","=HYPERLINK(""pdf_tmp/20260512/2588_1500_プレミアムウォーター_2026年3月期(第20期)決算説明補足資料.pdf"", ""2026年3月期(第20期)決算説明補足資料"")",,,,,,,10,,,,5,,,,,,,,,,,,,https://www.release.tdnet.info/inbs/140120260511523071.pdf
20260512,2736,フェスタリアHD,月次,"=HYPERLINK(""https://www.release.tdnet.info/inbs/140120260512525449.pdf"", ""【フェスタリアHD】国内事業月次売上速報(4月速報)"")","=HYPERLINK(""pdf_tmp/20260512/2736_1600_フェスタリアHD_【フェスタリアHD】国内事業月次売上速報(4月速報).pdf"", ""【フェスタリアHD】国内事業月次売上速報(4月速報)"")",,,1,,,,,,,,1,,,,,,,,,,,,,https://www.release.tdnet.info/inbs/140120260512525449.pdf
20260512,2937,G-サンクゼール,説明資料,"=HYPERLINK(""https://www.release.tdnet.info/inbs/140120260512525645.pdf"", ""2026年3月期 決算説明資料"")","=HYPERLINK(""pdf_tmp/20260512/2937_1600_G-サンクゼール_2026年3月期 決算説明資料.pdf"", ""2026年3月期 決算説明資料"")",,,11,,,,,,,,,,,,,,10,,,,,,,https://www.release.tdnet.info/inbs/140120260512525645.pdf
20260512,2981,G-ランディックス,決算短信,"=HYPERLINK(""https://www.release.tdnet.info/inbs/140120260512524637.pdf"", ""2026年3月期 決算短信〔日本基準〕(連結)"")","=HYPERLINK(""pdf_tmp/20260512/2981_1600_G-ランディックス_2026年3月期 決算短信〔日本基準〕(連結).pdf"", ""2026年3月期 決算短信〔日本基準〕(連結)"")",,,,,,,,,,,4,,,,,,,,4,,,,,https://www.release.tdnet.info/inbs/140120260512524637.pdf
20260512,2981,G-ランディックス,説明資料,"=HYPERLINK(""https://www.release.tdnet.info/inbs/140120260512525175.pdf"", ""2026年3月期 通期 決算説明資料"")","=HYPERLINK(""pdf_tmp/20260512/2981_1600_G-ランディックス_2026年3月期 通期 決算説明資料.pdf"", ""2026年3月期 通期 決算説明資料"")",,,,,,,3 4 10,,,,4 27,,,,,,,,,,,,,https://www.release.tdnet.info/inbs/140120260512525175.pdf
20260512,3024,クリエイト,予想の修正,"=HYPERLINK(""https://www.release.tdnet.info/inbs/140120260511521873.pdf"", ""業績予想の修正に関するお知らせ"")","=HYPERLINK(""pdf_tmp/20260512/3024_1530_クリエイト_業績予想の修正に関するお知らせ.pdf"", ""業績予想の修正に関するお知らせ"")",,,,,,,,,,,2,,,,,,,,2,,,,,https://www.release.tdnet.info/inbs/140120260511521873.pdf
20260512,3028,アルペン,決算短信,"=HYPERLINK(""https://www.release.tdnet.info/inbs/140120260511521630.pdf"", ""2026年6月期 第3四半期決算短信〔日本基準〕(連結)"")","=HYPERLINK(""pdf_tmp/20260512/3028_1530_アルペン_2026年6月期 第3四半期決算短信〔日本基準〕(連結).pdf"", ""2026年6月期 第3四半期決算短信〔日本基準〕(連結)"")",,,,,4,,,,,,,,,,,,,,,,,4,,https://www.release.tdnet.info/inbs/140120260511521630.pdf
20260512,3105,日清紡HD,決算短信,"=HYPERLINK(""https://www.release.tdnet.info/inbs/140120260512524106.pdf"", ""2026年12月期 第1四半期決算短信〔日本基準〕(連結)"")","=HYPERLINK(""pdf_tmp/20260512/3105_1130_日清紡HD_2026年12月期 第1四半期決算短信〔日本基準〕(連結).pdf"", ""2026年12月期 第1四半期決算短信〔日本基準〕(連結)"")",,,,,,,,,,,,,,,,5,,,,,,,4,https://www.release.tdnet.info/inbs/140120260512524106.pdf
20260512,3110,日東紡,その他,"=HYPERLINK(""https://www.release.tdnet.info/inbs/140120260512525612.pdf"", ""中期経営計画 最終年度目標値修正のお知らせ"")","=HYPERLINK(""pdf_tmp/20260512/3110_1530_日東紡_中期経営計画 最終年度目標値修正のお知らせ.pdf"", ""中期経営計画 最終年度目標値修正のお知らせ"")",,1,,,,,1,,,,,,,,,,,,,,,,,https://www.release.tdnet.info/inbs/140120260512525612.pdf
20260512,3407,旭化成,決算短信,"=HYPERLINK(""https://www.release.tdnet.info/inbs/140120260511523883.pdf"", ""2026年3月期決算短信〔日本基準〕(連結)"")","=HYPERLINK(""pdf_tmp/20260512/3407_1230_旭化成_2026年3月期決算短信〔日本基準〕(連結).pdf"", ""2026年3月期決算短信〔日本基準〕(連結)"")",,,,4 7,,,,,,,,,,,,,,,4 7,,,,,https://www.release.tdnet.info/inbs/140120260511523883.pdf
20260512,3443,川田TECH,その他,"=HYPERLINK(""https://www.release.tdnet.info/inbs/140120260512525457.pdf"", ""「第4次中期経営計画」策定に関するお知らせ"")","=HYPERLINK(""pdf_tmp/20260512/3443_1600_川田TECH_「第4次中期経営計画」策定に関するお知らせ.pdf"", ""「第4次中期経営計画」策定に関するお知らせ"")",,,,,,,,,,11 14,1 14 21,,,,,,,,,,,,,https://www.release.tdnet.info/inbs/140120260512525457.pdf
20260512,3467,アグレ都市デザイン,決算短信,"=HYPERLINK(""https://www.release.tdnet.info/inbs/140120260511523415.pdf"", ""2026年3月期 決算短信〔日本基準〕(連結)"")","=HYPERLINK(""pdf_tmp/20260512/3467_1530_アグレ都市デザイン_2026年3月期 決算短信〔日本基準〕(連結).pdf"", ""2026年3月期 決算短信〔日本基準〕(連結)"")",,,,,,,,,,,,,,,,4 6,,,6,,,,,https://www.release.tdnet.info/inbs/140120260511523415.pdf
20260512,3679,じげん,その他,"=HYPERLINK(""https://www.release.tdnet.info/inbs/140120260512526072.pdf"", ""株式会社じげん 第3次中期経営計画"")","=HYPERLINK(""pdf_tmp/20260512/3679_1530_じげん_株式会社じげん 第3次中期経営計画.pdf"", ""株式会社じげん 第3次中期経営計画"")",,,,,,,,,,16 23,,,,,,,,,23,,,,,https://www.release.tdnet.info/inbs/140120260512526072.pdf
20260512,4202,ダイセル,決算短信,"=HYPERLINK(""https://www.release.tdnet.info/inbs/140120260511523281.pdf"", ""2026年3月期 決算短信〔日本基準〕(連結)"")","=HYPERLINK(""pdf_tmp/20260512/4202_1320_ダイセル_2026年3月期 決算短信〔日本基準〕(連結).pdf"", ""2026年3月期 決算短信〔日本基準〕(連結)"")",,7 25,,,,,,,,,,,,,,,,,7,,,,,https://www.release.tdnet.info/inbs/140120260511523281.pdf
20260512,4259,G-エクサウィザーズ,説明資料,"=HYPERLINK(""https://www.release.tdnet.info/inbs/140120260512525045.pdf"", ""2026年3月期通期 決算説明資料"")","=HYPERLINK(""pdf_tmp/20260512/4259_1530_G-エクサウィザーズ_2026年3月期通期 決算説明資料.pdf"", ""2026年3月期通期 決算説明資料"")",,,,,,,4,,,,8 13,,,,,,,,,,,,,https://www.release.tdnet.info/inbs/140120260512525045.pdf
20260512,4272,日化薬,決算短信,"=HYPERLINK(""https://www.release.tdnet.info/inbs/140120260511522101.pdf"", ""2026年3月期 決算短信〔日本基準〕(連結)"")","=HYPERLINK(""pdf_tmp/20260512/4272_1600_日化薬_2026年3月期 決算短信〔日本基準〕(連結).pdf"", ""2026年3月期 決算短信〔日本基準〕(連結)"")",,4,,4,,,,,,,,,,,,,,,,,,,,https://www.release.tdnet.info/inbs/140120260511522101.pdf
20260512,4318,クイック,資本コストや株価,"=HYPERLINK(""https://www.release.tdnet.info/inbs/140120260512525776.pdf"", ""「資本コストや株価を意識した経営の実現に向けた対応」に関するお知らせ"")","=HYPERLINK(""pdf_tmp/20260512/4318_1430_クイック_「資本コストや株価を意識した経営の実現に向けた対応」に関するお知らせ.pdf"", ""「資本コストや株価を意識した経営の実現に向けた対応」に関するお知らせ"")",,,,,,,6,,,,3,,,,,,,,,,,,,https://www.release.tdnet.info/inbs/140120260512525776.pdf
20260512,4374,G-ロボペイ,説明資料,"=HYPERLINK(""https://www.release.tdnet.info/inbs/140120260512524055.pdf"", ""2026年12月期第1四半期決算説明資料"")","=HYPERLINK(""pdf_tmp/20260512/4374_1530_G-ロボペイ_2026年12月期第1四半期決算説明資料.pdf"", ""2026年12月期第1四半期決算説明資料"")",,,,,,,,,,,4 21 90,,,,,,,,93,,,,,https://www.release.tdnet.info/inbs/140120260512524055.pdf
20260512,4390,ips,その他,"=HYPERLINK(""https://www.release.tdnet.info/inbs/140120260510521166.pdf"", ""2026年3月期 決算説明会資料"")","=HYPERLINK(""pdf_tmp/20260512/4390_0900_ips_2026年3月期 決算説明会資料.pdf"", ""2026年3月期 決算説明会資料"")",,,,,,,,,,,5,,,,,,,,6,,,,,https://www.release.tdnet.info/inbs/140120260510521166.pdf
20260512,4419,G-Finatext,説明資料,"=HYPERLINK(""https://www.release.tdnet.info/inbs/140120260512524657.pdf"", ""2025年度通期決算説明資料及び成長可能性に関する事項"")","=HYPERLINK(""pdf_tmp/20260512/4419_1530_G-Finatext_2025年度通期決算説明資料及び成長可能性に関する事項.pdf"", ""2025年度通期決算説明資料及び成長可能性に関する事項"")",,,,,,,,,,,7 10,15,,,,,,,,,,,,https://www.release.tdnet.info/inbs/140120260512524657.pdf
20260512,4507,塩野義薬,説明資料,"=HYPERLINK(""https://www.release.tdnet.info/inbs/140120260512525701.pdf"", ""2025年度 決算説明資料"")","=HYPERLINK(""pdf_tmp/20260512/4507_1530_塩野義薬_2025年度 決算説明資料.pdf"", ""2025年度 決算説明資料"")",,,,,,,,,,9 31,13 21 24,,,,,,,,,,,,,https://www.release.tdnet.info/inbs/140120260512525701.pdf
20260512,4507,塩野義薬,決算短信,"=HYPERLINK(""https://www.release.tdnet.info/inbs/140120260512525603.pdf"", ""2026年3月期決算短信〔IFRS〕(連結)"")","=HYPERLINK(""pdf_tmp/20260512/4507_1530_塩野義薬_2026年3月期決算短信〔IFRS〕(連結).pdf"", ""2026年3月期決算短信〔IFRS〕(連結)"")",,20,,,,,,,,,6,,,,,,,,,,,,,https://www.release.tdnet.info/inbs/140120260512525603.pdf
20260512,4538,扶桑薬,説明資料,"=HYPERLINK(""https://www.release.tdnet.info/inbs/140120260512525596.pdf"", ""2026年3月期 通期決算補足説明資料"")","=HYPERLINK(""pdf_tmp/20260512/4538_1530_扶桑薬_2026年3月期 通期決算補足説明資料.pdf"", ""2026年3月期 通期決算補足説明資料"")",,,,,,,,,,,9,,,,,,,,3 9,,,,,https://www.release.tdnet.info/inbs/140120260512525596.pdf
20260512,4549,栄研化,その他,"=HYPERLINK(""https://www.release.tdnet.info/inbs/140120260512524923.pdf"", ""経営計画の変更に関するお知らせ"")","=HYPERLINK(""pdf_tmp/20260512/4549_1300_栄研化_経営計画の変更に関するお知らせ.pdf"", ""経営計画の変更に関するお知らせ"")",,,,6,,,,,,1 6,,,,,,,,,,,,,,https://www.release.tdnet.info/inbs/140120260512524923.pdf
20260512,4569,杏林製薬,決算短信,"=HYPERLINK(""https://www.release.tdnet.info/inbs/140120260511523774.pdf"", ""2026年3月期 決算短信〔日本基準〕(連結)"")","=HYPERLINK(""pdf_tmp/20260512/4569_1530_杏林製薬_2026年3月期 決算短信〔日本基準〕(連結).pdf"", ""2026年3月期 決算短信〔日本基準〕(連結)"")",,,,,,,,,,5,,,,,,,,,18,,,,,https://www.release.tdnet.info/inbs/140120260511523774.pdf
20260512,4569,杏林製薬,その他,"=HYPERLINK(""https://www.release.tdnet.info/inbs/140120260512525298.pdf"", ""2026年3月期 決算説明会資料"")","=HYPERLINK(""pdf_tmp/20260512/4569_1530_杏林製薬_2026年3月期 決算説明会資料.pdf"", ""2026年3月期 決算説明会資料"")",,,,,,,,,,7,,,,,,,,,,,,17,,https://www.release.tdnet.info/inbs/140120260512525298.pdf
20260512,4569,杏林製薬,その他,"=HYPERLINK(""https://www.release.tdnet.info/inbs/140120260512525208.pdf"", ""新中期経営計画「Vision 110 -Stage2-」 (2026年度~2029年度)の策定について"")","=HYPERLINK(""pdf_tmp/20260512/4569_1530_杏林製薬_新中期経営計画「Vision 110 -Stage2-」 (2026年度~2029年度)の策定について.pdf"", ""新中期経営計画「Vision 110 -Stage2-」 (2026年度~2029年度)の策定について"")",,11,,,,,,,,4,,,,,,,,,,,,,,https://www.release.tdnet.info/inbs/140120260512525208.pdf
20260512,4676,フジHD,説明資料,"=HYPERLINK(""https://www.release.tdnet.info/inbs/140120260512526116.pdf"", ""2026年3月期 決算説明資料"")","=HYPERLINK(""pdf_tmp/20260512/4676_1530_フジHD_2026年3月期 決算説明資料.pdf"", ""2026年3月期 決算説明資料"")",,,75,,,,,,,,38 55,,,,,,,,,,,,,https://www.release.tdnet.info/inbs/140120260512526116.pdf
20260512,4971,メック,予想の修正,"=HYPERLINK(""https://www.release.tdnet.info/inbs/140120260512524022.pdf"", ""業績予想および配当予想の修正に関するお知らせ"")","=HYPERLINK(""pdf_tmp/20260512/4971_1530_メック_業績予想および配当予想の修正に関するお知らせ.pdf"", ""業績予想および配当予想の修正に関するお知らせ"")",,,,,,,2,,,,,,,,,,2,,,,,,,https://www.release.tdnet.info/inbs/140120260512524022.pdf
20260512,4998,フマキラー,予想の修正,"=HYPERLINK(""https://www.release.tdnet.info/inbs/140120260512524799.pdf"", ""通期業績予想の修正に関するお知らせ"")","=HYPERLINK(""pdf_tmp/20260512/4998_1530_フマキラー_通期業績予想の修正に関するお知らせ.pdf"", ""通期業績予想の修正に関するお知らせ"")",,,,,2,,,,,,,2,,,,,,,,,,,,https://www.release.tdnet.info/inbs/140120260512524799.pdf
20260512,5019,出光興産,決算短信,"=HYPERLINK(""https://www.release.tdnet.info/inbs/140120260512524694.pdf"", ""2026年3月期 決算短信〔日本基準〕(連結)"")","=HYPERLINK(""pdf_tmp/20260512/5019_1530_出光興産_2026年3月期 決算短信〔日本基準〕(連結).pdf"", ""2026年3月期 決算短信〔日本基準〕(連結)"")",,4,,,,,,,,,,,,,,,,,4,,,,,https://www.release.tdnet.info/inbs/140120260512524694.pdf
20260512,5036,日本ビジネスシステム,予想の修正,"=HYPERLINK(""https://www.release.tdnet.info/inbs/140120260512524630.pdf"", ""通期業績予想および配当予想の修正に関するお知らせ"")","=HYPERLINK(""pdf_tmp/20260512/5036_1530_日本ビジネスシステム_通期業績予想および配当予想の修正に関するお知らせ.pdf"", ""通期業績予想および配当予想の修正に関するお知らせ"")",,,,,,,1,,,,1,,,,,,,,,,,,,https://www.release.tdnet.info/inbs/140120260512524630.pdf
20260512,519A,G-ベーシック,説明資料,"=HYPERLINK(""https://www.release.tdnet.info/inbs/140120260512525775.pdf"", ""2026年12月期 第1四半期決算説明資料"")","=HYPERLINK(""pdf_tmp/20260512/519A_1615_G-ベーシック_2026年12月期 第1四半期決算説明資料.pdf"", ""2026年12月期 第1四半期決算説明資料"")",,,,,29,,,,,,29 30,,,,,,,,,,,,,https://www.release.tdnet.info/inbs/140120260512525775.pdf
20260512,5201,AGC,その他,"=HYPERLINK(""https://www.release.tdnet.info/inbs/140120260511523496.pdf"", ""2026年12月期 第1四半期業績 説明会資料"")","=HYPERLINK(""pdf_tmp/20260512/5201_1300_AGC_2026年12月期 第1四半期業績 説明会資料.pdf"", ""2026年12月期 第1四半期業績 説明会資料"")",,,,,,,,,,,,,,,23,,,,15,,,,,https://www.release.tdnet.info/inbs/140120260511523496.pdf
20260512,5331,ノリタケ,その他,"=HYPERLINK(""https://www.release.tdnet.info/inbs/140120260512524820.pdf"", ""株主提案に対する当社取締役会の意見に関するお知らせ"")","=HYPERLINK(""pdf_tmp/20260512/5331_1400_ノリタケ_株主提案に対する当社取締役会の意見に関するお知らせ.pdf"", ""株主提案に対する当社取締役会の意見に関するお知らせ"")",,2,,,,,,,,,9,,,,,,,,,,,,,https://www.release.tdnet.info/inbs/140120260512524820.pdf
20260512,5343,ニッコー,決算短信,"=HYPERLINK(""https://www.release.tdnet.info/inbs/140120260511522175.pdf"", ""2026年3月期決算短信〔日本基準〕(連結)"")","=HYPERLINK(""pdf_tmp/20260512/5343_1600_ニッコー_2026年3月期決算短信〔日本基準〕(連結).pdf"", ""2026年3月期決算短信〔日本基準〕(連結)"")",,4,4,,,,,,,,,,,,,,,,,,,,,https://www.release.tdnet.info/inbs/140120260511522175.pdf
20260512,5401,日本製鉄,その他,"=HYPERLINK(""https://www.release.tdnet.info/inbs/140120260512525613.pdf"", ""子会社の通期個別業績見込み値と実績値との差異に関するお知らせ"")","=HYPERLINK(""pdf_tmp/20260512/5401_1530_日本製鉄_子会社の通期個別業績見込み値と実績値との差異に関するお知らせ.pdf"", ""子会社の通期個別業績見込み値と実績値との差異に関するお知らせ"")",,,,,,,,,,,,,,,,,,2,2,,,,,https://www.release.tdnet.info/inbs/140120260512525613.pdf
20260512,5449,大阪製鉄,説明資料,"=HYPERLINK(""https://www.release.tdnet.info/inbs/140120260512524931.pdf"", ""2026年3月期 決算補足説明資料"")","=HYPERLINK(""pdf_tmp/20260512/5449_1530_大阪製鉄_2026年3月期 決算補足説明資料.pdf"", ""2026年3月期 決算補足説明資料"")",,,,,1,,,,,,1,,,,,,,,,,,,,https://www.release.tdnet.info/inbs/140120260512524931.pdf
20260512,5449,大阪製鉄,その他,"=HYPERLINK(""https://www.release.tdnet.info/inbs/140120260512525005.pdf"", ""2026年3月期 通期個別業績見込み値と実績値との差異に関するお知らせ"")","=HYPERLINK(""pdf_tmp/20260512/5449_1530_大阪製鉄_2026年3月期 通期個別業績見込み値と実績値との差異に関するお知らせ.pdf"", ""2026年3月期 通期個別業績見込み値と実績値との差異に関するお知らせ"")",,,,,,,,,,,,,,,,,,1,1,,,,,https://www.release.tdnet.info/inbs/140120260512525005.pdf
20260512,5449,大阪製鉄,決算短信,"=HYPERLINK(""https://www.release.tdnet.info/inbs/140120260512524894.pdf"", ""2026年3月期決算短信〔日本基準〕(連結)"")","=HYPERLINK(""pdf_tmp/20260512/5449_1530_大阪製鉄_2026年3月期決算短信〔日本基準〕(連結).pdf"", ""2026年3月期決算短信〔日本基準〕(連結)"")",,,,,6,,,,,,4 6,,,,,,,,,,,,,https://www.release.tdnet.info/inbs/140120260512524894.pdf
20260512,5697,サンユウ,決算短信,"=HYPERLINK(""https://www.release.tdnet.info/inbs/140120260424510700.pdf"", ""2026年3月期 決算短信〔日本基準〕(連結)"")","=HYPERLINK(""pdf_tmp/20260512/5697_1600_サンユウ_2026年3月期 決算短信〔日本基準〕(連結).pdf"", ""2026年3月期 決算短信〔日本基準〕(連結)"")",,,4,,5,,,,,,,,,,,,,,,,,,,https://www.release.tdnet.info/inbs/140120260424510700.pdf
20260512,5729,日精鉱,説明資料,"=HYPERLINK(""https://www.release.tdnet.info/inbs/140120260511522049.pdf"", ""2026年3月期 決算概要補足説明資料"")","=HYPERLINK(""pdf_tmp/20260512/5729_1300_日精鉱_2026年3月期 決算概要補足説明資料.pdf"", ""2026年3月期 決算概要補足説明資料"")",,3,,,,,,,,,4 5 9 16,,,,,,,,,,,,,https://www.release.tdnet.info/inbs/140120260511522049.pdf
20260512,5820,三ッ星,決算短信,"=HYPERLINK(""https://www.release.tdnet.info/inbs/140120260501516352.pdf"", ""2026年3月期決算短信〔日本基準〕(連結)"")","=HYPERLINK(""pdf_tmp/20260512/5820_1600_三ッ星_2026年3月期決算短信〔日本基準〕(連結).pdf"", ""2026年3月期決算短信〔日本基準〕(連結)"")",,,4,4 6,,,,,,,,,,,,,,,,,,,,https://www.release.tdnet.info/inbs/140120260501516352.pdf
20260512,5952,アマテイ,決算短信,"=HYPERLINK(""https://www.release.tdnet.info/inbs/140120260511523573.pdf"", ""2026年3月期 決算短信〔日本基準〕(連結)"")","=HYPERLINK(""pdf_tmp/20260512/5952_1330_アマテイ_2026年3月期 決算短信〔日本基準〕(連結).pdf"", ""2026年3月期 決算短信〔日本基準〕(連結)"")",,,,,,,,,,,,,,,,,4,,4 6,,,,,https://www.release.tdnet.info/inbs/140120260511523573.pdf
20260512,5956,トーソー,予想の修正,"=HYPERLINK(""https://www.release.tdnet.info/inbs/140120260511521983.pdf"", ""業績予想および配当予想の修正に関するお知らせ"")","=HYPERLINK(""pdf_tmp/20260512/5956_1530_トーソー_業績予想および配当予想の修正に関するお知らせ.pdf"", ""業績予想および配当予想の修正に関するお知らせ"")",,,1,,,,,,,1,,,,,,,,,,,,,,https://www.release.tdnet.info/inbs/140120260511521983.pdf
20260512,5988,パイオラックス,説明資料,"=HYPERLINK(""https://www.release.tdnet.info/inbs/140120260511521785.pdf"", ""2026年3月期決算説明資料"")","=HYPERLINK(""pdf_tmp/20260512/5988_1700_パイオラックス_2026年3月期決算説明資料.pdf"", ""2026年3月期決算説明資料"")",,7,,,,,,,,,15,,,,,,,,,,,,,https://www.release.tdnet.info/inbs/140120260511521785.pdf
20260512,6073,アサンテ,説明資料,"=HYPERLINK(""https://www.release.tdnet.info/inbs/140120260512524284.pdf"", ""2025年度決算及び中期経営計画説明資料"")","=HYPERLINK(""pdf_tmp/20260512/6073_1230_アサンテ_2025年度決算及び中期経営計画説明資料.pdf"", ""2025年度決算及び中期経営計画説明資料"")",,,,,,,,,,,5 33,,,,,,,,,,,48,,https://www.release.tdnet.info/inbs/140120260512524284.pdf
20260512,6143,ソディック,説明資料,"=HYPERLINK(""https://www.release.tdnet.info/inbs/140120260511523108.pdf"", ""2026年12月期 第1四半期決算説明資料"")","=HYPERLINK(""pdf_tmp/20260512/6143_1500_ソディック_2026年12月期 第1四半期決算説明資料.pdf"", ""2026年12月期 第1四半期決算説明資料"")",,,,,,,,,,,5 6 7 8,19,,,,,,,,,,,,https://www.release.tdnet.info/inbs/140120260511523108.pdf
20260512,6239,ナガオカ,予想の修正,"=HYPERLINK(""https://www.release.tdnet.info/inbs/140120260512525810.pdf"", ""業績予想の修正に関するお知らせ"")","=HYPERLINK(""pdf_tmp/20260512/6239_1700_ナガオカ_業績予想の修正に関するお知らせ.pdf"", ""業績予想の修正に関するお知らせ"")",,,,,,,,,,,1 2,,2,,,,,,,,,,,https://www.release.tdnet.info/inbs/140120260512525810.pdf
20260512,6245,ヒラノテクシード,説明資料,"=HYPERLINK(""https://www.release.tdnet.info/inbs/140120260410502089.pdf"", ""2025年度 連結決算説明資料"")","=HYPERLINK(""pdf_tmp/20260512/6245_1600_ヒラノテクシード_2025年度 連結決算説明資料.pdf"", ""2025年度 連結決算説明資料"")",,,,6,,,,,,,8,,,,,,,,,,,,,https://www.release.tdnet.info/inbs/140120260410502089.pdf
20260512,6257,藤商事,決算短信,"=HYPERLINK(""https://www.release.tdnet.info/inbs/140120260511523718.pdf"", ""2026年3月期 決算短信〔日本基準〕(連結)"")","=HYPERLINK(""pdf_tmp/20260512/6257_1530_藤商事_2026年3月期 決算短信〔日本基準〕(連結).pdf"", ""2026年3月期 決算短信〔日本基準〕(連結)"")",,,,,,,,,,4,,,4,,,,,,,,,,,https://www.release.tdnet.info/inbs/140120260511523718.pdf
20260512,6381,アネスト岩田,決算短信,"=HYPERLINK(""https://www.release.tdnet.info/inbs/140120260512524813.pdf"", ""2026年3月期決算短信〔日本基準〕(連結)"")","=HYPERLINK(""pdf_tmp/20260512/6381_1530_アネスト岩田_2026年3月期決算短信〔日本基準〕(連結).pdf"", ""2026年3月期決算短信〔日本基準〕(連結)"")",,,5,,,,,,,,,,,,,,,,5,,,,,https://www.release.tdnet.info/inbs/140120260512524813.pdf
20260512,6513,オリジン,決算短信,"=HYPERLINK(""https://www.release.tdnet.info/inbs/140120260511523571.pdf"", ""2026年3月期 決算短信〔日本基準〕(連結)"")","=HYPERLINK(""pdf_tmp/20260512/6513_1630_オリジン_2026年3月期 決算短信〔日本基準〕(連結).pdf"", ""2026年3月期 決算短信〔日本基準〕(連結)"")",,,,,,,,4,,,,,,,,,,,,,,4,,https://www.release.tdnet.info/inbs/140120260511523571.pdf
20260512,6644,大崎電,決算短信,"=HYPERLINK(""https://www.release.tdnet.info/inbs/140120260512525043.pdf"", ""2026年3月期 決算短信〔日本基準〕(連結)"")","=HYPERLINK(""pdf_tmp/20260512/6644_1535_大崎電_2026年3月期 決算短信〔日本基準〕(連結).pdf"", ""2026年3月期 決算短信〔日本基準〕(連結)"")",,,,,,,,,,,11,,,,,,,,,,,,11,https://www.release.tdnet.info/inbs/140120260512525043.pdf
20260512,6655,洋電機,決算短信,"=HYPERLINK(""https://www.release.tdnet.info/inbs/140120260511522989.pdf"", ""2026年3月期 決算短信〔日本基準〕(連結)"")","=HYPERLINK(""pdf_tmp/20260512/6655_1640_洋電機_2026年3月期 決算短信〔日本基準〕(連結).pdf"", ""2026年3月期 決算短信〔日本基準〕(連結)"")",,,,4 6 24,,,,,,,,,,,,4 20,,,,,,,,https://www.release.tdnet.info/inbs/140120260511522989.pdf
20260512,6658,シライ電子,決算短信,"=HYPERLINK(""https://www.release.tdnet.info/inbs/140120260511522208.pdf"", ""2026年3月期決算短信〔日本基準〕(連結)"")","=HYPERLINK(""pdf_tmp/20260512/6658_1130_シライ電子_2026年3月期決算短信〔日本基準〕(連結).pdf"", ""2026年3月期決算短信〔日本基準〕(連結)"")",,,,5,,,,,,5,,,,,,,,,,,,,,https://www.release.tdnet.info/inbs/140120260511522208.pdf
20260512,6718,アイホン,その他,"=HYPERLINK(""https://www.release.tdnet.info/inbs/140120260511521326.pdf"", ""2026年3月期決算(連結)のポイント"")","=HYPERLINK(""pdf_tmp/20260512/6718_1340_アイホン_2026年3月期決算(連結)のポイント.pdf"", ""2026年3月期決算(連結)のポイント"")",,,,,,,,,,,1 2,,,,,,,,1 2,,,,,https://www.release.tdnet.info/inbs/140120260511521326.pdf
20260512,6728,アルバック,決算短信,"=HYPERLINK(""https://www.release.tdnet.info/inbs/140120260512525588.pdf"", ""2026年6月期第3四半期 決算短信〔日本基準〕(連結)"")","=HYPERLINK(""pdf_tmp/20260512/6728_1530_アルバック_2026年6月期第3四半期 決算短信〔日本基準〕(連結).pdf"", ""2026年6月期第3四半期 決算短信〔日本基準〕(連結)"")",,4,,,,,,,,,,,,,,,,,,,,,4 5,https://www.release.tdnet.info/inbs/140120260512525588.pdf
20260512,6737,EIZO,説明資料,"=HYPERLINK(""https://www.release.tdnet.info/inbs/140120260512524621.pdf"", ""2026年3月期 連結決算説明資料"")","=HYPERLINK(""pdf_tmp/20260512/6737_1400_EIZO_2026年3月期 連結決算説明資料.pdf"", ""2026年3月期 連結決算説明資料"")",,,,,,,,,,,,,,,6 11,,,,10,,,,,https://www.release.tdnet.info/inbs/140120260512524621.pdf
20260512,6862,ミナトHD,決算短信,"=HYPERLINK(""https://www.release.tdnet.info/inbs/140120260512524742.pdf"", ""2026年3月期 決算短信〔日本基準〕(連結)"")","=HYPERLINK(""pdf_tmp/20260512/6862_1530_ミナトHD_2026年3月期 決算短信〔日本基準〕(連結).pdf"", ""2026年3月期 決算短信〔日本基準〕(連結)"")",,,,4,,,,,,,4 7,,,,,,,,,,,,,https://www.release.tdnet.info/inbs/140120260512524742.pdf
20260512,6919,ケル,決算短信,"=HYPERLINK(""https://www.release.tdnet.info/inbs/140120260512524362.pdf"", ""2026年3月期 決算短信〔日本基準〕(連結)"")","=HYPERLINK(""pdf_tmp/20260512/6919_1330_ケル_2026年3月期 決算短信〔日本基準〕(連結).pdf"", ""2026年3月期 決算短信〔日本基準〕(連結)"")",,,,6,,,,,,,,,,,,4,,,,,,,,https://www.release.tdnet.info/inbs/140120260512524362.pdf
20260512,6946,日アビオ,決算短信,"=HYPERLINK(""https://www.release.tdnet.info/inbs/140120260511522466.pdf"", ""2026年3月期 決算短信〔日本基準〕(連結)"")","=HYPERLINK(""pdf_tmp/20260512/6946_1700_日アビオ_2026年3月期 決算短信〔日本基準〕(連結).pdf"", ""2026年3月期 決算短信〔日本基準〕(連結)"")",,,,,,,,,,,,,,,,6,4,,,,,,,https://www.release.tdnet.info/inbs/140120260511522466.pdf
20260512,6963,ローム,決算短信,"=HYPERLINK(""https://www.release.tdnet.info/inbs/140120260511521331.pdf"", ""2026年3月期 決算短信[日本基準](連結)"")","=HYPERLINK(""pdf_tmp/20260512/6963_1530_ローム_2026年3月期 決算短信[日本基準](連結).pdf"", ""2026年3月期 決算短信[日本基準](連結)"")",,,,4,,,,,,,4 6,,,,,,,,,,,,,https://www.release.tdnet.info/inbs/140120260511521331.pdf
20260512,6989,北電工業,説明資料,"=HYPERLINK(""https://www.release.tdnet.info/inbs/140120260511522708.pdf"", ""2026年3月期決算説明資料"")","=HYPERLINK(""pdf_tmp/20260512/6989_1400_北電工業_2026年3月期決算説明資料.pdf"", ""2026年3月期決算説明資料"")",,,,,,,,,,,,,,,14,,,,11,,,,,https://www.release.tdnet.info/inbs/140120260511522708.pdf
20260512,7011,三菱重,説明資料,"=HYPERLINK(""https://www.release.tdnet.info/inbs/140120260511523058.pdf"", ""2025年度決算説明資料"")","=HYPERLINK(""pdf_tmp/20260512/7011_1330_三菱重_2025年度決算説明資料.pdf"", ""2025年度決算説明資料"")",,6,,,,,,,,,5 6,,,,,,,,,,,,,https://www.release.tdnet.info/inbs/140120260511523058.pdf
20260512,7012,川崎重,決算短信,"=HYPERLINK(""https://www.release.tdnet.info/inbs/140120260511523885.pdf"", ""2026年3月期決算短信〔IFRS〕(連結)"")","=HYPERLINK(""pdf_tmp/20260512/7012_1130_川崎重_2026年3月期決算短信〔IFRS〕(連結).pdf"", ""2026年3月期決算短信〔IFRS〕(連結)"")",,6,,,,,,,,,,,,,,5,,,,,,,,https://www.release.tdnet.info/inbs/140120260511523885.pdf
20260512,7022,サノヤスHD,決算短信,"=HYPERLINK(""https://www.release.tdnet.info/inbs/140120260511523000.pdf"", ""2026年3月期 決算短信〔日本基準〕(連結)"")","=HYPERLINK(""pdf_tmp/20260512/7022_1530_サノヤスHD_2026年3月期 決算短信〔日本基準〕(連結).pdf"", ""2026年3月期 決算短信〔日本基準〕(連結)"")",,,,,,7,,,,,4 5 6,,,,,,,,,,,,,https://www.release.tdnet.info/inbs/140120260511523000.pdf
20260512,7022,サノヤスHD,説明資料,"=HYPERLINK(""https://www.release.tdnet.info/inbs/140120260511523037.pdf"", ""2026年3月期 決算説明資料"")","=HYPERLINK(""pdf_tmp/20260512/7022_1530_サノヤスHD_2026年3月期 決算説明資料.pdf"", ""2026年3月期 決算説明資料"")",,,,,,,,,,,5 7 9 11,,,,,,,,,,13,,,https://www.release.tdnet.info/inbs/140120260511523037.pdf
20260512,7184,富山第一銀行,その他,"=HYPERLINK(""https://www.release.tdnet.info/inbs/140120260511523660.pdf"", ""2026年3月期 決算概要"")","=HYPERLINK(""pdf_tmp/20260512/7184_1500_富山第一銀行_2026年3月期 決算概要.pdf"", ""2026年3月期 決算概要"")",,,,,,,12,,,,2 8 9,,,,,,,,,,,,,https://www.release.tdnet.info/inbs/140120260511523660.pdf
20260512,7245,大同メタル,その他,"=HYPERLINK(""https://www.release.tdnet.info/inbs/140120260511523090.pdf"", ""中期経営計画の進捗と企業価値向上に向けた取組み"")","=HYPERLINK(""pdf_tmp/20260512/7245_1300_大同メタル_中期経営計画の進捗と企業価値向上に向けた取組み.pdf"", ""中期経営計画の進捗と企業価値向上に向けた取組み"")",,,,,,,,,,,,,24,,27,,,,,,,,,https://www.release.tdnet.info/inbs/140120260511523090.pdf
20260512,7261,マツダ,その他,"=HYPERLINK(""https://www.release.tdnet.info/inbs/140120260508520665.pdf"", ""2026年3月期 決算 プレゼンテーション資料"")","=HYPERLINK(""pdf_tmp/20260512/7261_1330_マツダ_2026年3月期 決算 プレゼンテーション資料.pdf"", ""2026年3月期 決算 プレゼンテーション資料"")",,,,,,,,,,,25,31,,,,,,,,,,,,https://www.release.tdnet.info/inbs/140120260508520665.pdf
20260512,7481,尾家産,決算短信,"=HYPERLINK(""https://www.release.tdnet.info/inbs/140120260501516259.pdf"", ""2026年3月期 決算短信[日本基準](連結)"")","=HYPERLINK(""pdf_tmp/20260512/7481_1530_尾家産_2026年3月期 決算短信[日本基準](連結).pdf"", ""2026年3月期 決算短信[日本基準](連結)"")",,,,,,,,,,,4,4,,,,,,,,,,,,https://www.release.tdnet.info/inbs/140120260501516259.pdf
20260512,7483,ドウシシャ,決算短信,"=HYPERLINK(""https://www.release.tdnet.info/inbs/140120260512525385.pdf"", ""2026年3月期 決算短信〔日本基準〕(連結)"")","=HYPERLINK(""pdf_tmp/20260512/7483_1530_ドウシシャ_2026年3月期 決算短信〔日本基準〕(連結).pdf"", ""2026年3月期 決算短信〔日本基準〕(連結)"")",,,,5,,,,,,,3 5,,,,,,,,,,,,,https://www.release.tdnet.info/inbs/140120260512525385.pdf
20260512,7628,オーハシテクニカ,決算短信,"=HYPERLINK(""https://www.release.tdnet.info/inbs/140120260512525823.pdf"", ""2026年3月期決算短信〔日本基準〕(連結)"")","=HYPERLINK(""pdf_tmp/20260512/7628_1530_オーハシテクニカ_2026年3月期決算短信〔日本基準〕(連結).pdf"", ""2026年3月期決算短信〔日本基準〕(連結)"")",,,4,,,,,,,,,,,,,,,,,,,4,,https://www.release.tdnet.info/inbs/140120260512525823.pdf
20260512,7643,ダイイチ,決算短信,"=HYPERLINK(""https://www.release.tdnet.info/inbs/140120260421507459.pdf"", ""2026年9月期第2四半期(中間期)決算短信〔日本基準〕(非連結)"")","=HYPERLINK(""pdf_tmp/20260512/7643_1600_ダイイチ_2026年9月期第2四半期(中間期)決算短信〔日本基準〕(非連結).pdf"", ""2026年9月期第2四半期(中間期)決算短信〔日本基準〕(非連結)"")",,,,,,,,,,,4,,,,,,,,4,,,,,https://www.release.tdnet.info/inbs/140120260421507459.pdf
20260512,7702,JMS,決算短信,"=HYPERLINK(""https://www.release.tdnet.info/inbs/140120260430514188.pdf"", ""2026年3月期決算短信〔日本基準〕(連結)"")","=HYPERLINK(""pdf_tmp/20260512/7702_1530_JMS_2026年3月期決算短信〔日本基準〕(連結).pdf"", ""2026年3月期決算短信〔日本基準〕(連結)"")",,,,7,,,,,,,,,,,,7,,,,,,,,https://www.release.tdnet.info/inbs/140120260430514188.pdf
20260512,7867,タカラトミー,決算短信,"=HYPERLINK(""https://www.release.tdnet.info/inbs/140120260511522379.pdf"", ""2026年3月期 決算短信〔日本基準〕(連結)"")","=HYPERLINK(""pdf_tmp/20260512/7867_1530_タカラトミー_2026年3月期 決算短信〔日本基準〕(連結).pdf"", ""2026年3月期 決算短信〔日本基準〕(連結)"")",,,,,,,,,,,4 5,,,,,,,,,,,8,,https://www.release.tdnet.info/inbs/140120260511522379.pdf
20260512,7915,NISSHA,決算短信,"=HYPERLINK(""https://www.release.tdnet.info/inbs/140120260511521433.pdf"", ""2026年12月期第1四半期決算短信〔IFRS〕(連結)"")","=HYPERLINK(""pdf_tmp/20260512/7915_1530_NISSHA_2026年12月期第1四半期決算短信〔IFRS〕(連結).pdf"", ""2026年12月期第1四半期決算短信〔IFRS〕(連結)"")",,,,,,,,,,,4,,,,,,4,,,,,,,https://www.release.tdnet.info/inbs/140120260511521433.pdf
20260512,8041,OUG HD,説明資料,"=HYPERLINK(""https://www.release.tdnet.info/inbs/140120260509521101.pdf"", ""2026年3月期 OUGホールディングス決算要約説明資料"")","=HYPERLINK(""pdf_tmp/20260512/8041_1400_OUG HD_2026年3月期 OUGホールディングス決算要約説明資料.pdf"", ""2026年3月期 OUGホールディングス決算要約説明資料"")",,,,,6,,,,,,5 12,,,,,,,,,,,,,https://www.release.tdnet.info/inbs/140120260509521101.pdf
20260512,8045,横浜丸魚,決算短信,"=HYPERLINK(""https://www.release.tdnet.info/inbs/140120260429513608.pdf"", ""2026年3月期 決算短信[日本基準](連結)"")","=HYPERLINK(""pdf_tmp/20260512/8045_1530_横浜丸魚_2026年3月期 決算短信[日本基準](連結).pdf"", ""2026年3月期 決算短信[日本基準](連結)"")",,,,4,,,,,,,,,,,,,,,4,,,,,https://www.release.tdnet.info/inbs/140120260429513608.pdf
20260512,8059,第一実業,決算短信,"=HYPERLINK(""https://www.release.tdnet.info/inbs/140120260512524682.pdf"", ""2026年3月期決算短信〔日本基準〕(連結)"")","=HYPERLINK(""pdf_tmp/20260512/8059_1400_第一実業_2026年3月期決算短信〔日本基準〕(連結).pdf"", ""2026年3月期決算短信〔日本基準〕(連結)"")",,,,,,,,,,,4 5,,,,,,,,4,,,,,https://www.release.tdnet.info/inbs/140120260512524682.pdf
20260512,8159,立花エレ,決算短信,"=HYPERLINK(""https://www.release.tdnet.info/inbs/140120260511523540.pdf"", ""2026年3月期決算短信〔日本基準〕(連結)"")","=HYPERLINK(""pdf_tmp/20260512/8159_1530_立花エレ_2026年3月期決算短信〔日本基準〕(連結).pdf"", ""2026年3月期決算短信〔日本基準〕(連結)"")",,,,,,,,,,,5,,,,,5,,,,,,,,https://www.release.tdnet.info/inbs/140120260511523540.pdf
20260512,8214,AOKI HD,説明資料,"=HYPERLINK(""https://www.release.tdnet.info/inbs/140120260508520905.pdf"", ""2026年3月期 決算補足説明資料"")","=HYPERLINK(""pdf_tmp/20260512/8214_1545_AOKI HD_2026年3月期 決算補足説明資料.pdf"", ""2026年3月期 決算補足説明資料"")",,,,,,,,,,,18 21,,15,,,,,,,,,,,https://www.release.tdnet.info/inbs/140120260508520905.pdf
20260512,8242,H2Oリテイル,説明資料,"=HYPERLINK(""https://www.release.tdnet.info/inbs/140120260507517643.pdf"", ""2026年3月期 決算説明資料"")","=HYPERLINK(""pdf_tmp/20260512/8242_1400_H2Oリテイル_2026年3月期 決算説明資料.pdf"", ""2026年3月期 決算説明資料"")",,,,,,,,,,,8,,,,,,,,,,,29,,https://www.release.tdnet.info/inbs/140120260507517643.pdf
20260512,8387,四国銀,決算短信,"=HYPERLINK(""https://www.release.tdnet.info/inbs/140120260511523620.pdf"", ""2026年3月期 決算短信〔日本基準〕(連結)"")","=HYPERLINK(""pdf_tmp/20260512/8387_1400_四国銀_2026年3月期 決算短信〔日本基準〕(連結).pdf"", ""2026年3月期 決算短信〔日本基準〕(連結)"")",,,,,54,,,,,,51 57,,,,,,,,,,,,,https://www.release.tdnet.info/inbs/140120260511523620.pdf
20260512,8392,大分銀,決算短信,"=HYPERLINK(""https://www.release.tdnet.info/inbs/140120260511522608.pdf"", ""2026年3月期決算短信〔日本基準〕(連結)"")","=HYPERLINK(""pdf_tmp/20260512/8392_1400_大分銀_2026年3月期決算短信〔日本基準〕(連結).pdf"", ""2026年3月期決算短信〔日本基準〕(連結)"")",,,,,,,,,,,50,,,,,,,,5,,,,,https://www.release.tdnet.info/inbs/140120260511522608.pdf
20260512,8698,マネックスG,説明資料,"=HYPERLINK(""https://www.release.tdnet.info/inbs/140120260512525526.pdf"", ""2026年3月期 決算説明資料"")","=HYPERLINK(""pdf_tmp/20260512/8698_1530_マネックスG_2026年3月期 決算説明資料.pdf"", ""2026年3月期 決算説明資料"")",,,,,,,,,,,29 33 42 59,,,,,,,,,,,55,,https://www.release.tdnet.info/inbs/140120260512525526.pdf
20260512,8715,アニコム HD,説明資料,"=HYPERLINK(""https://www.release.tdnet.info/inbs/140120260511523807.pdf"", ""2026年3月期 決算補足説明資料"")","=HYPERLINK(""pdf_tmp/20260512/8715_1530_アニコム HD_2026年3月期 決算補足説明資料.pdf"", ""2026年3月期 決算補足説明資料"")",,,,,,,,,,14,,4 10,,,,,,,,,,,,https://www.release.tdnet.info/inbs/140120260511523807.pdf
20260512,8742,小林洋行,決算短信,"=HYPERLINK(""https://www.release.tdnet.info/inbs/140120260512524940.pdf"", ""2026年3月期 決算短信〔日本基準〕(連結)"")","=HYPERLINK(""pdf_tmp/20260512/8742_1545_小林洋行_2026年3月期 決算短信〔日本基準〕(連結).pdf"", ""2026年3月期 決算短信〔日本基準〕(連結)"")",,,,,,,,,,,4,,,,,,,,4 5,,,,,https://www.release.tdnet.info/inbs/140120260512524940.pdf
20260512,9171,栗林船,決算短信,"=HYPERLINK(""https://www.release.tdnet.info/inbs/140120260511523557.pdf"", ""令和8年3月期決算短信〔日本基準〕(連結)"")","=HYPERLINK(""pdf_tmp/20260512/9171_1400_栗林船_令和8年3月期決算短信〔日本基準〕(連結).pdf"", ""令和8年3月期決算短信〔日本基準〕(連結)"")",,,,,,,,,,,4,,,,,,,,4,,,,,https://www.release.tdnet.info/inbs/140120260511523557.pdf
20260512,9514,EF-ON,決算短信,"=HYPERLINK(""https://www.release.tdnet.info/inbs/140120260512524395.pdf"", ""2026年6月期 第3四半期決算短信〔日本基準〕(連結)"")","=HYPERLINK(""pdf_tmp/20260512/9514_1540_EF-ON_2026年6月期 第3四半期決算短信〔日本基準〕(連結).pdf"", ""2026年6月期 第3四半期決算短信〔日本基準〕(連結)"")",,,,,4,,,,,,4 5,,,,,,,,,,,,,https://www.release.tdnet.info/inbs/140120260512524395.pdf
20260512,9735,セコム,決算短信,"=HYPERLINK(""https://www.release.tdnet.info/inbs/140120260508520212.pdf"", ""2026年3月期 決算短信〔日本基準〕(連結)"")","=HYPERLINK(""pdf_tmp/20260512/9735_1530_セコム_2026年3月期 決算短信〔日本基準〕(連結).pdf"", ""2026年3月期 決算短信〔日本基準〕(連結)"")",,,5,,5,,,,,,,,,,,,,,,,,,,https://www.release.tdnet.info/inbs/140120260508520212.pdf
20260512,1417,ミライト・ワン,その他,"=HYPERLINK(""https://www.release.tdnet.info/inbs/140120260512525530.pdf"", ""株主提案に対する当社取締役会意見に関するお知らせ"")","=HYPERLINK(""pdf_tmp/20260512/1417_1500_ミライト・ワン_株主提案に対する当社取締役会意見に関するお知らせ.pdf"", ""株主提案に対する当社取締役会意見に関するお知らせ"")",,,,,,,,,,,3,,,,,,,,,,,,,https://www.release.tdnet.info/inbs/140120260512525530.pdf
20260512,1431,G-リブワーク,決算短信,"=HYPERLINK(""https://www.release.tdnet.info/inbs/140120260511523476.pdf"", ""2026年6月期 第3四半期決算短信〔日本基準〕(連結)"")","=HYPERLINK(""pdf_tmp/20260512/1431_1530_G-リブワーク_2026年6月期 第3四半期決算短信〔日本基準〕(連結).pdf"", ""2026年6月期 第3四半期決算短信〔日本基準〕(連結)"")",,,,,,,,,,,,,,,,,,,,,,4 10,,https://www.release.tdnet.info/inbs/140120260511523476.pdf
20260512,166A,G-タスキHD,決算短信,"=HYPERLINK(""https://www.release.tdnet.info/inbs/140120260511522642.pdf"", ""2026年9月期 第2四半期(中間期)決算短信〔日本基準〕(連結)"")","=HYPERLINK(""pdf_tmp/20260512/166A_1530_G-タスキHD_2026年9月期 第2四半期(中間期)決算短信〔日本基準〕(連結).pdf"", ""2026年9月期 第2四半期(中間期)決算短信〔日本基準〕(連結)"")",,,,,,,,,,,,4,,,,,,,,,,,,https://www.release.tdnet.info/inbs/140120260511522642.pdf
20260512,1672,金ETF,決算短信,"=HYPERLINK(""https://www.release.tdnet.info/inbs/140120260512523920.pdf"", ""令和7年12月期 決算短信(令和7年1月1日~令和7年12月31日)"")","=HYPERLINK(""pdf_tmp/20260512/1672_1700_金ETF_令和7年12月期 決算短信(令和7年1月1日~令和7年12月31日).pdf"", ""令和7年12月期 決算短信(令和7年1月1日~令和7年12月31日)"")",,,,,,,,,,,5,,,,,,,,,,,,,https://www.release.tdnet.info/inbs/140120260512523920.pdf
20260512,1673,銀ETF,決算短信,"=HYPERLINK(""https://www.release.tdnet.info/inbs/140120260512523921.pdf"", ""令和7年12月期 決算短信(令和7年1月1日~令和7年12月31日)"")","=HYPERLINK(""pdf_tmp/20260512/1673_1700_銀ETF_令和7年12月期 決算短信(令和7年1月1日~令和7年12月31日).pdf"", ""令和7年12月期 決算短信(令和7年1月1日~令和7年12月31日)"")",,,,,,,,,,,5,,,,,,,,,,,,,https://www.release.tdnet.info/inbs/140120260512523921.pdf
20260512,1674,プラチナETF,決算短信,"=HYPERLINK(""https://www.release.tdnet.info/inbs/140120260512523922.pdf"", ""令和7年12月期 決算短信(令和7年1月1日~令和7年12月31日)"")","=HYPERLINK(""pdf_tmp/20260512/1674_1700_プラチナETF_令和7年12月期 決算短信(令和7年1月1日~令和7年12月31日).pdf"", ""令和7年12月期 決算短信(令和7年1月1日~令和7年12月31日)"")",,,,,,,,,,,5,,,,,,,,,,,,,https://www.release.tdnet.info/inbs/140120260512523922.pdf
20260512,1675,パラジETF,決算短信,"=HYPERLINK(""https://www.release.tdnet.info/inbs/140120260512523923.pdf"", ""令和7年12月期 決算短信(令和7年1月1日~令和7年12月31日)"")","=HYPERLINK(""pdf_tmp/20260512/1675_1700_パラジETF_令和7年12月期 決算短信(令和7年1月1日~令和7年12月31日).pdf"", ""令和7年12月期 決算短信(令和7年1月1日~令和7年12月31日)"")",,,,,,,,,,,5,,,,,,,,,,,,,https://www.release.tdnet.info/inbs/140120260512523923.pdf
20260512,1676,キンゾクETF,決算短信,"=HYPERLINK(""https://www.release.tdnet.info/inbs/140120260512523924.pdf"", ""令和7年12月期 決算短信(令和7年1月1日~令和7年12月31日)"")","=HYPERLINK(""pdf_tmp/20260512/1676_1700_キンゾクETF_令和7年12月期 決算短信(令和7年1月1日~令和7年12月31日).pdf"", ""令和7年12月期 決算短信(令和7年1月1日~令和7年12月31日)"")",,,,,,,,,,,5,,,,,,,,,,,,,https://www.release.tdnet.info/inbs/140120260512523924.pdf
20260512,1684,商品ETF,決算短信,"=HYPERLINK(""https://www.release.tdnet.info/inbs/140120260512523927.pdf"", ""令和7年12月期 決算短信(令和7年1月1日~令和7年12月31日)"")","=HYPERLINK(""pdf_tmp/20260512/1684_1700_商品ETF_令和7年12月期 決算短信(令和7年1月1日~令和7年12月31日).pdf"", ""令和7年12月期 決算短信(令和7年1月1日~令和7年12月31日)"")",,,,,,,,,,,7,,,,,,,,,,,,,https://www.release.tdnet.info/inbs/140120260512523927.pdf
20260512,1685,エナジーETF,決算短信,"=HYPERLINK(""https://www.release.tdnet.info/inbs/140120260512523928.pdf"", ""令和7年12月期 決算短信(令和7年1月1日~令和7年12月31日)"")","=HYPERLINK(""pdf_tmp/20260512/1685_1700_エナジーETF_令和7年12月期 決算短信(令和7年1月1日~令和7年12月31日).pdf"", ""令和7年12月期 決算短信(令和7年1月1日~令和7年12月31日)"")",,,,,,,,,,,7,,,,,,,,,,,,,https://www.release.tdnet.info/inbs/140120260512523928.pdf
20260512,1686,メタルETF,決算短信,"=HYPERLINK(""https://www.release.tdnet.info/inbs/140120260512523929.pdf"", ""令和7年12月期 決算短信(令和7年1月1日~令和7年12月31日)"")","=HYPERLINK(""pdf_tmp/20260512/1686_1700_メタルETF_令和7年12月期 決算短信(令和7年1月1日~令和7年12月31日).pdf"", ""令和7年12月期 決算短信(令和7年1月1日~令和7年12月31日)"")",,,,,,,,,,,7,,,,,,,,,,,,,https://www.release.tdnet.info/inbs/140120260512523929.pdf
20260512,1687,アグリETF,決算短信,"=HYPERLINK(""https://www.release.tdnet.info/inbs/140120260512523930.pdf"", ""令和7年12月期 決算短信(令和7年1月1日~令和7年12月31日)"")","=HYPERLINK(""pdf_tmp/20260512/1687_1700_アグリETF_令和7年12月期 決算短信(令和7年1月1日~令和7年12月31日).pdf"", ""令和7年12月期 決算短信(令和7年1月1日~令和7年12月31日)"")",,,,,,,,,,,7,,,,,,,,,,,,,https://www.release.tdnet.info/inbs/140120260512523930.pdf
20260512,1688,穀物ETF,決算短信,"=HYPERLINK(""https://www.release.tdnet.info/inbs/140120260512523931.pdf"", ""令和7年12月期 決算短信(令和7年1月1日~令和7年12月31日)"")","=HYPERLINK(""pdf_tmp/20260512/1688_1700_穀物ETF_令和7年12月期 決算短信(令和7年1月1日~令和7年12月31日).pdf"", ""令和7年12月期 決算短信(令和7年1月1日~令和7年12月31日)"")",,,,,,,,,,,7,,,,,,,,,,,,,https://www.release.tdnet.info/inbs/140120260512523931.pdf
20260512,1689,ガスETF,決算短信,"=HYPERLINK(""https://www.release.tdnet.info/inbs/140120260512523932.pdf"", ""令和7年12月期 決算短信(令和7年1月1日~令和7年12月31日)"")","=HYPERLINK(""pdf_tmp/20260512/1689_1700_ガスETF_令和7年12月期 決算短信(令和7年1月1日~令和7年12月31日).pdf"", ""令和7年12月期 決算短信(令和7年1月1日~令和7年12月31日)"")",,,,,,,,,,,7,,,,,,,,,,,,,https://www.release.tdnet.info/inbs/140120260512523932.pdf
20260512,1690,原油ETF,決算短信,"=HYPERLINK(""https://www.release.tdnet.info/inbs/140120260512523933.pdf"", ""令和7年12月期 決算短信(令和7年1月1日~令和7年12月31日)"")","=HYPERLINK(""pdf_tmp/20260512/1690_1700_原油ETF_令和7年12月期 決算短信(令和7年1月1日~令和7年12月31日).pdf"", ""令和7年12月期 決算短信(令和7年1月1日~令和7年12月31日)"")",,,,,,,,,,,7,,,,,,,,,,,,,https://www.release.tdnet.info/inbs/140120260512523933.pdf
20260512,1691,ガソリンETF,決算短信,"=HYPERLINK(""https://www.release.tdnet.info/inbs/140120260512523934.pdf"", ""令和7年12月期 決算短信(令和7年1月1日~令和7年12月31日)"")","=HYPERLINK(""pdf_tmp/20260512/1691_1700_ガソリンETF_令和7年12月期 決算短信(令和7年1月1日~令和7年12月31日).pdf"", ""令和7年12月期 決算短信(令和7年1月1日~令和7年12月31日)"")",,,,,,,,,,,7,,,,,,,,,,,,,https://www.release.tdnet.info/inbs/140120260512523934.pdf
20260512,1692,アルミETF,決算短信,"=HYPERLINK(""https://www.release.tdnet.info/inbs/140120260512523935.pdf"", ""令和7年12月期 決算短信(令和7年1月1日~令和7年12月31日)"")","=HYPERLINK(""pdf_tmp/20260512/1692_1700_アルミETF_令和7年12月期 決算短信(令和7年1月1日~令和7年12月31日).pdf"", ""令和7年12月期 決算短信(令和7年1月1日~令和7年12月31日)"")",,,,,,,,,,,7,,,,,,,,,,,,,https://www.release.tdnet.info/inbs/140120260512523935.pdf
20260512,1693,銅ETF,決算短信,"=HYPERLINK(""https://www.release.tdnet.info/inbs/140120260512523936.pdf"", ""令和7年12月期 決算短信(令和7年1月1日~令和7年12月31日)"")","=HYPERLINK(""pdf_tmp/20260512/1693_1700_銅ETF_令和7年12月期 決算短信(令和7年1月1日~令和7年12月31日).pdf"", ""令和7年12月期 決算短信(令和7年1月1日~令和7年12月31日)"")",,,,,,,,,,,7,,,,,,,,,,,,,https://www.release.tdnet.info/inbs/140120260512523936.pdf
20260512,1694,ニッケルETF,決算短信,"=HYPERLINK(""https://www.release.tdnet.info/inbs/140120260512523937.pdf"", ""令和7年12月期 決算短信(令和7年1月1日~令和7年12月31日)"")","=HYPERLINK(""pdf_tmp/20260512/1694_1700_ニッケルETF_令和7年12月期 決算短信(令和7年1月1日~令和7年12月31日).pdf"", ""令和7年12月期 決算短信(令和7年1月1日~令和7年12月31日)"")",,,,,,,,,,,7,,,,,,,,,,,,,https://www.release.tdnet.info/inbs/140120260512523937.pdf
20260512,1695,小麦ETF,決算短信,"=HYPERLINK(""https://www.release.tdnet.info/inbs/140120260512523938.pdf"", ""令和7年12月期 決算短信(令和7年1月1日~令和7年12月31日)"")","=HYPERLINK(""pdf_tmp/20260512/1695_1700_小麦ETF_令和7年12月期 決算短信(令和7年1月1日~令和7年12月31日).pdf"", ""令和7年12月期 決算短信(令和7年1月1日~令和7年12月31日)"")",,,,,,,,,,,7,,,,,,,,,,,,,https://www.release.tdnet.info/inbs/140120260512523938.pdf
20260512,1696,コーンETF,決算短信,"=HYPERLINK(""https://www.release.tdnet.info/inbs/140120260512523939.pdf"", ""令和7年12月期 決算短信(令和7年1月1日~令和7年12月31日)"")","=HYPERLINK(""pdf_tmp/20260512/1696_1700_コーンETF_令和7年12月期 決算短信(令和7年1月1日~令和7年12月31日).pdf"", ""令和7年12月期 決算短信(令和7年1月1日~令和7年12月31日)"")",,,,,,,,,,,7,,,,,,,,,,,,,https://www.release.tdnet.info/inbs/140120260512523939.pdf
20260512,1697,大豆ETF,決算短信,"=HYPERLINK(""https://www.release.tdnet.info/inbs/140120260512523940.pdf"", ""令和7年12月期 決算短信(令和7年1月1日~令和7年12月31日)"")","=HYPERLINK(""pdf_tmp/20260512/1697_1700_大豆ETF_令和7年12月期 決算短信(令和7年1月1日~令和7年12月31日).pdf"", ""令和7年12月期 決算短信(令和7年1月1日~令和7年12月31日)"")",,,,,,,,,,,7,,,,,,,,,,,,,https://www.release.tdnet.info/inbs/140120260512523940.pdf
20260512,1776,三住道路,決算短信,"=HYPERLINK(""https://www.release.tdnet.info/inbs/140120260511521246.pdf"", ""2026年3月期 決算短信〔日本基準〕(連結)"")","=HYPERLINK(""pdf_tmp/20260512/1776_1400_三住道路_2026年3月期 決算短信〔日本基準〕(連結).pdf"", ""2026年3月期 決算短信〔日本基準〕(連結)"")",,,,5,,,,,,,,,,,,,,,,,,,,https://www.release.tdnet.info/inbs/140120260511521246.pdf
20260512,1798,守谷商会,その他,"=HYPERLINK(""https://www.release.tdnet.info/inbs/140120260512524177.pdf"", ""「中期経営計画2026」の策定に関するお知らせ"")","=HYPERLINK(""pdf_tmp/20260512/1798_1500_守谷商会_「中期経営計画2026」の策定に関するお知らせ.pdf"", ""「中期経営計画2026」の策定に関するお知らせ"")",,,,,,,,,,,5,,,,,,,,,,,,,https://www.release.tdnet.info/inbs/140120260512524177.pdf
20260512,1814,大末建,説明資料,"=HYPERLINK(""https://www.release.tdnet.info/inbs/140120260512524598.pdf"", ""2026年3月期 決算説明資料"")","=HYPERLINK(""pdf_tmp/20260512/1814_1500_大末建_2026年3月期 決算説明資料.pdf"", ""2026年3月期 決算説明資料"")",,,,,,,,,,,9 12,,,,,,,,,,,,,https://www.release.tdnet.info/inbs/140120260512524598.pdf
20260512,1870,矢作建,決算短信,"=HYPERLINK(""https://www.release.tdnet.info/inbs/140120260512524355.pdf"", ""2026年3月期 決算短信〔日本基準〕(連結)"")","=HYPERLINK(""pdf_tmp/20260512/1870_1400_矢作建_2026年3月期 決算短信〔日本基準〕(連結).pdf"", ""2026年3月期 決算短信〔日本基準〕(連結)"")",,,,,,,,,,,6,,,,,,,,,,,,,https://www.release.tdnet.info/inbs/140120260512524355.pdf
20260512,1938,日リーテック,その他,"=HYPERLINK(""https://www.release.tdnet.info/inbs/140120260508520964.pdf"", ""中期経営計画の経営数値目標修正に関するお知らせ"")","=HYPERLINK(""pdf_tmp/20260512/1938_1430_日リーテック_中期経営計画の経営数値目標修正に関するお知らせ.pdf"", ""中期経営計画の経営数値目標修正に関するお知らせ"")",,,,1,,,,,,,,,,,,,,,,,,,,https://www.release.tdnet.info/inbs/140120260508520964.pdf
20260512,2001,ニップン,その他,"=HYPERLINK(""https://www.release.tdnet.info/inbs/140120260512525721.pdf"", ""(株)ニップン 2026年3月期の連結業績及び次期連結業績予想"")","=HYPERLINK(""pdf_tmp/20260512/2001_1600_ニップン_(株)ニップン 2026年3月期の連結業績及び次期連結業績予想.pdf"", ""(株)ニップン 2026年3月期の連結業績及び次期連結業績予想"")",,,1,,,,,,,,,,,,,,,,,,,,,https://www.release.tdnet.info/inbs/140120260512525721.pdf
20260512,2001,ニップン,決算短信,"=HYPERLINK(""https://www.release.tdnet.info/inbs/140120260512525733.pdf"", ""2026年3月期 決算短信〔日本基準〕(連結)"")","=HYPERLINK(""pdf_tmp/20260512/2001_1600_ニップン_2026年3月期 決算短信〔日本基準〕(連結).pdf"", ""2026年3月期 決算短信〔日本基準〕(連結)"")",,,4 5,,,,,,,,,,,,,,,,,,,,,https://www.release.tdnet.info/inbs/140120260512525733.pdf
20260512,2120,LIFULL,説明資料,"=HYPERLINK(""https://www.release.tdnet.info/inbs/140120260511522695.pdf"", ""2026年9月期第2四半期 決算説明資料(IFRS)"")","=HYPERLINK(""pdf_tmp/20260512/2120_1530_LIFULL_2026年9月期第2四半期 決算説明資料(IFRS).pdf"", ""2026年9月期第2四半期 決算説明資料(IFRS)"")",,,,,,,,,,,2 30,,,,,,,,,,,,,https://www.release.tdnet.info/inbs/140120260511522695.pdf
20260512,2162,nms HD,説明資料,"=HYPERLINK(""https://www.release.tdnet.info/inbs/140120260512526150.pdf"", ""2026年3月期決算説明資料"")","=HYPERLINK(""pdf_tmp/20260512/2162_1600_nms HD_2026年3月期決算説明資料.pdf"", ""2026年3月期決算説明資料"")",,,,,,,,,,,,,,,,,,,3,,,,,https://www.release.tdnet.info/inbs/140120260512526150.pdf
20260512,2267,ヤクルト,決算短信,"=HYPERLINK(""https://www.release.tdnet.info/inbs/140120260511523746.pdf"", ""2026年3月期 決算短信[日本基準](連結)"")","=HYPERLINK(""pdf_tmp/20260512/2267_1420_ヤクルト_2026年3月期 決算短信[日本基準](連結).pdf"", ""2026年3月期 決算短信[日本基準](連結)"")",,,4,,,,,,,,,,,,,,,,,,,,,https://www.release.tdnet.info/inbs/140120260511523746.pdf
20260512,2293,滝沢ハム,決算短信,"=HYPERLINK(""https://www.release.tdnet.info/inbs/140120260512524544.pdf"", ""2026年3月期 決算短信〔日本基準〕(連結)"")","=HYPERLINK(""pdf_tmp/20260512/2293_1430_滝沢ハム_2026年3月期 決算短信〔日本基準〕(連結).pdf"", ""2026年3月期 決算短信〔日本基準〕(連結)"")",,,,,,,,,,,,,,,,6,,,,,,,,https://www.release.tdnet.info/inbs/140120260512524544.pdf
20260512,2393,日本ケア,説明資料,"=HYPERLINK(""https://www.release.tdnet.info/inbs/140120260511523724.pdf"", ""2026年3月期 決算補足説明資料"")","=HYPERLINK(""pdf_tmp/20260512/2393_1530_日本ケア_2026年3月期 決算補足説明資料.pdf"", ""2026年3月期 決算補足説明資料"")",,,,,,,21,,,,,,,,,,,,,,,,,https://www.release.tdnet.info/inbs/140120260511523724.pdf
20260512,2433,博報堂DY,決算短信,"=HYPERLINK(""https://www.release.tdnet.info/inbs/140120260511523182.pdf"", ""2026年3月期 決算短信〔日本基準〕(連結)"")","=HYPERLINK(""pdf_tmp/20260512/2433_1300_博報堂DY_2026年3月期 決算短信〔日本基準〕(連結).pdf"", ""2026年3月期 決算短信〔日本基準〕(連結)"")",,,,,,,,,,,4,,,,,,,,,,,,,https://www.release.tdnet.info/inbs/140120260511523182.pdf
20260512,2433,博報堂DY,その他,"=HYPERLINK(""https://www.release.tdnet.info/inbs/140120260511523196.pdf"", ""2026年3月期 通期 決算説明会資料"")","=HYPERLINK(""pdf_tmp/20260512/2433_1300_博報堂DY_2026年3月期 通期 決算説明会資料.pdf"", ""2026年3月期 通期 決算説明会資料"")",,,,,,,,,,,3 10,,,,,,,,,,,,,https://www.release.tdnet.info/inbs/140120260511523196.pdf
20260512,2445,タカミヤ,決算短信,"=HYPERLINK(""https://www.release.tdnet.info/inbs/140120260511523607.pdf"", ""2026年3月期 決算短信〔日本基準〕(連結)"")","=HYPERLINK(""pdf_tmp/20260512/2445_1530_タカミヤ_2026年3月期 決算短信〔日本基準〕(連結).pdf"", ""2026年3月期 決算短信〔日本基準〕(連結)"")",,,,,,4,,,,,,,,,,,,,,,,,,https://www.release.tdnet.info/inbs/140120260511523607.pdf
20260512,2445,タカミヤ,その他,"=HYPERLINK(""https://www.release.tdnet.info/inbs/140120260512526030.pdf"", ""中期経営計画の数値目標の見直しに関するお知らせ"")","=HYPERLINK(""pdf_tmp/20260512/2445_1530_タカミヤ_中期経営計画の数値目標の見直しに関するお知らせ.pdf"", ""中期経営計画の数値目標の見直しに関するお知らせ"")",,,,,,,,,,,,,1,,,,,,,,,,,https://www.release.tdnet.info/inbs/140120260512526030.pdf
20260512,2477,手間いらず,決算短信,"=HYPERLINK(""https://www.release.tdnet.info/inbs/140120260512524946.pdf"", ""2026年6月期 第3四半期決算短信[日本基準](非連結)"")","=HYPERLINK(""pdf_tmp/20260512/2477_1530_手間いらず_2026年6月期 第3四半期決算短信[日本基準](非連結).pdf"", ""2026年6月期 第3四半期決算短信[日本基準](非連結)"")",,,,,,,,,,,,,,,,4,,,,,,,,https://www.release.tdnet.info/inbs/140120260512524946.pdf
20260512,2477,手間いらず,説明資料,"=HYPERLINK(""https://www.release.tdnet.info/inbs/140120260512525083.pdf"", ""2026年6月期(第23期)第3四半期決算説明資料"")","=HYPERLINK(""pdf_tmp/20260512/2477_1530_手間いらず_2026年6月期(第23期)第3四半期決算説明資料.pdf"", ""2026年6月期(第23期)第3四半期決算説明資料"")",,,,,,,,,,,14 16,,,,,,,,,,,,,https://www.release.tdnet.info/inbs/140120260512525083.pdf
20260512,250A,シマダヤ,決算短信,"=HYPERLINK(""https://www.release.tdnet.info/inbs/140120260512524433.pdf"", ""2026年3月期決算短信〔日本基準〕(連結)"")","=HYPERLINK(""pdf_tmp/20260512/250A_1540_シマダヤ_2026年3月期決算短信〔日本基準〕(連結).pdf"", ""2026年3月期決算短信〔日本基準〕(連結)"")",,,6 7,,,,,,,,,,,,,,,,,,,,,https://www.release.tdnet.info/inbs/140120260512524433.pdf
20260512,2533,オエノンHD,決算短信,"=HYPERLINK(""https://www.release.tdnet.info/inbs/140120260421507626.pdf"", ""2026年12月期 第1四半期決算短信〔日本基準〕(連結)"")","=HYPERLINK(""pdf_tmp/20260512/2533_1530_オエノンHD_2026年12月期 第1四半期決算短信〔日本基準〕(連結).pdf"", ""2026年12月期 第1四半期決算短信〔日本基準〕(連結)"")",,,15,,,,,,,,,,,,,,,,,,,,,https://www.release.tdnet.info/inbs/140120260421507626.pdf
20260512,2602,日清オイリオ,その他,"=HYPERLINK(""https://www.release.tdnet.info/inbs/140120260511523528.pdf"", ""2026年3月期 決算補足資料"")","=HYPERLINK(""pdf_tmp/20260512/2602_1200_日清オイリオ_2026年3月期 決算補足資料.pdf"", ""2026年3月期 決算補足資料"")",,,5,,,,,,,,,,,,,,,,,,,,,https://www.release.tdnet.info/inbs/140120260511523528.pdf
20260512,2602,日清オイリオ,その他,"=HYPERLINK(""https://www.release.tdnet.info/inbs/140120260511523587.pdf"", ""支配株主等に関する事項について"")","=HYPERLINK(""pdf_tmp/20260512/2602_1200_日清オイリオ_支配株主等に関する事項について.pdf"", ""支配株主等に関する事項について"")",1,,,,,,,,,,,,,,,,,,,,,,,https://www.release.tdnet.info/inbs/140120260511523587.pdf
20260512,262A,インターメスティック,説明資料,"=HYPERLINK(""https://www.release.tdnet.info/inbs/140120260512524784.pdf"", ""PPAに関する説明資料"")","=HYPERLINK(""pdf_tmp/20260512/262A_1530_インターメスティック_PPAに関する説明資料.pdf"", ""PPAに関する説明資料"")",,,,,,,,,,,5,,,,,,,,,,,,,https://www.release.tdnet.info/inbs/140120260512524784.pdf
20260512,2676,高千穂交,説明資料,"=HYPERLINK(""https://www.release.tdnet.info/inbs/140120260512524100.pdf"", ""2026年3月期決算補足説明資料"")","=HYPERLINK(""pdf_tmp/20260512/2676_1530_高千穂交_2026年3月期決算補足説明資料.pdf"", ""2026年3月期決算補足説明資料"")",,,,,,,,,,4,,,,,,,,,,,,,,https://www.release.tdnet.info/inbs/140120260512524100.pdf
20260512,2702,マクドナルド,決算短信,"=HYPERLINK(""https://www.release.tdnet.info/inbs/140120260511521867.pdf"", ""2026年12月期 第1四半期決算短信〔日本基準〕(連結)"")","=HYPERLINK(""pdf_tmp/20260512/2702_1530_マクドナルド_2026年12月期 第1四半期決算短信〔日本基準〕(連結).pdf"", ""2026年12月期 第1四半期決算短信〔日本基準〕(連結)"")",,,4,,,,,,,,,,,,,,,,,,,,,https://www.release.tdnet.info/inbs/140120260511521867.pdf
20260512,2937,G-サンクゼール,決算短信,"=HYPERLINK(""https://www.release.tdnet.info/inbs/140120260512524132.pdf"", ""2026年3月期 決算短信〔日本基準〕(連結)"")","=HYPERLINK(""pdf_tmp/20260512/2937_1600_G-サンクゼール_2026年3月期 決算短信〔日本基準〕(連結).pdf"", ""2026年3月期 決算短信〔日本基準〕(連結)"")",,,,4 7,,,,,,,,,,,,,,,,,,,,https://www.release.tdnet.info/inbs/140120260512524132.pdf
20260512,3101,東洋紡,決算短信,"=HYPERLINK(""https://www.release.tdnet.info/inbs/140120260511522646.pdf"", ""2026年3月期 決算短信〔日本基準〕(連結)"")","=HYPERLINK(""pdf_tmp/20260512/3101_1300_東洋紡_2026年3月期 決算短信〔日本基準〕(連結).pdf"", ""2026年3月期 決算短信〔日本基準〕(連結)"")",,,,,,,,,,,,,,,,,,,4,,,,,https://www.release.tdnet.info/inbs/140120260511522646.pdf
20260512,3110,日東紡,決算短信,"=HYPERLINK(""https://www.release.tdnet.info/inbs/140120260512525575.pdf"", ""2026年3月期 決算短信〔日本基準〕(連結)"")","=HYPERLINK(""pdf_tmp/20260512/3110_1530_日東紡_2026年3月期 決算短信〔日本基準〕(連結).pdf"", ""2026年3月期 決算短信〔日本基準〕(連結)"")",,,,,4,,,,,,,,,,,,,,,,,,,https://www.release.tdnet.info/inbs/140120260512525575.pdf
20260512,3154,メディアスHD,決算短信,"=HYPERLINK(""https://www.release.tdnet.info/inbs/140120260508519621.pdf"", ""2026年6月期 第3四半期決算短信〔日本基準〕(連結)"")","=HYPERLINK(""pdf_tmp/20260512/3154_1530_メディアスHD_2026年6月期 第3四半期決算短信〔日本基準〕(連結).pdf"", ""2026年6月期 第3四半期決算短信〔日本基準〕(連結)"")",,,,,4,,,,,,,,,,,,,,,,,,,https://www.release.tdnet.info/inbs/140120260508519621.pdf
20260512,3176,三洋貿易,決算短信,"=HYPERLINK(""https://www.release.tdnet.info/inbs/140120260507517527.pdf"", ""2026年9月期第2四半期(中間期)決算短信〔日本基準〕(連結)"")","=HYPERLINK(""pdf_tmp/20260512/3176_1400_三洋貿易_2026年9月期第2四半期(中間期)決算短信〔日本基準〕(連結).pdf"", ""2026年9月期第2四半期(中間期)決算短信〔日本基準〕(連結)"")",,,,,,,,,,,,,,,,4,,,,,,,,https://www.release.tdnet.info/inbs/140120260507517527.pdf
20260512,3176,三洋貿易,予想の修正,"=HYPERLINK(""https://www.release.tdnet.info/inbs/140120260508519004.pdf"", ""通期業績予想の修正に関するお知らせ"")","=HYPERLINK(""pdf_tmp/20260512/3176_1400_三洋貿易_通期業績予想の修正に関するお知らせ.pdf"", ""通期業績予想の修正に関するお知らせ"")",,,,,,,1,,,,,,,,,,,,,,,,,https://www.release.tdnet.info/inbs/140120260508519004.pdf
20260512,3179,シュッピン,決算短信,"=HYPERLINK(""https://www.release.tdnet.info/inbs/140120260512526224.pdf"", ""2026年3月期決算短信〔日本基準〕(非連結)"")","=HYPERLINK(""pdf_tmp/20260512/3179_1600_シュッピン_2026年3月期決算短信〔日本基準〕(非連結).pdf"", ""2026年3月期決算短信〔日本基準〕(非連結)"")",,,,,,,,,,,5,,,,,,,,,,,,,https://www.release.tdnet.info/inbs/140120260512526224.pdf
20260512,3179,シュッピン,その他,"=HYPERLINK(""https://www.release.tdnet.info/inbs/140120260512526717.pdf"", ""2026年3月期 中期経営計画"")","=HYPERLINK(""pdf_tmp/20260512/3179_1800_シュッピン_2026年3月期 中期経営計画.pdf"", ""2026年3月期 中期経営計画"")",,,,,,,,22,,,,,,,,,,,,,,,,https://www.release.tdnet.info/inbs/140120260512526717.pdf
20260512,3179,シュッピン,その他,"=HYPERLINK(""https://www.release.tdnet.info/inbs/140120260512526672.pdf"", ""中期経営計画の策定に関するお知らせ"")","=HYPERLINK(""pdf_tmp/20260512/3179_1800_シュッピン_中期経営計画の策定に関するお知らせ.pdf"", ""中期経営計画の策定に関するお知らせ"")",,,,,,,,,,,,,,,,,,,,,,1,,https://www.release.tdnet.info/inbs/140120260512526672.pdf
20260512,3181,買取王国,月次,"=HYPERLINK(""https://www.release.tdnet.info/inbs/140120260512524449.pdf"", ""2026年4月 月次売上概況"")","=HYPERLINK(""pdf_tmp/20260512/3181_1430_買取王国_2026年4月 月次売上概況.pdf"", ""2026年4月 月次売上概況"")",,,,,,,,,,,1,,,,,,,,,,,,,https://www.release.tdnet.info/inbs/140120260512524449.pdf
20260512,3224,G-Gオイスター,予想の修正,"=HYPERLINK(""https://www.release.tdnet.info/inbs/140120260512525448.pdf"", ""特別損失の計上、繰延税金資産の一部取崩し及び連結業績予想の修正に関するお知らせ"")","=HYPERLINK(""pdf_tmp/20260512/3224_1530_G-Gオイスター_特別損失の計上、繰延税金資産の一部取崩し及び連結業績予想の修正に関するお知らせ.pdf"", ""特別損失の計上、繰延税金資産の一部取崩し及び連結業績予想の修正に関するお知らせ"")",,,,,,,,,,2,,,,,,,,,,,,,,https://www.release.tdnet.info/inbs/140120260512525448.pdf
20260512,3245,ディア・ライフ,説明資料,"=HYPERLINK(""https://www.release.tdnet.info/inbs/140120260512525867.pdf"", ""2026年9月期 第2四半期 決算説明資料"")","=HYPERLINK(""pdf_tmp/20260512/3245_1500_ディア・ライフ_2026年9月期 第2四半期 決算説明資料.pdf"", ""2026年9月期 第2四半期 決算説明資料"")",,,,,,,,,,,16,,,,,,,,,,,,,https://www.release.tdnet.info/inbs/140120260512525867.pdf
20260512,3360,シップHD,その他,"=HYPERLINK(""https://www.release.tdnet.info/inbs/140120260512526061.pdf"", ""2026年3月期決算補足資料"")","=HYPERLINK(""pdf_tmp/20260512/3360_1530_シップHD_2026年3月期決算補足資料.pdf"", ""2026年3月期決算補足資料"")",,,4,,,,,,,,,,,,,,,,,,,,,https://www.release.tdnet.info/inbs/140120260512526061.pdf
20260512,3436,SUMCO,決算短信,"=HYPERLINK(""https://www.release.tdnet.info/inbs/140120260511523138.pdf"", ""2026年12月期 第1四半期決算短信〔日本基準〕(連結)"")","=HYPERLINK(""pdf_tmp/20260512/3436_1530_SUMCO_2026年12月期 第1四半期決算短信〔日本基準〕(連結).pdf"", ""2026年12月期 第1四半期決算短信〔日本基準〕(連結)"")",,,,,,,,,,,4,,,,,,,,,,,,,https://www.release.tdnet.info/inbs/140120260511523138.pdf
20260512,3443,川田TECH,決算短信,"=HYPERLINK(""https://www.release.tdnet.info/inbs/140120260512525345.pdf"", ""2026年3月期  決算短信〔日本基準〕(連結)"")","=HYPERLINK(""pdf_tmp/20260512/3443_1600_川田TECH_2026年3月期 決算短信〔日本基準〕(連結).pdf"", ""2026年3月期  決算短信〔日本基準〕(連結)"")",,,,4 6,,,,,,,,,,,,,,,,,,,,https://www.release.tdnet.info/inbs/140120260512525345.pdf
20260512,3461,パルマ,説明資料,"=HYPERLINK(""https://www.release.tdnet.info/inbs/140120260512524361.pdf"", ""2026年9月期 第2四半期決算説明資料"")","=HYPERLINK(""pdf_tmp/20260512/3461_1500_パルマ_2026年9月期 第2四半期決算説明資料.pdf"", ""2026年9月期 第2四半期決算説明資料"")",,,,,,,,,,,,,,,,,25,,,,,,,https://www.release.tdnet.info/inbs/140120260512524361.pdf
20260512,3571,ソトー,決算短信,"=HYPERLINK(""https://www.release.tdnet.info/inbs/140120260511523167.pdf"", ""2026年3月期決算短信〔日本基準〕(連結)"")","=HYPERLINK(""pdf_tmp/20260512/3571_1600_ソトー_2026年3月期決算短信〔日本基準〕(連結).pdf"", ""2026年3月期決算短信〔日本基準〕(連結)"")",,,,,,,,,,,5,,,,,,,,,,,,,https://www.release.tdnet.info/inbs/140120260511523167.pdf
20260512,3583,オーベクス,説明資料,"=HYPERLINK(""https://www.release.tdnet.info/inbs/140120260511523448.pdf"", ""2026年3月期 決算補足説明資料"")","=HYPERLINK(""pdf_tmp/20260512/3583_1600_オーベクス_2026年3月期 決算補足説明資料.pdf"", ""2026年3月期 決算補足説明資料"")",,16,,,,,,,,,,,,,,,,,,,,,,https://www.release.tdnet.info/inbs/140120260511523448.pdf
20260512,3628,G-データHR,決算短信,"=HYPERLINK(""https://www.release.tdnet.info/inbs/140120260512525959.pdf"", ""2026年3月期 決算短信〔日本基準〕(連結)"")","=HYPERLINK(""pdf_tmp/20260512/3628_1530_G-データHR_2026年3月期 決算短信〔日本基準〕(連結).pdf"", ""2026年3月期 決算短信〔日本基準〕(連結)"")",,,,,,,,,,,6,,,,,,,,,,,,,https://www.release.tdnet.info/inbs/140120260512525959.pdf
20260512,3634,ソケッツ,決算短信,"=HYPERLINK(""https://www.release.tdnet.info/inbs/140120260430514858.pdf"", ""2026年3月期 決算短信[日本基準](非連結)"")","=HYPERLINK(""pdf_tmp/20260512/3634_1600_ソケッツ_2026年3月期 決算短信[日本基準](非連結).pdf"", ""2026年3月期 決算短信[日本基準](非連結)"")",,,,,,,,,,,4,,,,,,,,,,,,,https://www.release.tdnet.info/inbs/140120260430514858.pdf
20260512,3695,G-GMO-PP,説明資料,"=HYPERLINK(""https://www.release.tdnet.info/inbs/140120260511522161.pdf"", ""2026年12月期第1四半期決算説明資料"")","=HYPERLINK(""pdf_tmp/20260512/3695_1531_G-GMO-PP_2026年12月期第1四半期決算説明資料.pdf"", ""2026年12月期第1四半期決算説明資料"")",,,,,,,,,,,,,,,,,,,,,,15,,https://www.release.tdnet.info/inbs/140120260511522161.pdf
20260512,3741,セック,決算短信,"=HYPERLINK(""https://www.release.tdnet.info/inbs/140120260511522590.pdf"", ""2026年3月期 決算短信〔日本基準〕(非連結)"")","=HYPERLINK(""pdf_tmp/20260512/3741_1545_セック_2026年3月期 決算短信〔日本基準〕(非連結).pdf"", ""2026年3月期 決算短信〔日本基準〕(非連結)"")",,,,,,,,,,,4 7,,,,,,,,,,,,,https://www.release.tdnet.info/inbs/140120260511522590.pdf
20260512,3741,セック,説明資料,"=HYPERLINK(""https://www.release.tdnet.info/inbs/140120260511522744.pdf"", ""2026年3月期 決算補足説明資料"")","=HYPERLINK(""pdf_tmp/20260512/3741_1545_セック_2026年3月期 決算補足説明資料.pdf"", ""2026年3月期 決算補足説明資料"")",,,,,,,,,,,3 5 9 10 12,,,,,,,,,,,,,https://www.release.tdnet.info/inbs/140120260511522744.pdf
20260512,3837,アドソル日進,決算短信,"=HYPERLINK(""https://www.release.tdnet.info/inbs/140120260511523745.pdf"", ""2026年3月期 決算短信〔日本基準〕(連結)"")","=HYPERLINK(""pdf_tmp/20260512/3837_1530_アドソル日進_2026年3月期 決算短信〔日本基準〕(連結).pdf"", ""2026年3月期 決算短信〔日本基準〕(連結)"")",,,,,,,,,,,4,,,,,,,,,,,,,https://www.release.tdnet.info/inbs/140120260511523745.pdf
20260512,3936,G-グローバルウェイ,予想の修正,"=HYPERLINK(""https://www.release.tdnet.info/inbs/140120260508520660.pdf"", ""通期連結業績予想の修正に関するお知らせ"")","=HYPERLINK(""pdf_tmp/20260512/3936_1600_G-グローバルウェイ_通期連結業績予想の修正に関するお知らせ.pdf"", ""通期連結業績予想の修正に関するお知らせ"")",,,,,,,,,,,,1,,,,,,,,,,,,https://www.release.tdnet.info/inbs/140120260508520660.pdf
20260512,3958,笹徳印刷,決算短信,"=HYPERLINK(""https://www.release.tdnet.info/inbs/140120260508520695.pdf"", ""2026年6月期 第3四半期決算短信[日本基準](連結)"")","=HYPERLINK(""pdf_tmp/20260512/3958_1600_笹徳印刷_2026年6月期 第3四半期決算短信[日本基準](連結).pdf"", ""2026年6月期 第3四半期決算短信[日本基準](連結)"")",,,,,4,,,,,,,,,,,,,,,,,,,https://www.release.tdnet.info/inbs/140120260508520695.pdf
20260512,3964,オークネット,予想の修正,"=HYPERLINK(""https://www.release.tdnet.info/inbs/140120260511523666.pdf"", ""2026年12月期連結業績予想及び配当予想の修正に関するお知らせ"")","=HYPERLINK(""pdf_tmp/20260512/3964_1530_オークネット_2026年12月期連結業績予想及び配当予想の修正に関するお知らせ.pdf"", ""2026年12月期連結業績予想及び配当予想の修正に関するお知らせ"")",,,,,,,,,,,,,,,,,,,2,,,,,https://www.release.tdnet.info/inbs/140120260511523666.pdf
20260512,4008,住友精化,決算短信,"=HYPERLINK(""https://www.release.tdnet.info/inbs/140120260511523647.pdf"", ""2026年3月期 決算短信〔日本基準〕(連結)"")","=HYPERLINK(""pdf_tmp/20260512/4008_1500_住友精化_2026年3月期 決算短信〔日本基準〕(連結).pdf"", ""2026年3月期 決算短信〔日本基準〕(連結)"")",,,,,,,,,,,4,,,,,,,,,,,,,https://www.release.tdnet.info/inbs/140120260511523647.pdf
20260512,4008,住友精化,その他,"=HYPERLINK(""https://www.release.tdnet.info/inbs/140120260511523838.pdf"", ""個別業績の前期実績値との差異に関するお知らせ"")","=HYPERLINK(""pdf_tmp/20260512/4008_1500_住友精化_個別業績の前期実績値との差異に関するお知らせ.pdf"", ""個別業績の前期実績値との差異に関するお知らせ"")",,,,,,,,,,,1,,,,,,,,,,,,,https://www.release.tdnet.info/inbs/140120260511523838.pdf
20260512,4028,石原産,決算短信,"=HYPERLINK(""https://www.release.tdnet.info/inbs/140120260512524441.pdf"", ""2026年3月期決算短信〔日本基準〕(連結)"")","=HYPERLINK(""pdf_tmp/20260512/4028_1300_石原産_2026年3月期決算短信〔日本基準〕(連結).pdf"", ""2026年3月期決算短信〔日本基準〕(連結)"")",,,,,,,,,,,6,,,,,,,,,,,,,https://www.release.tdnet.info/inbs/140120260512524441.pdf
20260512,4046,大阪ソーダ,その他,"=HYPERLINK(""https://www.release.tdnet.info/inbs/140120260512524254.pdf"", ""新中期経営計画(2026年度~2030年度)に関するお知らせ"")","=HYPERLINK(""pdf_tmp/20260512/4046_1600_大阪ソーダ_新中期経営計画(2026年度~2030年度)に関するお知らせ.pdf"", ""新中期経営計画(2026年度~2030年度)に関するお知らせ"")",,,,,,,,,,,4,,,,,,,,,,,,,https://www.release.tdnet.info/inbs/140120260512524254.pdf
20260512,4259,G-エクサウィザーズ,その他,"=HYPERLINK(""https://www.release.tdnet.info/inbs/140120260512525113.pdf"", ""繰延税金資産および特別損失(減損損失)の計上ならびに個別業績および連結業績の今期実績値と前期実績値との差異に関するお知らせ"")","=HYPERLINK(""pdf_tmp/20260512/4259_1530_G-エクサウィザーズ_繰延税金資産および特別損失(減損損失)の計上ならびに個別業績および連結業績の今期実績値と前期実績値との差異に関するお知らせ.pdf"", ""繰延税金資産および特別損失(減損損失)の計上ならびに個別業績および連結業績の今期実績値と前期実績値との差異に関するお知らせ"")",,,,,,,,,,,2 3,,,,,,,,,,,,,https://www.release.tdnet.info/inbs/140120260512525113.pdf
20260512,4347,ブロードメディア,決算短信,"=HYPERLINK(""https://www.release.tdnet.info/inbs/140120260409501055.pdf"", ""2026年3月期決算短信〔日本基準〕(連結)"")","=HYPERLINK(""pdf_tmp/20260512/4347_1530_ブロードメディア_2026年3月期決算短信〔日本基準〕(連結).pdf"", ""2026年3月期決算短信〔日本基準〕(連結)"")",,,,,,,,,,,4 5,,,,,,,,,,,,,https://www.release.tdnet.info/inbs/140120260409501055.pdf
20260512,4347,ブロードメディア,その他,"=HYPERLINK(""https://www.release.tdnet.info/inbs/140120260508520934.pdf"", ""個別業績の前期実績値との差異に関するお知らせ"")","=HYPERLINK(""pdf_tmp/20260512/4347_1530_ブロードメディア_個別業績の前期実績値との差異に関するお知らせ.pdf"", ""個別業績の前期実績値との差異に関するお知らせ"")",,,,,,,,,,,1,,,,,,,,,,,,,https://www.release.tdnet.info/inbs/140120260508520934.pdf
20260512,4477,G-BASE,その他,"=HYPERLINK(""https://www.release.tdnet.info/inbs/140120260512525540.pdf"", ""2026年12月期第1四半期決算説明会資料"")","=HYPERLINK(""pdf_tmp/20260512/4477_1530_G-BASE_2026年12月期第1四半期決算説明会資料.pdf"", ""2026年12月期第1四半期決算説明会資料"")",,,,,,,,,,,35 36,,,,,,,,,,,,,https://www.release.tdnet.info/inbs/140120260512525540.pdf
20260512,4538,扶桑薬,決算短信,"=HYPERLINK(""https://www.release.tdnet.info/inbs/140120260512525253.pdf"", ""2026年3月期決算短信〔日本基準〕(非連結)"")","=HYPERLINK(""pdf_tmp/20260512/4538_1530_扶桑薬_2026年3月期決算短信〔日本基準〕(非連結).pdf"", ""2026年3月期決算短信〔日本基準〕(非連結)"")",,,,,,4,,,,,,,,,,,,,,,,,,https://www.release.tdnet.info/inbs/140120260512525253.pdf
20260512,4547,キッセイ薬,その他,"=HYPERLINK(""https://www.release.tdnet.info/inbs/140120260511523498.pdf"", ""2026年3月期 決算説明会資料"")","=HYPERLINK(""pdf_tmp/20260512/4547_1600_キッセイ薬_2026年3月期 決算説明会資料.pdf"", ""2026年3月期 決算説明会資料"")",,,,,,,,,,,,,,,,,,,21 23,,,,,https://www.release.tdnet.info/inbs/140120260511523498.pdf
20260512,4549,栄研化,決算短信,"=HYPERLINK(""https://www.release.tdnet.info/inbs/140120260512524607.pdf"", ""2026年3月期決算短信〔日本基準〕(連結)"")","=HYPERLINK(""pdf_tmp/20260512/4549_1300_栄研化_2026年3月期決算短信〔日本基準〕(連結).pdf"", ""2026年3月期決算短信〔日本基準〕(連結)"")",,,,,,,,,,,4,,,,,,,,,,,,,https://www.release.tdnet.info/inbs/140120260512524607.pdf
20260512,4549,栄研化,その他,"=HYPERLINK(""https://www.release.tdnet.info/inbs/140120260512524960.pdf"", ""株主提案に対する当社取締役会の意見に関するお知らせ"")","=HYPERLINK(""pdf_tmp/20260512/4549_1300_栄研化_株主提案に対する当社取締役会の意見に関するお知らせ.pdf"", ""株主提案に対する当社取締役会の意見に関するお知らせ"")",,,,,,,,6,,,,,,,,,,,,,,,,https://www.release.tdnet.info/inbs/140120260512524960.pdf
20260512,4615,神東塗料,決算短信,"=HYPERLINK(""https://www.release.tdnet.info/inbs/140120260511521888.pdf"", ""2026年3月期 決算短信〔日本基準〕(連結)"")","=HYPERLINK(""pdf_tmp/20260512/4615_1530_神東塗料_2026年3月期 決算短信〔日本基準〕(連結).pdf"", ""2026年3月期 決算短信〔日本基準〕(連結)"")",,,4,,,,,,,,,,,,,,,,,,,,,https://www.release.tdnet.info/inbs/140120260511521888.pdf
20260512,4676,フジHD,決算短信,"=HYPERLINK(""https://www.release.tdnet.info/inbs/140120260512524910.pdf"", ""2026年3月期決算短信〔日本基準〕(連結)"")","=HYPERLINK(""pdf_tmp/20260512/4676_1530_フジHD_2026年3月期決算短信〔日本基準〕(連結).pdf"", ""2026年3月期決算短信〔日本基準〕(連結)"")",,,,,,,,,,,4 7,,,,,,,,,,,,,https://www.release.tdnet.info/inbs/140120260512524910.pdf
20260512,4676,フジHD,その他,"=HYPERLINK(""https://www.release.tdnet.info/inbs/140120260512526071.pdf"", ""「グループビジョン」策定に関するお知らせ"")","=HYPERLINK(""pdf_tmp/20260512/4676_1530_フジHD_「グループビジョン」策定に関するお知らせ.pdf"", ""「グループビジョン」策定に関するお知らせ"")",,,,,,,,,,,1 2,,,,,,,,,,,,,https://www.release.tdnet.info/inbs/140120260512526071.pdf
20260512,4676,フジHD,その他,"=HYPERLINK(""https://www.release.tdnet.info/inbs/140120260512526078.pdf"", ""グループビジョン2026-2030ver.1.0"")","=HYPERLINK(""pdf_tmp/20260512/4676_1530_フジHD_グループビジョン2026-2030ver.1.0.pdf"", ""グループビジョン2026-2030ver.1.0"")",,,,,,,,,,,,,,,,,,,,,,7,,https://www.release.tdnet.info/inbs/140120260512526078.pdf
20260512,4687,TDCソフト,決算短信,"=HYPERLINK(""https://www.release.tdnet.info/inbs/140120260512524060.pdf"", ""2026年3月期決算短信〔日本基準〕(連結)"")","=HYPERLINK(""pdf_tmp/20260512/4687_1300_TDCソフト_2026年3月期決算短信〔日本基準〕(連結).pdf"", ""2026年3月期決算短信〔日本基準〕(連結)"")",,,,,,,,,,,,5,,,,,,,,,,,,https://www.release.tdnet.info/inbs/140120260512524060.pdf
20260512,4718,早稲アカ,決算短信,"=HYPERLINK(""https://www.release.tdnet.info/inbs/140120260512524438.pdf"", ""2026年3月期 決算短信〔日本基準〕(連結)"")","=HYPERLINK(""pdf_tmp/20260512/4718_1530_早稲アカ_2026年3月期 決算短信〔日本基準〕(連結).pdf"", ""2026年3月期 決算短信〔日本基準〕(連結)"")",,,,,,,,,,,,,,,,,,,6,,,,,https://www.release.tdnet.info/inbs/140120260512524438.pdf
20260512,4912,ライオン,決算短信,"=HYPERLINK(""https://www.release.tdnet.info/inbs/140120260511522772.pdf"", ""2026年12月期 第1四半期決算短信〔IFRS〕(連結)"")","=HYPERLINK(""pdf_tmp/20260512/4912_1530_ライオン_2026年12月期 第1四半期決算短信〔IFRS〕(連結).pdf"", ""2026年12月期 第1四半期決算短信〔IFRS〕(連結)"")",,,,,,,,,,,6 7 8,,,,,,,,,,,,,https://www.release.tdnet.info/inbs/140120260511522772.pdf
20260512,5011,ニチレキG,決算短信,"=HYPERLINK(""https://www.release.tdnet.info/inbs/140120260511522614.pdf"", ""2026年3月期 決算短信〔日本基準〕(連結)"")","=HYPERLINK(""pdf_tmp/20260512/5011_1500_ニチレキG_2026年3月期 決算短信〔日本基準〕(連結).pdf"", ""2026年3月期 決算短信〔日本基準〕(連結)"")",,,,,,,,,,,,,,,,,,,4,,,,,https://www.release.tdnet.info/inbs/140120260511522614.pdf
20260512,5011,ニチレキG,その他,"=HYPERLINK(""https://www.release.tdnet.info/inbs/140120260511522697.pdf"", ""中期経営計画策定に関するお知らせ"")","=HYPERLINK(""pdf_tmp/20260512/5011_1500_ニチレキG_中期経営計画策定に関するお知らせ.pdf"", ""中期経営計画策定に関するお知らせ"")",,,,,,,,,,,4,,,,,,,,,,,,,https://www.release.tdnet.info/inbs/140120260511522697.pdf
20260512,5019,出光興産,その他,"=HYPERLINK(""https://www.release.tdnet.info/inbs/140120260512525138.pdf"", ""中期経営計画(2026-2030年度)"")","=HYPERLINK(""pdf_tmp/20260512/5019_1530_出光興産_中期経営計画(2026-2030年度).pdf"", ""中期経営計画(2026-2030年度)"")",,,,,,,,,,,,,,,,,,,6 19,,,,,https://www.release.tdnet.info/inbs/140120260512525138.pdf
20260512,5019,出光興産,その他,"=HYPERLINK(""https://www.release.tdnet.info/inbs/140120260512524900.pdf"", ""業績予想値と決算値との差異に関するお知らせ"")","=HYPERLINK(""pdf_tmp/20260512/5019_1530_出光興産_業績予想値と決算値との差異に関するお知らせ.pdf"", ""業績予想値と決算値との差異に関するお知らせ"")",,,,,,,,,,,,,,,,,,,1,,,,,https://www.release.tdnet.info/inbs/140120260512524900.pdf
20260512,5021,コスモエネルギーHD,その他,"=HYPERLINK(""https://www.release.tdnet.info/inbs/140120260512525392.pdf"", ""株式報酬制度の継続に関するお知らせ"")","=HYPERLINK(""pdf_tmp/20260512/5021_1530_コスモエネルギーHD_株式報酬制度の継続に関するお知らせ.pdf"", ""株式報酬制度の継続に関するお知らせ"")",,,,,,,,,,2 5,,,,,,,,,,,,,,https://www.release.tdnet.info/inbs/140120260512525392.pdf
20260512,5142,アキレス,その他,"=HYPERLINK(""https://www.release.tdnet.info/inbs/140120260511522822.pdf"", ""通期業績予想と実績値の差異及び剰余金の配当(増配)に関するお知らせ"")","=HYPERLINK(""pdf_tmp/20260512/5142_1400_アキレス_通期業績予想と実績値の差異及び剰余金の配当(増配)に関するお知らせ.pdf"", ""通期業績予想と実績値の差異及び剰余金の配当(増配)に関するお知らせ"")",,,1,,,,,,,,,,,,,,,,,,,,,https://www.release.tdnet.info/inbs/140120260511522822.pdf
20260512,5189,桜ゴム,その他,"=HYPERLINK(""https://www.release.tdnet.info/inbs/140120260512524199.pdf"", ""特別損失の計上(減損損失)に関するお知らせ"")","=HYPERLINK(""pdf_tmp/20260512/5189_1400_桜ゴム_特別損失の計上(減損損失)に関するお知らせ.pdf"", ""特別損失の計上(減損損失)に関するお知らせ"")",,,,,,,,,,,1,,,,,,,,,,,,,https://www.release.tdnet.info/inbs/140120260512524199.pdf
20260512,5233,太平洋セメ,決算短信,"=HYPERLINK(""https://www.release.tdnet.info/inbs/140120260512525266.pdf"", ""2026年3月期決算短信〔日本基準〕(連結)"")","=HYPERLINK(""pdf_tmp/20260512/5233_1630_太平洋セメ_2026年3月期決算短信〔日本基準〕(連結).pdf"", ""2026年3月期決算短信〔日本基準〕(連結)"")",,,6,,,,,,,,,,,,,,,,,,,,,https://www.release.tdnet.info/inbs/140120260512525266.pdf
20260512,5310,東洋炭素,その他,"=HYPERLINK(""https://www.release.tdnet.info/inbs/140120260512523988.pdf"", ""2026年12月期第1四半期 決算概要"")","=HYPERLINK(""pdf_tmp/20260512/5310_0830_東洋炭素_2026年12月期第1四半期 決算概要.pdf"", ""2026年12月期第1四半期 決算概要"")",,,,,,,,,,,6,,,,,,,,,,,,,https://www.release.tdnet.info/inbs/140120260512523988.pdf
20260512,5331,ノリタケ,決算短信,"=HYPERLINK(""https://www.release.tdnet.info/inbs/140120260511521437.pdf"", ""2026年3月期 決算短信〔日本基準〕(連結)"")","=HYPERLINK(""pdf_tmp/20260512/5331_1400_ノリタケ_2026年3月期 決算短信〔日本基準〕(連結).pdf"", ""2026年3月期 決算短信〔日本基準〕(連結)"")",,7 9 24,,,,,,,,,,,,,,,,,,,,,,https://www.release.tdnet.info/inbs/140120260511521437.pdf
20260512,5343,ニッコー,その他,"=HYPERLINK(""https://www.release.tdnet.info/inbs/140120260511522281.pdf"", ""繰延税金資産の計上および連結業績の前期実績値との差異に関するお知らせ"")","=HYPERLINK(""pdf_tmp/20260512/5343_1600_ニッコー_繰延税金資産の計上および連結業績の前期実績値との差異に関するお知らせ.pdf"", ""繰延税金資産の計上および連結業績の前期実績値との差異に関するお知らせ"")",,2,,,,,,,,,,,,,,,,,,,,,,https://www.release.tdnet.info/inbs/140120260511522281.pdf
20260512,5449,大阪製鉄,その他,"=HYPERLINK(""https://www.release.tdnet.info/inbs/140120260512524993.pdf"", ""株主提案権行使に係る書面の受領及び当社取締役会意見に関するお知らせ"")","=HYPERLINK(""pdf_tmp/20260512/5449_1530_大阪製鉄_株主提案権行使に係る書面の受領及び当社取締役会意見に関するお知らせ.pdf"", ""株主提案権行使に係る書面の受領及び当社取締役会意見に関するお知らせ"")",,,,,,,,,,,2,,,,,,,,,,,,,https://www.release.tdnet.info/inbs/140120260512524993.pdf
20260512,547A,ムニノバHD,その他,"=HYPERLINK(""https://www.release.tdnet.info/inbs/140120260511523064.pdf"", ""あんしん保証株式会社株券(証券コード7183)に対する公開買付けの開始に関するお知らせ"")","=HYPERLINK(""pdf_tmp/20260512/547A_2030_ムニノバHD_あんしん保証株式会社株券(証券コード7183)に対する公開買付けの開始に関するお知らせ.pdf"", ""あんしん保証株式会社株券(証券コード7183)に対する公開買付けの開始に関するお知らせ"")",,,,,,,,,,,20,,,,,,,,,,,,,https://www.release.tdnet.info/inbs/140120260511523064.pdf
20260512,5541,大平洋金,決算短信,"=HYPERLINK(""https://www.release.tdnet.info/inbs/140120260508520477.pdf"", ""2026年3月期決算短信〔日本基準〕(連結)"")","=HYPERLINK(""pdf_tmp/20260512/5541_1500_大平洋金_2026年3月期決算短信〔日本基準〕(連結).pdf"", ""2026年3月期決算短信〔日本基準〕(連結)"")",,,,,,,,,,,8,,,,,,,,,,,,,https://www.release.tdnet.info/inbs/140120260508520477.pdf
20260512,5563,新日本電工,説明資料,"=HYPERLINK(""https://www.release.tdnet.info/inbs/140120260511523341.pdf"", ""2026年12月期 第1四半期決算説明資料"")","=HYPERLINK(""pdf_tmp/20260512/5563_1300_新日本電工_2026年12月期 第1四半期決算説明資料.pdf"", ""2026年12月期 第1四半期決算説明資料"")",,,,,,,,,,,,,,,,,,,10,,,,,https://www.release.tdnet.info/inbs/140120260511523341.pdf
20260512,5576,オービーシステム,説明資料,"=HYPERLINK(""https://www.release.tdnet.info/inbs/140120260511523479.pdf"", ""(訂正)「2026年3月期 通期 決算補足説明資料」の一部訂正について"")","=HYPERLINK(""pdf_tmp/20260512/5576_1000_オービーシステム_(訂正)「2026年3月期 通期 決算補足説明資料」の一部訂正について.pdf"", ""(訂正)「2026年3月期 通期 決算補足説明資料」の一部訂正について"")",,,,,,,,,,,5,,,,,,,,,,,,,https://www.release.tdnet.info/inbs/140120260511523479.pdf
20260512,5697,サンユウ,その他,"=HYPERLINK(""https://www.release.tdnet.info/inbs/140120260508519731.pdf"", ""支配株主等に関する事項について"")","=HYPERLINK(""pdf_tmp/20260512/5697_1600_サンユウ_支配株主等に関する事項について.pdf"", ""支配株主等に関する事項について"")",1,,,,,,,,,,,,,,,,,,,,,,,https://www.release.tdnet.info/inbs/140120260508519731.pdf
20260512,5802,住友電工,決算短信,"=HYPERLINK(""https://www.release.tdnet.info/inbs/140120260511522404.pdf"", ""2026年3月期  決算短信〔日本基準〕(連結)"")","=HYPERLINK(""pdf_tmp/20260512/5802_1500_住友電工_2026年3月期 決算短信〔日本基準〕(連結).pdf"", ""2026年3月期  決算短信〔日本基準〕(連結)"")",,,,,,,,,,,,,,,,,4,,,,,,,https://www.release.tdnet.info/inbs/140120260511522404.pdf
20260512,5820,三ッ星,その他,"=HYPERLINK(""https://www.release.tdnet.info/inbs/140120260508520079.pdf"", ""2026年3月期通期連結業績予想と実績値との差異に関するお知らせ"")","=HYPERLINK(""pdf_tmp/20260512/5820_1600_三ッ星_2026年3月期通期連結業績予想と実績値との差異に関するお知らせ.pdf"", ""2026年3月期通期連結業績予想と実績値との差異に関するお知らせ"")",,,,1,,,,,,,,,,,,,,,,,,,,https://www.release.tdnet.info/inbs/140120260508520079.pdf
20260512,5838,楽天銀行,決算短信,"=HYPERLINK(""https://www.release.tdnet.info/inbs/140120260511523864.pdf"", ""2026年3月期 決算短信〔日本基準〕(連結)"")","=HYPERLINK(""pdf_tmp/20260512/5838_1535_楽天銀行_2026年3月期 決算短信〔日本基準〕(連結).pdf"", ""2026年3月期 決算短信〔日本基準〕(連結)"")",,,,,,,,,,,4,,,,,,,,,,,,,https://www.release.tdnet.info/inbs/140120260511523864.pdf
20260512,5851,リョービ,決算短信,"=HYPERLINK(""https://www.release.tdnet.info/inbs/140120260511522629.pdf"", ""2026年12月期 第1四半期決算短信〔日本基準〕(連結)"")","=HYPERLINK(""pdf_tmp/20260512/5851_1530_リョービ_2026年12月期 第1四半期決算短信〔日本基準〕(連結).pdf"", ""2026年12月期 第1四半期決算短信〔日本基準〕(連結)"")",,,,4,,,,,,,,,,,,,,,,,,,,https://www.release.tdnet.info/inbs/140120260511522629.pdf
20260512,5909,コロナ,決算短信,"=HYPERLINK(""https://www.release.tdnet.info/inbs/140120260512524436.pdf"", ""2026年3月期 決算短信〔日本基準〕(連結)"")","=HYPERLINK(""pdf_tmp/20260512/5909_1530_コロナ_2026年3月期 決算短信〔日本基準〕(連結).pdf"", ""2026年3月期 決算短信〔日本基準〕(連結)"")",,,,4,,,,,,,,,,,,,,,,,,,,https://www.release.tdnet.info/inbs/140120260512524436.pdf
20260512,5909,コロナ,その他,"=HYPERLINK(""https://www.release.tdnet.info/inbs/140120260512525400.pdf"", ""第10次中期経営計画 経営目標の修正に関するお知らせ"")","=HYPERLINK(""pdf_tmp/20260512/5909_1530_コロナ_第10次中期経営計画 経営目標の修正に関するお知らせ.pdf"", ""第10次中期経営計画 経営目標の修正に関するお知らせ"")",,,,,,,,,,,,,1,,,,,,,,,,,https://www.release.tdnet.info/inbs/140120260512525400.pdf
20260512,5947,リンナイ,決算短信,"=HYPERLINK(""https://www.release.tdnet.info/inbs/140120260508520936.pdf"", ""2026年3月期 決算短信〔日本基準〕(連結)"")","=HYPERLINK(""pdf_tmp/20260512/5947_1040_リンナイ_2026年3月期 決算短信〔日本基準〕(連結).pdf"", ""2026年3月期 決算短信〔日本基準〕(連結)"")",,,,4,,,,,,,,,,,,,,,,,,,,https://www.release.tdnet.info/inbs/140120260508520936.pdf
20260512,5949,ユニプレス,決算短信,"=HYPERLINK(""https://www.release.tdnet.info/inbs/140120260511523189.pdf"", ""2026年3月期 決算短信〔日本基準〕(連結)"")","=HYPERLINK(""pdf_tmp/20260512/5949_1800_ユニプレス_2026年3月期 決算短信〔日本基準〕(連結).pdf"", ""2026年3月期 決算短信〔日本基準〕(連結)"")",,4,,,,,,,,,,,,,,,,,,,,,,https://www.release.tdnet.info/inbs/140120260511523189.pdf
20260512,5949,ユニプレス,その他,"=HYPERLINK(""https://www.release.tdnet.info/inbs/140120260512524084.pdf"", ""特別損失(連結・個別)の計上および通期個別業績の前期実績との差異に関するお知らせ"")","=HYPERLINK(""pdf_tmp/20260512/5949_1800_ユニプレス_特別損失(連結・個別)の計上および通期個別業績の前期実績との差異に関するお知らせ.pdf"", ""特別損失(連結・個別)の計上および通期個別業績の前期実績との差異に関するお知らせ"")",,,,,,,,,,,2,,,,,,,,,,,,,https://www.release.tdnet.info/inbs/140120260512524084.pdf
20260512,5952,アマテイ,その他,"=HYPERLINK(""https://www.release.tdnet.info/inbs/140120260511523608.pdf"", ""2026年3月期連結決算補足資料"")","=HYPERLINK(""pdf_tmp/20260512/5952_1330_アマテイ_2026年3月期連結決算補足資料.pdf"", ""2026年3月期連結決算補足資料"")",,,,,,,,,,,2,,,,,,,,,,,,,https://www.release.tdnet.info/inbs/140120260511523608.pdf
20260512,5969,ロブテックス,決算短信,"=HYPERLINK(""https://www.release.tdnet.info/inbs/140120260508520270.pdf"", ""2026年3月期決算短信〔日本基準〕(連結)"")","=HYPERLINK(""pdf_tmp/20260512/5969_1000_ロブテックス_2026年3月期決算短信〔日本基準〕(連結).pdf"", ""2026年3月期決算短信〔日本基準〕(連結)"")",,,,,,,,,,,,,,,,,4,,,,,,,https://www.release.tdnet.info/inbs/140120260508520270.pdf
20260512,5969,ロブテックス,その他,"=HYPERLINK(""https://www.release.tdnet.info/inbs/140120260508520300.pdf"", ""通期連結業績予想と実績値との差異に関するお知らせ"")","=HYPERLINK(""pdf_tmp/20260512/5969_1000_ロブテックス_通期連結業績予想と実績値との差異に関するお知らせ.pdf"", ""通期連結業績予想と実績値との差異に関するお知らせ"")",,,,,,1,,,,,,,,,,,,,,,,,,https://www.release.tdnet.info/inbs/140120260508520300.pdf
20260512,5984,兼房,決算短信,"=HYPERLINK(""https://www.release.tdnet.info/inbs/140120260511522766.pdf"", ""2026年3月期 決算短信〔日本基準〕(連結)"")","=HYPERLINK(""pdf_tmp/20260512/5984_1340_兼房_2026年3月期 決算短信〔日本基準〕(連結).pdf"", ""2026年3月期 決算短信〔日本基準〕(連結)"")",,,,,,,,,,,,,,,,,,,4,,,,,https://www.release.tdnet.info/inbs/140120260511522766.pdf
20260512,6143,ソディック,決算短信,"=HYPERLINK(""https://www.release.tdnet.info/inbs/140120260511523023.pdf"", ""2026年12月期 第1四半期決算短信〔日本基準〕(連結)"")","=HYPERLINK(""pdf_tmp/20260512/6143_1500_ソディック_2026年12月期 第1四半期決算短信〔日本基準〕(連結).pdf"", ""2026年12月期 第1四半期決算短信〔日本基準〕(連結)"")",,,,,,,,,,,4,,,,,,,,,,,,,https://www.release.tdnet.info/inbs/140120260511523023.pdf
20260512,6239,ナガオカ,決算短信,"=HYPERLINK(""https://www.release.tdnet.info/inbs/140120260512525744.pdf"", ""2026年6月期 第3四半期決算短信〔日本基準〕(連結)"")","=HYPERLINK(""pdf_tmp/20260512/6239_1700_ナガオカ_2026年6月期 第3四半期決算短信〔日本基準〕(連結).pdf"", ""2026年6月期 第3四半期決算短信〔日本基準〕(連結)"")",,,,,,,,,,,4,,,,,,,,,,,,,https://www.release.tdnet.info/inbs/140120260512525744.pdf
20260512,6245,ヒラノテクシード,決算短信,"=HYPERLINK(""https://www.release.tdnet.info/inbs/140120260506517253.pdf"", ""2026年3月期 決算短信〔日本基準〕(連結)"")","=HYPERLINK(""pdf_tmp/20260512/6245_1600_ヒラノテクシード_2026年3月期 決算短信〔日本基準〕(連結).pdf"", ""2026年3月期 決算短信〔日本基準〕(連結)"")",,,,,,,,,,,4,,,,,,,,,,,,,https://www.release.tdnet.info/inbs/140120260506517253.pdf
20260512,6257,藤商事,説明資料,"=HYPERLINK(""https://www.release.tdnet.info/inbs/140120260512524305.pdf"", ""2026年3月期 決算説明資料"")","=HYPERLINK(""pdf_tmp/20260512/6257_1530_藤商事_2026年3月期 決算説明資料.pdf"", ""2026年3月期 決算説明資料"")",,,,,,,,,,4,,,,,,,,,,,,,,https://www.release.tdnet.info/inbs/140120260512524305.pdf
20260512,6332,月島HD,決算短信,"=HYPERLINK(""https://www.release.tdnet.info/inbs/140120260508520744.pdf"", ""2026年3月期 決算短信〔日本基準〕(連結)"")","=HYPERLINK(""pdf_tmp/20260512/6332_1430_月島HD_2026年3月期 決算短信〔日本基準〕(連結).pdf"", ""2026年3月期 決算短信〔日本基準〕(連結)"")",,,,,,,,,,,4 5,,,,,,,,,,,,,https://www.release.tdnet.info/inbs/140120260508520744.pdf
20260512,6332,月島HD,説明資料,"=HYPERLINK(""https://www.release.tdnet.info/inbs/140120260511522865.pdf"", ""26.3期 決算補足説明資料"")","=HYPERLINK(""pdf_tmp/20260512/6332_1430_月島HD_26.3期 決算補足説明資料.pdf"", ""26.3期 決算補足説明資料"")",,,,,,,,,,,2 3 6 9,,,,,,,,,,,,,https://www.release.tdnet.info/inbs/140120260511522865.pdf
20260512,6332,月島HD,資本コストや株価,"=HYPERLINK(""https://www.release.tdnet.info/inbs/140120260511522868.pdf"", ""資本コストや株価を意識した経営の実現に向けた対応について"")","=HYPERLINK(""pdf_tmp/20260512/6332_1430_月島HD_資本コストや株価を意識した経営の実現に向けた対応について.pdf"", ""資本コストや株価を意識した経営の実現に向けた対応について"")",,,,,6,,,,,,,,,,,,,,,,,,,https://www.release.tdnet.info/inbs/140120260511522868.pdf
20260512,6445,ジャノメ,決算短信,"=HYPERLINK(""https://www.release.tdnet.info/inbs/140120260512525234.pdf"", ""2026年3月期決算短信〔日本基準〕(連結)"")","=HYPERLINK(""pdf_tmp/20260512/6445_1300_ジャノメ_2026年3月期決算短信〔日本基準〕(連結).pdf"", ""2026年3月期決算短信〔日本基準〕(連結)"")",,,,,,,,,,,,,,,,,,,,,,4,,https://www.release.tdnet.info/inbs/140120260512525234.pdf
20260512,6445,ジャノメ,説明資料,"=HYPERLINK(""https://www.release.tdnet.info/inbs/140120260512526601.pdf"", ""2026年3月期 決算説明資料"")","=HYPERLINK(""pdf_tmp/20260512/6445_1715_ジャノメ_2026年3月期 決算説明資料.pdf"", ""2026年3月期 決算説明資料"")",,,,,,,,,,,,,,,,,,,,,,12,,https://www.release.tdnet.info/inbs/140120260512526601.pdf
20260512,6459,大和冷機,決算短信,"=HYPERLINK(""https://www.release.tdnet.info/inbs/140120260509521027.pdf"", ""2026年12月期 第1四半期決算短信[日本基準](非連結)"")","=HYPERLINK(""pdf_tmp/20260512/6459_1500_大和冷機_2026年12月期 第1四半期決算短信[日本基準](非連結).pdf"", ""2026年12月期 第1四半期決算短信[日本基準](非連結)"")",,,,,,,,,,,,,,,,4,,,,,,,,https://www.release.tdnet.info/inbs/140120260509521027.pdf
20260512,6460,セガサミーHD,その他,"=HYPERLINK(""https://www.release.tdnet.info/inbs/140120260512524459.pdf"", ""2026年3月期 決算プレゼンテーション"")","=HYPERLINK(""pdf_tmp/20260512/6460_1130_セガサミーHD_2026年3月期 決算プレゼンテーション.pdf"", ""2026年3月期 決算プレゼンテーション"")",,,,,,,,,,,24,,,,,,,,,,,,,https://www.release.tdnet.info/inbs/140120260512524459.pdf
20260512,6460,セガサミーHD,決算短信,"=HYPERLINK(""https://www.release.tdnet.info/inbs/140120260511523389.pdf"", ""2026年3月期決算短信〔日本基準〕(連結)"")","=HYPERLINK(""pdf_tmp/20260512/6460_1130_セガサミーHD_2026年3月期決算短信〔日本基準〕(連結).pdf"", ""2026年3月期決算短信〔日本基準〕(連結)"")",,,,,,,,,,,,,4,,,,,,,,,,,https://www.release.tdnet.info/inbs/140120260511523389.pdf
20260512,6460,セガサミーHD,その他,"=HYPERLINK(""https://www.release.tdnet.info/inbs/140120260512524401.pdf"", ""特別損失(減損損失)の計上および業績予想と実績値との差異に関するお知らせ"")","=HYPERLINK(""pdf_tmp/20260512/6460_1130_セガサミーHD_特別損失(減損損失)の計上および業績予想と実績値との差異に関するお知らせ.pdf"", ""特別損失(減損損失)の計上および業績予想と実績値との差異に関するお知らせ"")",,,,,,,,,,,,,,,,,,,1,,,,,https://www.release.tdnet.info/inbs/140120260512524401.pdf
20260512,6471,日本精工,その他,"=HYPERLINK(""https://www.release.tdnet.info/inbs/140120260511523306.pdf"", ""日本精工株式会社とNTN株式会社との共同持株会社設立(株式移転)による経営統合に関する基本合意書の締結について"")","=HYPERLINK(""pdf_tmp/20260512/6471_1530_日本精工_日本精工株式会社とNTN株式会社との共同持株会社設立(株式移転)による経営統合に関する基本合意書の締結について.pdf"", ""日本精工株式会社とNTN株式会社との共同持株会社設立(株式移転)による経営統合に関する基本合意書の締結について"")",,,,,,,,,,,10,,,,,,,,,,,,,https://www.release.tdnet.info/inbs/140120260511523306.pdf
20260512,6472,NTN,その他,"=HYPERLINK(""https://www.release.tdnet.info/inbs/140120260511521605.pdf"", ""日本精工株式会社とNTN株式会社との共同持株会社設立(株式移転)による経営統合に関する基本合意書の締結について"")","=HYPERLINK(""pdf_tmp/20260512/6472_1530_NTN_日本精工株式会社とNTN株式会社との共同持株会社設立(株式移転)による経営統合に関する基本合意書の締結について.pdf"", ""日本精工株式会社とNTN株式会社との共同持株会社設立(株式移転)による経営統合に関する基本合意書の締結について"")",,,,,,,,,,,10,,,,,,,,,,,,,https://www.release.tdnet.info/inbs/140120260511521605.pdf
20260512,6479,ミネベアミツミ,その他,"=HYPERLINK(""https://www.release.tdnet.info/inbs/140120260512523973.pdf"", ""当社による事業譲受に関するお知らせ"")","=HYPERLINK(""pdf_tmp/20260512/6479_1600_ミネベアミツミ_当社による事業譲受に関するお知らせ.pdf"", ""当社による事業譲受に関するお知らせ"")",,,,,,,,,,,,,,,,,,,,1,,,,https://www.release.tdnet.info/inbs/140120260512523973.pdf
20260512,6539,MS-Japan,決算短信,"=HYPERLINK(""https://www.release.tdnet.info/inbs/140120260511523339.pdf"", ""2026年3月期 決算短信〔日本基準〕(連結)"")","=HYPERLINK(""pdf_tmp/20260512/6539_1530_MS-Japan_2026年3月期 決算短信〔日本基準〕(連結).pdf"", ""2026年3月期 決算短信〔日本基準〕(連結)"")",,,,,,,,,,,,,,,,4 5,,,,,,,,https://www.release.tdnet.info/inbs/140120260511523339.pdf
20260512,6546,フルテック,決算短信,"=HYPERLINK(""https://www.release.tdnet.info/inbs/140120260511522929.pdf"", ""2026年12月期 第1四半期決算短信〔日本基準〕(連結)"")","=HYPERLINK(""pdf_tmp/20260512/6546_1500_フルテック_2026年12月期 第1四半期決算短信〔日本基準〕(連結).pdf"", ""2026年12月期 第1四半期決算短信〔日本基準〕(連結)"")",,,,,,,,,,,4,,,,,,,,,,,,,https://www.release.tdnet.info/inbs/140120260511522929.pdf
20260512,6626,SEMITEC,決算短信,"=HYPERLINK(""https://www.release.tdnet.info/inbs/140120260511523045.pdf"", ""2026年3月期 決算短信〔日本基準〕(連結)"")","=HYPERLINK(""pdf_tmp/20260512/6626_1530_SEMITEC_2026年3月期 決算短信〔日本基準〕(連結).pdf"", ""2026年3月期 決算短信〔日本基準〕(連結)"")",,,,,,,,,,,,,,,,,,,7,,,,,https://www.release.tdnet.info/inbs/140120260511523045.pdf
20260512,6718,アイホン,決算短信,"=HYPERLINK(""https://www.release.tdnet.info/inbs/140120260507517640.pdf"", ""2026年3月期決算短信〔日本基準〕(連結)"")","=HYPERLINK(""pdf_tmp/20260512/6718_1340_アイホン_2026年3月期決算短信〔日本基準〕(連結).pdf"", ""2026年3月期決算短信〔日本基準〕(連結)"")",,,,,,,,,,,4 5,,,,,,,,,,,,,https://www.release.tdnet.info/inbs/140120260507517640.pdf
20260512,6753,シャープ,その他,"=HYPERLINK(""https://www.release.tdnet.info/inbs/140120260512524410.pdf"", ""2025年度 決算"")","=HYPERLINK(""pdf_tmp/20260512/6753_1530_シャープ_2025年度 決算.pdf"", ""2025年度 決算"")",,,,,,,,,,,1 5,,,,,,,,,,,,,https://www.release.tdnet.info/inbs/140120260512524410.pdf
20260512,6753,シャープ,決算短信,"=HYPERLINK(""https://www.release.tdnet.info/inbs/140120260429514125.pdf"", ""2026年3月期 決算短信〔日本基準〕(連結)"")","=HYPERLINK(""pdf_tmp/20260512/6753_1530_シャープ_2026年3月期 決算短信〔日本基準〕(連結).pdf"", ""2026年3月期 決算短信〔日本基準〕(連結)"")",,,,,,,,,,,4 5,,,,,,,,,,,,,https://www.release.tdnet.info/inbs/140120260429514125.pdf
20260512,6763,帝通工,その他,"=HYPERLINK(""https://www.release.tdnet.info/inbs/140120260512524077.pdf"", ""「中期経営計画2030」策定のお知らせ"")","=HYPERLINK(""pdf_tmp/20260512/6763_1530_帝通工_「中期経営計画2030」策定のお知らせ.pdf"", ""「中期経営計画2030」策定のお知らせ"")",,,,,,,,,,,,,,,,,,,,,,19,,https://www.release.tdnet.info/inbs/140120260512524077.pdf
20260512,6806,ヒロセ電,その他,"=HYPERLINK(""https://www.release.tdnet.info/inbs/140120260512524241.pdf"", ""2026年3月期 決算説明会資料"")","=HYPERLINK(""pdf_tmp/20260512/6806_1000_ヒロセ電_2026年3月期 決算説明会資料.pdf"", ""2026年3月期 決算説明会資料"")",,,,,,,,,,,,,,,,,,,6,,,,,https://www.release.tdnet.info/inbs/140120260512524241.pdf
20260512,6862,ミナトHD,その他,"=HYPERLINK(""https://www.release.tdnet.info/inbs/140120260512525537.pdf"", ""通期連結業績予想と実績値の差異および特別損失(のれんおよび固定資産の減損損失)ならびに法人税等調整額(益)の計上に関するお知らせ"")","=HYPERLINK(""pdf_tmp/20260512/6862_1530_ミナトHD_通期連結業績予想と実績値の差異および特別損失(のれんおよび固定資産の減損損失)ならびに法人税等調整額(益)の計上に関するお知らせ.pdf"", ""通期連結業績予想と実績値の差異および特別損失(のれんおよび固定資産の減損損失)ならびに法人税等調整額(益)の計上に関するお知らせ"")",,,,,,,,,,,,2,,,,,,,,,,,,https://www.release.tdnet.info/inbs/140120260512525537.pdf
20260512,6864,エヌエフHD,予想の修正,"=HYPERLINK(""https://www.release.tdnet.info/inbs/140120260512526165.pdf"", ""業績予想および配当予想の修正に関するお知らせ"")","=HYPERLINK(""pdf_tmp/20260512/6864_1520_エヌエフHD_業績予想および配当予想の修正に関するお知らせ.pdf"", ""業績予想および配当予想の修正に関するお知らせ"")",,,1,,,,,,,,,,,,,,,,,,,,,https://www.release.tdnet.info/inbs/140120260512526165.pdf
20260512,6927,ヘリオステクノH,決算短信,"=HYPERLINK(""https://www.release.tdnet.info/inbs/140120260511523591.pdf"", ""2026年3月期決算短信〔日本基準〕(連結)"")","=HYPERLINK(""pdf_tmp/20260512/6927_1600_ヘリオステクノH_2026年3月期決算短信〔日本基準〕(連結).pdf"", ""2026年3月期決算短信〔日本基準〕(連結)"")",,,,,,,,,,,,,,,,,,,7,,,,,https://www.release.tdnet.info/inbs/140120260511523591.pdf
20260512,6986,双葉電子,その他,"=HYPERLINK(""https://www.release.tdnet.info/inbs/140120260512524345.pdf"", ""通期連結業績予想と実績との差異、営業外収益および特別損失の計上に関するお知らせ"")","=HYPERLINK(""pdf_tmp/20260512/6986_1500_双葉電子_通期連結業績予想と実績との差異、営業外収益および特別損失の計上に関するお知らせ.pdf"", ""通期連結業績予想と実績との差異、営業外収益および特別損失の計上に関するお知らせ"")",,,,,,,,,,,,,,,,,,,1,,,,,https://www.release.tdnet.info/inbs/140120260512524345.pdf
20260512,6989,北電工業,決算短信,"=HYPERLINK(""https://www.release.tdnet.info/inbs/140120260511522409.pdf"", ""2026年3月期 決算短信[日本基準](連結)"")","=HYPERLINK(""pdf_tmp/20260512/6989_1400_北電工業_2026年3月期 決算短信[日本基準](連結).pdf"", ""2026年3月期 決算短信[日本基準](連結)"")",,,,,,,,,,,,,,,,,,,5,,,,,https://www.release.tdnet.info/inbs/140120260511522409.pdf
20260512,7004,カナデビア,決算短信,"=HYPERLINK(""https://www.release.tdnet.info/inbs/140120260512524012.pdf"", ""2026年3月期  決算短信〔日本基準〕(連結)"")","=HYPERLINK(""pdf_tmp/20260512/7004_1530_カナデビア_2026年3月期 決算短信〔日本基準〕(連結).pdf"", ""2026年3月期  決算短信〔日本基準〕(連結)"")",,,,,,,,,,,,,,,,,,,4,,,,,https://www.release.tdnet.info/inbs/140120260512524012.pdf
20260512,7004,カナデビア,その他,"=HYPERLINK(""https://www.release.tdnet.info/inbs/140120260512524021.pdf"", ""個別業績の前期実績値との差異に関するお知らせ"")","=HYPERLINK(""pdf_tmp/20260512/7004_1530_カナデビア_個別業績の前期実績値との差異に関するお知らせ.pdf"", ""個別業績の前期実績値との差異に関するお知らせ"")",,,,,,,,,,,,,,,,,,,1,,,,,https://www.release.tdnet.info/inbs/140120260512524021.pdf
20260512,7018,内海造,決算短信,"=HYPERLINK(""https://www.release.tdnet.info/inbs/140120260512524347.pdf"", ""2026年3月期 決算短信〔日本基準〕(連結)"")","=HYPERLINK(""pdf_tmp/20260512/7018_1530_内海造_2026年3月期 決算短信〔日本基準〕(連結).pdf"", ""2026年3月期 決算短信〔日本基準〕(連結)"")",,,,,4 6 23,,,,,,,,,,,,,,,,,,,https://www.release.tdnet.info/inbs/140120260512524347.pdf
20260512,7022,サノヤスHD,その他,"=HYPERLINK(""https://www.release.tdnet.info/inbs/140120260511523067.pdf"", ""通期業績予想値と実績値との差異に関するお知らせ"")","=HYPERLINK(""pdf_tmp/20260512/7022_1530_サノヤスHD_通期業績予想値と実績値との差異に関するお知らせ.pdf"", ""通期業績予想値と実績値との差異に関するお知らせ"")",,,,,,1,,,,,,,,,,,,,,,,,,https://www.release.tdnet.info/inbs/140120260511523067.pdf
20260512,7030,スプリックス,説明資料,"=HYPERLINK(""https://www.release.tdnet.info/inbs/140120260511522144.pdf"", ""2026年9月期第2四半期決算説明資料"")","=HYPERLINK(""pdf_tmp/20260512/7030_1530_スプリックス_2026年9月期第2四半期決算説明資料.pdf"", ""2026年9月期第2四半期決算説明資料"")",,,,,,,,,,,11 12 13 16 19 25,,,,,,,,,,,,,https://www.release.tdnet.info/inbs/140120260511522144.pdf
20260512,7080,G-スポーツフィール,説明資料,"=HYPERLINK(""https://www.release.tdnet.info/inbs/140120260511523654.pdf"", ""2026年12月期 第1四半期決算説明資料"")","=HYPERLINK(""pdf_tmp/20260512/7080_1700_G-スポーツフィール_2026年12月期 第1四半期決算説明資料.pdf"", ""2026年12月期 第1四半期決算説明資料"")",,,,,,,32,,,,,,,,,,,,,,,,,https://www.release.tdnet.info/inbs/140120260511523654.pdf
20260512,7094,G-NexTone,決算短信,"=HYPERLINK(""https://www.release.tdnet.info/inbs/140120260511523438.pdf"", ""2026年3月期 決算短信〔日本基準〕(連結)"")","=HYPERLINK(""pdf_tmp/20260512/7094_1300_G-NexTone_2026年3月期 決算短信〔日本基準〕(連結).pdf"", ""2026年3月期 決算短信〔日本基準〕(連結)"")",,,,,,,,,,,5,,,,,,,,,,,,,https://www.release.tdnet.info/inbs/140120260511523438.pdf
20260512,7184,富山第一銀行,決算短信,"=HYPERLINK(""https://www.release.tdnet.info/inbs/140120260511523614.pdf"", ""2026年3月期 決算短信〔日本基準〕(連結)"")","=HYPERLINK(""pdf_tmp/20260512/7184_1500_富山第一銀行_2026年3月期 決算短信〔日本基準〕(連結).pdf"", ""2026年3月期 決算短信〔日本基準〕(連結)"")",,,,,,,,,,,5,,,,,,,,,,,,,https://www.release.tdnet.info/inbs/140120260511523614.pdf
20260512,7220,武蔵精密,決算短信,"=HYPERLINK(""https://www.release.tdnet.info/inbs/140120260512525000.pdf"", ""2026年3月期決算短信[日本基準](連結)"")","=HYPERLINK(""pdf_tmp/20260512/7220_1550_武蔵精密_2026年3月期決算短信[日本基準](連結).pdf"", ""2026年3月期決算短信[日本基準](連結)"")",,4,,,,,,,,,,,,,,,,,,,,,,https://www.release.tdnet.info/inbs/140120260512525000.pdf
20260512,7245,大同メタル,決算短信,"=HYPERLINK(""https://www.release.tdnet.info/inbs/140120260504517180.pdf"", ""2026年3月期 決算短信〔日本基準〕(連結)"")","=HYPERLINK(""pdf_tmp/20260512/7245_1300_大同メタル_2026年3月期 決算短信〔日本基準〕(連結).pdf"", ""2026年3月期 決算短信〔日本基準〕(連結)"")",,,,,,,,,,,4,,,,,,,,,,,,,https://www.release.tdnet.info/inbs/140120260504517180.pdf
20260512,7261,マツダ,決算短信,"=HYPERLINK(""https://www.release.tdnet.info/inbs/140120260508520649.pdf"", ""2026年3月期 決算短信〔日本基準〕(連結)"")","=HYPERLINK(""pdf_tmp/20260512/7261_1330_マツダ_2026年3月期 決算短信〔日本基準〕(連結).pdf"", ""2026年3月期 決算短信〔日本基準〕(連結)"")",,,,,,,,,,,6,,,,,,,,,,,,,https://www.release.tdnet.info/inbs/140120260508520649.pdf
20260512,7372,G-デコルテHD,説明資料,"=HYPERLINK(""https://www.release.tdnet.info/inbs/140120260512524892.pdf"", ""2026年9月期第2四半期決算説明資料"")","=HYPERLINK(""pdf_tmp/20260512/7372_1530_G-デコルテHD_2026年9月期第2四半期決算説明資料.pdf"", ""2026年9月期第2四半期決算説明資料"")",,,,,,,,,,,10,,,,,,,,,,,,,https://www.release.tdnet.info/inbs/140120260512524892.pdf
20260512,7426,山大,予想の修正,"=HYPERLINK(""https://www.release.tdnet.info/inbs/140120260511523072.pdf"", ""特別損失(減損損失)の計上、法人税等調整額の計上および通期連結業績予想の修正ならびに配当予想の修正に関するお知らせ"")","=HYPERLINK(""pdf_tmp/20260512/7426_1300_山大_特別損失(減損損失)の計上、法人税等調整額の計上および通期連結業績予想の修正ならびに配当予想の修正に関するお知らせ.pdf"", ""特別損失(減損損失)の計上、法人税等調整額の計上および通期連結業績予想の修正ならびに配当予想の修正に関するお知らせ"")",,,,,,1,,,,,,,,,,,,,,,,,,https://www.release.tdnet.info/inbs/140120260511523072.pdf
20260512,7433,伯東,説明資料,"=HYPERLINK(""https://www.release.tdnet.info/inbs/140120260512526838.pdf"", ""2026年3月期決算補足説明資料"")","=HYPERLINK(""pdf_tmp/20260512/7433_1800_伯東_2026年3月期決算補足説明資料.pdf"", ""2026年3月期決算補足説明資料"")",,,,,,,,,,,6 11,,,,,,,,,,,,,https://www.release.tdnet.info/inbs/140120260512526838.pdf
20260512,7486,サンリン,決算短信,"=HYPERLINK(""https://www.release.tdnet.info/inbs/140120260429514061.pdf"", ""2026年3月期 決算短信〔日本基準〕(連結)"")","=HYPERLINK(""pdf_tmp/20260512/7486_1500_サンリン_2026年3月期 決算短信〔日本基準〕(連結).pdf"", ""2026年3月期 決算短信〔日本基準〕(連結)"")",,,,,,,,,,,,,,,,,,,4,,,,,https://www.release.tdnet.info/inbs/140120260429514061.pdf
20260512,7701,島津製,決算短信,"=HYPERLINK(""https://www.release.tdnet.info/inbs/140120260512525561.pdf"", ""2026年3月期 決算短信〔日本基準〕(連結)"")","=HYPERLINK(""pdf_tmp/20260512/7701_1530_島津製_2026年3月期 決算短信〔日本基準〕(連結).pdf"", ""2026年3月期 決算短信〔日本基準〕(連結)"")",,,,,,,,,,,,,,,,,5,,,,,,,https://www.release.tdnet.info/inbs/140120260512525561.pdf
20260512,7702,JMS,その他,"=HYPERLINK(""https://www.release.tdnet.info/inbs/140120260512525956.pdf"", ""特別損失(事業再編損)の計上及び通期連結業績予想との差異に関するお知らせ"")","=HYPERLINK(""pdf_tmp/20260512/7702_1530_JMS_特別損失(事業再編損)の計上及び通期連結業績予想との差異に関するお知らせ.pdf"", ""特別損失(事業再編損)の計上及び通期連結業績予想との差異に関するお知らせ"")",,,,1,,,,,,,,,,,,,,,,,,,,https://www.release.tdnet.info/inbs/140120260512525956.pdf
20260512,7717,Vテク,決算短信,"=HYPERLINK(""https://www.release.tdnet.info/inbs/140120260508521000.pdf"", ""2026年3月期 決算短信[日本基準](連結)"")","=HYPERLINK(""pdf_tmp/20260512/7717_1645_Vテク_2026年3月期 決算短信[日本基準](連結).pdf"", ""2026年3月期 決算短信[日本基準](連結)"")",,,,,,,,,,,,,4,,,,,,,,,,,https://www.release.tdnet.info/inbs/140120260508521000.pdf
20260512,7733,オリンパス,決算短信,"=HYPERLINK(""https://www.release.tdnet.info/inbs/140120260512524505.pdf"", ""2026年3月期 決算短信〔IFRS〕(連結)"")","=HYPERLINK(""pdf_tmp/20260512/7733_1530_オリンパス_2026年3月期 決算短信〔IFRS〕(連結).pdf"", ""2026年3月期 決算短信〔IFRS〕(連結)"")",,,,,,,,,,,,,,,,,,,5 7 8 18,,,,,https://www.release.tdnet.info/inbs/140120260512524505.pdf
20260512,7733,オリンパス,その他,"=HYPERLINK(""https://www.release.tdnet.info/inbs/140120260512524572.pdf"", ""2026年3月期 連結決算概況 2027年3月期 通期業績見通し"")","=HYPERLINK(""pdf_tmp/20260512/7733_1530_オリンパス_2026年3月期 連結決算概況 2027年3月期 通期業績見通し.pdf"", ""2026年3月期 連結決算概況 2027年3月期 通期業績見通し"")",,,,,,,,,,,,,,,,,,,9 27,,,,,https://www.release.tdnet.info/inbs/140120260512524572.pdf
20260512,7752,リコー,決算短信,"=HYPERLINK(""https://www.release.tdnet.info/inbs/140120260508520859.pdf"", ""2026年3月期 決算短信〔IFRS〕(連結)"")","=HYPERLINK(""pdf_tmp/20260512/7752_1530_リコー_2026年3月期 決算短信〔IFRS〕(連結).pdf"", ""2026年3月期 決算短信〔IFRS〕(連結)"")",,,,,,,,,,,,,,,,,,,5,,,,,https://www.release.tdnet.info/inbs/140120260508520859.pdf
20260512,7806,G-MTG,予想の修正,"=HYPERLINK(""https://www.release.tdnet.info/inbs/140120260511523721.pdf"", ""通期業績予想及び配当予想の修正(上方修正)に関するお知らせ"")","=HYPERLINK(""pdf_tmp/20260512/7806_1130_G-MTG_通期業績予想及び配当予想の修正(上方修正)に関するお知らせ.pdf"", ""通期業績予想及び配当予想の修正(上方修正)に関するお知らせ"")",,,,,,,1,,,,,,,,,,,,,,,,,https://www.release.tdnet.info/inbs/140120260511523721.pdf
20260512,7918,ヴィアHD,決算短信,"=HYPERLINK(""https://www.release.tdnet.info/inbs/140120260512524171.pdf"", ""2026年3月期 決算短信〔日本基準〕(連結)"")","=HYPERLINK(""pdf_tmp/20260512/7918_1600_ヴィアHD_2026年3月期 決算短信〔日本基準〕(連結).pdf"", ""2026年3月期 決算短信〔日本基準〕(連結)"")",,,,,,,,,,,,,,,,5,,,,,,,,https://www.release.tdnet.info/inbs/140120260512524171.pdf
20260512,7927,ムトー精工,決算短信,"=HYPERLINK(""https://www.release.tdnet.info/inbs/140120260511522797.pdf"", ""2026年3月期決算短信〔日本基準〕(連結)"")","=HYPERLINK(""pdf_tmp/20260512/7927_1540_ムトー精工_2026年3月期決算短信〔日本基準〕(連結).pdf"", ""2026年3月期決算短信〔日本基準〕(連結)"")",,,,,,,,,,,4,,,,,,,,,,,,,https://www.release.tdnet.info/inbs/140120260511522797.pdf
20260512,8078,阪和興,決算短信,"=HYPERLINK(""https://www.release.tdnet.info/inbs/140120260508519792.pdf"", ""2026年3月 決算短信〔日本基準〕(連結)"")","=HYPERLINK(""pdf_tmp/20260512/8078_1300_阪和興_2026年3月 決算短信〔日本基準〕(連結).pdf"", ""2026年3月 決算短信〔日本基準〕(連結)"")",,,,,,,,,,,,,,,,,,,4 24,,,,,https://www.release.tdnet.info/inbs/140120260508519792.pdf
20260512,8123,川辺,決算短信,"=HYPERLINK(""https://www.release.tdnet.info/inbs/140120260506517323.pdf"", ""2026年3月期 決算短信〔日本基準〕(連結)"")","=HYPERLINK(""pdf_tmp/20260512/8123_1300_川辺_2026年3月期 決算短信〔日本基準〕(連結).pdf"", ""2026年3月期 決算短信〔日本基準〕(連結)"")",,,,,,,,,,,5,,,,,,,,,,,,,https://www.release.tdnet.info/inbs/140120260506517323.pdf
20260512,8214,AOKI HD,決算短信,"=HYPERLINK(""https://www.release.tdnet.info/inbs/140120260508520915.pdf"", ""2026年3月期 決算短信〔日本基準〕(連結)"")","=HYPERLINK(""pdf_tmp/20260512/8214_1545_AOKI HD_2026年3月期 決算短信〔日本基準〕(連結).pdf"", ""2026年3月期 決算短信〔日本基準〕(連結)"")",,,,,,,,,,,,,,,,,,,,,,4,,https://www.release.tdnet.info/inbs/140120260508520915.pdf
20260512,8219,青山商,決算短信,"=HYPERLINK(""https://www.release.tdnet.info/inbs/140120260511523246.pdf"", ""2026年3月期 決算短信〔日本基準〕(連結)"")","=HYPERLINK(""pdf_tmp/20260512/8219_1600_青山商_2026年3月期 決算短信〔日本基準〕(連結).pdf"", ""2026年3月期 決算短信〔日本基準〕(連結)"")",,,,,,,,,,,,,,,,,,,,,,9,,https://www.release.tdnet.info/inbs/140120260511523246.pdf
20260512,8219,青山商,その他,"=HYPERLINK(""https://www.release.tdnet.info/inbs/140120260511523327.pdf"", ""業績予想値と実績値との差異及び剰余金の配当に関するお知らせ"")","=HYPERLINK(""pdf_tmp/20260512/8219_1600_青山商_業績予想値と実績値との差異及び剰余金の配当に関するお知らせ.pdf"", ""業績予想値と実績値との差異及び剰余金の配当に関するお知らせ"")",,,,,,2,,,,,,,,,,,,,,,,,,https://www.release.tdnet.info/inbs/140120260511523327.pdf
20260512,8242,H2Oリテイル,決算短信,"=HYPERLINK(""https://www.release.tdnet.info/inbs/140120260507517523.pdf"", ""2026年3月期 決算短信〔日本基準〕(連結)"")","=HYPERLINK(""pdf_tmp/20260512/8242_1400_H2Oリテイル_2026年3月期 決算短信〔日本基準〕(連結).pdf"", ""2026年3月期 決算短信〔日本基準〕(連結)"")",,,,,,,,,,,4 5,,,,,,,,,,,,,https://www.release.tdnet.info/inbs/140120260507517523.pdf
20260512,8338,筑波銀行,その他,"=HYPERLINK(""https://www.release.tdnet.info/inbs/140120260511522420.pdf"", ""2026年3月期 決算概要"")","=HYPERLINK(""pdf_tmp/20260512/8338_1500_筑波銀行_2026年3月期 決算概要.pdf"", ""2026年3月期 決算概要"")",,,,,,,,,,,4,,,,,,,,,,,,,https://www.release.tdnet.info/inbs/140120260511522420.pdf
20260512,8365,富山銀行,決算短信,"=HYPERLINK(""https://www.release.tdnet.info/inbs/140120260512524115.pdf"", ""2026年3月期 決算短信〔日本基準〕(連結)"")","=HYPERLINK(""pdf_tmp/20260512/8365_1430_富山銀行_2026年3月期 決算短信〔日本基準〕(連結).pdf"", ""2026年3月期 決算短信〔日本基準〕(連結)"")",,,,,,,,,,,26,,,,,,,,,,,,,https://www.release.tdnet.info/inbs/140120260512524115.pdf
20260512,8368,百五銀,その他,"=HYPERLINK(""https://www.release.tdnet.info/inbs/140120260507518376.pdf"", ""中期経営計画における財務目標の見直しに関するお知らせ"")","=HYPERLINK(""pdf_tmp/20260512/8368_1540_百五銀_中期経営計画における財務目標の見直しに関するお知らせ.pdf"", ""中期経営計画における財務目標の見直しに関するお知らせ"")",,,,,,,1,,,,,,,,,,,,,,,,,https://www.release.tdnet.info/inbs/140120260507518376.pdf
20260512,8393,宮崎銀,決算短信,"=HYPERLINK(""https://www.release.tdnet.info/inbs/140120260512524933.pdf"", ""2026年3月期 決算短信〔日本基準〕(連結)"")","=HYPERLINK(""pdf_tmp/20260512/8393_1220_宮崎銀_2026年3月期 決算短信〔日本基準〕(連結).pdf"", ""2026年3月期 決算短信〔日本基準〕(連結)"")",,,,,,,,,,,,,,,,4,,,,,,,,https://www.release.tdnet.info/inbs/140120260512524933.pdf
20260512,8399,琉球銀,その他,"=HYPERLINK(""https://www.release.tdnet.info/inbs/140120260511522036.pdf"", ""株主還元方針の見直しに関するお知らせ"")","=HYPERLINK(""pdf_tmp/20260512/8399_1300_琉球銀_株主還元方針の見直しに関するお知らせ.pdf"", ""株主還元方針の見直しに関するお知らせ"")",,,,,,,1,,,,,,,,,,,,,,,,,https://www.release.tdnet.info/inbs/140120260511522036.pdf
20260512,8522,名古屋銀,その他,"=HYPERLINK(""https://www.release.tdnet.info/inbs/140120260511522742.pdf"", ""第22次経営計画「財務」中間目標および「非財務」2030年度目標の一部見直しに関するお知らせ"")","=HYPERLINK(""pdf_tmp/20260512/8522_1440_名古屋銀_第22次経営計画「財務」中間目標および「非財務」2030年度目標の一部見直しに関するお知らせ.pdf"", ""第22次経営計画「財務」中間目標および「非財務」2030年度目標の一部見直しに関するお知らせ"")",,,,,,,4 5 7,,,,,,,,,,,,,,,,,https://www.release.tdnet.info/inbs/140120260511522742.pdf
20260512,8558,東和銀,決算短信,"=HYPERLINK(""https://www.release.tdnet.info/inbs/140120260512525899.pdf"", ""2026年3月期 決算短信〔日本基準〕(連結)"")","=HYPERLINK(""pdf_tmp/20260512/8558_1530_東和銀_2026年3月期 決算短信〔日本基準〕(連結).pdf"", ""2026年3月期 決算短信〔日本基準〕(連結)"")",,,,,,,,,,,21 31,,,,,,,,,,,,,https://www.release.tdnet.info/inbs/140120260512525899.pdf
20260512,8572,アコム,決算短信,"=HYPERLINK(""https://www.release.tdnet.info/inbs/140120260512525494.pdf"", ""2026年3月期決算短信〔日本基準〕(連結)"")","=HYPERLINK(""pdf_tmp/20260512/8572_1530_アコム_2026年3月期決算短信〔日本基準〕(連結).pdf"", ""2026年3月期決算短信〔日本基準〕(連結)"")",,,,,,,,,,,,,,,,,,,19,,,,,https://www.release.tdnet.info/inbs/140120260512525494.pdf
20260512,8705,日産証券グループ,決算短信,"=HYPERLINK(""https://www.release.tdnet.info/inbs/140120260507518299.pdf"", ""2026年3月期決算短信〔日本基準〕(連結)"")","=HYPERLINK(""pdf_tmp/20260512/8705_1400_日産証券グループ_2026年3月期決算短信〔日本基準〕(連結).pdf"", ""2026年3月期決算短信〔日本基準〕(連結)"")",,,,,,,,,,,,,,,,,,,5,,,,,https://www.release.tdnet.info/inbs/140120260507518299.pdf
20260512,8844,コスモスイニシア,説明資料,"=HYPERLINK(""https://www.release.tdnet.info/inbs/140120260512526091.pdf"", ""2026年3月期 決算説明資料"")","=HYPERLINK(""pdf_tmp/20260512/8844_1530_コスモスイニシア_2026年3月期 決算説明資料.pdf"", ""2026年3月期 決算説明資料"")",,,,,,,,,,,2 5 6 8 13 22 40,,,,,,,,,,,,,https://www.release.tdnet.info/inbs/140120260512526091.pdf
20260512,8844,コスモスイニシア,その他,"=HYPERLINK(""https://www.release.tdnet.info/inbs/140120260512525755.pdf"", ""長期ビジョンおよび中期経営計画の策定に関するお知らせ"")","=HYPERLINK(""pdf_tmp/20260512/8844_1530_コスモスイニシア_長期ビジョンおよび中期経営計画の策定に関するお知らせ.pdf"", ""長期ビジョンおよび中期経営計画の策定に関するお知らせ"")",,,,,,,,,,,31,,,,,,,,,,,,,https://www.release.tdnet.info/inbs/140120260512525755.pdf
20260512,8881,日神グループHD,決算短信,"=HYPERLINK(""https://www.release.tdnet.info/inbs/140120260406599010.pdf"", ""2026年3月期 決算短信〔日本基準〕(連結)"")","=HYPERLINK(""pdf_tmp/20260512/8881_1230_日神グループHD_2026年3月期 決算短信〔日本基準〕(連結).pdf"", ""2026年3月期 決算短信〔日本基準〕(連結)"")",,,,,,,,,,,6,,,,,,,,,,,,,https://www.release.tdnet.info/inbs/140120260406599010.pdf
20260512,8908,毎日コムネット,予想の修正,"=HYPERLINK(""https://www.release.tdnet.info/inbs/140120260512524502.pdf"", ""業績予想の修正及び配当予想の修正に関するお知らせ"")","=HYPERLINK(""pdf_tmp/20260512/8908_1530_毎日コムネット_業績予想の修正及び配当予想の修正に関するお知らせ.pdf"", ""業績予想の修正及び配当予想の修正に関するお知らせ"")",,,,,,,,,,,,1,,,,,,,,,,,,https://www.release.tdnet.info/inbs/140120260512524502.pdf
20260512,8935,FJネクストHD,決算短信,"=HYPERLINK(""https://www.release.tdnet.info/inbs/140120260512525191.pdf"", ""2026年3月期 決算短信〔日本基準〕(連結)"")","=HYPERLINK(""pdf_tmp/20260512/8935_1400_FJネクストHD_2026年3月期 決算短信〔日本基準〕(連結).pdf"", ""2026年3月期 決算短信〔日本基準〕(連結)"")",,,,,,,,,,,,,,,,,,,7,,,,,https://www.release.tdnet.info/inbs/140120260512525191.pdf
20260512,9005,東急,その他,"=HYPERLINK(""https://www.release.tdnet.info/inbs/140120260507517492.pdf"", ""2026年3月期 決算概況資料"")","=HYPERLINK(""pdf_tmp/20260512/9005_1530_東急_2026年3月期 決算概況資料.pdf"", ""2026年3月期 決算概況資料"")",,,,,,,11,,,,,,,,,,,,,,,,,https://www.release.tdnet.info/inbs/140120260507517492.pdf
20260512,9037,ハマキョウ,決算短信,"=HYPERLINK(""https://www.release.tdnet.info/inbs/140120260512525066.pdf"", ""2026年3月期 決算短信〔日本基準〕(連結)"")","=HYPERLINK(""pdf_tmp/20260512/9037_1600_ハマキョウ_2026年3月期 決算短信〔日本基準〕(連結).pdf"", ""2026年3月期 決算短信〔日本基準〕(連結)"")",,,,,4,,,,,,,,,,,,,,,,,,,https://www.release.tdnet.info/inbs/140120260512525066.pdf
20260512,9045,京阪HD,決算短信,"=HYPERLINK(""https://www.release.tdnet.info/inbs/140120260511522306.pdf"", ""2026年3月期 決算短信[日本基準](連結)"")","=HYPERLINK(""pdf_tmp/20260512/9045_1400_京阪HD_2026年3月期 決算短信[日本基準](連結).pdf"", ""2026年3月期 決算短信[日本基準](連結)"")",,,,,,,5,,,,,,,,,,,,,,,,,https://www.release.tdnet.info/inbs/140120260511522306.pdf
20260512,9083,神姫バス,説明資料,"=HYPERLINK(""https://www.release.tdnet.info/inbs/140120260512525907.pdf"", ""2026年3月期 決算説明資料"")","=HYPERLINK(""pdf_tmp/20260512/9083_1600_神姫バス_2026年3月期 決算説明資料.pdf"", ""2026年3月期 決算説明資料"")",,,,,,,,,,,10 18,,,,,,,,,,,,,https://www.release.tdnet.info/inbs/140120260512525907.pdf
20260512,9119,飯野海,その他,"=HYPERLINK(""https://www.release.tdnet.info/inbs/140120260512524295.pdf"", ""株主提案に対する当社取締役会の意見に関するお知らせ"")","=HYPERLINK(""pdf_tmp/20260512/9119_1400_飯野海_株主提案に対する当社取締役会の意見に関するお知らせ.pdf"", ""株主提案に対する当社取締役会の意見に関するお知らせ"")",,,,,,,,,,,,,,,,,,,10,,,,,https://www.release.tdnet.info/inbs/140120260512524295.pdf
20260512,9229,サンウェルズ,決算短信,"=HYPERLINK(""https://www.release.tdnet.info/inbs/140120260511522872.pdf"", ""2026年3月期 決算短信〔日本基準〕(非連結)"")","=HYPERLINK(""pdf_tmp/20260512/9229_1600_サンウェルズ_2026年3月期 決算短信〔日本基準〕(非連結).pdf"", ""2026年3月期 決算短信〔日本基準〕(非連結)"")",,,,,,,,,,,4 6,,,,,,,,,,,,,https://www.release.tdnet.info/inbs/140120260511522872.pdf
20260512,9312,ケイヒン,決算短信,"=HYPERLINK(""https://www.release.tdnet.info/inbs/140120260511521969.pdf"", ""2026年3月期 決算短信〔日本基準〕(連結)"")","=HYPERLINK(""pdf_tmp/20260512/9312_1500_ケイヒン_2026年3月期 決算短信〔日本基準〕(連結).pdf"", ""2026年3月期 決算短信〔日本基準〕(連結)"")",,,,,,,,,,,,,,,,,,,6,,,,,https://www.release.tdnet.info/inbs/140120260511521969.pdf
20260512,9343,G-アイビス,決算短信,"=HYPERLINK(""https://www.release.tdnet.info/inbs/140120260512524253.pdf"", ""2026年12月期 第1四半期決算短信〔日本基準〕(連結)"")","=HYPERLINK(""pdf_tmp/20260512/9343_1200_G-アイビス_2026年12月期 第1四半期決算短信〔日本基準〕(連結).pdf"", ""2026年12月期 第1四半期決算短信〔日本基準〕(連結)"")",,,,,,,,,,,6,,,,,,,,,,,,,https://www.release.tdnet.info/inbs/140120260512524253.pdf
20260512,9343,G-アイビス,その他,"=HYPERLINK(""https://www.release.tdnet.info/inbs/140120260512524523.pdf"", ""Investor Digest Ver.2"")","=HYPERLINK(""pdf_tmp/20260512/9343_1200_G-アイビス_Investor Digest Ver.2.pdf"", ""Investor Digest Ver.2"")",,,,,15,,,,,,,,,,,,,,,,,,,https://www.release.tdnet.info/inbs/140120260512524523.pdf
20260512,9407,RKB毎日HD,決算短信,"=HYPERLINK(""https://www.release.tdnet.info/inbs/140120260511523425.pdf"", ""2026年3月期 決算短信〔日本基準〕(連結)"")","=HYPERLINK(""pdf_tmp/20260512/9407_1500_RKB毎日HD_2026年3月期 決算短信〔日本基準〕(連結).pdf"", ""2026年3月期 決算短信〔日本基準〕(連結)"")",,,,,,,,,,,4 5,,,,,,,,,,,,,https://www.release.tdnet.info/inbs/140120260511523425.pdf
20260512,9408,BSNメディアHD,決算短信,"=HYPERLINK(""https://www.release.tdnet.info/inbs/140120260511523300.pdf"", ""2026年3月期 決算短信〔日本基準〕(連結)"")","=HYPERLINK(""pdf_tmp/20260512/9408_1540_BSNメディアHD_2026年3月期 決算短信〔日本基準〕(連結).pdf"", ""2026年3月期 決算短信〔日本基準〕(連結)"")",,,,,,,,,,,,,,,,,,,4,,,,,https://www.release.tdnet.info/inbs/140120260511523300.pdf
20260512,9408,BSNメディアHD,その他,"=HYPERLINK(""https://www.release.tdnet.info/inbs/140120260511523320.pdf"", ""当社株式の大規模買付行為等への対応方針(買収への対応方針)の導入について"")","=HYPERLINK(""pdf_tmp/20260512/9408_1540_BSNメディアHD_当社株式の大規模買付行為等への対応方針(買収への対応方針)の導入について.pdf"", ""当社株式の大規模買付行為等への対応方針(買収への対応方針)の導入について"")",,,,,,,,,,,,,,,,,,,9,,,,,https://www.release.tdnet.info/inbs/140120260511523320.pdf
20260512,9433,KDDI,その他,"=HYPERLINK(""https://www.release.tdnet.info/inbs/140120260512524005.pdf"", ""2026年3月期 決算説明会資料(決算)"")","=HYPERLINK(""pdf_tmp/20260512/9433_1545_KDDI_2026年3月期 決算説明会資料(決算).pdf"", ""2026年3月期 決算説明会資料(決算)"")",,,,,,,,,,,4,,,,,,,,,,,,,https://www.release.tdnet.info/inbs/140120260512524005.pdf
20260512,9433,KDDI,その他,"=HYPERLINK(""https://www.release.tdnet.info/inbs/140120260512524013.pdf"", ""取締役等に対する業績連動型株式報酬制度の継続及び一部改定の件"")","=HYPERLINK(""pdf_tmp/20260512/9433_1545_KDDI_取締役等に対する業績連動型株式報酬制度の継続及び一部改定の件.pdf"", ""取締役等に対する業績連動型株式報酬制度の継続及び一部改定の件"")",,,,,,,,,,6,,,,,,,,,,,,,,https://www.release.tdnet.info/inbs/140120260512524013.pdf
20260512,9438,エムティーアイ,決算短信,"=HYPERLINK(""https://www.release.tdnet.info/inbs/140120260511523767.pdf"", ""2026年9月期 第2四半期決算短信〔日本基準〕(連結)"")","=HYPERLINK(""pdf_tmp/20260512/9438_1400_エムティーアイ_2026年9月期 第2四半期決算短信〔日本基準〕(連結).pdf"", ""2026年9月期 第2四半期決算短信〔日本基準〕(連結)"")",,,,,,,,,,,5,,,,,,,,,,,,,https://www.release.tdnet.info/inbs/140120260511523767.pdf
20260512,9441,ベルパーク,決算短信,"=HYPERLINK(""https://www.release.tdnet.info/inbs/140120260427512155.pdf"", ""2026年12月期 第1四半期決算短信〔日本基準〕(連結)"")","=HYPERLINK(""pdf_tmp/20260512/9441_1400_ベルパーク_2026年12月期 第1四半期決算短信〔日本基準〕(連結).pdf"", ""2026年12月期 第1四半期決算短信〔日本基準〕(連結)"")",,,,,4,,,,,,,,,,,,,,,,,,,https://www.release.tdnet.info/inbs/140120260427512155.pdf
20260512,9466,アイドマMC,その他,"=HYPERLINK(""https://www.release.tdnet.info/inbs/140120260511521696.pdf"", ""子会社の設立に関するお知らせ"")","=HYPERLINK(""pdf_tmp/20260512/9466_1530_アイドマMC_子会社の設立に関するお知らせ.pdf"", ""子会社の設立に関するお知らせ"")",,,,,,,,,,,2,,,,,,,,,,,,,https://www.release.tdnet.info/inbs/140120260511521696.pdf
20260512,9517,イーレックス,その他,"=HYPERLINK(""https://www.release.tdnet.info/inbs/140120260512525668.pdf"", ""2026年3月期業績予想値と実績値との差異に関するお知らせ"")","=HYPERLINK(""pdf_tmp/20260512/9517_1530_イーレックス_2026年3月期業績予想値と実績値との差異に関するお知らせ.pdf"", ""2026年3月期業績予想値と実績値との差異に関するお知らせ"")",,,,,,,,,,,,1,,,,,,,,,,,,https://www.release.tdnet.info/inbs/140120260512525668.pdf
20260512,9639,三協フロンテ,決算短信,"=HYPERLINK(""https://www.release.tdnet.info/inbs/140120260512524642.pdf"", ""2026年3月期 決算短信 〔日本基準〕(連結)"")","=HYPERLINK(""pdf_tmp/20260512/9639_1500_三協フロンテ_2026年3月期 決算短信 〔日本基準〕(連結).pdf"", ""2026年3月期 決算短信 〔日本基準〕(連結)"")",,,,,,,,,,,,,,,,,4,,,,,,,https://www.release.tdnet.info/inbs/140120260512524642.pdf
20260512,9729,トーカイ,決算短信,"=HYPERLINK(""https://www.release.tdnet.info/inbs/140120260511523843.pdf"", ""2026年3月期決算短信〔日本基準〕(連結)"")","=HYPERLINK(""pdf_tmp/20260512/9729_1500_トーカイ_2026年3月期決算短信〔日本基準〕(連結).pdf"", ""2026年3月期決算短信〔日本基準〕(連結)"")",,,,,,,,,,,,,,,,,,,,,,4 5,,https://www.release.tdnet.info/inbs/140120260511523843.pdf
20260512,9729,トーカイ,その他,"=HYPERLINK(""https://www.release.tdnet.info/inbs/140120260511523849.pdf"", ""2026年3月期決算補足資料"")","=HYPERLINK(""pdf_tmp/20260512/9729_1500_トーカイ_2026年3月期決算補足資料.pdf"", ""2026年3月期決算補足資料"")",,,,,,,,,,,,3 6,,,,,,,,,,,,https://www.release.tdnet.info/inbs/140120260511523849.pdf
20260512,9755,応用地質,決算短信,"=HYPERLINK(""https://www.release.tdnet.info/inbs/140120260511521457.pdf"", ""2026年12月期 第1四半期決算短信〔日本基準〕(連結)"")","=HYPERLINK(""pdf_tmp/20260512/9755_1530_応用地質_2026年12月期 第1四半期決算短信〔日本基準〕(連結).pdf"", ""2026年12月期 第1四半期決算短信〔日本基準〕(連結)"")",,,,,,,,,,,,,,,4,,,,,,,,,https://www.release.tdnet.info/inbs/140120260511521457.pdf
20260512,9845,パーカー,決算短信,"=HYPERLINK(""https://www.release.tdnet.info/inbs/140120260512525722.pdf"", ""2026年3月期 決算短信〔日本基準〕(連結)"")","=HYPERLINK(""pdf_tmp/20260512/9845_1600_パーカー_2026年3月期 決算短信〔日本基準〕(連結).pdf"", ""2026年3月期 決算短信〔日本基準〕(連結)"")",,,,,,,,,,,,,,,,,,,4 6,,,,,https://www.release.tdnet.info/inbs/140120260512525722.pdf
20260512,9890,マキヤ,決算短信,"=HYPERLINK(""https://www.release.tdnet.info/inbs/140120260508519698.pdf"", ""2026年3月期 決算短信〔日本基準〕(連結)"")","=HYPERLINK(""pdf_tmp/20260512/9890_1500_マキヤ_2026年3月期 決算短信〔日本基準〕(連結).pdf"", ""2026年3月期 決算短信〔日本基準〕(連結)"")",,,,,,,,,,,4,,,,,,,,,,,,,https://www.release.tdnet.info/inbs/140120260508519698.pdf
20260512,9890,マキヤ,説明資料,"=HYPERLINK(""https://www.release.tdnet.info/inbs/140120260508519740.pdf"", ""2026年3月期(第74期)決算説明資料(速報版)"")","=HYPERLINK(""pdf_tmp/20260512/9890_1500_マキヤ_2026年3月期(第74期)決算説明資料(速報版).pdf"", ""2026年3月期(第74期)決算説明資料(速報版)"")",,,,,,,,,,,9,,,,,,,,,,,,,https://www.release.tdnet.info/inbs/140120260508519740.pdf
20260512,9991,ジェコス,その他,"=HYPERLINK(""https://www.release.tdnet.info/inbs/140120260512524346.pdf"", ""2026年3月期 決算説明会"")","=HYPERLINK(""pdf_tmp/20260512/9991_1130_ジェコス_2026年3月期 決算説明会.pdf"", ""2026年3月期 決算説明会"")",,,,,,,,,,,,,,,,,,,22,,,,,https://www.release.tdnet.info/inbs/140120260512524346.pdf
