日付,コード,会社名,分類,表題（リンク_TDnet）,表題（リンク_ローカル）,価格交渉,増産,価格改定,価格転嫁,値上,想定以上,上方修正,下方修正,想定以下,未達,大幅,計画を上,計画を下,計画以,需要回復,需要の回復,需要が増,需要が低,悪化,グローバルニッチトップ,トップシェア,シェア拡大,レアアース,URL（生）
20260513,4061,デンカ,その他,"=HYPERLINK(""https://www.release.tdnet.info/inbs/140120260512526600.pdf"", ""2026年3月期 決算説明会資料"")","=HYPERLINK(""pdf_tmp/20260513/4061_1000_デンカ_2026年3月期 決算説明会資料.pdf"", ""2026年3月期 決算説明会資料"")",,,14 27,18,11 13 23 26,,5,5,,,2 7 8 9 12 26 27,,,18,23,,,,23 26,,,,,https://www.release.tdnet.info/inbs/140120260512526600.pdf
20260513,5463,丸一鋼管,決算短信,"=HYPERLINK(""https://www.release.tdnet.info/inbs/140120260512526433.pdf"", ""2026年3月期 決算短信〔日本基準〕(連結)"")","=HYPERLINK(""pdf_tmp/20260513/5463_1530_丸一鋼管_2026年3月期 決算短信〔日本基準〕(連結).pdf"", ""2026年3月期 決算短信〔日本基準〕(連結)"")",,6,,6,6,,,,,,4,,,,6,6,6,,4 5,,,,,https://www.release.tdnet.info/inbs/140120260512526433.pdf
20260513,2980,SREHD,説明資料,"=HYPERLINK(""https://www.release.tdnet.info/inbs/140120260513529812.pdf"", ""2026年3月期 決算説明資料"")","=HYPERLINK(""pdf_tmp/20260513/2980_1530_SREHD_2026年3月期 決算説明資料.pdf"", ""2026年3月期 決算説明資料"")",,,13,,9,13,,,,13,3 6 13 15 23,7,,,,,,,,,,18,,https://www.release.tdnet.info/inbs/140120260513529812.pdf
20260513,6417,SANKYO,説明資料,"=HYPERLINK(""https://www.release.tdnet.info/inbs/140120260512526540.pdf"", ""2026年3月期決算説明資料"")","=HYPERLINK(""pdf_tmp/20260513/6417_1130_SANKYO_2026年3月期決算説明資料.pdf"", ""2026年3月期決算説明資料"")",,4 11 13 17 18 40 43 48 49,,,,,,,,18,17,,,,21,,,,20,,3 17 18 24 35,21 22,,https://www.release.tdnet.info/inbs/140120260512526540.pdf
20260513,4635,東インキ,資本コストや株価,"=HYPERLINK(""https://www.release.tdnet.info/inbs/140120260507517604.pdf"", ""2027年3月期業績予想・2026年3月期決算概況および資本コストや株価を意識した経営の実現に向けた対応(2026年5月アップデート版)"")","=HYPERLINK(""pdf_tmp/20260513/4635_1400_東インキ_2027年3月期業績予想・2026年3月期決算概況および資本コストや株価を意識した経営の実現に向けた対応(2026年5月アップデート版).pdf"", ""2027年3月期業績予想・2026年3月期決算概況および資本コストや株価を意識した経営の実現に向けた対応(2026年5月アップデート版)"")",,,8 9 11 13 16 18 19 32,7 13,,3,,,,,6 16 23 30,,,8,,,,,16 30 38,,,,,https://www.release.tdnet.info/inbs/140120260507517604.pdf
20260513,5232,住友大阪,その他,"=HYPERLINK(""https://www.release.tdnet.info/inbs/140120260512527162.pdf"", ""2026-28年度 中期経営計画"")","=HYPERLINK(""pdf_tmp/20260513/5232_1430_住友大阪_2026-28年度 中期経営計画.pdf"", ""2026-28年度 中期経営計画"")",,25,,,12 16 22 24 26 27 28,,,,,,45,,13,12,,,,,13,,,,,https://www.release.tdnet.info/inbs/140120260512527162.pdf
20260513,5463,丸一鋼管,その他,"=HYPERLINK(""https://www.release.tdnet.info/inbs/140120260512526567.pdf"", ""2026年3月期 決算説明会資料"")","=HYPERLINK(""pdf_tmp/20260513/5463_1530_丸一鋼管_2026年3月期 決算説明会資料.pdf"", ""2026年3月期 決算説明会資料"")",,14,,19,12,,,,,,6,,,,12,,,,6,,,,,https://www.release.tdnet.info/inbs/140120260512526567.pdf
20260513,6379,レイズネクスト,説明資料,"=HYPERLINK(""https://www.release.tdnet.info/inbs/140120260513528669.pdf"", ""2026年3月期通期決算説明資料"")","=HYPERLINK(""pdf_tmp/20260513/6379_1400_レイズネクスト_2026年3月期通期決算説明資料.pdf"", ""2026年3月期通期決算説明資料"")",,,,,,,2,,,,25 28 56,2 3 23,,,,,9 16 31 32,,,,,56,32,https://www.release.tdnet.info/inbs/140120260513528669.pdf
20260513,6768,タムラ製,その他,"=HYPERLINK(""https://www.release.tdnet.info/inbs/140120260513529412.pdf"", ""2026年3月期 決算説明会資料"")","=HYPERLINK(""pdf_tmp/20260513/6768_1500_タムラ製_2026年3月期 決算説明会資料.pdf"", ""2026年3月期 決算説明会資料"")",,,14,5,,,,,,,21 22 23 50,,,29,,,,,31 32,,,15 23,,https://www.release.tdnet.info/inbs/140120260513529412.pdf
20260513,7296,FCC,説明資料,"=HYPERLINK(""https://www.release.tdnet.info/inbs/140120260513528152.pdf"", ""2025年度決算説明資料及び第13次中期経営計画"")","=HYPERLINK(""pdf_tmp/20260513/7296_1530_FCC_2025年度決算説明資料及び第13次中期経営計画.pdf"", ""2025年度決算説明資料及び第13次中期経営計画"")",,42,,7 8 19,,,,29,,,42,,,,,,,,,,,29,38,https://www.release.tdnet.info/inbs/140120260513528152.pdf
20260513,7637,白銅,説明資料,"=HYPERLINK(""https://www.release.tdnet.info/inbs/140120260513528440.pdf"", ""2026年3月期 決算説明資料"")","=HYPERLINK(""pdf_tmp/20260513/7637_1500_白銅_2026年3月期 決算説明資料.pdf"", ""2026年3月期 決算説明資料"")",,,,22,,,22,22,,22,14 28,,,,4 15 16 22,,,,,,,,,https://www.release.tdnet.info/inbs/140120260513528440.pdf
20260513,255A,ジーエルテクノHD,説明資料,"=HYPERLINK(""https://www.release.tdnet.info/inbs/140120260512526901.pdf"", ""2026年3月期 決算説明資料"")","=HYPERLINK(""pdf_tmp/20260513/255A_1500_ジーエルテクノHD_2026年3月期 決算説明資料.pdf"", ""2026年3月期 決算説明資料"")",,23 46,,,,,,,,,13 18 21 24 30,31,,,,,,,5 17 43,,,34 36,,https://www.release.tdnet.info/inbs/140120260512526901.pdf
20260513,2897,日清食HD,その他,"=HYPERLINK(""https://www.release.tdnet.info/inbs/140120260513527731.pdf"", ""2025年度 通期決算報告"")","=HYPERLINK(""pdf_tmp/20260513/2897_1315_日清食HD_2025年度 通期決算報告.pdf"", ""2025年度 通期決算報告"")",,,2 7 9 19 20 21 29 30 47 94 95 96 97 102 103,,,,,19,,,9 61 104,,,,,,,,7 61 96,,,2 20,,https://www.release.tdnet.info/inbs/140120260513527731.pdf
20260513,3040,ソリトンシステムズ,説明資料,"=HYPERLINK(""https://www.release.tdnet.info/inbs/140120260513529669.pdf"", ""2026年12月期 第1四半期決算補足説明資料"")","=HYPERLINK(""pdf_tmp/20260513/3040_1600_ソリトンシステムズ_2026年12月期 第1四半期決算補足説明資料.pdf"", ""2026年12月期 第1四半期決算補足説明資料"")",,24,16,,7,,,,,,7 24,,,,,,,,,,,33,,https://www.release.tdnet.info/inbs/140120260513529669.pdf
20260513,4005,住友化,その他,"=HYPERLINK(""https://www.release.tdnet.info/inbs/140120260513529289.pdf"", ""住友化学株式会社による広栄化学株式会社の完全子会社化に関する 株式交換契約締結(簡易株式交換)のお知らせ"")","=HYPERLINK(""pdf_tmp/20260513/4005_1300_住友化_住友化学株式会社による広栄化学株式会社の完全子会社化に関する 株式交換契約締結(簡易株式交換)のお知らせ.pdf"", ""住友化学株式会社による広栄化学株式会社の完全子会社化に関する 株式交換契約締結(簡易株式交換)のお知らせ"")",15,,,,,,11 35,10 34,,,7 8,,,,,,,,7 8,,,,,https://www.release.tdnet.info/inbs/140120260513529289.pdf
20260513,4183,三井化学,決算短信,"=HYPERLINK(""https://www.release.tdnet.info/inbs/140120260508519131.pdf"", ""2026年3月期 決算短信[IFRS](連結)"")","=HYPERLINK(""pdf_tmp/20260513/4183_1300_三井化学_2026年3月期 決算短信[IFRS](連結).pdf"", ""2026年3月期 決算短信[IFRS](連結)"")",,,6,,,,,,,,4,,,,6,,,,5 6,,4,,,https://www.release.tdnet.info/inbs/140120260508519131.pdf
20260513,4188,三菱ケミカルグループ,その他,"=HYPERLINK(""https://www.release.tdnet.info/inbs/140120260513528408.pdf"", ""2026年3月期 決算説明"")","=HYPERLINK(""pdf_tmp/20260513/4188_1330_三菱ケミカルグループ_2026年3月期 決算説明.pdf"", ""2026年3月期 決算説明"")",,,9 27,,15 19,,,,,,,24,,,,25,,,3 8 9 10 27,,,,,https://www.release.tdnet.info/inbs/140120260513528408.pdf
20260513,4367,広栄化学,その他,"=HYPERLINK(""https://www.release.tdnet.info/inbs/140120260513527926.pdf"", ""住友化学株式会社による広栄化学株式会社の完全子会社化に関する株式交換契約締結(簡易株式交換)のお知らせ"")","=HYPERLINK(""pdf_tmp/20260513/4367_1300_広栄化学_住友化学株式会社による広栄化学株式会社の完全子会社化に関する株式交換契約締結(簡易株式交換)のお知らせ.pdf"", ""住友化学株式会社による広栄化学株式会社の完全子会社化に関する株式交換契約締結(簡易株式交換)のお知らせ"")",15,,,,,,11 35,10 34,,,7 8,,,,,,,,7 8,,,,,https://www.release.tdnet.info/inbs/140120260513527926.pdf
20260513,4480,メドレー,説明資料,"=HYPERLINK(""https://www.release.tdnet.info/inbs/140120260512526974.pdf"", ""2026年12月期 第1四半期決算説明資料"")","=HYPERLINK(""pdf_tmp/20260513/4480_1530_メドレー_2026年12月期 第1四半期決算説明資料.pdf"", ""2026年12月期 第1四半期決算説明資料"")",,,4,,,,,,,,52,,,,,,,,36,,56,18,,https://www.release.tdnet.info/inbs/140120260512526974.pdf
20260513,4527,ロート薬,その他,"=HYPERLINK(""https://www.release.tdnet.info/inbs/140120260513528827.pdf"", ""2026年3月期決算説明会 (2025年4月~2026年3月)"")","=HYPERLINK(""pdf_tmp/20260513/4527_1530_ロート薬_2026年3月期決算説明会 (2025年4月~2026年3月).pdf"", ""2026年3月期決算説明会 (2025年4月~2026年3月)"")",,,,,10,,,,,13,4 6 11 12 13 15 17 18,11 12,,,,,,,,,28,,,https://www.release.tdnet.info/inbs/140120260513528827.pdf
20260513,5076,インフロニアHD,その他,"=HYPERLINK(""https://www.release.tdnet.info/inbs/140120260511523002.pdf"", ""2026年3月期アナリスト向け決算説明会資料"")","=HYPERLINK(""pdf_tmp/20260513/5076_1030_インフロニアHD_2026年3月期アナリスト向け決算説明会資料.pdf"", ""2026年3月期アナリスト向け決算説明会資料"")",,,50,5 45 46 47,,,,,,,4 10 28 31,11,,,,,,,3,,,,,https://www.release.tdnet.info/inbs/140120260511523002.pdf
20260513,5232,住友大阪,説明資料,"=HYPERLINK(""https://www.release.tdnet.info/inbs/140120260512525749.pdf"", ""2025年度(2026年3月期) 決算説明資料"")","=HYPERLINK(""pdf_tmp/20260513/5232_1430_住友大阪_2025年度(2026年3月期) 決算説明資料.pdf"", ""2025年度(2026年3月期) 決算説明資料"")",,,,,3 5 8,,,,,3,3,,,,10,,,,5 10,,,,,https://www.release.tdnet.info/inbs/140120260512525749.pdf
20260513,6845,アズビル,決算短信,"=HYPERLINK(""https://www.release.tdnet.info/inbs/140120260512525154.pdf"", ""2026年3月期 決算短信〔日本基準〕(連結)"")","=HYPERLINK(""pdf_tmp/20260513/6845_1530_アズビル_2026年3月期 決算短信〔日本基準〕(連結).pdf"", ""2026年3月期 決算短信〔日本基準〕(連結)"")",,,,4 5 6 7 8 9 13,,,,,,,,8,,,8,5,8,,,,,,,https://www.release.tdnet.info/inbs/140120260512525154.pdf
20260513,6914,オプテックスグループ,説明資料,"=HYPERLINK(""https://www.release.tdnet.info/inbs/140120260513528171.pdf"", ""2026年12月期 第1四半期 決算説明資料"")","=HYPERLINK(""pdf_tmp/20260513/6914_1530_オプテックスグループ_2026年12月期 第1四半期 決算説明資料.pdf"", ""2026年12月期 第1四半期 決算説明資料"")",,,8 11 20,,11,,,,,,,,,,9 13,4,,,,,37,,,https://www.release.tdnet.info/inbs/140120260513528171.pdf
20260513,7912,大日印,決算短信,"=HYPERLINK(""https://www.release.tdnet.info/inbs/140120260512527034.pdf"", ""2026年3月期 決算短信〔日本基準〕(連結)"")","=HYPERLINK(""pdf_tmp/20260513/7912_1530_大日印_2026年3月期 決算短信〔日本基準〕(連結).pdf"", ""2026年3月期 決算短信〔日本基準〕(連結)"")",,5 8,,,,,,,,,,,,,,,,8,5,,8 15,8,,https://www.release.tdnet.info/inbs/140120260512527034.pdf
20260513,7912,大日印,その他,"=HYPERLINK(""https://www.release.tdnet.info/inbs/140120260512527147.pdf"", ""新中期経営計画の公表について"")","=HYPERLINK(""pdf_tmp/20260513/7912_1530_大日印_新中期経営計画の公表について.pdf"", ""新中期経営計画の公表について"")",,9,,29 30,,,5,,,19,15,,,,,,,,,,,,,https://www.release.tdnet.info/inbs/140120260512527147.pdf
20260513,7990,グローブライド,その他,"=HYPERLINK(""https://www.release.tdnet.info/inbs/140120260513529513.pdf"", ""中期経営計画の見直しに関するお知らせ"")","=HYPERLINK(""pdf_tmp/20260513/7990_1530_グローブライド_中期経営計画の見直しに関するお知らせ.pdf"", ""中期経営計画の見直しに関するお知らせ"")",,,18,,,,,,,8,,,,,,,,,31,,28,20 33,,https://www.release.tdnet.info/inbs/140120260513529513.pdf
20260513,1605,INPEX,説明資料,"=HYPERLINK(""https://www.release.tdnet.info/inbs/140120260512526394.pdf"", ""2026年12月期 第1四半期決算補足説明資料"")","=HYPERLINK(""pdf_tmp/20260513/1605_1530_INPEX_2026年12月期 第1四半期決算補足説明資料.pdf"", ""2026年12月期 第1四半期決算補足説明資料"")",,3,,,,,3 8,,,,2 3,,,,,,,,3 8,,,,,https://www.release.tdnet.info/inbs/140120260512526394.pdf
20260513,2264,森永乳,その他,"=HYPERLINK(""https://www.release.tdnet.info/inbs/140120260512526012.pdf"", ""2026年3月期決算説明会"")","=HYPERLINK(""pdf_tmp/20260513/2264_1400_森永乳_2026年3月期決算説明会.pdf"", ""2026年3月期決算説明会"")",,29,2 4 5 11 13 28 29,,,,,,,,4 28,,,,,,,,17 20,,,,,https://www.release.tdnet.info/inbs/140120260512526012.pdf
20260513,2342,トランスジェニックG,決算短信,"=HYPERLINK(""https://www.release.tdnet.info/inbs/140120260430515747.pdf"", ""2026年3月期 決算短信[日本基準](連結)"")","=HYPERLINK(""pdf_tmp/20260513/2342_1545_トランスジェニックG_2026年3月期 決算短信[日本基準](連結).pdf"", ""2026年3月期 決算短信[日本基準](連結)"")",4,,,4,,,,,,,4,,,,,,,,4,,,,,https://www.release.tdnet.info/inbs/140120260430515747.pdf
20260513,255A,ジーエルテクノHD,決算短信,"=HYPERLINK(""https://www.release.tdnet.info/inbs/140120260512526872.pdf"", ""2026年3月期決算短信〔日本基準〕(連結)"")","=HYPERLINK(""pdf_tmp/20260513/255A_1500_ジーエルテクノHD_2026年3月期決算短信〔日本基準〕(連結).pdf"", ""2026年3月期決算短信〔日本基準〕(連結)"")",,5 7,,,,,,,,,7,5,,,,,,,4,,,,,https://www.release.tdnet.info/inbs/140120260512526872.pdf
20260513,2815,アリアケ,その他,"=HYPERLINK(""https://www.release.tdnet.info/inbs/140120260512527214.pdf"", ""2026年3月期決算説明会資料"")","=HYPERLINK(""pdf_tmp/20260513/2815_1000_アリアケ_2026年3月期決算説明会資料.pdf"", ""2026年3月期決算説明会資料"")",,,6 8 11 15,,6 7 11,6,,,,,,,,16 18,,,,,,,,,,https://www.release.tdnet.info/inbs/140120260512527214.pdf
20260513,2897,日清食HD,その他,"=HYPERLINK(""https://www.release.tdnet.info/inbs/140120260513527703.pdf"", ""2026年3月期 決算補足資料"")","=HYPERLINK(""pdf_tmp/20260513/2897_1315_日清食HD_2026年3月期 決算補足資料.pdf"", ""2026年3月期 決算補足資料"")",,,19,,,,15,15,,,23,,,,,,,,,,,,,https://www.release.tdnet.info/inbs/140120260513527703.pdf
20260513,3597,自重堂,決算短信,"=HYPERLINK(""https://www.release.tdnet.info/inbs/140120260423508719.pdf"", ""2026年6月期 第3四半期決算短信〔日本基準〕(連結)"")","=HYPERLINK(""pdf_tmp/20260513/3597_1535_自重堂_2026年6月期 第3四半期決算短信〔日本基準〕(連結).pdf"", ""2026年6月期 第3四半期決算短信〔日本基準〕(連結)"")",,,,,4,,,,,,,,,,,,,4,4,,,4,,https://www.release.tdnet.info/inbs/140120260423508719.pdf
20260513,3676,デジハHD,説明資料,"=HYPERLINK(""https://www.release.tdnet.info/inbs/140120260513528732.pdf"", ""2026年3月期 決算説明資料"")","=HYPERLINK(""pdf_tmp/20260513/3676_1600_デジハHD_2026年3月期 決算説明資料.pdf"", ""2026年3月期 決算説明資料"")",,,,,7 36 40,,,,,,4 5 7 18 24 39,31,,,,,,,,,8 40,,,https://www.release.tdnet.info/inbs/140120260513528732.pdf
20260513,3992,ニーズウェル,説明資料,"=HYPERLINK(""https://www.release.tdnet.info/inbs/140120260512524353.pdf"", ""2026年9月期(第40期)第2四半期決算説明資料"")","=HYPERLINK(""pdf_tmp/20260513/3992_1540_ニーズウェル_2026年9月期(第40期)第2四半期決算説明資料.pdf"", ""2026年9月期(第40期)第2四半期決算説明資料"")",,,,,,,3,,,,3,3,,,,,,,,,,11 17,,https://www.release.tdnet.info/inbs/140120260512524353.pdf
20260513,4004,レゾナックHD,説明資料,"=HYPERLINK(""https://www.release.tdnet.info/inbs/140120260513528078.pdf"", ""2026年12月期第1四半期決算説明資料"")","=HYPERLINK(""pdf_tmp/20260513/4004_1530_レゾナックHD_2026年12月期第1四半期決算説明資料.pdf"", ""2026年12月期第1四半期決算説明資料"")",,,9 24,,,,2 14 15 21,,,,2 4 15,,,,,,,,5 11,,,,,https://www.release.tdnet.info/inbs/140120260513528078.pdf
20260513,4027,テイカ,その他,"=HYPERLINK(""https://www.release.tdnet.info/inbs/140120260512524811.pdf"", ""中期経営計画 「MOVING-10 STAGE3」 策定のお知らせ"")","=HYPERLINK(""pdf_tmp/20260513/4027_1530_テイカ_中期経営計画 「MOVING-10 STAGE3」 策定のお知らせ.pdf"", ""中期経営計画 「MOVING-10 STAGE3」 策定のお知らせ"")",,,13,,,,,,,,9,,,,,,,,5,4,,,,https://www.release.tdnet.info/inbs/140120260512524811.pdf
20260513,4078,堺化学,決算短信,"=HYPERLINK(""https://www.release.tdnet.info/inbs/140120260420506894.pdf"", ""2026年3月期 決算短信〔日本基準〕(連結)"")","=HYPERLINK(""pdf_tmp/20260513/4078_1500_堺化学_2026年3月期 決算短信〔日本基準〕(連結).pdf"", ""2026年3月期 決算短信〔日本基準〕(連結)"")",,,5,,5,,,,,,24,,,,,,,5,,,,,,https://www.release.tdnet.info/inbs/140120260420506894.pdf
20260513,4182,菱瓦斯化,説明資料,"=HYPERLINK(""https://www.release.tdnet.info/inbs/140120260512526003.pdf"", ""2025年度 決算説明資料"")","=HYPERLINK(""pdf_tmp/20260513/4182_1530_菱瓦斯化_2025年度 決算説明資料.pdf"", ""2025年度 決算説明資料"")",,,19,2,,,,,,,,,,,18 19,,,,2 3 7 8 13 17 20,,,,,https://www.release.tdnet.info/inbs/140120260512526003.pdf
20260513,4183,三井化学,その他,"=HYPERLINK(""https://www.release.tdnet.info/inbs/140120260512526377.pdf"", ""2025年度決算の概要及び2026年度業績予想の概要"")","=HYPERLINK(""pdf_tmp/20260513/4183_1300_三井化学_2025年度決算の概要及び2026年度業績予想の概要.pdf"", ""2025年度決算の概要及び2026年度業績予想の概要"")",,,10 13 22 23 31 32,,5 27,,,,,,,,,,4 14,,,,4 5 10 16 22,,,,,https://www.release.tdnet.info/inbs/140120260512526377.pdf
20260513,421A,G-ムービン,説明資料,"=HYPERLINK(""https://www.release.tdnet.info/inbs/140120260513528969.pdf"", ""2026年12月期 第1四半期決算説明資料"")","=HYPERLINK(""pdf_tmp/20260513/421A_1800_G-ムービン_2026年12月期 第1四半期決算説明資料.pdf"", ""2026年12月期 第1四半期決算説明資料"")",,,,,,,2 9 10,,,,2,2 9,,2 8 9,,,,,,,,,,https://www.release.tdnet.info/inbs/140120260513528969.pdf
20260513,4548,生化学,決算短信,"=HYPERLINK(""https://www.release.tdnet.info/inbs/140120260513528812.pdf"", ""2026年3月期 決算短信〔日本基準〕(連結)"")","=HYPERLINK(""pdf_tmp/20260513/4548_1600_生化学_2026年3月期 決算短信〔日本基準〕(連結).pdf"", ""2026年3月期 決算短信〔日本基準〕(連結)"")",,8,,,,,,,,8 9,4,,,,,,,,,,4,,,https://www.release.tdnet.info/inbs/140120260513528812.pdf
20260513,5957,日東精工,説明資料,"=HYPERLINK(""https://www.release.tdnet.info/inbs/140120260513528126.pdf"", ""2026年12月期第1四半期 決算補足説明資料"")","=HYPERLINK(""pdf_tmp/20260513/5957_1530_日東精工_2026年12月期第1四半期 決算補足説明資料.pdf"", ""2026年12月期第1四半期 決算補足説明資料"")",,16 18,,5,,,,,,,6,,,,,,11 13,,,,,,,https://www.release.tdnet.info/inbs/140120260513528126.pdf
20260513,6022,赤阪鉄,決算短信,"=HYPERLINK(""https://www.release.tdnet.info/inbs/140120260512525866.pdf"", ""2026年3月期 決算短信〔日本基準〕(非連結)"")","=HYPERLINK(""pdf_tmp/20260513/6022_1530_赤阪鉄_2026年3月期 決算短信〔日本基準〕(非連結).pdf"", ""2026年3月期 決算短信〔日本基準〕(非連結)"")",,,,,4,,,,,,4,,4,,,,,,4,,,,,https://www.release.tdnet.info/inbs/140120260512525866.pdf
20260513,6030,G-アドベンチャー,説明資料,"=HYPERLINK(""https://www.release.tdnet.info/inbs/140120260512527582.pdf"", ""2026年6月期第3四半期 決算説明資料"")","=HYPERLINK(""pdf_tmp/20260513/6030_1530_G-アドベンチャー_2026年6月期第3四半期 決算説明資料.pdf"", ""2026年6月期第3四半期 決算説明資料"")",,,,,,,,,,,15,,,,,20,29,,8,,,,,https://www.release.tdnet.info/inbs/140120260512527582.pdf
20260513,6181,G-タメニー,事業計画,"=HYPERLINK(""https://www.release.tdnet.info/inbs/140120260513528545.pdf"", ""事業計画及び成長可能性に関する事項"")","=HYPERLINK(""pdf_tmp/20260513/6181_1530_G-タメニー_事業計画及び成長可能性に関する事項.pdf"", ""事業計画及び成長可能性に関する事項"")",,,7,,,,,30,,,6 9 11,,,,,,,,35,,,,,https://www.release.tdnet.info/inbs/140120260513528545.pdf
20260513,6368,オルガノ,その他,"=HYPERLINK(""https://www.release.tdnet.info/inbs/140120260512527047.pdf"", ""2026年3月期決算説明会資料"")","=HYPERLINK(""pdf_tmp/20260513/6368_1530_オルガノ_2026年3月期決算説明会資料.pdf"", ""2026年3月期決算説明会資料"")",,,,,5,5,,,,,18,,,,,,,,38,,,,,https://www.release.tdnet.info/inbs/140120260512527047.pdf
20260513,6645,オムロン,説明資料,"=HYPERLINK(""https://www.release.tdnet.info/inbs/140120260513529795.pdf"", ""2026年3月期 決算説明資料"")","=HYPERLINK(""pdf_tmp/20260513/6645_1535_オムロン_2026年3月期 決算説明資料.pdf"", ""2026年3月期 決算説明資料"")",,,,,,,,,,,2 9,,,,,23,,,28,,,23,,https://www.release.tdnet.info/inbs/140120260513529795.pdf
20260513,6963,ローム,その他,"=HYPERLINK(""https://www.release.tdnet.info/inbs/140120260513527663.pdf"", ""決算説明会 2025年度 通期業績"")","=HYPERLINK(""pdf_tmp/20260513/6963_1000_ローム_決算説明会 2025年度 通期業績.pdf"", ""決算説明会 2025年度 通期業績"")",,,,16,10 16,,,7,,,,,,,,,,,21,,,,,https://www.release.tdnet.info/inbs/140120260513527663.pdf
20260513,7187,ジェイリース,説明資料,"=HYPERLINK(""https://www.release.tdnet.info/inbs/140120260513528526.pdf"", ""2026年3月期決算説明資料"")","=HYPERLINK(""pdf_tmp/20260513/7187_1600_ジェイリース_2026年3月期決算説明資料.pdf"", ""2026年3月期決算説明資料"")",,,,,,,,,,,13 14 16 19,3 6 10 14,,,,,21,,21,,,,,https://www.release.tdnet.info/inbs/140120260513528526.pdf
20260513,7305,新家工,資本コストや株価,"=HYPERLINK(""https://www.release.tdnet.info/inbs/140120260513529341.pdf"", ""中期経営計画2026 2025年度進捗報告および資本コストや株価を意識した経営の実現に向けた対応について"")","=HYPERLINK(""pdf_tmp/20260513/7305_1630_新家工_中期経営計画2026 2025年度進捗報告および資本コストや株価を意識した経営の実現に向けた対応について.pdf"", ""中期経営計画2026 2025年度進捗報告および資本コストや株価を意識した経営の実現に向けた対応について"")",,,,,4 5,3,,,,,,,3 17,,,,,,3,,,,,https://www.release.tdnet.info/inbs/140120260513529341.pdf
20260513,7698,アイスコ,説明資料,"=HYPERLINK(""https://www.release.tdnet.info/inbs/140120260512527085.pdf"", ""2026年3月期決算説明資料"")","=HYPERLINK(""pdf_tmp/20260513/7698_1530_アイスコ_2026年3月期決算説明資料.pdf"", ""2026年3月期決算説明資料"")",,,42,,42,,,,,,16 17 23,,,,,,,,45,,,,,https://www.release.tdnet.info/inbs/140120260512527085.pdf
20260513,7729,東精密,その他,"=HYPERLINK(""https://www.release.tdnet.info/inbs/140120260513528222.pdf"", ""2025年度(2026年3月期) 決算説明会 (ノート付)"")","=HYPERLINK(""pdf_tmp/20260513/7729_1800_東精密_2025年度(2026年3月期) 決算説明会 (ノート付).pdf"", ""2025年度(2026年3月期) 決算説明会 (ノート付)"")",,,17,,,,,,,,4,4,,,17,,,,,,,,,https://www.release.tdnet.info/inbs/140120260513528222.pdf
20260513,9005,東急,その他,"=HYPERLINK(""https://www.release.tdnet.info/inbs/140120260507517559.pdf"", ""2026年3月期 決算説明会資料"")","=HYPERLINK(""pdf_tmp/20260513/9005_1000_東急_2026年3月期 決算説明会資料.pdf"", ""2026年3月期 決算説明会資料"")",,,,,,,11,,,,26 31,25,,,,,,,,,,26,,https://www.release.tdnet.info/inbs/140120260507517559.pdf
20260513,9272,G-ブティックス,事業計画,"=HYPERLINK(""https://www.release.tdnet.info/inbs/140120260409500846.pdf"", ""事業計画及び成長可能性に関する説明資料"")","=HYPERLINK(""pdf_tmp/20260513/9272_1600_G-ブティックス_事業計画及び成長可能性に関する説明資料.pdf"", ""事業計画及び成長可能性に関する説明資料"")",,,,,,53,,,,37 38 39,16 29 31 33 35 50 54 57 58,,,,,,,,48 51,,,,,https://www.release.tdnet.info/inbs/140120260409500846.pdf
20260513,9272,G-ブティックス,その他,"=HYPERLINK(""https://www.release.tdnet.info/inbs/140120260501516128.pdf"", ""第二次中期経営計画の策定に関するお知らせ"")","=HYPERLINK(""pdf_tmp/20260513/9272_1600_G-ブティックス_第二次中期経営計画の策定に関するお知らせ.pdf"", ""第二次中期経営計画の策定に関するお知らせ"")",,,,,,47,,,,2 31 32 33,18 44 48 51 52,,,,,,,,42 45,,,,,https://www.release.tdnet.info/inbs/140120260501516128.pdf
20260513,143A,G-イシン,説明資料,"=HYPERLINK(""https://www.release.tdnet.info/inbs/140120260513529071.pdf"", ""2026年3月期決算説明資料"")","=HYPERLINK(""pdf_tmp/20260513/143A_1530_G-イシン_2026年3月期決算説明資料.pdf"", ""2026年3月期決算説明資料"")",,,,,,,,,,6,17,,,,,,,,,,,7 10 13,,https://www.release.tdnet.info/inbs/140120260513529071.pdf
20260513,1780,ヤマウラ,説明資料,"=HYPERLINK(""https://www.release.tdnet.info/inbs/140120260512527224.pdf"", ""2026年3月期 通期決算説明資料"")","=HYPERLINK(""pdf_tmp/20260513/1780_1520_ヤマウラ_2026年3月期 通期決算説明資料.pdf"", ""2026年3月期 通期決算説明資料"")",,,,,,,13,,,15,8,,,,,,,,,,,,,https://www.release.tdnet.info/inbs/140120260512527224.pdf
20260513,1909,日本ドライケミカル,その他,"=HYPERLINK(""https://www.release.tdnet.info/inbs/140120260513530222.pdf"", ""TCG2511株式会社による当社株式に対する公開買付けに関する意見表明及び応募推奨に関するお知らせ"")","=HYPERLINK(""pdf_tmp/20260513/1909_1915_日本ドライケミカル_TCG2511株式会社による当社株式に対する公開買付けに関する意見表明及び応募推奨に関するお知らせ.pdf"", ""TCG2511株式会社による当社株式に対する公開買付けに関する意見表明及び応募推奨に関するお知らせ"")",74,,,,,,,,,,37 39 60 66 67 72 74,,,,,,,,,,,13,,https://www.release.tdnet.info/inbs/140120260513530222.pdf
20260513,1980,ダイダン,その他,"=HYPERLINK(""https://www.release.tdnet.info/inbs/140120260512526386.pdf"", ""2026年3月期 決算説明"")","=HYPERLINK(""pdf_tmp/20260513/1980_1300_ダイダン_2026年3月期 決算説明.pdf"", ""2026年3月期 決算説明"")",,,,5 6,,,,,,22,5 11 22 27 32 33,,,,,,,,,,,,,https://www.release.tdnet.info/inbs/140120260512526386.pdf
20260513,2220,亀田菓,決算短信,"=HYPERLINK(""https://www.release.tdnet.info/inbs/140120260513527973.pdf"", ""2026年3月期決算短信〔日本基準〕(連結)"")","=HYPERLINK(""pdf_tmp/20260513/2220_1330_亀田菓_2026年3月期決算短信〔日本基準〕(連結).pdf"", ""2026年3月期決算短信〔日本基準〕(連結)"")",,,4 5 8,,,,,,,,4 5,,,,,,,,2,,,,,https://www.release.tdnet.info/inbs/140120260513527973.pdf
20260513,2226,湖池屋,決算短信,"=HYPERLINK(""https://www.release.tdnet.info/inbs/140120260420506365.pdf"", ""2026年3月期 決算短信〔日本基準〕(連結)"")","=HYPERLINK(""pdf_tmp/20260513/2226_1315_湖池屋_2026年3月期 決算短信〔日本基準〕(連結).pdf"", ""2026年3月期 決算短信〔日本基準〕(連結)"")",,,4 6,,,,,,,,4,,,,,,,,4,,,,,https://www.release.tdnet.info/inbs/140120260420506365.pdf
20260513,2429,ワールドHD,説明資料,"=HYPERLINK(""https://www.release.tdnet.info/inbs/140120260513528776.pdf"", ""2026年12月期 第1四半期 決算説明資料"")","=HYPERLINK(""pdf_tmp/20260513/2429_1530_ワールドHD_2026年12月期 第1四半期 決算説明資料.pdf"", ""2026年12月期 第1四半期 決算説明資料"")",,,22,,,,,,,4 19,,4 5 12 15 21,,,,,,,,,,,,https://www.release.tdnet.info/inbs/140120260513528776.pdf
20260513,247A,G-Aiロボティクス,事業計画,"=HYPERLINK(""https://www.release.tdnet.info/inbs/140120260513530161.pdf"", ""2026年3月期 通期決算説明資料 事業計画及び成長可能性に関する資料"")","=HYPERLINK(""pdf_tmp/20260513/247A_1530_G-Aiロボティクス_2026年3月期 通期決算説明資料 事業計画及び成長可能性に関する資料.pdf"", ""2026年3月期 通期決算説明資料 事業計画及び成長可能性に関する資料"")",,,,,,,,,,,5 6 9 11 43,3,,,,,,,42,,,,,https://www.release.tdnet.info/inbs/140120260513530161.pdf
20260513,2531,宝HLD,その他,"=HYPERLINK(""https://www.release.tdnet.info/inbs/140120260513528339.pdf"", ""宝グループ中期経営計画2030の策定について"")","=HYPERLINK(""pdf_tmp/20260513/2531_1530_宝HLD_宝グループ中期経営計画2030の策定について.pdf"", ""宝グループ中期経営計画2030の策定について"")",,,,7,7,,,,,2,,,,,,,,,,,,,,https://www.release.tdnet.info/inbs/140120260513528339.pdf
20260513,268A,リガク,説明資料,"=HYPERLINK(""https://www.release.tdnet.info/inbs/140120260513529510.pdf"", ""2026年12月期第一四半期決算説明資料"")","=HYPERLINK(""pdf_tmp/20260513/268A_1530_リガク_2026年12月期第一四半期決算説明資料.pdf"", ""2026年12月期第一四半期決算説明資料"")",,,,,13 28,,,,,,2,,,,,,,,,,,20 41,,https://www.release.tdnet.info/inbs/140120260513529510.pdf
20260513,2908,フジッコ,決算短信,"=HYPERLINK(""https://www.release.tdnet.info/inbs/140120260512527552.pdf"", ""2026年3月期 決算短信〔日本基準〕(連結)"")","=HYPERLINK(""pdf_tmp/20260513/2908_1430_フジッコ_2026年3月期 決算短信〔日本基準〕(連結).pdf"", ""2026年3月期 決算短信〔日本基準〕(連結)"")",,,4,,,,,,,,,,,,5,,,,,,,6,,https://www.release.tdnet.info/inbs/140120260512527552.pdf
20260513,2922,なとり,決算短信,"=HYPERLINK(""https://www.release.tdnet.info/inbs/140120260417506177.pdf"", ""2026年3月期 決算短信〔日本基準〕(連結)"")","=HYPERLINK(""pdf_tmp/20260513/2922_1500_なとり_2026年3月期 決算短信〔日本基準〕(連結).pdf"", ""2026年3月期 決算短信〔日本基準〕(連結)"")",,7,4 5 7,,4,,,,,,,,,,,,,,,,,,,https://www.release.tdnet.info/inbs/140120260417506177.pdf
20260513,2993,長栄,説明資料,"=HYPERLINK(""https://www.release.tdnet.info/inbs/140120260512526646.pdf"", ""2026年3月期 決算補足説明資料"")","=HYPERLINK(""pdf_tmp/20260513/2993_1531_長栄_2026年3月期 決算補足説明資料.pdf"", ""2026年3月期 決算補足説明資料"")",,,,,31,,,,,,4,8,,,,,,,,,,,,https://www.release.tdnet.info/inbs/140120260512526646.pdf
20260513,3010,ポラリスHD,その他,"=HYPERLINK(""https://www.release.tdnet.info/inbs/140120260513530308.pdf"", ""「中期経営計画2030」の策定に関するお知らせ"")","=HYPERLINK(""pdf_tmp/20260513/3010_1600_ポラリスHD_「中期経営計画2030」の策定に関するお知らせ.pdf"", ""「中期経営計画2030」の策定に関するお知らせ"")",,,,,29,,,,,,1 10,,,,,,,,42,,,,,https://www.release.tdnet.info/inbs/140120260513530308.pdf
20260513,3010,ポラリスHD,説明資料,"=HYPERLINK(""https://www.release.tdnet.info/inbs/140120260513530583.pdf"", ""2026年3月期決算説明資料"")","=HYPERLINK(""pdf_tmp/20260513/3010_1630_ポラリスHD_2026年3月期決算説明資料.pdf"", ""2026年3月期決算説明資料"")",,,,,,,20,,,,2 4,,,,,,,,3 14 15,,,,,https://www.release.tdnet.info/inbs/140120260513530583.pdf
20260513,3107,ダイワボHD,説明資料,"=HYPERLINK(""https://www.release.tdnet.info/inbs/140120260513527820.pdf"", ""2026年3月期決算説明資料"")","=HYPERLINK(""pdf_tmp/20260513/3107_1530_ダイワボHD_2026年3月期決算説明資料.pdf"", ""2026年3月期決算説明資料"")",,18,,13,12 43,,,,,,,,,,,,,,,,,,,https://www.release.tdnet.info/inbs/140120260513527820.pdf
20260513,3237,G-イントランス,説明資料,"=HYPERLINK(""https://www.release.tdnet.info/inbs/140120260512527314.pdf"", ""2026年3月期決算説明資料"")","=HYPERLINK(""pdf_tmp/20260513/3237_1600_G-イントランス_2026年3月期決算説明資料.pdf"", ""2026年3月期決算説明資料"")",,,,,,,,12,,4 12,7 8 12 13 14,,,,,,,,,,,,,https://www.release.tdnet.info/inbs/140120260512527314.pdf
20260513,3402,東レ,その他,"=HYPERLINK(""https://www.release.tdnet.info/inbs/140120260512524972.pdf"", ""2026年3月期決算の概要と2027年3月期見通しについて"")","=HYPERLINK(""pdf_tmp/20260513/3402_1230_東レ_2026年3月期決算の概要と2027年3月期見通しについて.pdf"", ""2026年3月期決算の概要と2027年3月期見通しについて"")",,,,,,,,,,22,,,,,18,,,,6 10,,,,,https://www.release.tdnet.info/inbs/140120260512524972.pdf
20260513,3405,クラレ,決算短信,"=HYPERLINK(""https://www.release.tdnet.info/inbs/140120260512525850.pdf"", ""2026年12月期 第1四半期決算短信〔日本基準〕(連結)"")","=HYPERLINK(""pdf_tmp/20260513/3405_1300_クラレ_2026年12月期 第1四半期決算短信〔日本基準〕(連結).pdf"", ""2026年12月期 第1四半期決算短信〔日本基準〕(連結)"")",,,5,,,,,,,,,,,,,,,5,1 4 7,,,,,https://www.release.tdnet.info/inbs/140120260512525850.pdf
20260513,341A,G-トヨコー,説明資料,"=HYPERLINK(""https://www.release.tdnet.info/inbs/140120260508520772.pdf"", ""2026年3月期決算説明資料"")","=HYPERLINK(""pdf_tmp/20260513/341A_1530_G-トヨコー_2026年3月期決算説明資料.pdf"", ""2026年3月期決算説明資料"")",,,,17,5 17,,,,,,7 9 16 36,,,,,,,,,,,,,https://www.release.tdnet.info/inbs/140120260508520772.pdf
20260513,3449,テクノフレックス,その他,"=HYPERLINK(""https://www.release.tdnet.info/inbs/140120260513528150.pdf"", ""2026年12月期 第1四半期決算補足資料"")","=HYPERLINK(""pdf_tmp/20260513/3449_1630_テクノフレックス_2026年12月期 第1四半期決算補足資料.pdf"", ""2026年12月期 第1四半期決算補足資料"")",,,,,6,4,,,,,,,,,,,18 21 22,,,,,,,https://www.release.tdnet.info/inbs/140120260513528150.pdf
20260513,3484,イノベーションHD,決算短信,"=HYPERLINK(""https://www.release.tdnet.info/inbs/140120260512524619.pdf"", ""2026年3月期 決算短信〔日本基準〕(連結)"")","=HYPERLINK(""pdf_tmp/20260513/3484_1330_イノベーションHD_2026年3月期 決算短信〔日本基準〕(連結).pdf"", ""2026年3月期 決算短信〔日本基準〕(連結)"")",,,4 5,,4 5,,,,,,5,,,,,,,,,,,,,https://www.release.tdnet.info/inbs/140120260512524619.pdf
20260513,3840,PATH,決算短信,"=HYPERLINK(""https://www.release.tdnet.info/inbs/140120260513529853.pdf"", ""2026年3月期 決算短信〔日本基準〕(連結)"")","=HYPERLINK(""pdf_tmp/20260513/3840_1715_PATH_2026年3月期 決算短信〔日本基準〕(連結).pdf"", ""2026年3月期 決算短信〔日本基準〕(連結)"")",,,,,,,,,,,4 5 6 7 9 10,,,,,,,,4,,,,22,https://www.release.tdnet.info/inbs/140120260513529853.pdf
20260513,4027,テイカ,決算短信,"=HYPERLINK(""https://www.release.tdnet.info/inbs/140120260513529403.pdf"", ""2026年3月期 決算短信〔日本基準〕(連結)"")","=HYPERLINK(""pdf_tmp/20260513/4027_1530_テイカ_2026年3月期 決算短信〔日本基準〕(連結).pdf"", ""2026年3月期 決算短信〔日本基準〕(連結)"")",,,4,,,,,,,,,,,,,4,,,4,,,,,https://www.release.tdnet.info/inbs/140120260513529403.pdf
20260513,4042,東ソー,説明資料,"=HYPERLINK(""https://www.release.tdnet.info/inbs/140120260513529723.pdf"", ""2025年度決算説明資料"")","=HYPERLINK(""pdf_tmp/20260513/4042_1530_東ソー_2025年度決算説明資料.pdf"", ""2025年度決算説明資料"")",,,,,,,,,,,25,,,,8,,,,5 8 9 10 16,,,,,https://www.release.tdnet.info/inbs/140120260513529723.pdf
20260513,4042,東ソー,決算短信,"=HYPERLINK(""https://www.release.tdnet.info/inbs/140120260512526548.pdf"", ""2026年3月期 決算短信〔日本基準〕(連結)"")","=HYPERLINK(""pdf_tmp/20260513/4042_1530_東ソー_2026年3月期 決算短信〔日本基準〕(連結).pdf"", ""2026年3月期 決算短信〔日本基準〕(連結)"")",,,,,,,,,,,,,,,5,4,,,4 5 6,,,,,https://www.release.tdnet.info/inbs/140120260512526548.pdf
20260513,4092,日本化,決算短信,"=HYPERLINK(""https://www.release.tdnet.info/inbs/140120260513529107.pdf"", ""2026年3月期 決算短信〔日本基準〕(連結)"")","=HYPERLINK(""pdf_tmp/20260513/4092_1600_日本化_2026年3月期 決算短信〔日本基準〕(連結).pdf"", ""2026年3月期 決算短信〔日本基準〕(連結)"")",,,4 5,,,,,,,,4 5 6,,,,4,,,,,,,,,https://www.release.tdnet.info/inbs/140120260513529107.pdf
20260513,4180,Appier,説明資料,"=HYPERLINK(""https://www.release.tdnet.info/inbs/140120260512526867.pdf"", ""2026年12月期 第1四半期 決算説明資料"")","=HYPERLINK(""pdf_tmp/20260513/4180_1530_Appier_2026年12月期 第1四半期 決算説明資料.pdf"", ""2026年12月期 第1四半期 決算説明資料"")",,,,,,,,,,,6 7 13 60 73,6,,,,,,,,,,37,,https://www.release.tdnet.info/inbs/140120260512526867.pdf
20260513,4205,日ゼオン,決算短信,"=HYPERLINK(""https://www.release.tdnet.info/inbs/140120260512526007.pdf"", ""2026年3月期 決算短信〔日本基準〕(連結)"")","=HYPERLINK(""pdf_tmp/20260513/4205_1130_日ゼオン_2026年3月期 決算短信〔日本基準〕(連結).pdf"", ""2026年3月期 決算短信〔日本基準〕(連結)"")",,,,,,,,,,,4,,,,,,,4,6,,,,,https://www.release.tdnet.info/inbs/140120260512526007.pdf
20260513,4274,細谷火工,決算短信,"=HYPERLINK(""https://www.release.tdnet.info/inbs/140120260513528642.pdf"", ""令和8年3月期 決算短信[日本基準](非連結)"")","=HYPERLINK(""pdf_tmp/20260513/4274_1530_細谷火工_令和8年3月期 決算短信[日本基準](非連結).pdf"", ""令和8年3月期 決算短信[日本基準](非連結)"")",,4,,,,,,,,,5,,,4,,,,,,,,,,https://www.release.tdnet.info/inbs/140120260513528642.pdf
20260513,4293,セプテーニHD,予想の修正,"=HYPERLINK(""https://www.release.tdnet.info/inbs/140120260513528361.pdf"", ""2026年12月期通期連結業績予想の修正に関するお知らせ"")","=HYPERLINK(""pdf_tmp/20260513/4293_1530_セプテーニHD_2026年12月期通期連結業績予想の修正に関するお知らせ.pdf"", ""2026年12月期通期連結業績予想の修正に関するお知らせ"")",,,,,,,2,,,,2,,,,,,,,2,,,,,https://www.release.tdnet.info/inbs/140120260513528361.pdf
20260513,4409,東邦化,決算短信,"=HYPERLINK(""https://www.release.tdnet.info/inbs/140120260512525659.pdf"", ""2026年3月期 決算短信〔日本基準〕(連結)"")","=HYPERLINK(""pdf_tmp/20260513/4409_1400_東邦化_2026年3月期 決算短信〔日本基準〕(連結).pdf"", ""2026年3月期 決算短信〔日本基準〕(連結)"")",,,,5 7,5 7,,,,,,,,,,,,,,7,,,,,https://www.release.tdnet.info/inbs/140120260512525659.pdf
20260513,4409,東邦化,説明資料,"=HYPERLINK(""https://www.release.tdnet.info/inbs/140120260512525771.pdf"", ""2026年3月期 決算説明資料"")","=HYPERLINK(""pdf_tmp/20260513/4409_1400_東邦化_2026年3月期 決算説明資料.pdf"", ""2026年3月期 決算説明資料"")",,,,5 12,12 17,,,,,,,,,,,,,,5 12,,,,,https://www.release.tdnet.info/inbs/140120260512525771.pdf
20260513,4415,G-ブロードエンター,説明資料,"=HYPERLINK(""https://www.release.tdnet.info/inbs/140120260513529151.pdf"", ""2026年12月期 第1四半期決算説明資料"")","=HYPERLINK(""pdf_tmp/20260513/4415_1600_G-ブロードエンター_2026年12月期 第1四半期決算説明資料.pdf"", ""2026年12月期 第1四半期決算説明資料"")",,,,,,,,,,,24,,,,,,10,,34,,,,,https://www.release.tdnet.info/inbs/140120260513529151.pdf
20260513,4417,G-グローバルセキュ,その他,"=HYPERLINK(""https://www.release.tdnet.info/inbs/140120260513530801.pdf"", ""2026年3月期 決算説明会レポート(書き起こし)"")","=HYPERLINK(""pdf_tmp/20260513/4417_1750_G-グローバルセキュ_2026年3月期 決算説明会レポート(書き起こし).pdf"", ""2026年3月期 決算説明会レポート(書き起こし)"")",,,,,,,,,,,6 12,,,,,,61,,,,33,,,https://www.release.tdnet.info/inbs/140120260513530801.pdf
20260513,4471,三洋化成,その他,"=HYPERLINK(""https://www.release.tdnet.info/inbs/140120260512525040.pdf"", ""2025年度 決算の概要"")","=HYPERLINK(""pdf_tmp/20260513/4471_1500_三洋化成_2025年度 決算の概要.pdf"", ""2025年度 決算の概要"")",,,,3,,,,,,,1,,,,,,,,1,,,,,https://www.release.tdnet.info/inbs/140120260512525040.pdf
20260513,4478,G-フリー,説明資料,"=HYPERLINK(""https://www.release.tdnet.info/inbs/140120260513530154.pdf"", ""2026年6月期第3四半期 決算説明資料"")","=HYPERLINK(""pdf_tmp/20260513/4478_1530_G-フリー_2026年6月期第3四半期 決算説明資料.pdf"", ""2026年6月期第3四半期 決算説明資料"")",,,,,,26,15,,,,66,,,,,,,,,,,,,https://www.release.tdnet.info/inbs/140120260513530154.pdf
20260513,4595,ミズホメディー,決算短信,"=HYPERLINK(""https://www.release.tdnet.info/inbs/140120260512526648.pdf"", ""2026年12月期 第1四半期決算短信〔日本基準〕(非連結)"")","=HYPERLINK(""pdf_tmp/20260513/4595_1200_ミズホメディー_2026年12月期 第1四半期決算短信〔日本基準〕(非連結).pdf"", ""2026年12月期 第1四半期決算短信〔日本基準〕(非連結)"")",,4,,,,,,,,,4,,,,,,4,,,,,,,https://www.release.tdnet.info/inbs/140120260512526648.pdf
20260513,4635,東インキ,決算短信,"=HYPERLINK(""https://www.release.tdnet.info/inbs/140120260507517535.pdf"", ""2026年3月期 決算短信〔日本基準〕(連結)"")","=HYPERLINK(""pdf_tmp/20260513/4635_1400_東インキ_2026年3月期 決算短信〔日本基準〕(連結).pdf"", ""2026年3月期 決算短信〔日本基準〕(連結)"")",,,4,,,,,,,,4,,,,,,,,4,,,,,https://www.release.tdnet.info/inbs/140120260507517535.pdf
20260513,4792,山田コンサル,その他,"=HYPERLINK(""https://www.release.tdnet.info/inbs/140120260513529257.pdf"", ""2026年3月期決算及び長期経営ビジョン(10年戦略)説明会"")","=HYPERLINK(""pdf_tmp/20260513/4792_1300_山田コンサル_2026年3月期決算及び長期経営ビジョン(10年戦略)説明会.pdf"", ""2026年3月期決算及び長期経営ビジョン(10年戦略)説明会"")",,,,,46,,,,,,29 33,,33,,,,,,,,,,,https://www.release.tdnet.info/inbs/140120260513529257.pdf
20260513,4931,新日本製薬,説明資料,"=HYPERLINK(""https://www.release.tdnet.info/inbs/140120260512525042.pdf"", ""2026年9月期第2四半期決算補足説明資料"")","=HYPERLINK(""pdf_tmp/20260513/4931_1530_新日本製薬_2026年9月期第2四半期決算補足説明資料.pdf"", ""2026年9月期第2四半期決算補足説明資料"")",,,,,,,,,,2 12 13 14,2 5 6 17 19,,,,,,,,,,22,,,https://www.release.tdnet.info/inbs/140120260512525042.pdf
20260513,5368,日本インシュレ,決算短信,"=HYPERLINK(""https://www.release.tdnet.info/inbs/140120260513530199.pdf"", ""2026年3月期決算短信〔日本基準〕(連結)"")","=HYPERLINK(""pdf_tmp/20260513/5368_1530_日本インシュレ_2026年3月期決算短信〔日本基準〕(連結).pdf"", ""2026年3月期決算短信〔日本基準〕(連結)"")",,,,5,,,,,,,4,,,,,,,,4 5,,,,,https://www.release.tdnet.info/inbs/140120260513530199.pdf
20260513,5401,日本製鉄,その他,"=HYPERLINK(""https://www.release.tdnet.info/inbs/140120260512525736.pdf"", ""2025年度決算について"")","=HYPERLINK(""pdf_tmp/20260513/5401_1530_日本製鉄_2025年度決算について.pdf"", ""2025年度決算について"")",,,,,,3,,,,,,,,,,,,3,3,,,,,https://www.release.tdnet.info/inbs/140120260512525736.pdf
20260513,5401,日本製鉄,決算短信,"=HYPERLINK(""https://www.release.tdnet.info/inbs/140120260512525680.pdf"", ""2026年3月期決算短信〔IFRS〕(連結)"")","=HYPERLINK(""pdf_tmp/20260513/5401_1530_日本製鉄_2026年3月期決算短信〔IFRS〕(連結).pdf"", ""2026年3月期決算短信〔IFRS〕(連結)"")",,,,,,4,,,,,,,,,,,,4,4 9,,,,,https://www.release.tdnet.info/inbs/140120260512525680.pdf
20260513,5632,三菱製鋼,決算短信,"=HYPERLINK(""https://www.release.tdnet.info/inbs/140120260512527509.pdf"", ""2026年3月期決算短信〔日本基準〕(連結)"")","=HYPERLINK(""pdf_tmp/20260513/5632_1500_三菱製鋼_2026年3月期決算短信〔日本基準〕(連結).pdf"", ""2026年3月期決算短信〔日本基準〕(連結)"")",,,,,,,,,,,4 5,,,,,,,4,4,,,,,https://www.release.tdnet.info/inbs/140120260512527509.pdf
20260513,5632,三菱製鋼,説明資料,"=HYPERLINK(""https://www.release.tdnet.info/inbs/140120260512527515.pdf"", ""2026年3月期決算説明資料"")","=HYPERLINK(""pdf_tmp/20260513/5632_1500_三菱製鋼_2026年3月期決算説明資料.pdf"", ""2026年3月期決算説明資料"")",,6 14,,,,,,,,,5 6 11 13,,,,,,,,3 5 6 9 15 16,,,,,https://www.release.tdnet.info/inbs/140120260512527515.pdf
20260513,5632,三菱製鋼,その他,"=HYPERLINK(""https://www.release.tdnet.info/inbs/140120260513528905.pdf"", ""「2026中期経営計画」策定に関するお知らせ"")","=HYPERLINK(""pdf_tmp/20260513/5632_1500_三菱製鋼_「2026中期経営計画」策定に関するお知らせ.pdf"", ""「2026中期経営計画」策定に関するお知らせ"")",,6,,,,,,,,13,11,,,,,,,,,,,,,https://www.release.tdnet.info/inbs/140120260513528905.pdf
20260513,5706,三井金属,決算短信,"=HYPERLINK(""https://www.release.tdnet.info/inbs/140120260511522360.pdf"", ""2026年3月期 決算短信[日本基準](連結)"")","=HYPERLINK(""pdf_tmp/20260513/5706_1530_三井金属_2026年3月期 決算短信[日本基準](連結).pdf"", ""2026年3月期 決算短信[日本基準](連結)"")",,4,,,,,,,,,,,,,,,,5,5 6,,,,,https://www.release.tdnet.info/inbs/140120260511522360.pdf
20260513,5711,三菱マ,決算短信,"=HYPERLINK(""https://www.release.tdnet.info/inbs/140120260420507076.pdf"", ""2026年3月期 決算短信〔日本基準〕(連結)"")","=HYPERLINK(""pdf_tmp/20260513/5711_1530_三菱マ_2026年3月期 決算短信〔日本基準〕(連結).pdf"", ""2026年3月期 決算短信〔日本基準〕(連結)"")",,,,,5,,,,,,17,,,,,,,,4 17,,,,,https://www.release.tdnet.info/inbs/140120260420507076.pdf
20260513,5711,三菱マ,説明資料,"=HYPERLINK(""https://www.release.tdnet.info/inbs/140120260513527887.pdf"", ""2026年3月期 決算補足説明資料"")","=HYPERLINK(""pdf_tmp/20260513/5711_1530_三菱マ_2026年3月期 決算補足説明資料.pdf"", ""2026年3月期 決算補足説明資料"")",,,,,22,,,,,,5,,,,,,,,4 7 12 18 20,,,,,https://www.release.tdnet.info/inbs/140120260513527887.pdf
20260513,5956,トーソー,決算短信,"=HYPERLINK(""https://www.release.tdnet.info/inbs/140120260513527633.pdf"", ""2026年3月期 決算短信〔日本基準〕(連結)"")","=HYPERLINK(""pdf_tmp/20260513/5956_1530_トーソー_2026年3月期 決算短信〔日本基準〕(連結).pdf"", ""2026年3月期 決算短信〔日本基準〕(連結)"")",,,4 5,,,,,,,,4,,,,,,,,,,,4,,https://www.release.tdnet.info/inbs/140120260513527633.pdf
20260513,5962,浅香工業,決算短信,"=HYPERLINK(""https://www.release.tdnet.info/inbs/140120260416505165.pdf"", ""2026年3月期 決算短信〔日本基準〕(非連結)"")","=HYPERLINK(""pdf_tmp/20260513/5962_1400_浅香工業_2026年3月期 決算短信〔日本基準〕(非連結).pdf"", ""2026年3月期 決算短信〔日本基準〕(非連結)"")",,,4 5,,,,,,,,4,,,,,,,,4 5,,,,,https://www.release.tdnet.info/inbs/140120260416505165.pdf
20260513,5976,ネツレン,その他,"=HYPERLINK(""https://www.release.tdnet.info/inbs/140120260511523651.pdf"", ""第16次中期経営計画の見直しに関するお知らせ"")","=HYPERLINK(""pdf_tmp/20260513/5976_1530_ネツレン_第16次中期経営計画の見直しに関するお知らせ.pdf"", ""第16次中期経営計画の見直しに関するお知らせ"")",,,,,,1,,,,,,,,,,1,,,1,,,,,https://www.release.tdnet.info/inbs/140120260511523651.pdf
20260513,5985,サンコール,その他,"=HYPERLINK(""https://www.release.tdnet.info/inbs/140120260513527822.pdf"", ""中期経営計画2027における定量目標の上方修正に関するお知らせ"")","=HYPERLINK(""pdf_tmp/20260513/5985_1530_サンコール_中期経営計画2027における定量目標の上方修正に関するお知らせ.pdf"", ""中期経営計画2027における定量目標の上方修正に関するお知らせ"")",,,,3,3,,1 2 4 5,,,,,,,,,,,,,,,,,https://www.release.tdnet.info/inbs/140120260513527822.pdf
20260513,6137,小池酸工,決算短信,"=HYPERLINK(""https://www.release.tdnet.info/inbs/140120260513529839.pdf"", ""2026年3月期 決算短信〔日本基準〕(連結)"")","=HYPERLINK(""pdf_tmp/20260513/6137_1700_小池酸工_2026年3月期 決算短信〔日本基準〕(連結).pdf"", ""2026年3月期 決算短信〔日本基準〕(連結)"")",,,4 6,,,,,,,,6,,,,,,,,4,,,,,https://www.release.tdnet.info/inbs/140120260513529839.pdf
20260513,6284,ASB機械,決算短信,"=HYPERLINK(""https://www.release.tdnet.info/inbs/140120260512526719.pdf"", ""2026年9月期 第2四半期(中間期)決算短信〔日本基準〕(連結)"")","=HYPERLINK(""pdf_tmp/20260513/6284_1600_ASB機械_2026年9月期 第2四半期(中間期)決算短信〔日本基準〕(連結).pdf"", ""2026年9月期 第2四半期(中間期)決算短信〔日本基準〕(連結)"")",,,,5,,,6,,,,4 5,,,,,,,,,,,,,https://www.release.tdnet.info/inbs/140120260512526719.pdf
20260513,6284,ASB機械,その他,"=HYPERLINK(""https://www.release.tdnet.info/inbs/140120260512526755.pdf"", ""2026年9月期 第2四半期決算補足資料"")","=HYPERLINK(""pdf_tmp/20260513/6284_1600_ASB機械_2026年9月期 第2四半期決算補足資料.pdf"", ""2026年9月期 第2四半期決算補足資料"")",,,,,,,12 13,,,,4 25,,,,,,,,,1,,,,https://www.release.tdnet.info/inbs/140120260512526755.pdf
20260513,6292,カワタ,決算短信,"=HYPERLINK(""https://www.release.tdnet.info/inbs/140120260512526252.pdf"", ""2026年3月期決算短信〔日本基準〕(連結)"")","=HYPERLINK(""pdf_tmp/20260513/6292_1200_カワタ_2026年3月期決算短信〔日本基準〕(連結).pdf"", ""2026年3月期決算短信〔日本基準〕(連結)"")",,,,7,,8,,,,,,,,,,,,,4 7 8 11,,,,,https://www.release.tdnet.info/inbs/140120260512526252.pdf
20260513,6368,オルガノ,決算短信,"=HYPERLINK(""https://www.release.tdnet.info/inbs/140120260512526978.pdf"", ""2026年3月期 決算短信〔日本基準〕(連結)"")","=HYPERLINK(""pdf_tmp/20260513/6368_1530_オルガノ_2026年3月期 決算短信〔日本基準〕(連結).pdf"", ""2026年3月期 決算短信〔日本基準〕(連結)"")",,,,,9,,,,,,,4,4,,,,,,,,,,,https://www.release.tdnet.info/inbs/140120260512526978.pdf
20260513,6384,昭和真空,決算短信,"=HYPERLINK(""https://www.release.tdnet.info/inbs/140120260512527230.pdf"", ""2026年3月期決算短信〔日本基準〕(連結)"")","=HYPERLINK(""pdf_tmp/20260513/6384_1600_昭和真空_2026年3月期決算短信〔日本基準〕(連結).pdf"", ""2026年3月期決算短信〔日本基準〕(連結)"")",,4,,,,,,,,,4,,,,,7,,,,,,,,https://www.release.tdnet.info/inbs/140120260512527230.pdf
20260513,6417,SANKYO,決算短信,"=HYPERLINK(""https://www.release.tdnet.info/inbs/140120260508520862.pdf"", ""2026年3月期 決算短信[日本基準](連結)"")","=HYPERLINK(""pdf_tmp/20260513/6417_1130_SANKYO_2026年3月期 決算短信[日本基準](連結).pdf"", ""2026年3月期 決算短信[日本基準](連結)"")",,4,,,,,,,,,,,,,,,,,,,4 6 10,9,,https://www.release.tdnet.info/inbs/140120260508520862.pdf
20260513,6464,ツバキ・ナカシマ,説明資料,"=HYPERLINK(""https://www.release.tdnet.info/inbs/140120260513530159.pdf"", ""2026年12月期 第1四半期決算説明資料"")","=HYPERLINK(""pdf_tmp/20260513/6464_1700_ツバキ・ナカシマ_2026年12月期 第1四半期決算説明資料.pdf"", ""2026年12月期 第1四半期決算説明資料"")",,,,11,,,,,,,4 7 15,,,,,,,,7 15,,,,,https://www.release.tdnet.info/inbs/140120260513530159.pdf
20260513,6497,ハマイ,決算短信,"=HYPERLINK(""https://www.release.tdnet.info/inbs/140120260406599015.pdf"", ""2026年12月期第1四半期決算短信〔日本基準〕(連結)"")","=HYPERLINK(""pdf_tmp/20260513/6497_1510_ハマイ_2026年12月期第1四半期決算短信〔日本基準〕(連結).pdf"", ""2026年12月期第1四半期決算短信〔日本基準〕(連結)"")",,,4,,4,,,,,,,,,,,4,,,,,,,,https://www.release.tdnet.info/inbs/140120260406599015.pdf
20260513,6524,湖北工業,説明資料,"=HYPERLINK(""https://www.release.tdnet.info/inbs/140120260513529695.pdf"", ""2026年12月期第1四半期 決算説明資料"")","=HYPERLINK(""pdf_tmp/20260513/6524_1530_湖北工業_2026年12月期第1四半期 決算説明資料.pdf"", ""2026年12月期第1四半期 決算説明資料"")",,20,,16 28,,,,,,,4 5 6 13 22,,,,,,,,,,,,,https://www.release.tdnet.info/inbs/140120260513529695.pdf
20260513,6525,KOKUSAI,説明資料,"=HYPERLINK(""https://www.release.tdnet.info/inbs/140120260513527733.pdf"", ""2026年3月期(2025年4月~2026年3月)決算説明資料"")","=HYPERLINK(""pdf_tmp/20260513/6525_1430_KOKUSAI_2026年3月期(2025年4月~2026年3月)決算説明資料.pdf"", ""2026年3月期(2025年4月~2026年3月)決算説明資料"")",,,,,,,,,,,20 22,,,,4 17 27,,,,,,26,,,https://www.release.tdnet.info/inbs/140120260513527733.pdf
20260513,6941,山一電機,決算短信,"=HYPERLINK(""https://www.release.tdnet.info/inbs/140120260506517370.pdf"", ""2026年3月期 決算短信〔日本基準〕(連結)"")","=HYPERLINK(""pdf_tmp/20260513/6941_1530_山一電機_2026年3月期 決算短信〔日本基準〕(連結).pdf"", ""2026年3月期 決算短信〔日本基準〕(連結)"")",14,,,,,,,,,,5,,,,,,,,4 6,,,,,https://www.release.tdnet.info/inbs/140120260506517370.pdf
20260513,7122,近畿車輌,その他,"=HYPERLINK(""https://www.release.tdnet.info/inbs/140120260513528925.pdf"", ""近畿車輛株式会社 中期経営計画2028(振り返りと見直し)について"")","=HYPERLINK(""pdf_tmp/20260513/7122_1530_近畿車輌_近畿車輛株式会社 中期経営計画2028(振り返りと見直し)について.pdf"", ""近畿車輛株式会社 中期経営計画2028(振り返りと見直し)について"")",,,,3 7,,,,,,,5,,,,,,,,3,,,,,https://www.release.tdnet.info/inbs/140120260513528925.pdf
20260513,7313,TSテック,決算短信,"=HYPERLINK(""https://www.release.tdnet.info/inbs/140120260512527529.pdf"", ""2026年3月期 決算短信〔IFRS〕(連結)"")","=HYPERLINK(""pdf_tmp/20260513/7313_1530_TSテック_2026年3月期 決算短信〔IFRS〕(連結).pdf"", ""2026年3月期 決算短信〔IFRS〕(連結)"")",16,4,,,,,,,,,,,,,,,,,,,,4,,https://www.release.tdnet.info/inbs/140120260512527529.pdf
20260513,7337,ひろぎんHD,決算短信,"=HYPERLINK(""https://www.release.tdnet.info/inbs/140120260513528890.pdf"", ""2026年3月期 決算短信〔日本基準〕(連結)"")","=HYPERLINK(""pdf_tmp/20260513/7337_1430_ひろぎんHD_2026年3月期 決算短信〔日本基準〕(連結).pdf"", ""2026年3月期 決算短信〔日本基準〕(連結)"")",,,,,,,57 58 59,,,,38,55,,,,,,,,,,,,https://www.release.tdnet.info/inbs/140120260513528890.pdf
20260513,7361,G-HCH,説明資料,"=HYPERLINK(""https://www.release.tdnet.info/inbs/140120260511523207.pdf"", ""2026年9月期 第2四半期 決算説明資料"")","=HYPERLINK(""pdf_tmp/20260513/7361_1530_G-HCH_2026年9月期 第2四半期 決算説明資料.pdf"", ""2026年9月期 第2四半期 決算説明資料"")",,,,,,,,,,,61,,,,,,,,61,,,60,,https://www.release.tdnet.info/inbs/140120260511523207.pdf
20260513,7374,G-コンフィデンスI,決算短信,"=HYPERLINK(""https://www.release.tdnet.info/inbs/140120260512525389.pdf"", ""2026年3月期 決算短信〔日本基準〕(連結)"")","=HYPERLINK(""pdf_tmp/20260513/7374_1530_G-コンフィデンスI_2026年3月期 決算短信〔日本基準〕(連結).pdf"", ""2026年3月期 決算短信〔日本基準〕(連結)"")",,,,4,,,,,,,4,,,,,,,,4 5,,,,,https://www.release.tdnet.info/inbs/140120260512525389.pdf
20260513,7374,G-コンフィデンスI,説明資料,"=HYPERLINK(""https://www.release.tdnet.info/inbs/140120260512525517.pdf"", ""2026年3月期 決算説明資料(書き起こし)"")","=HYPERLINK(""pdf_tmp/20260513/7374_1530_G-コンフィデンスI_2026年3月期 決算説明資料(書き起こし).pdf"", ""2026年3月期 決算説明資料(書き起こし)"")",,,,,,,,5,,,,,,,11,,,,,,,,11,https://www.release.tdnet.info/inbs/140120260512525517.pdf
20260513,7374,G-コンフィデンスI,説明資料,"=HYPERLINK(""https://www.release.tdnet.info/inbs/140120260512525421.pdf"", ""2026年3月期 決算説明資料"")","=HYPERLINK(""pdf_tmp/20260513/7374_1530_G-コンフィデンスI_2026年3月期 決算説明資料.pdf"", ""2026年3月期 決算説明資料"")",,,,,,,,4,,,,,,,10,,,,,,,,10,https://www.release.tdnet.info/inbs/140120260512525421.pdf
20260513,7456,松田産,その他,"=HYPERLINK(""https://www.release.tdnet.info/inbs/140120260513528351.pdf"", ""「中期経営計画2028(2026‐2028 年度)」策定に関するお知らせ"")","=HYPERLINK(""pdf_tmp/20260513/7456_1600_松田産_「中期経営計画2028(2026‐2028 年度)」策定に関するお知らせ.pdf"", ""「中期経営計画2028(2026‐2028 年度)」策定に関するお知らせ"")",,,,,,,,,,9,9,,,,,,,,,,,15,,https://www.release.tdnet.info/inbs/140120260513528351.pdf
20260513,7600,MDM,その他,"=HYPERLINK(""https://www.release.tdnet.info/inbs/140120260512524815.pdf"", ""2026年3月期(第54期)通期決算説明会資料"")","=HYPERLINK(""pdf_tmp/20260513/7600_0830_MDM_2026年3月期(第54期)通期決算説明会資料.pdf"", ""2026年3月期(第54期)通期決算説明会資料"")",,21,,,,,,,,,,,,,,,,,2 6 22 23 27,,,32 37,,https://www.release.tdnet.info/inbs/140120260512524815.pdf
20260513,7734,理計器,その他,"=HYPERLINK(""https://www.release.tdnet.info/inbs/140120260512526171.pdf"", ""中期経営計画(2027年3月期~2029年3月期)策定に関するお知らせ"")","=HYPERLINK(""pdf_tmp/20260513/7734_1130_理計器_中期経営計画(2027年3月期~2029年3月期)策定に関するお知らせ.pdf"", ""中期経営計画(2027年3月期~2029年3月期)策定に関するお知らせ"")",,,,6 21,16,,,,,,,,,,10,,,,,,,,,https://www.release.tdnet.info/inbs/140120260512526171.pdf
20260513,8111,ゴルドウイン,決算短信,"=HYPERLINK(""https://www.release.tdnet.info/inbs/140120260512526304.pdf"", ""2026年3月期 決算短信〔日本基準〕(連結)"")","=HYPERLINK(""pdf_tmp/20260513/8111_1000_ゴルドウイン_2026年3月期 決算短信〔日本基準〕(連結).pdf"", ""2026年3月期 決算短信〔日本基準〕(連結)"")",,,4,,,,,,,,,4,4,,,,,,,,,,,https://www.release.tdnet.info/inbs/140120260512526304.pdf
20260513,8130,サンゲツ,説明資料,"=HYPERLINK(""https://www.release.tdnet.info/inbs/140120260513529168.pdf"", ""2026年3月期 決算補足説明資料"")","=HYPERLINK(""pdf_tmp/20260513/8130_1420_サンゲツ_2026年3月期 決算補足説明資料.pdf"", ""2026年3月期 決算補足説明資料"")",,,2,,,,,,,2 3,2 3,,,,,,,,,,,,,https://www.release.tdnet.info/inbs/140120260513529168.pdf
20260513,8151,東陽テクニカ,決算短信,"=HYPERLINK(""https://www.release.tdnet.info/inbs/140120260512524595.pdf"", ""2026年9月期 第2四半期(中間期)決算短信〔日本基準〕(連結)"")","=HYPERLINK(""pdf_tmp/20260513/8151_1600_東陽テクニカ_2026年9月期 第2四半期(中間期)決算短信〔日本基準〕(連結).pdf"", ""2026年9月期 第2四半期(中間期)決算短信〔日本基準〕(連結)"")",,,5,,,,,,,,4,4,,,,,,,,,,,,https://www.release.tdnet.info/inbs/140120260512524595.pdf
20260513,8830,住友不,決算短信,"=HYPERLINK(""https://www.release.tdnet.info/inbs/140120260508520680.pdf"", ""2026年3月期 決算短信[日本基準](連結)"")","=HYPERLINK(""pdf_tmp/20260513/8830_1530_住友不_2026年3月期 決算短信[日本基準](連結).pdf"", ""2026年3月期 決算短信[日本基準](連結)"")",,,,,5 9,,,,,,4 5 6,,,,,,,,4,,,,,https://www.release.tdnet.info/inbs/140120260508520680.pdf
20260513,8830,住友不,その他,"=HYPERLINK(""https://www.release.tdnet.info/inbs/140120260512526190.pdf"", ""第十次中期経営計画1年目を終えて 今後の課題への対処"")","=HYPERLINK(""pdf_tmp/20260513/8830_1530_住友不_第十次中期経営計画1年目を終えて 今後の課題への対処.pdf"", ""第十次中期経営計画1年目を終えて 今後の課題への対処"")",,,,,2,,,,,,2 3,,,,,,,,3,,,,,https://www.release.tdnet.info/inbs/140120260512526190.pdf
20260513,8920,東祥,決算短信,"=HYPERLINK(""https://www.release.tdnet.info/inbs/140120260512526938.pdf"", ""2026年3月期 決算短信〔日本基準〕(連結)"")","=HYPERLINK(""pdf_tmp/20260513/8920_1520_東祥_2026年3月期 決算短信〔日本基準〕(連結).pdf"", ""2026年3月期 決算短信〔日本基準〕(連結)"")",,,4,4,,,,,,,4,,,,,,,,,,,,,https://www.release.tdnet.info/inbs/140120260512526938.pdf
20260513,9272,G-ブティックス,決算短信,"=HYPERLINK(""https://www.release.tdnet.info/inbs/140120260501516109.pdf"", ""2026年3月期 決算短信〔日本基準〕(非連結)"")","=HYPERLINK(""pdf_tmp/20260513/9272_1600_G-ブティックス_2026年3月期 決算短信〔日本基準〕(非連結).pdf"", ""2026年3月期 決算短信〔日本基準〕(非連結)"")",,,,,,6 8,,,,24,5 6,,,,,,,,,,,,,https://www.release.tdnet.info/inbs/140120260501516109.pdf
20260513,9272,G-ブティックス,説明資料,"=HYPERLINK(""https://www.release.tdnet.info/inbs/140120260501516113.pdf"", ""2026年3月期 通期決算説明資料"")","=HYPERLINK(""pdf_tmp/20260513/9272_1600_G-ブティックス_2026年3月期 通期決算説明資料.pdf"", ""2026年3月期 通期決算説明資料"")",,,,,,16,,,,,4 6 10 12 13 16 17 24 26 30 43,,,,,,,,27,,,,,https://www.release.tdnet.info/inbs/140120260501516113.pdf
20260513,9305,ヤマタネ,決算短信,"=HYPERLINK(""https://www.release.tdnet.info/inbs/140120260513528475.pdf"", ""2026年3月期決算短信〔日本基準〕(連結)"")","=HYPERLINK(""pdf_tmp/20260513/9305_1320_ヤマタネ_2026年3月期決算短信〔日本基準〕(連結).pdf"", ""2026年3月期決算短信〔日本基準〕(連結)"")",,,,4 5 7,,,7,,,,,,5,,,,,,,,,,,https://www.release.tdnet.info/inbs/140120260513528475.pdf
20260513,9428,クロップス,決算短信,"=HYPERLINK(""https://www.release.tdnet.info/inbs/140120260512526759.pdf"", ""2026年3月期 決算短信[日本基準](連結)"")","=HYPERLINK(""pdf_tmp/20260513/9428_1330_クロップス_2026年3月期 決算短信[日本基準](連結).pdf"", ""2026年3月期 決算短信[日本基準](連結)"")",,,,4,5,,,,,,,,,,,,,,4 5,,,,,https://www.release.tdnet.info/inbs/140120260512526759.pdf
20260513,9519,レノバ,決算短信,"=HYPERLINK(""https://www.release.tdnet.info/inbs/140120260512527247.pdf"", ""2026年3月期決算短信〔IFRS〕(連結)"")","=HYPERLINK(""pdf_tmp/20260513/9519_1530_レノバ_2026年3月期決算短信〔IFRS〕(連結).pdf"", ""2026年3月期決算短信〔IFRS〕(連結)"")",,4,,,,,,,,,4,,,,,,,,16,,,,,https://www.release.tdnet.info/inbs/140120260512527247.pdf
20260513,9850,グルメ杵屋,決算短信,"=HYPERLINK(""https://www.release.tdnet.info/inbs/140120260513528170.pdf"", ""2026年3月期 決算短信〔日本基準〕(連結)"")","=HYPERLINK(""pdf_tmp/20260513/9850_1530_グルメ杵屋_2026年3月期 決算短信〔日本基準〕(連結).pdf"", ""2026年3月期 決算短信〔日本基準〕(連結)"")",,,4,4,,,,,,,5,,,,,,,,,,,,,https://www.release.tdnet.info/inbs/140120260513528170.pdf
20260513,9889,JBCC HD,決算短信,"=HYPERLINK(""https://www.release.tdnet.info/inbs/140120260512527512.pdf"", ""2026年3月期 決算短信〔日本基準〕(連結)"")","=HYPERLINK(""pdf_tmp/20260513/9889_1130_JBCC HD_2026年3月期 決算短信〔日本基準〕(連結).pdf"", ""2026年3月期 決算短信〔日本基準〕(連結)"")",,,,,5,,4,,,,5,,,,,,,,,,,,,https://www.release.tdnet.info/inbs/140120260512527512.pdf
20260513,1515,日鉄鉱,決算短信,"=HYPERLINK(""https://www.release.tdnet.info/inbs/140120260513528052.pdf"", ""2026年3月期 決算短信〔日本基準〕(連結)"")","=HYPERLINK(""pdf_tmp/20260513/1515_1500_日鉄鉱_2026年3月期 決算短信〔日本基準〕(連結).pdf"", ""2026年3月期 決算短信〔日本基準〕(連結)"")",,,,,,,,,,,4,,,,,,,,16,,,,,https://www.release.tdnet.info/inbs/140120260513528052.pdf
20260513,1662,石油資源,決算短信,"=HYPERLINK(""https://www.release.tdnet.info/inbs/140120260513529153.pdf"", ""2026年3月期 決算短信〔日本基準〕(連結)"")","=HYPERLINK(""pdf_tmp/20260513/1662_1400_石油資源_2026年3月期 決算短信〔日本基準〕(連結).pdf"", ""2026年3月期 決算短信〔日本基準〕(連結)"")",,,,,,,,,,,7,,,,,,,,5 7,,,,,https://www.release.tdnet.info/inbs/140120260513529153.pdf
20260513,1762,高松G,決算短信,"=HYPERLINK(""https://www.release.tdnet.info/inbs/140120260513529387.pdf"", ""2026年3月期 決算短信〔日本基準〕(連結)"")","=HYPERLINK(""pdf_tmp/20260513/1762_1600_高松G_2026年3月期 決算短信〔日本基準〕(連結).pdf"", ""2026年3月期 決算短信〔日本基準〕(連結)"")",,,,,,,7,,,,,6,,,,,,,,,,,,https://www.release.tdnet.info/inbs/140120260513529387.pdf
20260513,1762,高松G,説明資料,"=HYPERLINK(""https://www.release.tdnet.info/inbs/140120260513529799.pdf"", ""2026年3月期 決算説明資料"")","=HYPERLINK(""pdf_tmp/20260513/1762_1600_高松G_2026年3月期 決算説明資料.pdf"", ""2026年3月期 決算説明資料"")",,,,,,,6 36,,,,5 7 8 10 11 15 16 17 18 19 20 21,,,,,,,,,,,,,https://www.release.tdnet.info/inbs/140120260513529799.pdf
20260513,1852,浅沼組,その他,"=HYPERLINK(""https://www.release.tdnet.info/inbs/140120260507517782.pdf"", ""2026年3月期 決算補足資料"")","=HYPERLINK(""pdf_tmp/20260513/1852_1530_浅沼組_2026年3月期 決算補足資料.pdf"", ""2026年3月期 決算補足資料"")",,,,,,,,,,3 5,5,,,,,,,,,,,,,https://www.release.tdnet.info/inbs/140120260507517782.pdf
20260513,1867,植木組,説明資料,"=HYPERLINK(""https://www.release.tdnet.info/inbs/140120260513527919.pdf"", ""2026年3月期 決算補足説明資料"")","=HYPERLINK(""pdf_tmp/20260513/1867_1400_植木組_2026年3月期 決算補足説明資料.pdf"", ""2026年3月期 決算補足説明資料"")",,,,,,,,,,,3 4,4 5,,,,,,,,,,,,https://www.release.tdnet.info/inbs/140120260513527919.pdf
20260513,1925,大和ハウス,決算短信,"=HYPERLINK(""https://www.release.tdnet.info/inbs/140120260512524816.pdf"", ""2026年3月期 決算短信〔日本基準〕(連結)"")","=HYPERLINK(""pdf_tmp/20260513/1925_1530_大和ハウス_2026年3月期 決算短信〔日本基準〕(連結).pdf"", ""2026年3月期 決算短信〔日本基準〕(連結)"")",,,,,10,,,,,,,,,,,,,,6,,,,,https://www.release.tdnet.info/inbs/140120260512524816.pdf
20260513,1951,エクシオグループ,その他,"=HYPERLINK(""https://www.release.tdnet.info/inbs/140120260512527474.pdf"", ""中期経営計画(2026~2030)策定に関するお知らせ"")","=HYPERLINK(""pdf_tmp/20260513/1951_1500_エクシオグループ_中期経営計画(2026~2030)策定に関するお知らせ.pdf"", ""中期経営計画(2026~2030)策定に関するお知らせ"")",,,,,,,,,,5 7,22,,,,,,,,,,,,,https://www.release.tdnet.info/inbs/140120260512527474.pdf
20260513,1982,日比谷設,説明資料,"=HYPERLINK(""https://www.release.tdnet.info/inbs/140120260513528186.pdf"", ""2026年3月期 通期決算説明資料"")","=HYPERLINK(""pdf_tmp/20260513/1982_1230_日比谷設_2026年3月期 通期決算説明資料.pdf"", ""2026年3月期 通期決算説明資料"")",,,,,,,11,,,,2 5 7 11,,,,,,,,,,,,,https://www.release.tdnet.info/inbs/140120260513528186.pdf
20260513,2124,JAC,決算短信,"=HYPERLINK(""https://www.release.tdnet.info/inbs/140120260513528359.pdf"", ""2026年12月期第1四半期決算短信〔日本基準〕(連結)"")","=HYPERLINK(""pdf_tmp/20260513/2124_1530_JAC_2026年12月期第1四半期決算短信〔日本基準〕(連結).pdf"", ""2026年12月期第1四半期決算短信〔日本基準〕(連結)"")",,,,,,,,,,,4,,,,,,,,4,,,,,https://www.release.tdnet.info/inbs/140120260513528359.pdf
20260513,2138,クルーズ,その他,"=HYPERLINK(""https://www.release.tdnet.info/inbs/140120260513528856.pdf"", ""新たな事業の開始に関するお知らせ"")","=HYPERLINK(""pdf_tmp/20260513/2138_1530_クルーズ_新たな事業の開始に関するお知らせ.pdf"", ""新たな事業の開始に関するお知らせ"")",,,,,,,,,,,25,,,,,,,,11,,,,,https://www.release.tdnet.info/inbs/140120260513528856.pdf
20260513,2180,サニーサイドアップ,その他,"=HYPERLINK(""https://www.release.tdnet.info/inbs/140120260512526109.pdf"", ""株式会社アカツキによる当社との経営統合に向けた当社株券等に対する公開買付けに関する賛同の意見表明及び応募推奨のお知らせ"")","=HYPERLINK(""pdf_tmp/20260513/2180_1645_サニーサイドアップ_株式会社アカツキによる当社との経営統合に向けた当社株券等に対する公開買付けに関する賛同の意見表明及び応募推奨のお知らせ.pdf"", ""株式会社アカツキによる当社との経営統合に向けた当社株券等に対する公開買付けに関する賛同の意見表明及び応募推奨のお知らせ"")",80 146,,,,,,,,,,30 52 75 107 121 122 142 174 178 189,,,,,,,,,,,,,https://www.release.tdnet.info/inbs/140120260512526109.pdf
20260513,2185,シイエム・シイ,決算短信,"=HYPERLINK(""https://www.release.tdnet.info/inbs/140120260507518421.pdf"", ""2026年9月期第2四半期(中間期)決算短信〔日本基準〕(連結)"")","=HYPERLINK(""pdf_tmp/20260513/2185_1500_シイエム・シイ_2026年9月期第2四半期(中間期)決算短信〔日本基準〕(連結).pdf"", ""2026年9月期第2四半期(中間期)決算短信〔日本基準〕(連結)"")",,,,,,,,,,,4,,,,,,,,4,,,,,https://www.release.tdnet.info/inbs/140120260507518421.pdf
20260513,2266,六甲バター,決算短信,"=HYPERLINK(""https://www.release.tdnet.info/inbs/140120260513527747.pdf"", ""2026年12月期 第1四半期決算短信〔日本基準〕(連結)"")","=HYPERLINK(""pdf_tmp/20260513/2266_1530_六甲バター_2026年12月期 第1四半期決算短信〔日本基準〕(連結).pdf"", ""2026年12月期 第1四半期決算短信〔日本基準〕(連結)"")",,,4,,4,,,,,,,,,,,,,,,,,,,https://www.release.tdnet.info/inbs/140120260513527747.pdf
20260513,2282,日ハム,その他,"=HYPERLINK(""https://www.release.tdnet.info/inbs/140120260513528610.pdf"", ""中期経営計画2026進捗説明会"")","=HYPERLINK(""pdf_tmp/20260513/2282_1130_日ハム_中期経営計画2026進捗説明会.pdf"", ""中期経営計画2026進捗説明会"")",,,,,,,,,,21 22,,,,,,,,,,,,18,,https://www.release.tdnet.info/inbs/140120260513528610.pdf
20260513,2317,システナ,決算短信,"=HYPERLINK(""https://www.release.tdnet.info/inbs/140120260512526855.pdf"", ""2026年3月期 決算短信〔日本基準〕(連結)"")","=HYPERLINK(""pdf_tmp/20260513/2317_1600_システナ_2026年3月期 決算短信〔日本基準〕(連結).pdf"", ""2026年3月期 決算短信〔日本基準〕(連結)"")",,,,7,,,,,,,4 5,,,,,,,,,,,,,https://www.release.tdnet.info/inbs/140120260512526855.pdf
20260513,2331,ALSOK,その他,"=HYPERLINK(""https://www.release.tdnet.info/inbs/140120260513529891.pdf"", ""TCG2511株式会社による日本ドライケミカル株式会社(証券コード:1909)の普通株式に対する公開買付けの開始に関するお知らせ"")","=HYPERLINK(""pdf_tmp/20260513/2331_1915_ALSOK_TCG2511株式会社による日本ドライケミカル株式会社(証券コード_1909)の普通株式に対する公開買付けの開始に関するお知らせ.pdf"", ""TCG2511株式会社による日本ドライケミカル株式会社(証券コード:1909)の普通株式に対する公開買付けの開始に関するお知らせ"")",,,,,,,,,,,29 31 37,,,,,,,,,,,10,,https://www.release.tdnet.info/inbs/140120260513529891.pdf
20260513,2331,ALSOK,その他,"=HYPERLINK(""https://www.release.tdnet.info/inbs/140120260513529191.pdf"", ""中期経営計画「ALSOK STAGE 2028」策定に関するお知らせ"")","=HYPERLINK(""pdf_tmp/20260513/2331_1915_ALSOK_中期経営計画「ALSOK STAGE 2028」策定に関するお知らせ.pdf"", ""中期経営計画「ALSOK STAGE 2028」策定に関するお知らせ"")",,,,,,,,,,,,,,,6,,,,5 10 12,,,,,https://www.release.tdnet.info/inbs/140120260513529191.pdf
20260513,2342,トランスジェニックG,その他,"=HYPERLINK(""https://www.release.tdnet.info/inbs/140120260508520920.pdf"", ""特別損失及び繰延税金資産の計上、通期連結業績予想と実績との差異並びに個別業績の前期実績との差異に関するお知らせ"")","=HYPERLINK(""pdf_tmp/20260513/2342_1545_トランスジェニックG_特別損失及び繰延税金資産の計上、通期連結業績予想と実績との差異並びに個別業績の前期実績との差異に関するお知らせ.pdf"", ""特別損失及び繰延税金資産の計上、通期連結業績予想と実績との差異並びに個別業績の前期実績との差異に関するお知らせ"")",2,,,2,,,,,,,,,,,,,,,,,,,,https://www.release.tdnet.info/inbs/140120260508520920.pdf
20260513,2385,G-総医研,決算短信,"=HYPERLINK(""https://www.release.tdnet.info/inbs/140120260511522703.pdf"", ""2026年6月期 第3四半期決算短信〔日本基準〕(連結)"")","=HYPERLINK(""pdf_tmp/20260513/2385_1530_G-総医研_2026年6月期 第3四半期決算短信〔日本基準〕(連結).pdf"", ""2026年6月期 第3四半期決算短信〔日本基準〕(連結)"")",,,,,,,6,,,,5 12,,,,,,,,,,,,,https://www.release.tdnet.info/inbs/140120260511522703.pdf
20260513,2429,ワールドHD,決算短信,"=HYPERLINK(""https://www.release.tdnet.info/inbs/140120260513528622.pdf"", ""2026年12月期第1四半期決算短信〔日本基準〕(連結)"")","=HYPERLINK(""pdf_tmp/20260513/2429_1530_ワールドHD_2026年12月期第1四半期決算短信〔日本基準〕(連結).pdf"", ""2026年12月期第1四半期決算短信〔日本基準〕(連結)"")",,,,,,,,,,5,,4 5,,,,,,,,,,,,https://www.release.tdnet.info/inbs/140120260513528622.pdf
20260513,2440,ぐるなび,その他,"=HYPERLINK(""https://www.release.tdnet.info/inbs/140120260512526640.pdf"", ""2026年3月期 決算説明会資料"")","=HYPERLINK(""pdf_tmp/20260513/2440_1540_ぐるなび_2026年3月期 決算説明会資料.pdf"", ""2026年3月期 決算説明会資料"")",,,6,,,,,,,,,,,,,,,,14,,,,,https://www.release.tdnet.info/inbs/140120260512526640.pdf
20260513,2440,ぐるなび,その他,"=HYPERLINK(""https://www.release.tdnet.info/inbs/140120260512526671.pdf"", ""中期経営計画の策定に関するお知らせ"")","=HYPERLINK(""pdf_tmp/20260513/2440_1540_ぐるなび_中期経営計画の策定に関するお知らせ.pdf"", ""中期経営計画の策定に関するお知らせ"")",,,,,,,,,,,,44,,,,,,,6 10 11 49,,,,,https://www.release.tdnet.info/inbs/140120260512526671.pdf
20260513,2587,サントリーBF,決算短信,"=HYPERLINK(""https://www.release.tdnet.info/inbs/140120260513527983.pdf"", ""2026年12月期 第1四半期決算短信〔IFRS〕(連結)"")","=HYPERLINK(""pdf_tmp/20260513/2587_1400_サントリーBF_2026年12月期 第1四半期決算短信〔IFRS〕(連結).pdf"", ""2026年12月期 第1四半期決算短信〔IFRS〕(連結)"")",,,4 5,,,,,,,,2,,,,,,,,,,,,,https://www.release.tdnet.info/inbs/140120260513527983.pdf
20260513,2820,やまみ,その他,"=HYPERLINK(""https://www.release.tdnet.info/inbs/140120260512526352.pdf"", ""2026年6月期第3四半期累計期間業績概要"")","=HYPERLINK(""pdf_tmp/20260513/2820_1530_やまみ_2026年6月期第3四半期累計期間業績概要.pdf"", ""2026年6月期第3四半期累計期間業績概要"")",,,1,,2,,,,,,,,,,,,,,,,,,,https://www.release.tdnet.info/inbs/140120260512526352.pdf
20260513,2831,はごろも,決算短信,"=HYPERLINK(""https://www.release.tdnet.info/inbs/140120260513527630.pdf"", ""2026年3月期 決算短信〔日本基準〕(連結)"")","=HYPERLINK(""pdf_tmp/20260513/2831_1530_はごろも_2026年3月期 決算短信〔日本基準〕(連結).pdf"", ""2026年3月期 決算短信〔日本基準〕(連結)"")",,,4 5,,,,,,,,,,,,,,,,,,,6,,https://www.release.tdnet.info/inbs/140120260513527630.pdf
20260513,297A,アルピコHD,決算短信,"=HYPERLINK(""https://www.release.tdnet.info/inbs/140120260512527067.pdf"", ""2026年3月期 決算短信〔日本基準〕(連結)"")","=HYPERLINK(""pdf_tmp/20260513/297A_1530_アルピコHD_2026年3月期 決算短信〔日本基準〕(連結).pdf"", ""2026年3月期 決算短信〔日本基準〕(連結)"")",,,5 6,5,,,,,,,,,,,,,,,,,,,,https://www.release.tdnet.info/inbs/140120260512527067.pdf
20260513,297A,アルピコHD,説明資料,"=HYPERLINK(""https://www.release.tdnet.info/inbs/140120260512526969.pdf"", ""2026年3月期 決算補足説明資料"")","=HYPERLINK(""pdf_tmp/20260513/297A_1530_アルピコHD_2026年3月期 決算補足説明資料.pdf"", ""2026年3月期 決算補足説明資料"")",,,13,14,,,,,,,,,,,,,,,,,,,,https://www.release.tdnet.info/inbs/140120260512526969.pdf
20260513,2993,長栄,決算短信,"=HYPERLINK(""https://www.release.tdnet.info/inbs/140120260512526482.pdf"", ""2026年3月期 決算短信〔日本基準〕(非連結)"")","=HYPERLINK(""pdf_tmp/20260513/2993_1531_長栄_2026年3月期 決算短信〔日本基準〕(非連結).pdf"", ""2026年3月期 決算短信〔日本基準〕(非連結)"")",,,,5,,,,,,,,,,,,,,,4,,,,,https://www.release.tdnet.info/inbs/140120260512526482.pdf
20260513,3010,ポラリスHD,決算短信,"=HYPERLINK(""https://www.release.tdnet.info/inbs/140120260513529051.pdf"", ""2026年3月期 決算短信〔日本基準〕(連結)"")","=HYPERLINK(""pdf_tmp/20260513/3010_1600_ポラリスHD_2026年3月期 決算短信〔日本基準〕(連結).pdf"", ""2026年3月期 決算短信〔日本基準〕(連結)"")",,,,,,,,,,,4 6,,,,,4 5,,,,,,,,https://www.release.tdnet.info/inbs/140120260513529051.pdf
20260513,3010,ポラリスHD,その他,"=HYPERLINK(""https://www.release.tdnet.info/inbs/140120260513530119.pdf"", ""繰延税金資産の計上及び2026年3月期通期連結業績予想値と実績値との差異に関するお知らせ"")","=HYPERLINK(""pdf_tmp/20260513/3010_1600_ポラリスHD_繰延税金資産の計上及び2026年3月期通期連結業績予想値と実績値との差異に関するお知らせ.pdf"", ""繰延税金資産の計上及び2026年3月期通期連結業績予想値と実績値との差異に関するお知らせ"")",,,,,,,2,,,,,,,,,,,,1,,,,,https://www.release.tdnet.info/inbs/140120260513530119.pdf
20260513,3099,ミツコシイセタン,決算短信,"=HYPERLINK(""https://www.release.tdnet.info/inbs/140120260512526674.pdf"", ""2026年3月期 決算短信〔日本基準〕(連結)"")","=HYPERLINK(""pdf_tmp/20260513/3099_1330_ミツコシイセタン_2026年3月期 決算短信〔日本基準〕(連結).pdf"", ""2026年3月期 決算短信〔日本基準〕(連結)"")",,,5,,,,,,,,5 6,,,,,,,,,,,,,https://www.release.tdnet.info/inbs/140120260512526674.pdf
20260513,3099,ミツコシイセタン,その他,"=HYPERLINK(""https://www.release.tdnet.info/inbs/140120260512526826.pdf"", ""2026年3月期 決算説明会資料"")","=HYPERLINK(""pdf_tmp/20260513/3099_1330_ミツコシイセタン_2026年3月期 決算説明会資料.pdf"", ""2026年3月期 決算説明会資料"")",,,,,,,9,,,,4 26 29,,,,,,,,,,,,,https://www.release.tdnet.info/inbs/140120260512526826.pdf
20260513,3107,ダイワボHD,決算短信,"=HYPERLINK(""https://www.release.tdnet.info/inbs/140120260513527770.pdf"", ""2026年3月期決算短信〔日本基準〕(連結)"")","=HYPERLINK(""pdf_tmp/20260513/3107_1530_ダイワボHD_2026年3月期決算短信〔日本基準〕(連結).pdf"", ""2026年3月期決算短信〔日本基準〕(連結)"")",,,,,,,,,,,4,,,,4,,,,,,,,,https://www.release.tdnet.info/inbs/140120260513527770.pdf
20260513,3131,シンデンハイテク,説明資料,"=HYPERLINK(""https://www.release.tdnet.info/inbs/140120260511521412.pdf"", ""2026年3月期 決算説明資料"")","=HYPERLINK(""pdf_tmp/20260513/3131_1500_シンデンハイテク_2026年3月期 決算説明資料.pdf"", ""2026年3月期 決算説明資料"")",,,,,,9,,,,,,,,,,,,,7,,,,,https://www.release.tdnet.info/inbs/140120260511521412.pdf
20260513,3205,ダイドー,決算短信,"=HYPERLINK(""https://www.release.tdnet.info/inbs/140120260511523206.pdf"", ""2026年3月期 決算短信補足資料"")","=HYPERLINK(""pdf_tmp/20260513/3205_1700_ダイドー_2026年3月期 決算短信補足資料.pdf"", ""2026年3月期 決算短信補足資料"")",,,,,,,,,,,18,,,,,,,,19,,,,,https://www.release.tdnet.info/inbs/140120260511523206.pdf
20260513,3232,三重交通GHD,説明資料,"=HYPERLINK(""https://www.release.tdnet.info/inbs/140120260512527494.pdf"", ""2026年3月期 決算補足説明資料"")","=HYPERLINK(""pdf_tmp/20260513/3232_1640_三重交通GHD_2026年3月期 決算補足説明資料.pdf"", ""2026年3月期 決算補足説明資料"")",,,,,,,16,,,,,,,,,,,,3,,,,,https://www.release.tdnet.info/inbs/140120260512527494.pdf
20260513,332A,G-ミーク,説明資料,"=HYPERLINK(""https://www.release.tdnet.info/inbs/140120260513530200.pdf"", ""2026年3月期 第4四半期決算説明資料"")","=HYPERLINK(""pdf_tmp/20260513/332A_1530_G-ミーク_2026年3月期 第4四半期決算説明資料.pdf"", ""2026年3月期 第4四半期決算説明資料"")",,,,,,,,,,,30 33,,,,,,,,,,,29,,https://www.release.tdnet.info/inbs/140120260513530200.pdf
20260513,3422,J-MAX,決算短信,"=HYPERLINK(""https://www.release.tdnet.info/inbs/140120260512526323.pdf"", ""2026年3月期 決算短信〔日本基準〕(連結)"")","=HYPERLINK(""pdf_tmp/20260513/3422_1600_J-MAX_2026年3月期 決算短信〔日本基準〕(連結).pdf"", ""2026年3月期 決算短信〔日本基準〕(連結)"")",,5,,,,,,,,,5,,,,,,,,,,,,,https://www.release.tdnet.info/inbs/140120260512526323.pdf
20260513,3422,J-MAX,その他,"=HYPERLINK(""https://www.release.tdnet.info/inbs/140120260512526841.pdf"", ""2026年3月期 決算補足資料"")","=HYPERLINK(""pdf_tmp/20260513/3422_1600_J-MAX_2026年3月期 決算補足資料.pdf"", ""2026年3月期 決算補足資料"")",,4 7,,,,,,,,,7,,,,,,,,,,,,,https://www.release.tdnet.info/inbs/140120260512526841.pdf
20260513,3431,宮地エンジ,決算短信,"=HYPERLINK(""https://www.release.tdnet.info/inbs/140120260512527482.pdf"", ""2026年3月期決算短信〔日本基準〕(連結)"")","=HYPERLINK(""pdf_tmp/20260513/3431_1500_宮地エンジ_2026年3月期決算短信〔日本基準〕(連結).pdf"", ""2026年3月期決算短信〔日本基準〕(連結)"")",,,,,,,,,,,4 6,,,,,,,,6,,,,,https://www.release.tdnet.info/inbs/140120260512527482.pdf
20260513,3529,アツギ,決算短信,"=HYPERLINK(""https://www.release.tdnet.info/inbs/140120260512524500.pdf"", ""2026年3月期 決算短信〔日本基準〕(連結)"")","=HYPERLINK(""pdf_tmp/20260513/3529_1430_アツギ_2026年3月期 決算短信〔日本基準〕(連結).pdf"", ""2026年3月期 決算短信〔日本基準〕(連結)"")",,,,,,,,,,5,,,,,,,,,4,,,,,https://www.release.tdnet.info/inbs/140120260512524500.pdf
20260513,3556,G-リネットジャパン,決算短信,"=HYPERLINK(""https://www.release.tdnet.info/inbs/140120260512524928.pdf"", ""2026年9月期 第2四半期(中間期)決算短信〔日本基準〕(連結)"")","=HYPERLINK(""pdf_tmp/20260513/3556_0800_G-リネットジャパン_2026年9月期 第2四半期(中間期)決算短信〔日本基準〕(連結).pdf"", ""2026年9月期 第2四半期(中間期)決算短信〔日本基準〕(連結)"")",,,,,,,5,,,,4,,,,,,,,,,,,,https://www.release.tdnet.info/inbs/140120260512524928.pdf
20260513,3556,G-リネットジャパン,その他,"=HYPERLINK(""https://www.release.tdnet.info/inbs/140120260512524968.pdf"", ""2026年9月期 第2四半期決算補足資料"")","=HYPERLINK(""pdf_tmp/20260513/3556_0800_G-リネットジャパン_2026年9月期 第2四半期決算補足資料.pdf"", ""2026年9月期 第2四半期決算補足資料"")",,,,,,,4 5 7,,,,10,,,,,,,,,,,,,https://www.release.tdnet.info/inbs/140120260512524968.pdf
20260513,3676,デジハHD,決算短信,"=HYPERLINK(""https://www.release.tdnet.info/inbs/140120260512526715.pdf"", ""2026年3月期 決算短信〔日本基準〕(連結)"")","=HYPERLINK(""pdf_tmp/20260513/3676_1600_デジハHD_2026年3月期 決算短信〔日本基準〕(連結).pdf"", ""2026年3月期 決算短信〔日本基準〕(連結)"")",,,,,4 5,,,,,,5,,,,,,,,,,,,,https://www.release.tdnet.info/inbs/140120260512526715.pdf
20260513,3682,エンカレッジ,決算短信,"=HYPERLINK(""https://www.release.tdnet.info/inbs/140120260512524425.pdf"", ""2026年3月期 決算短信[日本基準](非連結)"")","=HYPERLINK(""pdf_tmp/20260513/3682_1200_エンカレッジ_2026年3月期 決算短信[日本基準](非連結).pdf"", ""2026年3月期 決算短信[日本基準](非連結)"")",,,,,,,,,,4 7,4,,,,,,,,,,,,,https://www.release.tdnet.info/inbs/140120260512524425.pdf
20260513,3682,エンカレッジ,その他,"=HYPERLINK(""https://www.release.tdnet.info/inbs/140120260513527752.pdf"", ""2026年3月期 決算説明補足資料"")","=HYPERLINK(""pdf_tmp/20260513/3682_1200_エンカレッジ_2026年3月期 決算説明補足資料.pdf"", ""2026年3月期 決算説明補足資料"")",,,,,,,,,,4 5,5,,,,,,,,,,,,,https://www.release.tdnet.info/inbs/140120260513527752.pdf
20260513,3768,リスクモンスター,決算短信,"=HYPERLINK(""https://www.release.tdnet.info/inbs/140120260503517146.pdf"", ""2026年3月期 決算短信〔日本基準〕(連結)"")","=HYPERLINK(""pdf_tmp/20260513/3768_1630_リスクモンスター_2026年3月期 決算短信〔日本基準〕(連結).pdf"", ""2026年3月期 決算短信〔日本基準〕(連結)"")",,,,,,,,,,,,,,,,4,,,8,,,,,https://www.release.tdnet.info/inbs/140120260503517146.pdf
20260513,3798,ULSグループ,決算短信,"=HYPERLINK(""https://www.release.tdnet.info/inbs/140120260511523776.pdf"", ""2026年3月期 決算短信〔日本基準〕(連結)"")","=HYPERLINK(""pdf_tmp/20260513/3798_1530_ULSグループ_2026年3月期 決算短信〔日本基準〕(連結).pdf"", ""2026年3月期 決算短信〔日本基準〕(連結)"")",,,,,,8,,,,,5 8,,,,,,,,,,,,,https://www.release.tdnet.info/inbs/140120260511523776.pdf
20260513,3848,データアプリ,決算短信,"=HYPERLINK(""https://www.release.tdnet.info/inbs/140120260511523542.pdf"", ""2026年3月期 決算短信〔日本基準〕(連結)"")","=HYPERLINK(""pdf_tmp/20260513/3848_1600_データアプリ_2026年3月期 決算短信〔日本基準〕(連結).pdf"", ""2026年3月期 決算短信〔日本基準〕(連結)"")",,,,,,,,,,,,,,,,5,,,5,,,,,https://www.release.tdnet.info/inbs/140120260511523542.pdf
20260513,3861,王子HD,その他,"=HYPERLINK(""https://www.release.tdnet.info/inbs/140120260512527083.pdf"", ""2026年3月期通期連結業績見通し及び2027年3月期通期連結業績予想並びに配当予想に関するお知らせ"")","=HYPERLINK(""pdf_tmp/20260513/3861_1600_王子HD_2026年3月期通期連結業績見通し及び2027年3月期通期連結業績予想並びに配当予想に関するお知らせ.pdf"", ""2026年3月期通期連結業績見通し及び2027年3月期通期連結業績予想並びに配当予想に関するお知らせ"")",,,,2,,,,,,,,,,,,,,,2,,,,,https://www.release.tdnet.info/inbs/140120260512527083.pdf
20260513,3932,アカツキ,その他,"=HYPERLINK(""https://www.release.tdnet.info/inbs/140120260512526453.pdf"", ""株式会社サニーサイドアップグループ(証券コード:2180)との経営統合に向けた同社株券等に対する公開買付けの開始及び株式交換に向けた基本合意書の締結"")","=HYPERLINK(""pdf_tmp/20260513/3932_1645_アカツキ_株式会社サニーサイドアップグループ(証券コード_2180)との経営統合に向けた同社株券等に対する公開買付けの開始及び株式交換に向けた基本合意書の締結.pdf"", ""株式会社サニーサイドアップグループ(証券コード:2180)との経営統合に向けた同社株券等に対する公開買付けの開始及び株式交換に向けた基本合意書の締結"")",60,,,,,,,,,,21 35 36 56 88 92 103,,,,,,,,,,,,,https://www.release.tdnet.info/inbs/140120260512526453.pdf
20260513,3939,カナミックN,説明資料,"=HYPERLINK(""https://www.release.tdnet.info/inbs/140120260513528666.pdf"", ""2026年9月期(第26期)第2四半期決算および会社説明資料"")","=HYPERLINK(""pdf_tmp/20260513/3939_1700_カナミックN_2026年9月期(第26期)第2四半期決算および会社説明資料.pdf"", ""2026年9月期(第26期)第2四半期決算および会社説明資料"")",,,,,,,9,,,,2 13 24 25 29,,,,,,,,,,,,,https://www.release.tdnet.info/inbs/140120260513528666.pdf
20260513,3954,PAXXS,決算短信,"=HYPERLINK(""https://www.release.tdnet.info/inbs/140120260512524770.pdf"", ""2026年3月期 決算短信〔日本基準〕(連結)"")","=HYPERLINK(""pdf_tmp/20260513/3954_1500_PAXXS_2026年3月期 決算短信〔日本基準〕(連結).pdf"", ""2026年3月期 決算短信〔日本基準〕(連結)"")",,,,,4,,,,,,4 5,,,,,,,,,,,,,https://www.release.tdnet.info/inbs/140120260512524770.pdf
20260513,3968,セグエ,説明資料,"=HYPERLINK(""https://www.release.tdnet.info/inbs/140120260512526363.pdf"", ""2026年12月期第1四半期決算補足説明資料"")","=HYPERLINK(""pdf_tmp/20260513/3968_1130_セグエ_2026年12月期第1四半期決算補足説明資料.pdf"", ""2026年12月期第1四半期決算補足説明資料"")",,,,,,,25,,,,4 5 7 10 12 15,,,,,,,,,,,,,https://www.release.tdnet.info/inbs/140120260512526363.pdf
20260513,3979,G-うるる,説明資料,"=HYPERLINK(""https://www.release.tdnet.info/inbs/140120260512527320.pdf"", ""2026年3月期 決算説明資料"")","=HYPERLINK(""pdf_tmp/20260513/3979_1200_G-うるる_2026年3月期 決算説明資料.pdf"", ""2026年3月期 決算説明資料"")",,,,,,,,,,,9 11 18 52 58,,,,,,,,,,,18,,https://www.release.tdnet.info/inbs/140120260512527320.pdf
20260513,4071,プラスアルファ,決算短信,"=HYPERLINK(""https://www.release.tdnet.info/inbs/140120260512526107.pdf"", ""2026年9月期 第2四半期(中間期)決算短信〔日本基準〕(連結)"")","=HYPERLINK(""pdf_tmp/20260513/4071_1530_プラスアルファ_2026年9月期 第2四半期(中間期)決算短信〔日本基準〕(連結).pdf"", ""2026年9月期 第2四半期(中間期)決算短信〔日本基準〕(連結)"")",,,,,5,,,,,,,,,,,,,,,,5,,,https://www.release.tdnet.info/inbs/140120260512526107.pdf
20260513,4071,プラスアルファ,その他,"=HYPERLINK(""https://www.release.tdnet.info/inbs/140120260512527498.pdf"", ""2026年9月期 第2四半期決算について想定されるご質問に対する回答"")","=HYPERLINK(""pdf_tmp/20260513/4071_1530_プラスアルファ_2026年9月期 第2四半期決算について想定されるご質問に対する回答.pdf"", ""2026年9月期 第2四半期決算について想定されるご質問に対する回答"")",,,,,3 4 5,,,,,,2 3,,,,,,,,,,,,,https://www.release.tdnet.info/inbs/140120260512527498.pdf
20260513,4071,プラスアルファ,説明資料,"=HYPERLINK(""https://www.release.tdnet.info/inbs/140120260512527490.pdf"", ""2026年9月期 第2四半期決算説明資料"")","=HYPERLINK(""pdf_tmp/20260513/4071_1530_プラスアルファ_2026年9月期 第2四半期決算説明資料.pdf"", ""2026年9月期 第2四半期決算説明資料"")",,,,,,,,,,,3 15 31 40,,,,,,,,,,47,,,https://www.release.tdnet.info/inbs/140120260512527490.pdf
20260513,4078,堺化学,その他,"=HYPERLINK(""https://www.release.tdnet.info/inbs/140120260428513799.pdf"", ""個別業績の前期実績との差異に関するお知らせ"")","=HYPERLINK(""pdf_tmp/20260513/4078_1500_堺化学_個別業績の前期実績との差異に関するお知らせ.pdf"", ""個別業績の前期実績との差異に関するお知らせ"")",,,,,,,,,,,1,,,,,,,,1,,,,,https://www.release.tdnet.info/inbs/140120260428513799.pdf
20260513,4188,三菱ケミカルグループ,決算短信,"=HYPERLINK(""https://www.release.tdnet.info/inbs/140120260513528387.pdf"", ""2026年3月期決算短信〔IFRS〕(連結)"")","=HYPERLINK(""pdf_tmp/20260513/4188_1330_三菱ケミカルグループ_2026年3月期決算短信〔IFRS〕(連結).pdf"", ""2026年3月期決算短信〔IFRS〕(連結)"")",,,,,,,,,,,,,,,,,4,,4 5,,,,,https://www.release.tdnet.info/inbs/140120260513528387.pdf
20260513,4208,UBE,決算短信,"=HYPERLINK(""https://www.release.tdnet.info/inbs/140120260513528560.pdf"", ""2026年3月期 決算短信〔日本基準〕(連結)"")","=HYPERLINK(""pdf_tmp/20260513/4208_1530_UBE_2026年3月期 決算短信〔日本基準〕(連結).pdf"", ""2026年3月期 決算短信〔日本基準〕(連結)"")",,,,,,,,,,9,,,,,,,,5,,,,,,https://www.release.tdnet.info/inbs/140120260513528560.pdf
20260513,4212,積水樹脂,決算短信,"=HYPERLINK(""https://www.release.tdnet.info/inbs/140120260511522558.pdf"", ""2026年3月期 決算短信〔日本基準〕(連結)"")","=HYPERLINK(""pdf_tmp/20260513/4212_1600_積水樹脂_2026年3月期 決算短信〔日本基準〕(連結).pdf"", ""2026年3月期 決算短信〔日本基準〕(連結)"")",,,,,,,,,,,4 5,,,,,,5,,,,,,,https://www.release.tdnet.info/inbs/140120260511522558.pdf
20260513,421A,G-ムービン,予想の修正,"=HYPERLINK(""https://www.release.tdnet.info/inbs/140120260513528809.pdf"", ""2026年12月期第2四半期(中間期)連結業績予想及び通期連結業績予想の修正に関するお知らせ"")","=HYPERLINK(""pdf_tmp/20260513/421A_1800_G-ムービン_2026年12月期第2四半期(中間期)連結業績予想及び通期連結業績予想の修正に関するお知らせ.pdf"", ""2026年12月期第2四半期(中間期)連結業績予想及び通期連結業績予想の修正に関するお知らせ"")",,,,,,2,,,,,,,,2,,,,,,,,,,https://www.release.tdnet.info/inbs/140120260513528809.pdf
20260513,4241,アテクト,決算短信,"=HYPERLINK(""https://www.release.tdnet.info/inbs/140120260501516939.pdf"", ""2026年3月期決算短信〔日本基準〕(連結)"")","=HYPERLINK(""pdf_tmp/20260513/4241_1630_アテクト_2026年3月期決算短信〔日本基準〕(連結).pdf"", ""2026年3月期決算短信〔日本基準〕(連結)"")",,,,,4,,,,,,,,,,,4,,,,,,,,https://www.release.tdnet.info/inbs/140120260501516939.pdf
20260513,4241,アテクト,説明資料,"=HYPERLINK(""https://www.release.tdnet.info/inbs/140120260513530410.pdf"", ""2026年3月期連結決算説明資料"")","=HYPERLINK(""pdf_tmp/20260513/4241_1630_アテクト_2026年3月期連結決算説明資料.pdf"", ""2026年3月期連結決算説明資料"")",,,,,,,,,,,4,,,,,,,,4 6,,,,,https://www.release.tdnet.info/inbs/140120260513530410.pdf
20260513,4290,PI,決算短信,"=HYPERLINK(""https://www.release.tdnet.info/inbs/140120260428513089.pdf"", ""2026年3月期決算短信〔日本基準〕(連結)"")","=HYPERLINK(""pdf_tmp/20260513/4290_1600_PI_2026年3月期決算短信〔日本基準〕(連結).pdf"", ""2026年3月期決算短信〔日本基準〕(連結)"")",,,,4,,,,,,,6,,,,,,,,,,,,,https://www.release.tdnet.info/inbs/140120260428513089.pdf
20260513,4316,G-ビーマップ,予想の修正,"=HYPERLINK(""https://www.release.tdnet.info/inbs/140120260513530099.pdf"", ""業績予想の修正に関するお知らせ"")","=HYPERLINK(""pdf_tmp/20260513/4316_1530_G-ビーマップ_業績予想の修正に関するお知らせ.pdf"", ""業績予想の修正に関するお知らせ"")",,,,,,,,,,1,,,,,,,,,1,,,,,https://www.release.tdnet.info/inbs/140120260513530099.pdf
20260513,4398,BBSec,説明資料,"=HYPERLINK(""https://www.release.tdnet.info/inbs/140120260513528646.pdf"", ""2026年6月期 第3四半期決算説明資料"")","=HYPERLINK(""pdf_tmp/20260513/4398_1530_BBSec_2026年6月期 第3四半期決算説明資料.pdf"", ""2026年6月期 第3四半期決算説明資料"")",,,,,,,,,,,4 5 7 16 18,,,,,,,,,,31 33,,,https://www.release.tdnet.info/inbs/140120260513528646.pdf
20260513,4471,三洋化成,決算短信,"=HYPERLINK(""https://www.release.tdnet.info/inbs/140120260512524881.pdf"", ""2026年3月期 決算短信[連結・日本基準]"")","=HYPERLINK(""pdf_tmp/20260513/4471_1500_三洋化成_2026年3月期 決算短信[連結・日本基準].pdf"", ""2026年3月期 決算短信[連結・日本基準]"")",,,,3 6,,,,,,,6,,,,,,,,,,,,,https://www.release.tdnet.info/inbs/140120260512524881.pdf
20260513,4506,住友ファーマ,その他,"=HYPERLINK(""https://www.release.tdnet.info/inbs/140120260512525257.pdf"", ""2025年度(2026年3月期)決算説明会資料"")","=HYPERLINK(""pdf_tmp/20260513/4506_1300_住友ファーマ_2025年度(2026年3月期)決算説明会資料.pdf"", ""2025年度(2026年3月期)決算説明会資料"")",,,,,,,,,,,,,,,,,,,8 16,,,15,,https://www.release.tdnet.info/inbs/140120260512525257.pdf
20260513,4526,理研ビタミン,決算短信,"=HYPERLINK(""https://www.release.tdnet.info/inbs/140120260512527497.pdf"", ""2026年3月期 決算短信〔日本基準〕(連結)"")","=HYPERLINK(""pdf_tmp/20260513/4526_1600_理研ビタミン_2026年3月期 決算短信〔日本基準〕(連結).pdf"", ""2026年3月期 決算短信〔日本基準〕(連結)"")",,,5,,,17,,,,,,,,,,,,,,,,,,https://www.release.tdnet.info/inbs/140120260512527497.pdf
20260513,4527,ロート薬,その他,"=HYPERLINK(""https://www.release.tdnet.info/inbs/140120260513528793.pdf"", ""株主提案に対する当社取締役会の意見について"")","=HYPERLINK(""pdf_tmp/20260513/4527_1530_ロート薬_株主提案に対する当社取締役会の意見について.pdf"", ""株主提案に対する当社取締役会の意見について"")",,,,,,,,,,9,9,,,,,,,,,,,,,https://www.release.tdnet.info/inbs/140120260513528793.pdf
20260513,4552,JCRファーマ,その他,"=HYPERLINK(""https://www.release.tdnet.info/inbs/140120260513528820.pdf"", ""2026年3月期 決算説明会 プレゼンテーション資料"")","=HYPERLINK(""pdf_tmp/20260513/4552_1530_JCRファーマ_2026年3月期 決算説明会 プレゼンテーション資料.pdf"", ""2026年3月期 決算説明会 プレゼンテーション資料"")",,,,,,,,,,,14,15,,,,,,,,,,,,https://www.release.tdnet.info/inbs/140120260513528820.pdf
20260513,4680,ラウンドワン,その他,"=HYPERLINK(""https://www.release.tdnet.info/inbs/140120260513527957.pdf"", ""2026年3月期決算 現況と今後の展望(決算説明会資料)"")","=HYPERLINK(""pdf_tmp/20260513/4680_1130_ラウンドワン_2026年3月期決算 現況と今後の展望(決算説明会資料).pdf"", ""2026年3月期決算 現況と今後の展望(決算説明会資料)"")",,,12,,6 12,,,,,,,,,,,,,,,,,,,https://www.release.tdnet.info/inbs/140120260513527957.pdf
20260513,4694,BML,決算短信,"=HYPERLINK(""https://www.release.tdnet.info/inbs/140120260513527988.pdf"", ""2026年3月期決算短信〔日本基準〕(連結)"")","=HYPERLINK(""pdf_tmp/20260513/4694_1400_BML_2026年3月期決算短信〔日本基準〕(連結).pdf"", ""2026年3月期決算短信〔日本基準〕(連結)"")",,,,,,,,,,,8,,,,,,,,,,,8,,https://www.release.tdnet.info/inbs/140120260513527988.pdf
20260513,4751,サイバーエージェント,その他,"=HYPERLINK(""https://www.release.tdnet.info/inbs/140120260513529980.pdf"", ""2026年9月期 第2四半期決算説明会資料"")","=HYPERLINK(""pdf_tmp/20260513/4751_1600_サイバーエージェント_2026年9月期 第2四半期決算説明会資料.pdf"", ""2026年9月期 第2四半期決算説明会資料"")",,,,,,,,,,,5 7 28,,,,,,,,,,,24,,https://www.release.tdnet.info/inbs/140120260513529980.pdf
20260513,4889,G-レナサイエンス,決算短信,"=HYPERLINK(""https://www.release.tdnet.info/inbs/140120260512527168.pdf"", ""2026年3月期決算短信〔日本基準〕(非連結)"")","=HYPERLINK(""pdf_tmp/20260513/4889_1530_G-レナサイエンス_2026年3月期決算短信〔日本基準〕(非連結).pdf"", ""2026年3月期決算短信〔日本基準〕(非連結)"")",,,,,,,,,,,23,,,,,,,,15 24,,,,,https://www.release.tdnet.info/inbs/140120260512527168.pdf
20260513,4985,アース製薬,説明資料,"=HYPERLINK(""https://www.release.tdnet.info/inbs/140120260513528920.pdf"", ""2026年12月期 第1四半期決算説明資料"")","=HYPERLINK(""pdf_tmp/20260513/4985_1530_アース製薬_2026年12月期 第1四半期決算説明資料.pdf"", ""2026年12月期 第1四半期決算説明資料"")",,,,,,,,,,,,,,,,,,,4,,,19,,https://www.release.tdnet.info/inbs/140120260513528920.pdf
20260513,5071,ヴィス,説明資料,"=HYPERLINK(""https://www.release.tdnet.info/inbs/140120260513530168.pdf"", ""2026年3月期 決算説明資料"")","=HYPERLINK(""pdf_tmp/20260513/5071_1531_ヴィス_2026年3月期 決算説明資料.pdf"", ""2026年3月期 決算説明資料"")",,,,,,,,,,25,3 8 14 17,,,,,,,,,,,,,https://www.release.tdnet.info/inbs/140120260513530168.pdf
20260513,5076,インフロニアHD,その他,"=HYPERLINK(""https://www.release.tdnet.info/inbs/140120260511522961.pdf"", ""2026年3月期アナリスト向け決算説明会資料 プレゼンテーション資料"")","=HYPERLINK(""pdf_tmp/20260513/5076_1030_インフロニアHD_2026年3月期アナリスト向け決算説明会資料 プレゼンテーション資料.pdf"", ""2026年3月期アナリスト向け決算説明会資料 プレゼンテーション資料"")",,,,11,,,,,,,9,,,,,,,,,,,,,https://www.release.tdnet.info/inbs/140120260511522961.pdf
20260513,5232,住友大阪,決算短信,"=HYPERLINK(""https://www.release.tdnet.info/inbs/140120260512525665.pdf"", ""2026年3月期 決算短信〔日本基準〕(連結)"")","=HYPERLINK(""pdf_tmp/20260513/5232_1430_住友大阪_2026年3月期 決算短信〔日本基準〕(連結).pdf"", ""2026年3月期 決算短信〔日本基準〕(連結)"")",,,4,,4,,,,,,,,,,,,,,,,,,,https://www.release.tdnet.info/inbs/140120260512525665.pdf
20260513,5288,アジアパイルHD,決算短信,"=HYPERLINK(""https://www.release.tdnet.info/inbs/140120260513528063.pdf"", ""2026年3月期 決算短信〔日本基準〕(連結)"")","=HYPERLINK(""pdf_tmp/20260513/5288_1530_アジアパイルHD_2026年3月期 決算短信〔日本基準〕(連結).pdf"", ""2026年3月期 決算短信〔日本基準〕(連結)"")",,6,,,,,,,,,,,,,,,,,6,,,,,https://www.release.tdnet.info/inbs/140120260513528063.pdf
20260513,5342,ジャニス工,決算短信,"=HYPERLINK(""https://www.release.tdnet.info/inbs/140120260512525650.pdf"", ""2026年3月期決算短信〔日本基準〕(連結)"")","=HYPERLINK(""pdf_tmp/20260513/5342_1620_ジャニス工_2026年3月期決算短信〔日本基準〕(連結).pdf"", ""2026年3月期決算短信〔日本基準〕(連結)"")",,,4 5,,,,,,,,4,,,,,,,,,,,,,https://www.release.tdnet.info/inbs/140120260512525650.pdf
20260513,5342,ジャニス工,その他,"=HYPERLINK(""https://www.release.tdnet.info/inbs/140120260509521017.pdf"", ""株主提案に対する当社取締役会意見に関するお知らせ"")","=HYPERLINK(""pdf_tmp/20260513/5342_1620_ジャニス工_株主提案に対する当社取締役会意見に関するお知らせ.pdf"", ""株主提案に対する当社取締役会意見に関するお知らせ"")",,,,,,,,,,,3,,,,,,,,3,,,,,https://www.release.tdnet.info/inbs/140120260509521017.pdf
20260513,5570,G-ジェノバ,説明資料,"=HYPERLINK(""https://www.release.tdnet.info/inbs/140120260513529921.pdf"", ""2026年9月期第2四半期 決算説明資料"")","=HYPERLINK(""pdf_tmp/20260513/5570_1500_G-ジェノバ_2026年9月期第2四半期 決算説明資料.pdf"", ""2026年9月期第2四半期 決算説明資料"")",,,,,14,,,,,,25,,,,,,,,,,,,,https://www.release.tdnet.info/inbs/140120260513529921.pdf
20260513,567A,P-ディープラス,その他,"=HYPERLINK(""https://www.release.tdnet.info/inbs/140120260512524517.pdf"", ""東京証券取引所 TOKYO PRO Market上場に伴う当社決算情報等のお知らせ"")","=HYPERLINK(""pdf_tmp/20260513/567A_0800_P-ディープラス_東京証券取引所 TOKYO PRO Market上場に伴う当社決算情報等のお知らせ.pdf"", ""東京証券取引所 TOKYO PRO Market上場に伴う当社決算情報等のお知らせ"")",,,,6,,,,,,,6,,,,,,,,,,,,,https://www.release.tdnet.info/inbs/140120260512524517.pdf
20260513,5911,横河ブHD,決算短信,"=HYPERLINK(""https://www.release.tdnet.info/inbs/140120260512527113.pdf"", ""2026年3月期 決算短信〔日本基準〕(連結)"")","=HYPERLINK(""pdf_tmp/20260513/5911_1530_横河ブHD_2026年3月期 決算短信〔日本基準〕(連結).pdf"", ""2026年3月期 決算短信〔日本基準〕(連結)"")",,,,,,,,,,,6,,,,,,,,,,6,,,https://www.release.tdnet.info/inbs/140120260512527113.pdf
20260513,5915,駒井ハルテック,決算短信,"=HYPERLINK(""https://www.release.tdnet.info/inbs/140120260513528754.pdf"", ""2026年3月期 決算短信[日本基準](連結)"")","=HYPERLINK(""pdf_tmp/20260513/5915_1530_駒井ハルテック_2026年3月期 決算短信[日本基準](連結).pdf"", ""2026年3月期 決算短信[日本基準](連結)"")",,,,,,,,,,,,,,,,6,,,4,,,,,https://www.release.tdnet.info/inbs/140120260513528754.pdf
20260513,6030,G-アドベンチャー,予想の修正,"=HYPERLINK(""https://www.release.tdnet.info/inbs/140120260512527583.pdf"", ""当社連結子会社における業績予想の修正に関するお知らせ"")","=HYPERLINK(""pdf_tmp/20260513/6030_1530_G-アドベンチャー_当社連結子会社における業績予想の修正に関するお知らせ.pdf"", ""当社連結子会社における業績予想の修正に関するお知らせ"")",,,,,,,,,,,,,,,,3,,,2,,,,,https://www.release.tdnet.info/inbs/140120260512527583.pdf
20260513,6090,HMT,説明資料,"=HYPERLINK(""https://www.release.tdnet.info/inbs/140120260512526250.pdf"", ""2026年6月期第3四半期 決算補足説明資料"")","=HYPERLINK(""pdf_tmp/20260513/6090_1530_HMT_2026年6月期第3四半期 決算補足説明資料.pdf"", ""2026年6月期第3四半期 決算補足説明資料"")",,,,,,,,,,,2 3 4,3,,,,,,,,,,,,https://www.release.tdnet.info/inbs/140120260512526250.pdf
20260513,6165,パンチ,その他,"=HYPERLINK(""https://www.release.tdnet.info/inbs/140120260512525987.pdf"", ""中期経営計画「バリュークリエーション28」策定に関するお知らせ"")","=HYPERLINK(""pdf_tmp/20260513/6165_1600_パンチ_中期経営計画「バリュークリエーション28」策定に関するお知らせ.pdf"", ""中期経営計画「バリュークリエーション28」策定に関するお知らせ"")",,,,,16,,,,,10,,,,,,,,,,,,,,https://www.release.tdnet.info/inbs/140120260512525987.pdf
20260513,6181,G-タメニー,説明資料,"=HYPERLINK(""https://www.release.tdnet.info/inbs/140120260513528458.pdf"", ""2026年3月期 決算説明資料"")","=HYPERLINK(""pdf_tmp/20260513/6181_1530_G-タメニー_2026年3月期 決算説明資料.pdf"", ""2026年3月期 決算説明資料"")",,,,,13 15,,,,,,6 22,,,,,,,,,,,,,https://www.release.tdnet.info/inbs/140120260513528458.pdf
20260513,6197,ソラスト,決算短信,"=HYPERLINK(""https://www.release.tdnet.info/inbs/140120260513528499.pdf"", ""2025年度 決算短信〔日本基準〕(連結)"")","=HYPERLINK(""pdf_tmp/20260513/6197_1530_ソラスト_2025年度 決算短信〔日本基準〕(連結).pdf"", ""2025年度 決算短信〔日本基準〕(連結)"")",,,4,,,,,,,,4,,,,,,,,,,,,,https://www.release.tdnet.info/inbs/140120260513528499.pdf
20260513,6235,オプトラン,説明資料,"=HYPERLINK(""https://www.release.tdnet.info/inbs/140120260513528590.pdf"", ""2026年12月期第1四半期決算説明資料"")","=HYPERLINK(""pdf_tmp/20260513/6235_1530_オプトラン_2026年12月期第1四半期決算説明資料.pdf"", ""2026年12月期第1四半期決算説明資料"")",,,,,,5 8,,,,,,,,,,,8,,,,,,,https://www.release.tdnet.info/inbs/140120260513528590.pdf
20260513,6278,ユニオンツール,決算短信,"=HYPERLINK(""https://www.release.tdnet.info/inbs/140120260511522775.pdf"", ""2026年12月期 第1四半期決算短信[日本基準](連結)"")","=HYPERLINK(""pdf_tmp/20260513/6278_1530_ユニオンツール_2026年12月期 第1四半期決算短信[日本基準](連結).pdf"", ""2026年12月期 第1四半期決算短信[日本基準](連結)"")",,,,,,,4,,,,4,,,,,,,,,,,,,https://www.release.tdnet.info/inbs/140120260511522775.pdf
20260513,6306,日工,決算短信,"=HYPERLINK(""https://www.release.tdnet.info/inbs/140120260513527631.pdf"", ""2026年3月期 決算短信〔日本基準〕(連結)"")","=HYPERLINK(""pdf_tmp/20260513/6306_1530_日工_2026年3月期 決算短信〔日本基準〕(連結).pdf"", ""2026年3月期 決算短信〔日本基準〕(連結)"")",,,,,,,,,,,4,,,,,,,,8,,,,,https://www.release.tdnet.info/inbs/140120260513527631.pdf
20260513,6317,北川鉄,決算短信,"=HYPERLINK(""https://www.release.tdnet.info/inbs/140120260511522954.pdf"", ""2026年3月期 決算短信〔日本基準〕(連結)"")","=HYPERLINK(""pdf_tmp/20260513/6317_1530_北川鉄_2026年3月期 決算短信〔日本基準〕(連結).pdf"", ""2026年3月期 決算短信〔日本基準〕(連結)"")",,,4,,,,,,,,,,,,,,,,,,,6,,https://www.release.tdnet.info/inbs/140120260511522954.pdf
20260513,6324,ハーモニック,決算短信,"=HYPERLINK(""https://www.release.tdnet.info/inbs/140120260511521357.pdf"", ""2026年3月期 決算短信〔日本基準〕(連結)"")","=HYPERLINK(""pdf_tmp/20260513/6324_1600_ハーモニック_2026年3月期 決算短信〔日本基準〕(連結).pdf"", ""2026年3月期 決算短信〔日本基準〕(連結)"")",,,,,,,,,,18,,,,,,,,,19,,,,,https://www.release.tdnet.info/inbs/140120260511521357.pdf
20260513,6356,日ギア,決算短信,"=HYPERLINK(""https://www.release.tdnet.info/inbs/140120260513528667.pdf"", ""2026年3月期 決算短信[日本基準](非連結)"")","=HYPERLINK(""pdf_tmp/20260513/6356_1300_日ギア_2026年3月期 決算短信[日本基準](非連結).pdf"", ""2026年3月期 決算短信[日本基準](非連結)"")",,,,,,,,,,,4,,,,,,,,4,,,,,https://www.release.tdnet.info/inbs/140120260513528667.pdf
20260513,6357,三精テクノロジーズ,決算短信,"=HYPERLINK(""https://www.release.tdnet.info/inbs/140120260427511624.pdf"", ""2026年3月期 決算短信〔日本基準〕(連結)"")","=HYPERLINK(""pdf_tmp/20260513/6357_1530_三精テクノロジーズ_2026年3月期 決算短信〔日本基準〕(連結).pdf"", ""2026年3月期 決算短信〔日本基準〕(連結)"")",,,,,,,,,,,4,,4,,,,,,,,,,,https://www.release.tdnet.info/inbs/140120260427511624.pdf
20260513,6358,酒井重,その他,"=HYPERLINK(""https://www.release.tdnet.info/inbs/140120260512527520.pdf"", ""2026年3月期 通期連結業績予想と実績との差異及び剰余金の配当に関するお知らせ"")","=HYPERLINK(""pdf_tmp/20260513/6358_1430_酒井重_2026年3月期 通期連結業績予想と実績との差異及び剰余金の配当に関するお知らせ.pdf"", ""2026年3月期 通期連結業績予想と実績との差異及び剰余金の配当に関するお知らせ"")",,,,,,,1 2,1,,,,,,,,,,,,,,,,https://www.release.tdnet.info/inbs/140120260512527520.pdf
20260513,6439,中日鋳工,決算短信,"=HYPERLINK(""https://www.release.tdnet.info/inbs/140120260513527672.pdf"", ""2026年3月期決算短信〔日本基準〕(非連結)"")","=HYPERLINK(""pdf_tmp/20260513/6439_1400_中日鋳工_2026年3月期決算短信〔日本基準〕(非連結).pdf"", ""2026年3月期決算短信〔日本基準〕(非連結)"")",,,,4,4,,,,,,,,,,,,,,,,,,,https://www.release.tdnet.info/inbs/140120260513527672.pdf
20260513,6495,宮入バル,決算短信,"=HYPERLINK(""https://www.release.tdnet.info/inbs/140120260512526859.pdf"", ""2026年3月期 決算短信〔日本基準〕(非連結)"")","=HYPERLINK(""pdf_tmp/20260513/6495_1630_宮入バル_2026年3月期 決算短信〔日本基準〕(非連結).pdf"", ""2026年3月期 決算短信〔日本基準〕(非連結)"")",,,,,5,,,,,,,,,,,,,,5,,,,,https://www.release.tdnet.info/inbs/140120260512526859.pdf
20260513,6523,PHCHD,決算短信,"=HYPERLINK(""https://www.release.tdnet.info/inbs/140120260512525855.pdf"", ""2026年3月期 決算短信〔IFRS〕(連結)"")","=HYPERLINK(""pdf_tmp/20260513/6523_1530_PHCHD_2026年3月期 決算短信〔IFRS〕(連結).pdf"", ""2026年3月期 決算短信〔IFRS〕(連結)"")",,,8 11,,,,,,,,4 6,,,,,,,,,,,,,https://www.release.tdnet.info/inbs/140120260512525855.pdf
20260513,6525,KOKUSAI,決算短信,"=HYPERLINK(""https://www.release.tdnet.info/inbs/140120260512526541.pdf"", ""2026年3月期 決算短信〔IFRS〕(連結)"")","=HYPERLINK(""pdf_tmp/20260513/6525_1430_KOKUSAI_2026年3月期 決算短信〔IFRS〕(連結).pdf"", ""2026年3月期 決算短信〔IFRS〕(連結)"")",,,,,,,,,,,16,,,,5,,,,,,,,,https://www.release.tdnet.info/inbs/140120260512526541.pdf
20260513,6548,G-旅工房,予想の修正,"=HYPERLINK(""https://www.release.tdnet.info/inbs/140120260513530104.pdf"", ""通期業績予想の修正に関するお知らせ"")","=HYPERLINK(""pdf_tmp/20260513/6548_1530_G-旅工房_通期業績予想の修正に関するお知らせ.pdf"", ""通期業績予想の修正に関するお知らせ"")",,,,,,,,,,,,,,,,2,,,1,,,,,https://www.release.tdnet.info/inbs/140120260513530104.pdf
20260513,6551,ツナグGHD,説明資料,"=HYPERLINK(""https://www.release.tdnet.info/inbs/140120260512527186.pdf"", ""2026年9月期 第2四半期決算説明資料"")","=HYPERLINK(""pdf_tmp/20260513/6551_1530_ツナグGHD_2026年9月期 第2四半期決算説明資料.pdf"", ""2026年9月期 第2四半期決算説明資料"")",,,,,,30,,,,30,,,,,,,,,,,,,,https://www.release.tdnet.info/inbs/140120260512527186.pdf
20260513,6590,芝浦,説明資料,"=HYPERLINK(""https://www.release.tdnet.info/inbs/140120260513528725.pdf"", ""2026年3月期 決算説明資料"")","=HYPERLINK(""pdf_tmp/20260513/6590_1500_芝浦_2026年3月期 決算説明資料.pdf"", ""2026年3月期 決算説明資料"")",,,,,,,,,,,4 5 7 31,,,,,,,,,,,38,,https://www.release.tdnet.info/inbs/140120260513528725.pdf
20260513,6638,Mimaki,決算短信,"=HYPERLINK(""https://www.release.tdnet.info/inbs/140120260512527223.pdf"", ""2026年3月期 決算短信[日本基準](連結)"")","=HYPERLINK(""pdf_tmp/20260513/6638_1130_Mimaki_2026年3月期 決算短信[日本基準](連結).pdf"", ""2026年3月期 決算短信[日本基準](連結)"")",,,,,,,,,,,4 5,,,,,,,,7,,,,,https://www.release.tdnet.info/inbs/140120260512527223.pdf
20260513,6638,Mimaki,説明資料,"=HYPERLINK(""https://www.release.tdnet.info/inbs/140120260512527237.pdf"", ""2026年3月期 通期 決算説明資料"")","=HYPERLINK(""pdf_tmp/20260513/6638_1130_Mimaki_2026年3月期 通期 決算説明資料.pdf"", ""2026年3月期 通期 決算説明資料"")",,,,,,,,,,,6 8 10,,,,,,,,15,,,,,https://www.release.tdnet.info/inbs/140120260512527237.pdf
20260513,6674,GSユアサ,その他,"=HYPERLINK(""https://www.release.tdnet.info/inbs/140120260513529583.pdf"", ""第七次中期経営計画策定のお知らせ"")","=HYPERLINK(""pdf_tmp/20260513/6674_1500_GSユアサ_第七次中期経営計画策定のお知らせ.pdf"", ""第七次中期経営計画策定のお知らせ"")",,16 27,,,,,,,,,,,,,,,25,,,,,,,https://www.release.tdnet.info/inbs/140120260513529583.pdf
20260513,6703,OKI,その他,"=HYPERLINK(""https://www.release.tdnet.info/inbs/140120260513528962.pdf"", ""2025年度 決算概要"")","=HYPERLINK(""pdf_tmp/20260513/6703_1300_OKI_2025年度 決算概要.pdf"", ""2025年度 決算概要"")",,,,,,,,,,10,5,,,,,,,,,,,,,https://www.release.tdnet.info/inbs/140120260513528962.pdf
20260513,6703,OKI,決算短信,"=HYPERLINK(""https://www.release.tdnet.info/inbs/140120260513528853.pdf"", ""2026年3月期 決算短信〔日本基準〕(連結)"")","=HYPERLINK(""pdf_tmp/20260513/6703_1300_OKI_2026年3月期 決算短信〔日本基準〕(連結).pdf"", ""2026年3月期 決算短信〔日本基準〕(連結)"")",,,,,,,,,,,4,,,,,,,,5,,,,,https://www.release.tdnet.info/inbs/140120260513528853.pdf
20260513,6745,ホーチキ,説明資料,"=HYPERLINK(""https://www.release.tdnet.info/inbs/140120260513530280.pdf"", ""(訂正)「2026年3月期連結決算に関する補足説明資料」の一部訂正について"")","=HYPERLINK(""pdf_tmp/20260513/6745_1915_ホーチキ_(訂正)「2026年3月期連結決算に関する補足説明資料」の一部訂正について.pdf"", ""(訂正)「2026年3月期連結決算に関する補足説明資料」の一部訂正について"")",,,,,,,,,,,8 11 20,,,,,,8,,,,,,,https://www.release.tdnet.info/inbs/140120260513530280.pdf
20260513,6803,ティアック,決算短信,"=HYPERLINK(""https://www.release.tdnet.info/inbs/140120260513528141.pdf"", ""2026年3月期 決算短信〔IFRS〕(連結)"")","=HYPERLINK(""pdf_tmp/20260513/6803_1200_ティアック_2026年3月期 決算短信〔IFRS〕(連結).pdf"", ""2026年3月期 決算短信〔IFRS〕(連結)"")",,5,,,,,,,,,4,,,,,,,,,,,,,https://www.release.tdnet.info/inbs/140120260513528141.pdf
20260513,6941,山一電機,その他,"=HYPERLINK(""https://www.release.tdnet.info/inbs/140120260513529069.pdf"", ""2026年3月期 決算説明会資料"")","=HYPERLINK(""pdf_tmp/20260513/6941_1530_山一電機_2026年3月期 決算説明会資料.pdf"", ""2026年3月期 決算説明会資料"")",,,,,,,,,,,6,,,,,,,,16,,,,,https://www.release.tdnet.info/inbs/140120260513529069.pdf
20260513,7031,G-インバウンド,予想の修正,"=HYPERLINK(""https://www.release.tdnet.info/inbs/140120260513529149.pdf"", ""業績予想の修正に関するお知らせ"")","=HYPERLINK(""pdf_tmp/20260513/7031_1730_G-インバウンド_業績予想の修正に関するお知らせ.pdf"", ""業績予想の修正に関するお知らせ"")",,,,,,,,,,,,,1 2,,,,,,2,,,,,https://www.release.tdnet.info/inbs/140120260513529149.pdf
20260513,7067,G-ブランディング,説明資料,"=HYPERLINK(""https://www.release.tdnet.info/inbs/140120260512525094.pdf"", ""2026年3月期通期決算説明資料"")","=HYPERLINK(""pdf_tmp/20260513/7067_1530_G-ブランディング_2026年3月期通期決算説明資料.pdf"", ""2026年3月期通期決算説明資料"")",,,,,,,,,,26 28,25,,,,,,,,,,,,,https://www.release.tdnet.info/inbs/140120260512525094.pdf
20260513,7096,G-ステムセル研究所,説明資料,"=HYPERLINK(""https://www.release.tdnet.info/inbs/140120260513529291.pdf"", ""2026年3月期 決算説明資料"")","=HYPERLINK(""pdf_tmp/20260513/7096_1530_G-ステムセル研究所_2026年3月期 決算説明資料.pdf"", ""2026年3月期 決算説明資料"")",,,,,,,,,,4,,,,,,,,,,,17,,,https://www.release.tdnet.info/inbs/140120260513529291.pdf
20260513,7157,ライフネット生命,その他,"=HYPERLINK(""https://www.release.tdnet.info/inbs/140120260513529428.pdf"", ""2025年度決算補足資料(2025年度決算のお知らせ)"")","=HYPERLINK(""pdf_tmp/20260513/7157_1530_ライフネット生命_2025年度決算補足資料(2025年度決算のお知らせ).pdf"", ""2025年度決算補足資料(2025年度決算のお知らせ)"")",,,,,,,,,,,4,,,,,,,,4 41,,,,,https://www.release.tdnet.info/inbs/140120260513529428.pdf
20260513,7157,ライフネット生命,説明資料,"=HYPERLINK(""https://www.release.tdnet.info/inbs/140120260513529436.pdf"", ""2025年度決算説明資料"")","=HYPERLINK(""pdf_tmp/20260513/7157_1530_ライフネット生命_2025年度決算説明資料.pdf"", ""2025年度決算説明資料"")",,,,,,,9,,,,8,,,,,,,,,,,,,https://www.release.tdnet.info/inbs/140120260513529436.pdf
20260513,7187,ジェイリース,決算短信,"=HYPERLINK(""https://www.release.tdnet.info/inbs/140120260513528437.pdf"", ""2026年3月期決算短信〔日本基準〕(連結)"")","=HYPERLINK(""pdf_tmp/20260513/7187_1600_ジェイリース_2026年3月期決算短信〔日本基準〕(連結).pdf"", ""2026年3月期決算短信〔日本基準〕(連結)"")",,,,,,,,,,,4,,,,,,,,,,,6,,https://www.release.tdnet.info/inbs/140120260513528437.pdf
20260513,7191,イントラスト,説明資料,"=HYPERLINK(""https://www.release.tdnet.info/inbs/140120260512525882.pdf"", ""2026年3月期 決算説明資料"")","=HYPERLINK(""pdf_tmp/20260513/7191_1530_イントラスト_2026年3月期 決算説明資料.pdf"", ""2026年3月期 決算説明資料"")",,,,,,,,,,,12 14,,,,,,,,31,,,,,https://www.release.tdnet.info/inbs/140120260512525882.pdf
20260513,7201,日産自,決算短信,"=HYPERLINK(""https://www.release.tdnet.info/inbs/140120260512525147.pdf"", ""2026年3月期決算短信〔日本基準〕(連結)"")","=HYPERLINK(""pdf_tmp/20260513/7201_1655_日産自_2026年3月期決算短信〔日本基準〕(連結).pdf"", ""2026年3月期決算短信〔日本基準〕(連結)"")",,,,,,,,,,,17,,,,,,,,4,,,,,https://www.release.tdnet.info/inbs/140120260512525147.pdf
20260513,7201,日産自,その他,"=HYPERLINK(""https://www.release.tdnet.info/inbs/140120260512526639.pdf"", ""日産自動車、2025年度決算を発表"")","=HYPERLINK(""pdf_tmp/20260513/7201_1655_日産自_日産自動車、2025年度決算を発表.pdf"", ""日産自動車、2025年度決算を発表"")",,,10 14 34 46,,,,,,,,,18,,,,,,,,,,,,https://www.release.tdnet.info/inbs/140120260512526639.pdf
20260513,7226,極東開,決算短信,"=HYPERLINK(""https://www.release.tdnet.info/inbs/140120260513529005.pdf"", ""2026年3月期 決算短信〔日本基準〕(連結)"")","=HYPERLINK(""pdf_tmp/20260513/7226_1400_極東開_2026年3月期 決算短信〔日本基準〕(連結).pdf"", ""2026年3月期 決算短信〔日本基準〕(連結)"")",,,2,,,,,,,,4,,,,,,,,,,,,,https://www.release.tdnet.info/inbs/140120260513529005.pdf
20260513,7238,曙ブレーキ,決算短信,"=HYPERLINK(""https://www.release.tdnet.info/inbs/140120260513528536.pdf"", ""2026年3月期 決算短信〔日本基準〕(連結)"")","=HYPERLINK(""pdf_tmp/20260513/7238_1500_曙ブレーキ_2026年3月期 決算短信〔日本基準〕(連結).pdf"", ""2026年3月期 決算短信〔日本基準〕(連結)"")",,,,2 6,,,,,,,6 9,,,,,,,,,,,,,https://www.release.tdnet.info/inbs/140120260513528536.pdf
20260513,7240,NOK,決算短信,"=HYPERLINK(""https://www.release.tdnet.info/inbs/140120260512525692.pdf"", ""2026年3月期  決算短信〔日本基準〕(連結)"")","=HYPERLINK(""pdf_tmp/20260513/7240_1530_NOK_2026年3月期 決算短信〔日本基準〕(連結).pdf"", ""2026年3月期  決算短信〔日本基準〕(連結)"")",,,4 5,,,,,,,,,,,,,,,,4,,,,,https://www.release.tdnet.info/inbs/140120260512525692.pdf
20260513,7292,村上開明,決算短信,"=HYPERLINK(""https://www.release.tdnet.info/inbs/140120260513528660.pdf"", ""2026年3月期 決算短信〔日本基準〕(連結)"")","=HYPERLINK(""pdf_tmp/20260513/7292_1545_村上開明_2026年3月期 決算短信〔日本基準〕(連結).pdf"", ""2026年3月期 決算短信〔日本基準〕(連結)"")",,,,4,,,,,,,,,,,,,,,2 4,,,,,https://www.release.tdnet.info/inbs/140120260513528660.pdf
20260513,7299,フジオーゼ,決算短信,"=HYPERLINK(""https://www.release.tdnet.info/inbs/140120260513527686.pdf"", ""2026年3月期決算短信〔日本基準〕(連結)"")","=HYPERLINK(""pdf_tmp/20260513/7299_1600_フジオーゼ_2026年3月期決算短信〔日本基準〕(連結).pdf"", ""2026年3月期決算短信〔日本基準〕(連結)"")",,4,,,,,,,,,4,,,,,,,,,,,,,https://www.release.tdnet.info/inbs/140120260513527686.pdf
20260513,7305,新家工,決算短信,"=HYPERLINK(""https://www.release.tdnet.info/inbs/140120260512526934.pdf"", ""2026年3月期 決算短信[日本基準] (連結)"")","=HYPERLINK(""pdf_tmp/20260513/7305_1630_新家工_2026年3月期 決算短信[日本基準] (連結).pdf"", ""2026年3月期 決算短信[日本基準] (連結)"")",,,,,5 7,,,,,,,,,,,5,,,,,,,,https://www.release.tdnet.info/inbs/140120260512526934.pdf
20260513,7456,松田産,決算短信,"=HYPERLINK(""https://www.release.tdnet.info/inbs/140120260513527889.pdf"", ""2026年3月期決算短信〔日本基準〕(連結)"")","=HYPERLINK(""pdf_tmp/20260513/7456_1600_松田産_2026年3月期決算短信〔日本基準〕(連結).pdf"", ""2026年3月期決算短信〔日本基準〕(連結)"")",,,,4,,,,,,,,,,,,6,,,,,,,,https://www.release.tdnet.info/inbs/140120260513527889.pdf
20260513,7476,アズワン,決算短信,"=HYPERLINK(""https://www.release.tdnet.info/inbs/140120260513528372.pdf"", ""2026年3月期決算短信〔日本基準〕(連結)"")","=HYPERLINK(""pdf_tmp/20260513/7476_1600_アズワン_2026年3月期決算短信〔日本基準〕(連結).pdf"", ""2026年3月期決算短信〔日本基準〕(連結)"")",,,,,,,6,,,,5,,,,,,,,,,,,,https://www.release.tdnet.info/inbs/140120260513528372.pdf
20260513,7531,清和中央,決算短信,"=HYPERLINK(""https://www.release.tdnet.info/inbs/140120260512524155.pdf"", ""2026年12月期 第1四半期決算短信〔日本基準〕(連結)"")","=HYPERLINK(""pdf_tmp/20260513/7531_1540_清和中央_2026年12月期 第1四半期決算短信〔日本基準〕(連結).pdf"", ""2026年12月期 第1四半期決算短信〔日本基準〕(連結)"")",,,,4,4,,,,,,,,,,,,,,,,,,,https://www.release.tdnet.info/inbs/140120260512524155.pdf
20260513,7532,パンパシフィックHD,決算短信,"=HYPERLINK(""https://www.release.tdnet.info/inbs/140120260429514063.pdf"", ""2026年6月期第3四半期決算短信〔日本基準〕(連結)"")","=HYPERLINK(""pdf_tmp/20260513/7532_1530_パンパシフィックHD_2026年6月期第3四半期決算短信〔日本基準〕(連結).pdf"", ""2026年6月期第3四半期決算短信〔日本基準〕(連結)"")",,,,,,,,,,,,,,,,,,,4,,,4,,https://www.release.tdnet.info/inbs/140120260429514063.pdf
20260513,7561,ハークスレイ,決算短信,"=HYPERLINK(""https://www.release.tdnet.info/inbs/140120260512525468.pdf"", ""2026年3月期決算短信〔日本基準〕(連結)"")","=HYPERLINK(""pdf_tmp/20260513/7561_1200_ハークスレイ_2026年3月期決算短信〔日本基準〕(連結).pdf"", ""2026年3月期決算短信〔日本基準〕(連結)"")",,,,,,,,,,,4,,,,,,,,,,,6,,https://www.release.tdnet.info/inbs/140120260512525468.pdf
20260513,7637,白銅,決算短信,"=HYPERLINK(""https://www.release.tdnet.info/inbs/140120260421507740.pdf"", ""2026年3月期 決算短信〔日本基準〕(連結)"")","=HYPERLINK(""pdf_tmp/20260513/7637_1500_白銅_2026年3月期 決算短信〔日本基準〕(連結).pdf"", ""2026年3月期 決算短信〔日本基準〕(連結)"")",,,,,,,,,,,,,,,4,4,,,,,,,,https://www.release.tdnet.info/inbs/140120260421507740.pdf
20260513,7715,長野計器,その他,"=HYPERLINK(""https://www.release.tdnet.info/inbs/140120260513529661.pdf"", ""新中期経営計画策定に関するお知らせ"")","=HYPERLINK(""pdf_tmp/20260513/7715_1530_長野計器_新中期経営計画策定に関するお知らせ.pdf"", ""新中期経営計画策定に関するお知らせ"")",,,,,,,,,,1 2,,,1,,,,,,,,,,,https://www.release.tdnet.info/inbs/140120260513529661.pdf
20260513,7726,黒田精工,決算短信,"=HYPERLINK(""https://www.release.tdnet.info/inbs/140120260511522757.pdf"", ""2026年3月期  決算短信〔日本基準〕(連結)"")","=HYPERLINK(""pdf_tmp/20260513/7726_1530_黒田精工_2026年3月期 決算短信〔日本基準〕(連結).pdf"", ""2026年3月期  決算短信〔日本基準〕(連結)"")",,,,,,,,,,,,,,,,,,,4,,,,4,https://www.release.tdnet.info/inbs/140120260511522757.pdf
20260513,7745,A&DホロンHD,その他,"=HYPERLINK(""https://www.release.tdnet.info/inbs/140120260512527220.pdf"", ""中期経営計画の見直しに関するお知らせ"")","=HYPERLINK(""pdf_tmp/20260513/7745_1530_A&DホロンHD_中期経営計画の見直しに関するお知らせ.pdf"", ""中期経営計画の見直しに関するお知らせ"")",,,,,,,,,,,,,,,5 6,,,,,,,12 16 18,,https://www.release.tdnet.info/inbs/140120260512527220.pdf
20260513,7780,メニコン,説明資料,"=HYPERLINK(""https://www.release.tdnet.info/inbs/140120260512526346.pdf"", ""2026年3月期 決算説明資料"")","=HYPERLINK(""pdf_tmp/20260513/7780_1400_メニコン_2026年3月期 決算説明資料.pdf"", ""2026年3月期 決算説明資料"")",,,7 10 14,,,,,,,,,,,,,,,,,,,24,,https://www.release.tdnet.info/inbs/140120260512526346.pdf
20260513,7898,ウッドワン,決算短信,"=HYPERLINK(""https://www.release.tdnet.info/inbs/140120260425510983.pdf"", ""2026年3月期 決算短信〔日本基準〕(連結)"")","=HYPERLINK(""pdf_tmp/20260513/7898_1530_ウッドワン_2026年3月期 決算短信〔日本基準〕(連結).pdf"", ""2026年3月期 決算短信〔日本基準〕(連結)"")",,,,,,,,,,,,,,,,,5,,4,,,,,https://www.release.tdnet.info/inbs/140120260425510983.pdf
20260513,7943,ニチハ,その他,"=HYPERLINK(""https://www.release.tdnet.info/inbs/140120260512526888.pdf"", ""2026年3月期決算概況(参考資料)"")","=HYPERLINK(""pdf_tmp/20260513/7943_1540_ニチハ_2026年3月期決算概況(参考資料).pdf"", ""2026年3月期決算概況(参考資料)"")",,,1 2,,,,,,,,,,,,,,,,1,,,,,https://www.release.tdnet.info/inbs/140120260512526888.pdf
20260513,7979,松風,決算短信,"=HYPERLINK(""https://www.release.tdnet.info/inbs/140120260512526706.pdf"", ""2026年3月期決算短信〔日本基準〕(連結)"")","=HYPERLINK(""pdf_tmp/20260513/7979_1500_松風_2026年3月期決算短信〔日本基準〕(連結).pdf"", ""2026年3月期決算短信〔日本基準〕(連結)"")",,,,,,,,,,,,,,,,,,,4,,,6,,https://www.release.tdnet.info/inbs/140120260512526706.pdf
20260513,8032,紙パル商,決算短信,"=HYPERLINK(""https://www.release.tdnet.info/inbs/140120260512526371.pdf"", ""2026年3月期 決算短信〔日本基準〕(連結)"")","=HYPERLINK(""pdf_tmp/20260513/8032_1300_紙パル商_2026年3月期 決算短信〔日本基準〕(連結).pdf"", ""2026年3月期 決算短信〔日本基準〕(連結)"")",,,,,,4,,,,,6,,,,,,,,,,,,,https://www.release.tdnet.info/inbs/140120260512526371.pdf
20260513,8051,山善,決算短信,"=HYPERLINK(""https://www.release.tdnet.info/inbs/140120260507517689.pdf"", ""2026年3月期 決算短信〔日本基準〕(連結)"")","=HYPERLINK(""pdf_tmp/20260513/8051_1400_山善_2026年3月期 決算短信〔日本基準〕(連結).pdf"", ""2026年3月期 決算短信〔日本基準〕(連結)"")",,,,,,,,,,,,,,,4,,,,7,,,,,https://www.release.tdnet.info/inbs/140120260507517689.pdf
20260513,8130,サンゲツ,決算短信,"=HYPERLINK(""https://www.release.tdnet.info/inbs/140120260513528999.pdf"", ""2026年3月期 決算短信〔日本基準〕(連結)"")","=HYPERLINK(""pdf_tmp/20260513/8130_1420_サンゲツ_2026年3月期 決算短信〔日本基準〕(連結).pdf"", ""2026年3月期 決算短信〔日本基準〕(連結)"")",,,,,,,,,,,4,,,,,,,,5,,,,,https://www.release.tdnet.info/inbs/140120260513528999.pdf
20260513,8151,東陽テクニカ,説明資料,"=HYPERLINK(""https://www.release.tdnet.info/inbs/140120260513529797.pdf"", ""2026年9月期 第2四半期決算説明資料"")","=HYPERLINK(""pdf_tmp/20260513/8151_1600_東陽テクニカ_2026年9月期 第2四半期決算説明資料.pdf"", ""2026年9月期 第2四半期決算説明資料"")",,,,,,,,,,,4 6 7 10 11 18,14,,,,,,,,,,,,https://www.release.tdnet.info/inbs/140120260513529797.pdf
20260513,8160,木曽路,説明資料,"=HYPERLINK(""https://www.release.tdnet.info/inbs/140120260513527741.pdf"", ""2026年3月期 決算補足説明資料"")","=HYPERLINK(""pdf_tmp/20260513/8160_1520_木曽路_2026年3月期 決算補足説明資料.pdf"", ""2026年3月期 決算補足説明資料"")",,,,,,,,,,,4 21,,,,,10,,,,,,,,https://www.release.tdnet.info/inbs/140120260513527741.pdf
20260513,8225,タカチホ,決算短信,"=HYPERLINK(""https://www.release.tdnet.info/inbs/140120260507518494.pdf"", ""2026年3月期 決算短信〔日本基準〕(連結)"")","=HYPERLINK(""pdf_tmp/20260513/8225_1500_タカチホ_2026年3月期 決算短信〔日本基準〕(連結).pdf"", ""2026年3月期 決算短信〔日本基準〕(連結)"")",,,4,4,,,,,,,,,,,,,,,,,,,,https://www.release.tdnet.info/inbs/140120260507518494.pdf
20260513,8226,理経,決算短信,"=HYPERLINK(""https://www.release.tdnet.info/inbs/140120260513529032.pdf"", ""2026年3月期 決算短信〔日本基準〕(連結)"")","=HYPERLINK(""pdf_tmp/20260513/8226_1530_理経_2026年3月期 決算短信〔日本基準〕(連結).pdf"", ""2026年3月期 決算短信〔日本基準〕(連結)"")",,,,,,,,,,7,,,,,,,8,,,,,,,https://www.release.tdnet.info/inbs/140120260513529032.pdf
20260513,8801,三井不,決算短信,"=HYPERLINK(""https://www.release.tdnet.info/inbs/140120260512525951.pdf"", ""2026年3月期 決算短信〔日本基準〕(連結)"")","=HYPERLINK(""pdf_tmp/20260513/8801_1530_三井不_2026年3月期 決算短信〔日本基準〕(連結).pdf"", ""2026年3月期 決算短信〔日本基準〕(連結)"")",,,,,,,,,,25,,,,,,,,,26,,,,,https://www.release.tdnet.info/inbs/140120260512525951.pdf
20260513,8945,サンネクスタグループ,決算短信,"=HYPERLINK(""https://www.release.tdnet.info/inbs/140120260512524677.pdf"", ""2026年6月期 第3四半期決算短信〔日本基準〕(連結)"")","=HYPERLINK(""pdf_tmp/20260513/8945_1230_サンネクスタグループ_2026年6月期 第3四半期決算短信〔日本基準〕(連結).pdf"", ""2026年6月期 第3四半期決算短信〔日本基準〕(連結)"")",,,,4,,,,,,,,4,,,,,,,,,,,,https://www.release.tdnet.info/inbs/140120260512524677.pdf
20260513,9007,小田急,その他,"=HYPERLINK(""https://www.release.tdnet.info/inbs/140120260507518914.pdf"", ""中期経営計画(2024~2026年度)のアップデートに関するお知らせ"")","=HYPERLINK(""pdf_tmp/20260513/9007_1530_小田急_中期経営計画(2024~2026年度)のアップデートに関するお知らせ.pdf"", ""中期経営計画(2024~2026年度)のアップデートに関するお知らせ"")",,,,,,,3 8 9 13 19,,,,3 19,,,,,,,,,,,,,https://www.release.tdnet.info/inbs/140120260507518914.pdf
20260513,9074,日石輸,決算短信,"=HYPERLINK(""https://www.release.tdnet.info/inbs/140120260512526890.pdf"", ""2026年3月期 決算短信〔日本基準〕(連結)"")","=HYPERLINK(""pdf_tmp/20260513/9074_1400_日石輸_2026年3月期 決算短信〔日本基準〕(連結).pdf"", ""2026年3月期 決算短信〔日本基準〕(連結)"")",,,,,,,,,,,,,,,,,,4,,,,4,,https://www.release.tdnet.info/inbs/140120260512526890.pdf
20260513,9082,大和自交,決算短信,"=HYPERLINK(""https://www.release.tdnet.info/inbs/140120260505517231.pdf"", ""2026年3月期決算短信〔日本基準〕(連結)"")","=HYPERLINK(""pdf_tmp/20260513/9082_1550_大和自交_2026年3月期決算短信〔日本基準〕(連結).pdf"", ""2026年3月期決算短信〔日本基準〕(連結)"")",,,,,,,,,,,4,,,,,,,,4,,,,,https://www.release.tdnet.info/inbs/140120260505517231.pdf
20260513,9090,AZ-COM丸和HD,その他,"=HYPERLINK(""https://www.release.tdnet.info/inbs/140120260512527000.pdf"", ""(訂正)「2026年3月期 決算補足資料」の一部訂正に関するお知らせ"")","=HYPERLINK(""pdf_tmp/20260513/9090_1400_AZ-COM丸和HD_(訂正)「2026年3月期 決算補足資料」の一部訂正に関するお知らせ.pdf"", ""(訂正)「2026年3月期 決算補足資料」の一部訂正に関するお知らせ"")",,,,,,,,,,25,,15,,,,,,,,,,,,https://www.release.tdnet.info/inbs/140120260512527000.pdf
20260513,9130,共栄タンカー,決算短信,"=HYPERLINK(""https://www.release.tdnet.info/inbs/140120260513529951.pdf"", ""2026年3月期 決算短信〔日本基準〕(連結)"")","=HYPERLINK(""pdf_tmp/20260513/9130_1600_共栄タンカー_2026年3月期 決算短信〔日本基準〕(連結).pdf"", ""2026年3月期 決算短信〔日本基準〕(連結)"")",,4,,,,,,,,,,,,,,,,,4,,,,,https://www.release.tdnet.info/inbs/140120260513529951.pdf
20260513,9221,フルハシEPO,決算短信,"=HYPERLINK(""https://www.release.tdnet.info/inbs/140120260512524567.pdf"", ""2026年3月期 決算短信〔日本基準〕(連結)"")","=HYPERLINK(""pdf_tmp/20260513/9221_1500_フルハシEPO_2026年3月期 決算短信〔日本基準〕(連結).pdf"", ""2026年3月期 決算短信〔日本基準〕(連結)"")",,,,,,,,,,,,,,,,4,,,,,,4,,https://www.release.tdnet.info/inbs/140120260512524567.pdf
20260513,9341,GENOVA,説明資料,"=HYPERLINK(""https://www.release.tdnet.info/inbs/140120260513530515.pdf"", ""2026年3月期通期決算説明資料"")","=HYPERLINK(""pdf_tmp/20260513/9341_1630_GENOVA_2026年3月期通期決算説明資料.pdf"", ""2026年3月期通期決算説明資料"")",,,,,,,,,,,32 42 55,,15,,,,,,,,,,,https://www.release.tdnet.info/inbs/140120260513530515.pdf
20260513,9367,大東港運,決算短信,"=HYPERLINK(""https://www.release.tdnet.info/inbs/140120260513528735.pdf"", ""2026年3月期決算短信〔日本基準〕(連結)"")","=HYPERLINK(""pdf_tmp/20260513/9367_1530_大東港運_2026年3月期決算短信〔日本基準〕(連結).pdf"", ""2026年3月期決算短信〔日本基準〕(連結)"")",,,,,,,,,,,9,,,,,,,,4,,,,,https://www.release.tdnet.info/inbs/140120260513528735.pdf
20260513,9428,クロップス,予想の修正,"=HYPERLINK(""https://www.release.tdnet.info/inbs/140120260512525284.pdf"", ""2026年3月期通期連結業績予想値と実績との差異、特別損失の計上、および配当予想の修正に関するお知らせ"")","=HYPERLINK(""pdf_tmp/20260513/9428_1330_クロップス_2026年3月期通期連結業績予想値と実績との差異、特別損失の計上、および配当予想の修正に関するお知らせ.pdf"", ""2026年3月期通期連結業績予想値と実績との差異、特別損失の計上、および配当予想の修正に関するお知らせ"")",,,,,,,,,,,,1,,,,,,,1,,,,,https://www.release.tdnet.info/inbs/140120260512525284.pdf
20260513,9686,東洋テック,決算短信,"=HYPERLINK(""https://www.release.tdnet.info/inbs/140120260512525741.pdf"", ""2026年3月期 決算短信〔日本基準〕(連結)"")","=HYPERLINK(""pdf_tmp/20260513/9686_1530_東洋テック_2026年3月期 決算短信〔日本基準〕(連結).pdf"", ""2026年3月期 決算短信〔日本基準〕(連結)"")",,,4,,,,,,,,4,,,,,,,,,,,,,https://www.release.tdnet.info/inbs/140120260512525741.pdf
20260513,9746,TKC,決算短信,"=HYPERLINK(""https://www.release.tdnet.info/inbs/140120260512526909.pdf"", ""令和8年9月期  第2四半期(中間期)決算短信〔日本基準〕(連結)"")","=HYPERLINK(""pdf_tmp/20260513/9746_1600_TKC_令和8年9月期 第2四半期(中間期)決算短信〔日本基準〕(連結).pdf"", ""令和8年9月期  第2四半期(中間期)決算短信〔日本基準〕(連結)"")",,,,,,,,,,,5 6 7,,,,,,,,,,,9,,https://www.release.tdnet.info/inbs/140120260512526909.pdf
20260513,9746,TKC,説明資料,"=HYPERLINK(""https://www.release.tdnet.info/inbs/140120260512526953.pdf"", ""令和8年9月期 第2四半期決算説明資料"")","=HYPERLINK(""pdf_tmp/20260513/9746_1600_TKC_令和8年9月期 第2四半期決算説明資料.pdf"", ""令和8年9月期 第2四半期決算説明資料"")",,,,,,,,,,,5 11,,,,,,,,,,,30,,https://www.release.tdnet.info/inbs/140120260512526953.pdf
20260513,9889,JBCC HD,説明資料,"=HYPERLINK(""https://www.release.tdnet.info/inbs/140120260512527516.pdf"", ""2026年3月期 決算説明資料"")","=HYPERLINK(""pdf_tmp/20260513/9889_1130_JBCC HD_2026年3月期 決算説明資料.pdf"", ""2026年3月期 決算説明資料"")",,,,,,,3 28,,,,6 13 19 39 53 54 56 63,,,,,,,,,,,,,https://www.release.tdnet.info/inbs/140120260512527516.pdf
20260513,9956,バローHD,決算短信,"=HYPERLINK(""https://www.release.tdnet.info/inbs/140120260512526532.pdf"", ""2026年3月期 決算短信〔日本基準〕(連結)"")","=HYPERLINK(""pdf_tmp/20260513/9956_1300_バローHD_2026年3月期 決算短信〔日本基準〕(連結).pdf"", ""2026年3月期 決算短信〔日本基準〕(連結)"")",,,,,,,,,,,7,4 8,,,,,,,,,,,,https://www.release.tdnet.info/inbs/140120260512526532.pdf
20260513,9959,アシードHD,説明資料,"=HYPERLINK(""https://www.release.tdnet.info/inbs/140120260512527146.pdf"", ""2026年3月期 決算説明資料"")","=HYPERLINK(""pdf_tmp/20260513/9959_1400_アシードHD_2026年3月期 決算説明資料.pdf"", ""2026年3月期 決算説明資料"")",,,,,9 14,,,,,,,,,,,,,,7,,,,,https://www.release.tdnet.info/inbs/140120260512527146.pdf
20260513,9984,ソフトバンクグループ,決算短信,"=HYPERLINK(""https://www.release.tdnet.info/inbs/140120260507517661.pdf"", ""2026年3月期 決算短信〔IFRS〕(連結)"")","=HYPERLINK(""pdf_tmp/20260513/9984_1530_ソフトバンクグループ_2026年3月期 決算短信〔IFRS〕(連結).pdf"", ""2026年3月期 決算短信〔IFRS〕(連結)"")",,,,,,,,,,,17 60,,,,,,,,22 23,,,,,https://www.release.tdnet.info/inbs/140120260507517661.pdf
20260513,9997,ベルーナ,決算短信,"=HYPERLINK(""https://www.release.tdnet.info/inbs/140120260513528367.pdf"", ""2026年3月期 決算短信〔日本基準〕(連結)"")","=HYPERLINK(""pdf_tmp/20260513/9997_1530_ベルーナ_2026年3月期 決算短信〔日本基準〕(連結).pdf"", ""2026年3月期 決算短信〔日本基準〕(連結)"")",,,,,5,,,,,,,,,,,,,,4,,,,,https://www.release.tdnet.info/inbs/140120260513528367.pdf
20260513,9997,ベルーナ,その他,"=HYPERLINK(""https://www.release.tdnet.info/inbs/140120260513528333.pdf"", ""2026年3月期第4四半期決算補足資料"")","=HYPERLINK(""pdf_tmp/20260513/9997_1530_ベルーナ_2026年3月期第4四半期決算補足資料.pdf"", ""2026年3月期第4四半期決算補足資料"")",,,,,3,,,,,,3,,,,,,,,,,,,,https://www.release.tdnet.info/inbs/140120260513528333.pdf
20260513,1515,日鉄鉱,説明資料,"=HYPERLINK(""https://www.release.tdnet.info/inbs/140120260513528168.pdf"", ""2025年度(2026年3月期) 決算説明資料"")","=HYPERLINK(""pdf_tmp/20260513/1515_1500_日鉄鉱_2025年度(2026年3月期) 決算説明資料.pdf"", ""2025年度(2026年3月期) 決算説明資料"")",,,,,,,,,,,,,,,,,,,10 16,,,,,https://www.release.tdnet.info/inbs/140120260513528168.pdf
20260513,1662,石油資源,説明資料,"=HYPERLINK(""https://www.release.tdnet.info/inbs/140120260513529137.pdf"", ""2026年3月期決算説明資料"")","=HYPERLINK(""pdf_tmp/20260513/1662_1400_石油資源_2026年3月期決算説明資料.pdf"", ""2026年3月期決算説明資料"")",,,,,,,,,,,,,,,,,,,5,,,,,https://www.release.tdnet.info/inbs/140120260513529137.pdf
20260513,1662,石油資源,その他,"=HYPERLINK(""https://www.release.tdnet.info/inbs/140120260513528808.pdf"", ""当社株式の大量取得行為に関する対応策(買収への対応方針)の更新について"")","=HYPERLINK(""pdf_tmp/20260513/1662_1400_石油資源_当社株式の大量取得行為に関する対応策(買収への対応方針)の更新について.pdf"", ""当社株式の大量取得行為に関する対応策(買収への対応方針)の更新について"")",,,,,,,,,,,6,,,,,,,,,,,,,https://www.release.tdnet.info/inbs/140120260513528808.pdf
20260513,1780,ヤマウラ,決算短信,"=HYPERLINK(""https://www.release.tdnet.info/inbs/140120260512527145.pdf"", ""2026年3月期 決算短信〔日本基準〕(連結)"")","=HYPERLINK(""pdf_tmp/20260513/1780_1520_ヤマウラ_2026年3月期 決算短信〔日本基準〕(連結).pdf"", ""2026年3月期 決算短信〔日本基準〕(連結)"")",,,,,,,,,,,,4,,,,,,,,,,,,https://www.release.tdnet.info/inbs/140120260512527145.pdf
20260513,1788,三東工業,決算短信,"=HYPERLINK(""https://www.release.tdnet.info/inbs/140120260513529055.pdf"", ""令和8年6月期第3四半期決算短信〔日本基準〕(連結)"")","=HYPERLINK(""pdf_tmp/20260513/1788_1500_三東工業_令和8年6月期第3四半期決算短信〔日本基準〕(連結).pdf"", ""令和8年6月期第3四半期決算短信〔日本基準〕(連結)"")",,,,,,,,,,,4,,,,,,,,,,,,,https://www.release.tdnet.info/inbs/140120260513529055.pdf
20260513,1799,第一建設,その他,"=HYPERLINK(""https://www.release.tdnet.info/inbs/140120260512524743.pdf"", ""中期経営計画の見直しに関するお知らせ"")","=HYPERLINK(""pdf_tmp/20260513/1799_1530_第一建設_中期経営計画の見直しに関するお知らせ.pdf"", ""中期経営計画の見直しに関するお知らせ"")",,,,,,,,,,,,,,,,,,,,,,17,,https://www.release.tdnet.info/inbs/140120260512524743.pdf
20260513,1799,第一建設,資本コストや株価,"=HYPERLINK(""https://www.release.tdnet.info/inbs/140120260512524326.pdf"", ""資本コストや株価を意識した経営の実現に向けた対応について"")","=HYPERLINK(""pdf_tmp/20260513/1799_1530_第一建設_資本コストや株価を意識した経営の実現に向けた対応について.pdf"", ""資本コストや株価を意識した経営の実現に向けた対応について"")",,,,4,,,,,,,,,,,,,,,,,,,,https://www.release.tdnet.info/inbs/140120260512524326.pdf
20260513,1802,大林組,決算短信,"=HYPERLINK(""https://www.release.tdnet.info/inbs/140120260512524360.pdf"", ""2026年3月期 決算短信〔日本基準〕(連結)"")","=HYPERLINK(""pdf_tmp/20260513/1802_1200_大林組_2026年3月期 決算短信〔日本基準〕(連結).pdf"", ""2026年3月期 決算短信〔日本基準〕(連結)"")",,,,,,,,,,,6,,,,,,,,,,,,,https://www.release.tdnet.info/inbs/140120260512524360.pdf
20260513,1802,大林組,その他,"=HYPERLINK(""https://www.release.tdnet.info/inbs/140120260512526761.pdf"", ""「役員報酬BIP信託」の継続及び一部改定に関するお知らせ"")","=HYPERLINK(""pdf_tmp/20260513/1802_1200_大林組_「役員報酬BIP信託」の継続及び一部改定に関するお知らせ.pdf"", ""「役員報酬BIP信託」の継続及び一部改定に関するお知らせ"")",,,,,,,,,,3,,,,,,,,,,,,,,https://www.release.tdnet.info/inbs/140120260512526761.pdf
20260513,1867,植木組,決算短信,"=HYPERLINK(""https://www.release.tdnet.info/inbs/140120260513527857.pdf"", ""2026年3月期 決算短信〔日本基準〕(連結)"")","=HYPERLINK(""pdf_tmp/20260513/1867_1400_植木組_2026年3月期 決算短信〔日本基準〕(連結).pdf"", ""2026年3月期 決算短信〔日本基準〕(連結)"")",,,,4,,,,,,,,,,,,,,,,,,,,https://www.release.tdnet.info/inbs/140120260513527857.pdf
20260513,1948,弘電社,決算短信,"=HYPERLINK(""https://www.release.tdnet.info/inbs/140120260512526886.pdf"", ""2026年3月期 決算短信〔日本基準〕(連結)"")","=HYPERLINK(""pdf_tmp/20260513/1948_1430_弘電社_2026年3月期 決算短信〔日本基準〕(連結).pdf"", ""2026年3月期 決算短信〔日本基準〕(連結)"")",,,,,,,,,,,,,,,,,,,6,,,,,https://www.release.tdnet.info/inbs/140120260512526886.pdf
20260513,1948,弘電社,その他,"=HYPERLINK(""https://www.release.tdnet.info/inbs/140120260512527166.pdf"", ""支配株主等に関する事項について"")","=HYPERLINK(""pdf_tmp/20260513/1948_1430_弘電社_支配株主等に関する事項について.pdf"", ""支配株主等に関する事項について"")",2,,,,,,,,,,,,,,,,,,,,,,,https://www.release.tdnet.info/inbs/140120260512527166.pdf
20260513,194A,G-WOLVES,説明資料,"=HYPERLINK(""https://www.release.tdnet.info/inbs/140120260513529010.pdf"", ""2026年6月期第3四半期 決算説明資料"")","=HYPERLINK(""pdf_tmp/20260513/194A_1230_G-WOLVES_2026年6月期第3四半期 決算説明資料.pdf"", ""2026年6月期第3四半期 決算説明資料"")",,,,,,,,,,,4 5,,,,,,,,,,,,,https://www.release.tdnet.info/inbs/140120260513529010.pdf
20260513,1951,エクシオグループ,決算短信,"=HYPERLINK(""https://www.release.tdnet.info/inbs/140120260512527443.pdf"", ""2026年3月期 決算短信〔日本基準〕(連結)"")","=HYPERLINK(""pdf_tmp/20260513/1951_1500_エクシオグループ_2026年3月期 決算短信〔日本基準〕(連結).pdf"", ""2026年3月期 決算短信〔日本基準〕(連結)"")",,,,,,,,,,,,,,,,,,,7,,,,,https://www.release.tdnet.info/inbs/140120260512527443.pdf
20260513,1952,新日空調,決算短信,"=HYPERLINK(""https://www.release.tdnet.info/inbs/140120260512527076.pdf"", ""2026年3月期 決算短信〔日本基準〕(連結)"")","=HYPERLINK(""pdf_tmp/20260513/1952_1300_新日空調_2026年3月期 決算短信〔日本基準〕(連結).pdf"", ""2026年3月期 決算短信〔日本基準〕(連結)"")",,,,5,,,,,,,,,,,,,,,,,,,,https://www.release.tdnet.info/inbs/140120260512527076.pdf
20260513,1982,日比谷設,その他,"=HYPERLINK(""https://www.release.tdnet.info/inbs/140120260513528362.pdf"", ""役員向け業績連動型株式報酬制度の継続及び一部改定に関するお知らせ"")","=HYPERLINK(""pdf_tmp/20260513/1982_1230_日比谷設_役員向け業績連動型株式報酬制度の継続及び一部改定に関するお知らせ.pdf"", ""役員向け業績連動型株式報酬制度の継続及び一部改定に関するお知らせ"")",,,,,,,,,,2 5,,,,,,,,,,,,,,https://www.release.tdnet.info/inbs/140120260513528362.pdf
20260513,2108,甜菜糖,決算短信,"=HYPERLINK(""https://www.release.tdnet.info/inbs/140120260513528041.pdf"", ""2026年3月期 決算短信〔日本基準〕(連結)"")","=HYPERLINK(""pdf_tmp/20260513/2108_1400_甜菜糖_2026年3月期 決算短信〔日本基準〕(連結).pdf"", ""2026年3月期 決算短信〔日本基準〕(連結)"")",,,,,5,,,,,,,,,,,,,,,,,,,https://www.release.tdnet.info/inbs/140120260513528041.pdf
20260513,2122,Iスペース,その他,"=HYPERLINK(""https://www.release.tdnet.info/inbs/140120260513530293.pdf"", ""2026年9月期 第2四半期決算説明会資料"")","=HYPERLINK(""pdf_tmp/20260513/2122_1700_Iスペース_2026年9月期 第2四半期決算説明会資料.pdf"", ""2026年9月期 第2四半期決算説明会資料"")",,,,,,,,,,,8 20 26,,,,,,,,,,,,,https://www.release.tdnet.info/inbs/140120260513530293.pdf
20260513,2124,JAC,説明資料,"=HYPERLINK(""https://www.release.tdnet.info/inbs/140120260513528507.pdf"", ""2026年12月期第1四半期決算説明資料"")","=HYPERLINK(""pdf_tmp/20260513/2124_1530_JAC_2026年12月期第1四半期決算説明資料.pdf"", ""2026年12月期第1四半期決算説明資料"")",,,,,,,,,,,,,,,,,,,13,,,,,https://www.release.tdnet.info/inbs/140120260513528507.pdf
20260513,2138,クルーズ,説明資料,"=HYPERLINK(""https://www.release.tdnet.info/inbs/140120260513528841.pdf"", ""2026年3月期(第25期)通期 決算説明資料"")","=HYPERLINK(""pdf_tmp/20260513/2138_1530_クルーズ_2026年3月期(第25期)通期 決算説明資料.pdf"", ""2026年3月期(第25期)通期 決算説明資料"")",,,,,,,,,,,3,,,,,,,,,,,,,https://www.release.tdnet.info/inbs/140120260513528841.pdf
20260513,2152,幼児活動研究会,決算短信,"=HYPERLINK(""https://www.release.tdnet.info/inbs/140120260513529495.pdf"", ""2026年3月期 決算短信〔日本基準〕(非連結)"")","=HYPERLINK(""pdf_tmp/20260513/2152_1630_幼児活動研究会_2026年3月期 決算短信〔日本基準〕(非連結).pdf"", ""2026年3月期 決算短信〔日本基準〕(非連結)"")",,,,,4 6,,,,,,,,,,,,,,,,,,,https://www.release.tdnet.info/inbs/140120260513529495.pdf
20260513,2169,CDS,決算短信,"=HYPERLINK(""https://www.release.tdnet.info/inbs/140120260506517249.pdf"", ""2026年12月期 第1四半期決算短信〔日本基準〕(連結)"")","=HYPERLINK(""pdf_tmp/20260513/2169_1530_CDS_2026年12月期 第1四半期決算短信〔日本基準〕(連結).pdf"", ""2026年12月期 第1四半期決算短信〔日本基準〕(連結)"")",,,,,,,,,,,,,,,,,,,4,,,,,https://www.release.tdnet.info/inbs/140120260506517249.pdf
20260513,2264,森永乳,決算短信,"=HYPERLINK(""https://www.release.tdnet.info/inbs/140120260512525930.pdf"", ""2026年3月期決算短信〔日本基準〕(連結)"")","=HYPERLINK(""pdf_tmp/20260513/2264_1400_森永乳_2026年3月期決算短信〔日本基準〕(連結).pdf"", ""2026年3月期決算短信〔日本基準〕(連結)"")",,,5 6,,,,,,,,,,,,,,,,,,,,,https://www.release.tdnet.info/inbs/140120260512525930.pdf
20260513,2330,フォーサイド,決算短信,"=HYPERLINK(""https://www.release.tdnet.info/inbs/140120260513529339.pdf"", ""2026年12月期 第1四半期決算短信〔日本基準〕(連結)"")","=HYPERLINK(""pdf_tmp/20260513/2330_1545_フォーサイド_2026年12月期 第1四半期決算短信〔日本基準〕(連結).pdf"", ""2026年12月期 第1四半期決算短信〔日本基準〕(連結)"")",,,,,4,,,,,,,,,,,,,,,,,,,https://www.release.tdnet.info/inbs/140120260513529339.pdf
20260513,2332,クエスト,決算短信,"=HYPERLINK(""https://www.release.tdnet.info/inbs/140120260513530026.pdf"", ""2026年3月期決算短信〔日本基準〕(連結)"")","=HYPERLINK(""pdf_tmp/20260513/2332_1700_クエスト_2026年3月期決算短信〔日本基準〕(連結).pdf"", ""2026年3月期決算短信〔日本基準〕(連結)"")",,,,,,,,,,,16,,,,,,,,,,,,,https://www.release.tdnet.info/inbs/140120260513530026.pdf
20260513,2370,G-MDNT,決算短信,"=HYPERLINK(""https://www.release.tdnet.info/inbs/140120260513528001.pdf"", ""2026年9月期 第2四半期(中間期)決算短信〔日本基準〕(非連結)"")","=HYPERLINK(""pdf_tmp/20260513/2370_1530_G-MDNT_2026年9月期 第2四半期(中間期)決算短信〔日本基準〕(非連結).pdf"", ""2026年9月期 第2四半期(中間期)決算短信〔日本基準〕(非連結)"")",,,,,,,,,,,4 5,,,,,,,,,,,,,https://www.release.tdnet.info/inbs/140120260513528001.pdf
20260513,2385,G-総医研,その他,"=HYPERLINK(""https://www.release.tdnet.info/inbs/140120260511523204.pdf"", ""2026年6月期 通期連結業績予想 上方修正に関するお知らせ"")","=HYPERLINK(""pdf_tmp/20260513/2385_1530_G-総医研_2026年6月期 通期連結業績予想 上方修正に関するお知らせ.pdf"", ""2026年6月期 通期連結業績予想 上方修正に関するお知らせ"")",,,,,,,1,,,,,,,,,,,,,,,,,https://www.release.tdnet.info/inbs/140120260511523204.pdf
20260513,2440,ぐるなび,決算短信,"=HYPERLINK(""https://www.release.tdnet.info/inbs/140120260512526908.pdf"", ""2026年3月期決算短信〔日本基準〕(連結)"")","=HYPERLINK(""pdf_tmp/20260513/2440_1540_ぐるなび_2026年3月期決算短信〔日本基準〕(連結).pdf"", ""2026年3月期決算短信〔日本基準〕(連結)"")",,,,,,,,,,,4,,,,,,,,,,,,,https://www.release.tdnet.info/inbs/140120260512526908.pdf
20260513,2454,オールアバウト,決算短信,"=HYPERLINK(""https://www.release.tdnet.info/inbs/140120260513528431.pdf"", ""2026年3月期 決算短信〔日本基準〕(連結)"")","=HYPERLINK(""pdf_tmp/20260513/2454_1630_オールアバウト_2026年3月期 決算短信〔日本基準〕(連結).pdf"", ""2026年3月期 決算短信〔日本基準〕(連結)"")",,,,,,,,,,21,,,,,,,,,,,,,,https://www.release.tdnet.info/inbs/140120260513528431.pdf
20260513,2454,オールアバウト,説明資料,"=HYPERLINK(""https://www.release.tdnet.info/inbs/140120260513529662.pdf"", ""2026年3月期決算および3か年経営方針説明資料"")","=HYPERLINK(""pdf_tmp/20260513/2454_1630_オールアバウト_2026年3月期決算および3か年経営方針説明資料.pdf"", ""2026年3月期決算および3か年経営方針説明資料"")",,,,,,,,,,,35,,,,,,,,,,,,,https://www.release.tdnet.info/inbs/140120260513529662.pdf
20260513,2531,宝HLD,その他,"=HYPERLINK(""https://www.release.tdnet.info/inbs/140120260513529473.pdf"", ""当社子会社(タカラバイオ株式会社)による 収益改善に向けた構造改革の実施に関するお知らせ"")","=HYPERLINK(""pdf_tmp/20260513/2531_1530_宝HLD_当社子会社(タカラバイオ株式会社)による 収益改善に向けた構造改革の実施に関するお知らせ.pdf"", ""当社子会社(タカラバイオ株式会社)による 収益改善に向けた構造改革の実施に関するお知らせ"")",,,,,,,,,,,2,,,,,,,,,,,,,https://www.release.tdnet.info/inbs/140120260513529473.pdf
20260513,2540,養命酒,決算短信,"=HYPERLINK(""https://www.release.tdnet.info/inbs/140120260511523149.pdf"", ""2026年3月期 決算短信〔日本基準〕(非連結)"")","=HYPERLINK(""pdf_tmp/20260513/2540_1530_養命酒_2026年3月期 決算短信〔日本基準〕(非連結).pdf"", ""2026年3月期 決算短信〔日本基準〕(非連結)"")",,,,,,,,,,,4 15,,,,,,,,,,,,,https://www.release.tdnet.info/inbs/140120260511523149.pdf
20260513,2540,養命酒,その他,"=HYPERLINK(""https://www.release.tdnet.info/inbs/140120260511523152.pdf"", ""くらすわ関連事業の事業再編(会社分割(簡易新設分割)、子会社の異動を伴う株式譲渡及び一部店舗の休止)に関するお知らせ"")","=HYPERLINK(""pdf_tmp/20260513/2540_1530_養命酒_くらすわ関連事業の事業再編(会社分割(簡易新設分割)、子会社の異動を伴う株式譲渡及び一部店舗の休止)に関するお知らせ.pdf"", ""くらすわ関連事業の事業再編(会社分割(簡易新設分割)、子会社の異動を伴う株式譲渡及び一部店舗の休止)に関するお知らせ"")",,,,,,,,,,,,,4,,,,,,,,,,,https://www.release.tdnet.info/inbs/140120260511523152.pdf
20260513,256A,飛島HD,決算短信,"=HYPERLINK(""https://www.release.tdnet.info/inbs/140120260512525119.pdf"", ""2026年3月期決算短信〔日本基準〕(連結)"")","=HYPERLINK(""pdf_tmp/20260513/256A_1300_飛島HD_2026年3月期決算短信〔日本基準〕(連結).pdf"", ""2026年3月期決算短信〔日本基準〕(連結)"")",,,,,,,,,,,,,,,,,,,5,,,,,https://www.release.tdnet.info/inbs/140120260512525119.pdf
20260513,2587,サントリーBF,その他,"=HYPERLINK(""https://www.release.tdnet.info/inbs/140120260513528130.pdf"", ""2026年度 第1四半期 決算説明会"")","=HYPERLINK(""pdf_tmp/20260513/2587_1400_サントリーBF_2026年度 第1四半期 決算説明会.pdf"", ""2026年度 第1四半期 決算説明会"")",,,3 8 9 10 12,,,,,,,,,,,,,,,,,,,,,https://www.release.tdnet.info/inbs/140120260513528130.pdf
20260513,2612,かどや製油,決算短信,"=HYPERLINK(""https://www.release.tdnet.info/inbs/140120260512527144.pdf"", ""2026年3月期 決算短信〔日本基準〕(連結)"")","=HYPERLINK(""pdf_tmp/20260513/2612_1530_かどや製油_2026年3月期 決算短信〔日本基準〕(連結).pdf"", ""2026年3月期 決算短信〔日本基準〕(連結)"")",,,4,,,,,,,,,,,,,,,,,,,,,https://www.release.tdnet.info/inbs/140120260512527144.pdf
20260513,2749,JPHD,決算短信,"=HYPERLINK(""https://www.release.tdnet.info/inbs/140120260513529767.pdf"", ""2026年3月期決算短信〔日本基準〕(連結)"")","=HYPERLINK(""pdf_tmp/20260513/2749_1500_JPHD_2026年3月期決算短信〔日本基準〕(連結).pdf"", ""2026年3月期決算短信〔日本基準〕(連結)"")",,,,,,,,,,,4,,,,,,,,,,,,,https://www.release.tdnet.info/inbs/140120260513529767.pdf
20260513,2805,エスビー食,その他,"=HYPERLINK(""https://www.release.tdnet.info/inbs/140120260512527375.pdf"", ""経営戦略2033・第4次中期経営計画"")","=HYPERLINK(""pdf_tmp/20260513/2805_1400_エスビー食_経営戦略2033・第4次中期経営計画.pdf"", ""経営戦略2033・第4次中期経営計画"")",,,16,,,,,,,,,,,,,,,,,,,,,https://www.release.tdnet.info/inbs/140120260512527375.pdf
20260513,2919,マルタイ,決算短信,"=HYPERLINK(""https://www.release.tdnet.info/inbs/140120260512525671.pdf"", ""2026年3月期 決算短信〔日本基準〕(非連結)"")","=HYPERLINK(""pdf_tmp/20260513/2919_1500_マルタイ_2026年3月期 決算短信〔日本基準〕(非連結).pdf"", ""2026年3月期 決算短信〔日本基準〕(非連結)"")",,,4,,,,,,,,,,,,,,,,,,,,,https://www.release.tdnet.info/inbs/140120260512525671.pdf
20260513,2975,スター・マイカHD,予想の修正,"=HYPERLINK(""https://www.release.tdnet.info/inbs/140120260513529844.pdf"", ""連結業績予想の修正及び配当予想の修正(増配)に関するお知らせ"")","=HYPERLINK(""pdf_tmp/20260513/2975_1600_スター・マイカHD_連結業績予想の修正及び配当予想の修正(増配)に関するお知らせ.pdf"", ""連結業績予想の修正及び配当予想の修正(増配)に関するお知らせ"")",,,,,,,,,,,2,,,,,,,,,,,,,https://www.release.tdnet.info/inbs/140120260513529844.pdf
20260513,2980,SREHD,決算短信,"=HYPERLINK(""https://www.release.tdnet.info/inbs/140120260513529746.pdf"", ""2026年3月期 決算短信〔日本基準〕(連結)"")","=HYPERLINK(""pdf_tmp/20260513/2980_1530_SREHD_2026年3月期 決算短信〔日本基準〕(連結).pdf"", ""2026年3月期 決算短信〔日本基準〕(連結)"")",,,5,,,,,,,,,,,,,,,,,,,,,https://www.release.tdnet.info/inbs/140120260513529746.pdf
20260513,2984,ヤマイチ,決算短信,"=HYPERLINK(""https://www.release.tdnet.info/inbs/140120260511523155.pdf"", ""2026年3月期決算短信〔日本基準〕(連結)"")","=HYPERLINK(""pdf_tmp/20260513/2984_1538_ヤマイチ_2026年3月期決算短信〔日本基準〕(連結).pdf"", ""2026年3月期決算短信〔日本基準〕(連結)"")",,,,,,,,,,,,,,,,4,,,,,,,,https://www.release.tdnet.info/inbs/140120260511523155.pdf
20260513,2984,ヤマイチ,説明資料,"=HYPERLINK(""https://www.release.tdnet.info/inbs/140120260513530270.pdf"", ""2026年3月期決算補足説明資料"")","=HYPERLINK(""pdf_tmp/20260513/2984_1540_ヤマイチ_2026年3月期決算補足説明資料.pdf"", ""2026年3月期決算補足説明資料"")",,,,,,,,,,,3,,,,,,,,,,,,,https://www.release.tdnet.info/inbs/140120260513530270.pdf
20260513,3032,ゴルフ・ドゥ,決算短信,"=HYPERLINK(""https://www.release.tdnet.info/inbs/140120260430514415.pdf"", ""2026年3月期決算短信〔日本基準](連結)"")","=HYPERLINK(""pdf_tmp/20260513/3032_1400_ゴルフ・ドゥ_2026年3月期決算短信〔日本基準](連結).pdf"", ""2026年3月期決算短信〔日本基準](連結)"")",,,,,,,,,,,,,,,,,,,4 6,,,,,https://www.release.tdnet.info/inbs/140120260430514415.pdf
20260513,3069,JFLAHD,決算短信,"=HYPERLINK(""https://www.release.tdnet.info/inbs/140120260513528143.pdf"", ""2026年3月期 決算短信〔日本基準〕(連結)"")","=HYPERLINK(""pdf_tmp/20260513/3069_1600_JFLAHD_2026年3月期 決算短信〔日本基準〕(連結).pdf"", ""2026年3月期 決算短信〔日本基準〕(連結)"")",,,,,5,,,,,,,,,,,,,,,,,,,https://www.release.tdnet.info/inbs/140120260513528143.pdf
20260513,3069,JFLAHD,その他,"=HYPERLINK(""https://www.release.tdnet.info/inbs/140120260513528297.pdf"", ""通期連結業績予想と実績との差異及び剰余金の配当に関するお知らせ"")","=HYPERLINK(""pdf_tmp/20260513/3069_1600_JFLAHD_通期連結業績予想と実績との差異及び剰余金の配当に関するお知らせ.pdf"", ""通期連結業績予想と実績との差異及び剰余金の配当に関するお知らせ"")",,,,,2,,,,,,,,,,,,,,,,,,,https://www.release.tdnet.info/inbs/140120260513528297.pdf
20260513,3088,マツキヨココカラ,決算短信,"=HYPERLINK(""https://www.release.tdnet.info/inbs/140120260512526066.pdf"", ""2026年3月期 決算短信〔日本基準〕(連結)"")","=HYPERLINK(""pdf_tmp/20260513/3088_1530_マツキヨココカラ_2026年3月期 決算短信〔日本基準〕(連結).pdf"", ""2026年3月期 決算短信〔日本基準〕(連結)"")",,,,,,,,,,,,,,,,,,,,,,5,,https://www.release.tdnet.info/inbs/140120260512526066.pdf
20260513,3099,ミツコシイセタン,その他,"=HYPERLINK(""https://www.release.tdnet.info/inbs/140120260512526750.pdf"", ""株主還元方針の変更に関するお知らせ"")","=HYPERLINK(""pdf_tmp/20260513/3099_1330_ミツコシイセタン_株主還元方針の変更に関するお知らせ.pdf"", ""株主還元方針の変更に関するお知らせ"")",,,,,,,,,,,,1,,,,,,,,,,,,https://www.release.tdnet.info/inbs/140120260512526750.pdf
20260513,3131,シンデンハイテク,その他,"=HYPERLINK(""https://www.release.tdnet.info/inbs/140120260511521386.pdf"", ""2026年3月期通期連結業績予想値と決算値の差異に関するお知らせ"")","=HYPERLINK(""pdf_tmp/20260513/3131_1500_シンデンハイテク_2026年3月期通期連結業績予想値と決算値の差異に関するお知らせ.pdf"", ""2026年3月期通期連結業績予想値と決算値の差異に関するお知らせ"")",,,,,,,,,,,,,,,,,1,,,,,,,https://www.release.tdnet.info/inbs/140120260511521386.pdf
20260513,3197,すかいらーくHD,その他,"=HYPERLINK(""https://www.release.tdnet.info/inbs/140120260513528349.pdf"", ""2026年度第1四半期決算説明会資料"")","=HYPERLINK(""pdf_tmp/20260513/3197_1130_すかいらーくHD_2026年度第1四半期決算説明会資料.pdf"", ""2026年度第1四半期決算説明会資料"")",15,,,,,,,,,,,,,,,,,,,,,,,https://www.release.tdnet.info/inbs/140120260513528349.pdf
20260513,3232,三重交通GHD,決算短信,"=HYPERLINK(""https://www.release.tdnet.info/inbs/140120260512527495.pdf"", ""2026年3月期決算短信〔日本基準〕(連結)"")","=HYPERLINK(""pdf_tmp/20260513/3232_1640_三重交通GHD_2026年3月期決算短信〔日本基準〕(連結).pdf"", ""2026年3月期決算短信〔日本基準〕(連結)"")",,,,,,,,,,,,,,,,,,,4,,,,,https://www.release.tdnet.info/inbs/140120260512527495.pdf
20260513,3237,G-イントランス,決算短信,"=HYPERLINK(""https://www.release.tdnet.info/inbs/140120260512527318.pdf"", ""2026年3月期 決算短信〔日本基準〕(連結)"")","=HYPERLINK(""pdf_tmp/20260513/3237_1600_G-イントランス_2026年3月期 決算短信〔日本基準〕(連結).pdf"", ""2026年3月期 決算短信〔日本基準〕(連結)"")",,,,,,,,5,,,,,,,,,,,,,,,,https://www.release.tdnet.info/inbs/140120260512527318.pdf
20260513,3284,フージャース,説明資料,"=HYPERLINK(""https://www.release.tdnet.info/inbs/140120260513528662.pdf"", ""2026年3月期 決算説明資料"")","=HYPERLINK(""pdf_tmp/20260513/3284_1600_フージャース_2026年3月期 決算説明資料.pdf"", ""2026年3月期 決算説明資料"")",,,,11,,,,,,,,,,,,,,,,,,,,https://www.release.tdnet.info/inbs/140120260513528662.pdf
20260513,3284,フージャース,決算短信,"=HYPERLINK(""https://www.release.tdnet.info/inbs/140120260513527819.pdf"", ""2026年3月期決算短信〔日本基準〕(連結)"")","=HYPERLINK(""pdf_tmp/20260513/3284_1600_フージャース_2026年3月期決算短信〔日本基準〕(連結).pdf"", ""2026年3月期決算短信〔日本基準〕(連結)"")",,,,,,,,,,,5,,,,,,,,,,,,,https://www.release.tdnet.info/inbs/140120260513527819.pdf
20260513,3350,メタプラネット,決算短信,"=HYPERLINK(""https://www.release.tdnet.info/inbs/140120260513530380.pdf"", ""2026年12月期  第1四半期決算短信〔日本基準〕(連結)"")","=HYPERLINK(""pdf_tmp/20260513/3350_1700_メタプラネット_2026年12月期 第1四半期決算短信〔日本基準〕(連結).pdf"", ""2026年12月期  第1四半期決算短信〔日本基準〕(連結)"")",,,,,,,,,,,6 9,,,,,,,,,,,,,https://www.release.tdnet.info/inbs/140120260513530380.pdf
20260513,3355,クリヤマHD,決算短信,"=HYPERLINK(""https://www.release.tdnet.info/inbs/140120260428513344.pdf"", ""2026年12月期 第1四半期決算短信〔日本基準〕(連結)"")","=HYPERLINK(""pdf_tmp/20260513/3355_1330_クリヤマHD_2026年12月期 第1四半期決算短信〔日本基準〕(連結).pdf"", ""2026年12月期 第1四半期決算短信〔日本基準〕(連結)"")",,,,,,,,,,,,,,,,,5,,,,,,,https://www.release.tdnet.info/inbs/140120260428513344.pdf
20260513,3392,デリカフーズHD,決算短信,"=HYPERLINK(""https://www.release.tdnet.info/inbs/140120260512527023.pdf"", ""2026年3月期 決算短信〔日本基準〕(連結)"")","=HYPERLINK(""pdf_tmp/20260513/3392_1600_デリカフーズHD_2026年3月期 決算短信〔日本基準〕(連結).pdf"", ""2026年3月期 決算短信〔日本基準〕(連結)"")",,,,,,,,,,,4 5,,,,,,,,,,,,,https://www.release.tdnet.info/inbs/140120260512527023.pdf
20260513,3402,東レ,決算短信,"=HYPERLINK(""https://www.release.tdnet.info/inbs/140120260512524890.pdf"", ""2026年3月期 決算短信〔IFRS〕(連結)"")","=HYPERLINK(""pdf_tmp/20260513/3402_1230_東レ_2026年3月期 決算短信〔IFRS〕(連結).pdf"", ""2026年3月期 決算短信〔IFRS〕(連結)"")",,,,,,,,,,,,,,,,,,,4 16,,,,,https://www.release.tdnet.info/inbs/140120260512524890.pdf
20260513,3416,ピクスタ,決算短信,"=HYPERLINK(""https://www.release.tdnet.info/inbs/140120260510521147.pdf"", ""2026年12月期 第1四半期決算短信〔日本基準〕(連結)"")","=HYPERLINK(""pdf_tmp/20260513/3416_1600_ピクスタ_2026年12月期 第1四半期決算短信〔日本基準〕(連結).pdf"", ""2026年12月期 第1四半期決算短信〔日本基準〕(連結)"")",,,,,4,,,,,,,,,,,,,,,,,,,https://www.release.tdnet.info/inbs/140120260510521147.pdf
20260513,3416,ピクスタ,説明資料,"=HYPERLINK(""https://www.release.tdnet.info/inbs/140120260510521150.pdf"", ""2026年12月期 第1四半期決算説明資料"")","=HYPERLINK(""pdf_tmp/20260513/3416_1600_ピクスタ_2026年12月期 第1四半期決算説明資料.pdf"", ""2026年12月期 第1四半期決算説明資料"")",,,12,,,,,,,,,,,,,,,,,,,,,https://www.release.tdnet.info/inbs/140120260510521150.pdf
20260513,3422,J-MAX,その他,"=HYPERLINK(""https://www.release.tdnet.info/inbs/140120260512526505.pdf"", ""特別損失の計上、2026年3月期通期連結業績予想と実績値との差異及び  剰余金の配当に関するお知らせ"")","=HYPERLINK(""pdf_tmp/20260513/3422_1600_J-MAX_特別損失の計上、2026年3月期通期連結業績予想と実績値との差異及び 剰余金の配当に関するお知らせ.pdf"", ""特別損失の計上、2026年3月期通期連結業績予想と実績値との差異及び  剰余金の配当に関するお知らせ"")",,1,,,,,,,,,,,,,,,,,,,,,,https://www.release.tdnet.info/inbs/140120260512526505.pdf
20260513,3442,MIEコーポ,その他,"=HYPERLINK(""https://www.release.tdnet.info/inbs/140120260512526402.pdf"", ""中期経営計画策定に関するお知らせ"")","=HYPERLINK(""pdf_tmp/20260513/3442_1500_MIEコーポ_中期経営計画策定に関するお知らせ.pdf"", ""中期経営計画策定に関するお知らせ"")",,,,,,,,,,,1,,,,,,,,,,,,,https://www.release.tdnet.info/inbs/140120260512526402.pdf
20260513,3449,テクノフレックス,決算短信,"=HYPERLINK(""https://www.release.tdnet.info/inbs/140120260513528098.pdf"", ""2026年12月期 第1四半期決算短信〔日本基準〕(連結)"")","=HYPERLINK(""pdf_tmp/20260513/3449_1630_テクノフレックス_2026年12月期 第1四半期決算短信〔日本基準〕(連結).pdf"", ""2026年12月期 第1四半期決算短信〔日本基準〕(連結)"")",,,,,,,,,,,4,,,,,,,,,,,,,https://www.release.tdnet.info/inbs/140120260513528098.pdf
20260513,3457,And Do HLD,説明資料,"=HYPERLINK(""https://www.release.tdnet.info/inbs/140120260513529611.pdf"", ""2026年6月期 第3四半期 決算説明資料"")","=HYPERLINK(""pdf_tmp/20260513/3457_1530_And Do HLD_2026年6月期 第3四半期 決算説明資料.pdf"", ""2026年6月期 第3四半期 決算説明資料"")",,,,,,,,,,,10 23 31,,,,,,,,,,,,,https://www.release.tdnet.info/inbs/140120260513529611.pdf
20260513,3521,テルマー湯HD,決算短信,"=HYPERLINK(""https://www.release.tdnet.info/inbs/140120260512526959.pdf"", ""2026年3月期  決算短信〔日本基準〕(連結)"")","=HYPERLINK(""pdf_tmp/20260513/3521_1600_テルマー湯HD_2026年3月期 決算短信〔日本基準〕(連結).pdf"", ""2026年3月期  決算短信〔日本基準〕(連結)"")",,,,,,,,,,,,,,,,,,,4 5,,,,,https://www.release.tdnet.info/inbs/140120260512526959.pdf
20260513,3529,アツギ,その他,"=HYPERLINK(""https://www.release.tdnet.info/inbs/140120260512524823.pdf"", ""通期連結業績予想と実績との差異及び中期経営計画の取り下げに関するお知らせ"")","=HYPERLINK(""pdf_tmp/20260513/3529_1430_アツギ_通期連結業績予想と実績との差異及び中期経営計画の取り下げに関するお知らせ.pdf"", ""通期連結業績予想と実績との差異及び中期経営計画の取り下げに関するお知らせ"")",,,,,,,,,,,,,,,,,,,1,,,,,https://www.release.tdnet.info/inbs/140120260512524823.pdf
20260513,3556,G-リネットジャパン,予想の修正,"=HYPERLINK(""https://www.release.tdnet.info/inbs/140120260512525073.pdf"", ""通期連結業績予想の修正(上方修正)に関するお知らせ"")","=HYPERLINK(""pdf_tmp/20260513/3556_0800_G-リネットジャパン_通期連結業績予想の修正(上方修正)に関するお知らせ.pdf"", ""通期連結業績予想の修正(上方修正)に関するお知らせ"")",,,,,,,1,,,,,,,,,,,,,,,,,https://www.release.tdnet.info/inbs/140120260512525073.pdf
20260513,3580,小松マテーレ,決算短信,"=HYPERLINK(""https://www.release.tdnet.info/inbs/140120260513527986.pdf"", ""2026年3月期 決算短信〔日本基準〕(連結)"")","=HYPERLINK(""pdf_tmp/20260513/3580_1500_小松マテーレ_2026年3月期 決算短信〔日本基準〕(連結).pdf"", ""2026年3月期 決算短信〔日本基準〕(連結)"")",,,6,,,,,,,,,,,,,,,,,,,,,https://www.release.tdnet.info/inbs/140120260513527986.pdf
20260513,3580,小松マテーレ,説明資料,"=HYPERLINK(""https://www.release.tdnet.info/inbs/140120260512526880.pdf"", ""2026年3月期 決算説明資料"")","=HYPERLINK(""pdf_tmp/20260513/3580_1500_小松マテーレ_2026年3月期 決算説明資料.pdf"", ""2026年3月期 決算説明資料"")",,,,,,,,,,,4 5,,,,,,,,,,,,,https://www.release.tdnet.info/inbs/140120260512526880.pdf
20260513,3673,ブロドリーフ,その他,"=HYPERLINK(""https://www.release.tdnet.info/inbs/140120260513530046.pdf"", ""2026年12月期 第1四半期決算説明会資料"")","=HYPERLINK(""pdf_tmp/20260513/3673_1530_ブロドリーフ_2026年12月期 第1四半期決算説明会資料.pdf"", ""2026年12月期 第1四半期決算説明会資料"")",,,,,,,,,,,5,,,,,,,,,,,,,https://www.release.tdnet.info/inbs/140120260513530046.pdf
20260513,3762,テクマト,その他,"=HYPERLINK(""https://www.release.tdnet.info/inbs/140120260513530891.pdf"", ""(訂正)「第42期 通期 決算補足資料」の一部訂正について"")","=HYPERLINK(""pdf_tmp/20260513/3762_1900_テクマト_(訂正)「第42期 通期 決算補足資料」の一部訂正について.pdf"", ""(訂正)「第42期 通期 決算補足資料」の一部訂正について"")",,,,,,,,,,,,28,,,,,,,,,,,,https://www.release.tdnet.info/inbs/140120260513530891.pdf
20260513,3773,G-AMI,決算短信,"=HYPERLINK(""https://www.release.tdnet.info/inbs/140120260513527809.pdf"", ""2026年3月期 決算短信[日本基準](連結)"")","=HYPERLINK(""pdf_tmp/20260513/3773_1200_G-AMI_2026年3月期 決算短信[日本基準](連結).pdf"", ""2026年3月期 決算短信[日本基準](連結)"")",,,,,,,,,,,6,,,,,,,,,,,,,https://www.release.tdnet.info/inbs/140120260513527809.pdf
20260513,3775,ガイアックス,説明資料,"=HYPERLINK(""https://www.release.tdnet.info/inbs/140120260513530251.pdf"", ""2026年12月期 第1四半期決算説明資料"")","=HYPERLINK(""pdf_tmp/20260513/3775_1730_ガイアックス_2026年12月期 第1四半期決算説明資料.pdf"", ""2026年12月期 第1四半期決算説明資料"")",,,,,,,,,,,45,,,,,,,,,,,,,https://www.release.tdnet.info/inbs/140120260513530251.pdf
20260513,3787,テクノマセマ,予想の修正,"=HYPERLINK(""https://www.release.tdnet.info/inbs/140120260512526728.pdf"", ""2026年3月期 業績予想の修正および営業外収益(為替差益)の計上に関するお知らせ"")","=HYPERLINK(""pdf_tmp/20260513/3787_1130_テクノマセマ_2026年3月期 業績予想の修正および営業外収益(為替差益)の計上に関するお知らせ.pdf"", ""2026年3月期 業績予想の修正および営業外収益(為替差益)の計上に関するお知らせ"")",,,,,,,,,,1,,,,,,,,,,,,,,https://www.release.tdnet.info/inbs/140120260512526728.pdf
20260513,3800,ユニリタ,その他,"=HYPERLINK(""https://www.release.tdnet.info/inbs/140120260512524882.pdf"", ""中期経営計画の計数目標修正に関するお知らせ"")","=HYPERLINK(""pdf_tmp/20260513/3800_1400_ユニリタ_中期経営計画の計数目標修正に関するお知らせ.pdf"", ""中期経営計画の計数目標修正に関するお知らせ"")",,,,,,,1,,,,,,,,,,,,,,,,,https://www.release.tdnet.info/inbs/140120260512524882.pdf
20260513,3834,朝日ネット,決算短信,"=HYPERLINK(""https://www.release.tdnet.info/inbs/140120260512526236.pdf"", ""2026年3月期 決算短信〔日本基準〕(非連結)"")","=HYPERLINK(""pdf_tmp/20260513/3834_1530_朝日ネット_2026年3月期 決算短信〔日本基準〕(非連結).pdf"", ""2026年3月期 決算短信〔日本基準〕(非連結)"")",,,,,,,,6,,,,,,,,,,,,,,,,https://www.release.tdnet.info/inbs/140120260512526236.pdf
20260513,3840,PATH,その他,"=HYPERLINK(""https://www.release.tdnet.info/inbs/140120260513530203.pdf"", ""中期経営計画取り下げに関するお知らせ"")","=HYPERLINK(""pdf_tmp/20260513/3840_1715_PATH_中期経営計画取り下げに関するお知らせ.pdf"", ""中期経営計画取り下げに関するお知らせ"")",,,,,,,,,,,1,,,,,,,,,,,,,https://www.release.tdnet.info/inbs/140120260513530203.pdf
20260513,3848,データアプリ,その他,"=HYPERLINK(""https://www.release.tdnet.info/inbs/140120260512525542.pdf"", ""2026年3月期決算 補足資料"")","=HYPERLINK(""pdf_tmp/20260513/3848_1600_データアプリ_2026年3月期決算 補足資料.pdf"", ""2026年3月期決算 補足資料"")",,,,,,15,,,,,,,,,,,,,,,,,,https://www.release.tdnet.info/inbs/140120260512525542.pdf
20260513,3925,ダブルスタンダード,決算短信,"=HYPERLINK(""https://www.release.tdnet.info/inbs/140120260422507978.pdf"", ""2026年3月期 決算短信〔日本基準〕(連結)"")","=HYPERLINK(""pdf_tmp/20260513/3925_1530_ダブルスタンダード_2026年3月期 決算短信〔日本基準〕(連結).pdf"", ""2026年3月期 決算短信〔日本基準〕(連結)"")",,,,,,,,,,,,,,,,4,,,,,,,,https://www.release.tdnet.info/inbs/140120260422507978.pdf
20260513,3925,ダブルスタンダード,説明資料,"=HYPERLINK(""https://www.release.tdnet.info/inbs/140120260422508022.pdf"", ""2026年3月期 決算説明資料"")","=HYPERLINK(""pdf_tmp/20260513/3925_1530_ダブルスタンダード_2026年3月期 決算説明資料.pdf"", ""2026年3月期 決算説明資料"")",,,,,,,,,,,4 6 19,,,,,,,,,,,,,https://www.release.tdnet.info/inbs/140120260422508022.pdf
20260513,3925,ダブルスタンダード,その他,"=HYPERLINK(""https://www.release.tdnet.info/inbs/140120260512524741.pdf"", ""代表取締役の異動に関するお知らせ"")","=HYPERLINK(""pdf_tmp/20260513/3925_1530_ダブルスタンダード_代表取締役の異動に関するお知らせ.pdf"", ""代表取締役の異動に関するお知らせ"")",,,,,,,,,,,,,,,,,,,1,,,,,https://www.release.tdnet.info/inbs/140120260512524741.pdf
20260513,3932,アカツキ,その他,"=HYPERLINK(""https://www.release.tdnet.info/inbs/140120260512526449.pdf"", ""財務上の特約が付された資金の借入及びコミットメントライン契約の締結に関するお知らせ"")","=HYPERLINK(""pdf_tmp/20260513/3932_1645_アカツキ_財務上の特約が付された資金の借入及びコミットメントライン契約の締結に関するお知らせ.pdf"", ""財務上の特約が付された資金の借入及びコミットメントライン契約の締結に関するお知らせ"")",,,,,,,,,,,2,,,,,,,,,,,,,https://www.release.tdnet.info/inbs/140120260512526449.pdf
20260513,3944,古林紙工,決算短信,"=HYPERLINK(""https://www.release.tdnet.info/inbs/140120260417505901.pdf"", ""2026年12月期 第1四半期決算短信[日本基準](連結)"")","=HYPERLINK(""pdf_tmp/20260513/3944_1600_古林紙工_2026年12月期 第1四半期決算短信[日本基準](連結).pdf"", ""2026年12月期 第1四半期決算短信[日本基準](連結)"")",,,,,4,,,,,,,,,,,,,,,,,,,https://www.release.tdnet.info/inbs/140120260417505901.pdf
20260513,3947,ダイナパック,決算短信,"=HYPERLINK(""https://www.release.tdnet.info/inbs/140120260511522386.pdf"", ""2026年12月期 第1四半期決算短信〔日本基準〕(連結)"")","=HYPERLINK(""pdf_tmp/20260513/3947_1500_ダイナパック_2026年12月期 第1四半期決算短信〔日本基準〕(連結).pdf"", ""2026年12月期 第1四半期決算短信〔日本基準〕(連結)"")",,,4,,,,,,,,,,,,,,,,,,,,,https://www.release.tdnet.info/inbs/140120260511522386.pdf
20260513,3968,セグエ,決算短信,"=HYPERLINK(""https://www.release.tdnet.info/inbs/140120260512526234.pdf"", ""2026年12月期 第1四半期決算短信〔日本基準〕(連結)"")","=HYPERLINK(""pdf_tmp/20260513/3968_1130_セグエ_2026年12月期 第1四半期決算短信〔日本基準〕(連結).pdf"", ""2026年12月期 第1四半期決算短信〔日本基準〕(連結)"")",,,,,,,,,,,4,,,,,,,,,,,,,https://www.release.tdnet.info/inbs/140120260512526234.pdf
20260513,3992,ニーズウェル,決算短信,"=HYPERLINK(""https://www.release.tdnet.info/inbs/140120260512524329.pdf"", ""2026年9月期第2四半期(中間期)決算短信〔日本基準〕(連結)"")","=HYPERLINK(""pdf_tmp/20260513/3992_1540_ニーズウェル_2026年9月期第2四半期(中間期)決算短信〔日本基準〕(連結).pdf"", ""2026年9月期第2四半期(中間期)決算短信〔日本基準〕(連結)"")",,,,,,,,,,,,,,,,4,,,,,,,,https://www.release.tdnet.info/inbs/140120260512524329.pdf
20260513,4004,レゾナックHD,決算短信,"=HYPERLINK(""https://www.release.tdnet.info/inbs/140120260513528017.pdf"", ""2026年12月期第1四半期決算短信〔IFRS〕(連結)"")","=HYPERLINK(""pdf_tmp/20260513/4004_1530_レゾナックHD_2026年12月期第1四半期決算短信〔IFRS〕(連結).pdf"", ""2026年12月期第1四半期決算短信〔IFRS〕(連結)"")",,,5,,,,,,,,,,,,,,,,,,,,,https://www.release.tdnet.info/inbs/140120260513528017.pdf
20260513,401A,R-霞ヶ関ホテル,その他,"=HYPERLINK(""https://www.release.tdnet.info/inbs/140120260513527606.pdf"", ""ホテル運営実績に関するお知らせ(2026年3月度)"")","=HYPERLINK(""pdf_tmp/20260513/401A_1530_R-霞ヶ関ホテル_ホテル運営実績に関するお知らせ(2026年3月度).pdf"", ""ホテル運営実績に関するお知らせ(2026年3月度)"")",,,,,,,,,,,2,,,,,,,,,,,,,https://www.release.tdnet.info/inbs/140120260513527606.pdf
20260513,4027,テイカ,その他,"=HYPERLINK(""https://www.release.tdnet.info/inbs/140120260512525453.pdf"", ""特別損失の計上及び通期連結業績予想と実績との差異に関するお知らせ"")","=HYPERLINK(""pdf_tmp/20260513/4027_1530_テイカ_特別損失の計上及び通期連結業績予想と実績との差異に関するお知らせ.pdf"", ""特別損失の計上及び通期連結業績予想と実績との差異に関するお知らせ"")",,,,,,,,,,,,,,,,,,,1,,,,,https://www.release.tdnet.info/inbs/140120260512525453.pdf
20260513,4045,東亜合,説明資料,"=HYPERLINK(""https://www.release.tdnet.info/inbs/140120260513530467.pdf"", ""2026年12月期 第1四半期決算説明資料"")","=HYPERLINK(""pdf_tmp/20260513/4045_1730_東亜合_2026年12月期 第1四半期決算説明資料.pdf"", ""2026年12月期 第1四半期決算説明資料"")",,,,,,,,,,,,,,,,12,,,,,,,,https://www.release.tdnet.info/inbs/140120260513530467.pdf
20260513,4055,G-ティアンドエスG,決算短信,"=HYPERLINK(""https://www.release.tdnet.info/inbs/140120260512526963.pdf"", ""2026年9月期 第2四半期(中間期)決算短信〔日本基準〕(連結)"")","=HYPERLINK(""pdf_tmp/20260513/4055_1530_G-ティアンドエスG_2026年9月期 第2四半期(中間期)決算短信〔日本基準〕(連結).pdf"", ""2026年9月期 第2四半期(中間期)決算短信〔日本基準〕(連結)"")",,,,,,,,,,,4,,,,,,,,,,,,,https://www.release.tdnet.info/inbs/140120260512526963.pdf
20260513,4055,G-ティアンドエスG,説明資料,"=HYPERLINK(""https://www.release.tdnet.info/inbs/140120260512527053.pdf"", ""2026年9月期 第2四半期決算補足説明資料"")","=HYPERLINK(""pdf_tmp/20260513/4055_1530_G-ティアンドエスG_2026年9月期 第2四半期決算補足説明資料.pdf"", ""2026年9月期 第2四半期決算補足説明資料"")",,,,,,,,,,,3 8 17,,,,,,,,,,,,,https://www.release.tdnet.info/inbs/140120260512527053.pdf
20260513,4056,G-ニューラル,決算短信,"=HYPERLINK(""https://www.release.tdnet.info/inbs/140120260513529426.pdf"", ""2026年12月期第1四半期決算短信〔日本基準〕(連結)"")","=HYPERLINK(""pdf_tmp/20260513/4056_1530_G-ニューラル_2026年12月期第1四半期決算短信〔日本基準〕(連結).pdf"", ""2026年12月期第1四半期決算短信〔日本基準〕(連結)"")",,,,,,,,,,,,,,,,,,,4,,,,,https://www.release.tdnet.info/inbs/140120260513529426.pdf
20260513,4061,デンカ,決算短信,"=HYPERLINK(""https://www.release.tdnet.info/inbs/140120260512525911.pdf"", ""2026年3月期 決算短信〔日本基準〕(連結)"")","=HYPERLINK(""pdf_tmp/20260513/4061_1000_デンカ_2026年3月期 決算短信〔日本基準〕(連結).pdf"", ""2026年3月期 決算短信〔日本基準〕(連結)"")",,,,,,,,,,,,,,,4,,,,,,,,,https://www.release.tdnet.info/inbs/140120260512525911.pdf
20260513,4064,カーバイド,決算短信,"=HYPERLINK(""https://www.release.tdnet.info/inbs/140120260512527294.pdf"", ""2026年3月期 決算短信〔日本基準〕(連結)"")","=HYPERLINK(""pdf_tmp/20260513/4064_1600_カーバイド_2026年3月期 決算短信〔日本基準〕(連結).pdf"", ""2026年3月期 決算短信〔日本基準〕(連結)"")",,,,7,,,,,,,,,,,,,,,,,,,,https://www.release.tdnet.info/inbs/140120260512527294.pdf
20260513,4072,電算システムHD,決算短信,"=HYPERLINK(""https://www.release.tdnet.info/inbs/140120260512525688.pdf"", ""2026年12月期 第1四半期決算短信〔日本基準〕(連結)"")","=HYPERLINK(""pdf_tmp/20260513/4072_1500_電算システムHD_2026年12月期 第1四半期決算短信〔日本基準〕(連結).pdf"", ""2026年12月期 第1四半期決算短信〔日本基準〕(連結)"")",,,,,,,,,,,,4,,,,,,,,,,,,https://www.release.tdnet.info/inbs/140120260512525688.pdf
20260513,4168,G-ヤプリ,説明資料,"=HYPERLINK(""https://www.release.tdnet.info/inbs/140120260511523112.pdf"", ""2026年12月期 第1四半期決算 決算説明資料"")","=HYPERLINK(""pdf_tmp/20260513/4168_1530_G-ヤプリ_2026年12月期 第1四半期決算 決算説明資料.pdf"", ""2026年12月期 第1四半期決算 決算説明資料"")",,,,,,,,,,,13 14 15 27 28 33 34 35 41 46,,,,,,,,,,,,,https://www.release.tdnet.info/inbs/140120260511523112.pdf
20260513,4171,グローバルI,決算短信,"=HYPERLINK(""https://www.release.tdnet.info/inbs/140120260513529095.pdf"", ""2026年12月期 第1四半期決算短信〔日本基準〕(連結)"")","=HYPERLINK(""pdf_tmp/20260513/4171_1530_グローバルI_2026年12月期 第1四半期決算短信〔日本基準〕(連結).pdf"", ""2026年12月期 第1四半期決算短信〔日本基準〕(連結)"")",,,,,,,,,,,,,,,,,,,,,,4,,https://www.release.tdnet.info/inbs/140120260513529095.pdf
20260513,4172,Hiクラテス,決算短信,"=HYPERLINK(""https://www.release.tdnet.info/inbs/140120260513527791.pdf"", ""2026年9月期第2四半期(中間期)決算短信〔日本基準〕(非連結)"")","=HYPERLINK(""pdf_tmp/20260513/4172_1200_Hiクラテス_2026年9月期第2四半期(中間期)決算短信〔日本基準〕(非連結).pdf"", ""2026年9月期第2四半期(中間期)決算短信〔日本基準〕(非連結)"")",,,,,,,4,,,,,,,,,,,,,,,,,https://www.release.tdnet.info/inbs/140120260513527791.pdf
20260513,4182,菱瓦斯化,決算短信,"=HYPERLINK(""https://www.release.tdnet.info/inbs/140120260512525984.pdf"", ""2026年3月期 決算短信[日本基準](連結)"")","=HYPERLINK(""pdf_tmp/20260513/4182_1530_菱瓦斯化_2026年3月期 決算短信[日本基準](連結).pdf"", ""2026年3月期 決算短信[日本基準](連結)"")",,,,,,,,,,,,,,,,,,,4 6,,,,,https://www.release.tdnet.info/inbs/140120260512525984.pdf
20260513,4208,UBE,説明資料,"=HYPERLINK(""https://www.release.tdnet.info/inbs/140120260513528657.pdf"", ""2026年3月期 連結決算概要 2027年3月期 連結業績予想 説明資料"")","=HYPERLINK(""pdf_tmp/20260513/4208_1530_UBE_2026年3月期 連結決算概要 2027年3月期 連結業績予想 説明資料.pdf"", ""2026年3月期 連結決算概要 2027年3月期 連結業績予想 説明資料"")",,,,,37,,,,,,,,,,,,,,,,,,,https://www.release.tdnet.info/inbs/140120260513528657.pdf
20260513,4212,積水樹脂,資本コストや株価,"=HYPERLINK(""https://www.release.tdnet.info/inbs/140120260513528940.pdf"", ""資本コストや株価を意識した経営への取り組みについて(アップデート)"")","=HYPERLINK(""pdf_tmp/20260513/4212_1600_積水樹脂_資本コストや株価を意識した経営への取り組みについて(アップデート).pdf"", ""資本コストや株価を意識した経営への取り組みについて(アップデート)"")",,,,,,,,,,,9,,,,,,,,,,,,,https://www.release.tdnet.info/inbs/140120260513528940.pdf
20260513,4231,タイガーポリ,決算短信,"=HYPERLINK(""https://www.release.tdnet.info/inbs/140120260512524842.pdf"", ""2026年3月期決算短信〔日本基準〕(連結)"")","=HYPERLINK(""pdf_tmp/20260513/4231_1600_タイガーポリ_2026年3月期決算短信〔日本基準〕(連結).pdf"", ""2026年3月期決算短信〔日本基準〕(連結)"")",,,,,4,,,,,,,,,,,,,,,,,,,https://www.release.tdnet.info/inbs/140120260512524842.pdf
20260513,4231,タイガーポリ,その他,"=HYPERLINK(""https://www.release.tdnet.info/inbs/140120260513527871.pdf"", ""当社株式の大量買付行為等に関する対応策(買収への対応方針)の継続について"")","=HYPERLINK(""pdf_tmp/20260513/4231_1600_タイガーポリ_当社株式の大量買付行為等に関する対応策(買収への対応方針)の継続について.pdf"", ""当社株式の大量買付行為等に関する対応策(買収への対応方針)の継続について"")",,,,,,,,,,,2,,,,,,,,,,,,,https://www.release.tdnet.info/inbs/140120260513527871.pdf
20260513,4243,ニックス,決算短信,"=HYPERLINK(""https://www.release.tdnet.info/inbs/140120260513529385.pdf"", ""2026年9月期第2四半期(中間期)決算短信〔日本基準〕(連結)"")","=HYPERLINK(""pdf_tmp/20260513/4243_1530_ニックス_2026年9月期第2四半期(中間期)決算短信〔日本基準〕(連結).pdf"", ""2026年9月期第2四半期(中間期)決算短信〔日本基準〕(連結)"")",,,,,,,,,,,,,,,,,4,,,,,,,https://www.release.tdnet.info/inbs/140120260513529385.pdf
20260513,4246,DNC,決算短信,"=HYPERLINK(""https://www.release.tdnet.info/inbs/140120260507518380.pdf"", ""2026年3月期 決算短信〔日本基準〕(連結)"")","=HYPERLINK(""pdf_tmp/20260513/4246_1600_DNC_2026年3月期 決算短信〔日本基準〕(連結).pdf"", ""2026年3月期 決算短信〔日本基準〕(連結)"")",,,,,6,,,,,,,,,,,,,,,,,,,https://www.release.tdnet.info/inbs/140120260507518380.pdf
20260513,4258,G-網屋,説明資料,"=HYPERLINK(""https://www.release.tdnet.info/inbs/140120260513528731.pdf"", ""2026年12月期 第1四半期決算説明資料"")","=HYPERLINK(""pdf_tmp/20260513/4258_1605_G-網屋_2026年12月期 第1四半期決算説明資料.pdf"", ""2026年12月期 第1四半期決算説明資料"")",,,,,,,,,,,,,,,,,,,,,39,,,https://www.release.tdnet.info/inbs/140120260513528731.pdf
20260513,4264,G-セキュア,決算短信,"=HYPERLINK(""https://www.release.tdnet.info/inbs/140120260512526153.pdf"", ""2026年12月期第1四半期決算短信〔日本基準〕(連結)"")","=HYPERLINK(""pdf_tmp/20260513/4264_1530_G-セキュア_2026年12月期第1四半期決算短信〔日本基準〕(連結).pdf"", ""2026年12月期第1四半期決算短信〔日本基準〕(連結)"")",,,,,,,,,,,4 11,,,,,,,,,,,,,https://www.release.tdnet.info/inbs/140120260512526153.pdf
20260513,4264,G-セキュア,説明資料,"=HYPERLINK(""https://www.release.tdnet.info/inbs/140120260512526118.pdf"", ""2026年12月期第1四半期決算説明資料"")","=HYPERLINK(""pdf_tmp/20260513/4264_1530_G-セキュア_2026年12月期第1四半期決算説明資料.pdf"", ""2026年12月期第1四半期決算説明資料"")",,,,,,,,,,,11,,,,,,,,,,,,,https://www.release.tdnet.info/inbs/140120260512526118.pdf
20260513,429A,テクセンド,決算短信,"=HYPERLINK(""https://www.release.tdnet.info/inbs/140120260513528376.pdf"", ""2026年3月期決算短信〔IFRS〕(連結)"")","=HYPERLINK(""pdf_tmp/20260513/429A_1530_テクセンド_2026年3月期決算短信〔IFRS〕(連結).pdf"", ""2026年3月期決算短信〔IFRS〕(連結)"")",,,,,,,,,,,,,,,,4,,,,,,,,https://www.release.tdnet.info/inbs/140120260513528376.pdf
20260513,429A,テクセンド,その他,"=HYPERLINK(""https://www.release.tdnet.info/inbs/140120260513528476.pdf"", ""2026年3月期通期決算説明会資料"")","=HYPERLINK(""pdf_tmp/20260513/429A_1530_テクセンド_2026年3月期通期決算説明会資料.pdf"", ""2026年3月期通期決算説明会資料"")",,,,,,,,,,,19 30,,,,,,,,,,,,,https://www.release.tdnet.info/inbs/140120260513528476.pdf
20260513,4331,T&Gニーズ,決算短信,"=HYPERLINK(""https://www.release.tdnet.info/inbs/140120260513529344.pdf"", ""2026年12月期 第1四半期決算短信[日本基準](連結)"")","=HYPERLINK(""pdf_tmp/20260513/4331_1530_T&Gニーズ_2026年12月期 第1四半期決算短信[日本基準](連結).pdf"", ""2026年12月期 第1四半期決算短信[日本基準](連結)"")",,,,,,,,,,,,4,,,,,,,,,,,,https://www.release.tdnet.info/inbs/140120260513529344.pdf
20260513,4331,T&Gニーズ,説明資料,"=HYPERLINK(""https://www.release.tdnet.info/inbs/140120260513529488.pdf"", ""2026年12月期 第1四半期決算説明資料"")","=HYPERLINK(""pdf_tmp/20260513/4331_1530_T&Gニーズ_2026年12月期 第1四半期決算説明資料.pdf"", ""2026年12月期 第1四半期決算説明資料"")",,,,,,,,,,,,6 11,,,,,,,,,,,,https://www.release.tdnet.info/inbs/140120260513529488.pdf
20260513,4356,応用技術,決算短信,"=HYPERLINK(""https://www.release.tdnet.info/inbs/140120260508520948.pdf"", ""2026年12月期 第1四半期決算短信〔日本基準〕(非連結)"")","=HYPERLINK(""pdf_tmp/20260513/4356_1530_応用技術_2026年12月期 第1四半期決算短信〔日本基準〕(非連結).pdf"", ""2026年12月期 第1四半期決算短信〔日本基準〕(非連結)"")",,,,,,,,,,,5 6,,,,,,,,,,,,,https://www.release.tdnet.info/inbs/140120260508520948.pdf
20260513,4367,広栄化学,その他,"=HYPERLINK(""https://www.release.tdnet.info/inbs/140120260512526398.pdf"", ""支配株主等に関する事項について"")","=HYPERLINK(""pdf_tmp/20260513/4367_1300_広栄化学_支配株主等に関する事項について.pdf"", ""支配株主等に関する事項について"")",1,,,,,,,,,,,,,,,,,,,,,,,https://www.release.tdnet.info/inbs/140120260512526398.pdf
20260513,4389,G-プロパティDBK,決算短信,"=HYPERLINK(""https://www.release.tdnet.info/inbs/140120260511521895.pdf"", ""2026年3月期 決算短信〔日本基準〕(連結)"")","=HYPERLINK(""pdf_tmp/20260513/4389_1530_G-プロパティDBK_2026年3月期 決算短信〔日本基準〕(連結).pdf"", ""2026年3月期 決算短信〔日本基準〕(連結)"")",,,,,,,,,,,5,,,,,,,,,,,,,https://www.release.tdnet.info/inbs/140120260511521895.pdf
20260513,4389,G-プロパティDBK,決算短信,"=HYPERLINK(""https://www.release.tdnet.info/inbs/140120260511521906.pdf"", ""2026年3月期 決算短信補足説明資料"")","=HYPERLINK(""pdf_tmp/20260513/4389_1530_G-プロパティDBK_2026年3月期 決算短信補足説明資料.pdf"", ""2026年3月期 決算短信補足説明資料"")",,,,,,,,,,,4,,,,,,,,,,,,,https://www.release.tdnet.info/inbs/140120260511521906.pdf
20260513,4415,G-ブロードエンター,決算短信,"=HYPERLINK(""https://www.release.tdnet.info/inbs/140120260513527850.pdf"", ""2026年12月期 第1四半期決算短信〔日本基準〕(非連結)"")","=HYPERLINK(""pdf_tmp/20260513/4415_1600_G-ブロードエンター_2026年12月期 第1四半期決算短信〔日本基準〕(非連結).pdf"", ""2026年12月期 第1四半期決算短信〔日本基準〕(非連結)"")",,,,,,,,,,,4,,,,,,,,,,,,,https://www.release.tdnet.info/inbs/140120260513527850.pdf
20260513,4417,G-グローバルセキュ,その他,"=HYPERLINK(""https://www.release.tdnet.info/inbs/140120260513530880.pdf"", ""2026年3月期 決算説明会(質疑応答集)"")","=HYPERLINK(""pdf_tmp/20260513/4417_1750_G-グローバルセキュ_2026年3月期 決算説明会(質疑応答集).pdf"", ""2026年3月期 決算説明会(質疑応答集)"")",,,,,,,,,,,2,,,,,,,,,,,,,https://www.release.tdnet.info/inbs/140120260513530880.pdf
20260513,4436,G-ミンカブ,その他,"=HYPERLINK(""https://www.release.tdnet.info/inbs/140120260513527700.pdf"", ""本社移転に関するお知らせ"")","=HYPERLINK(""pdf_tmp/20260513/4436_0915_G-ミンカブ_本社移転に関するお知らせ.pdf"", ""本社移転に関するお知らせ"")",,,,,,,1,,,,,,,,,,,,,,,,,https://www.release.tdnet.info/inbs/140120260513527700.pdf
20260513,4449,ギフティ,説明資料,"=HYPERLINK(""https://www.release.tdnet.info/inbs/140120260513528397.pdf"", ""2026年12月期第1四半期決算説明資料"")","=HYPERLINK(""pdf_tmp/20260513/4449_1530_ギフティ_2026年12月期第1四半期決算説明資料.pdf"", ""2026年12月期第1四半期決算説明資料"")",,,,,,,,,,,56,,,,,,,,,,,,,https://www.release.tdnet.info/inbs/140120260513528397.pdf
20260513,4461,第一工業,決算短信,"=HYPERLINK(""https://www.release.tdnet.info/inbs/140120260513528548.pdf"", ""2026年3月期 決算短信〔日本基準〕(連結)"")","=HYPERLINK(""pdf_tmp/20260513/4461_1400_第一工業_2026年3月期 決算短信〔日本基準〕(連結).pdf"", ""2026年3月期 決算短信〔日本基準〕(連結)"")",,,,,,,,,,,4 5,,,,,,,,,,,,,https://www.release.tdnet.info/inbs/140120260513528548.pdf
20260513,4471,三洋化成,その他,"=HYPERLINK(""https://www.release.tdnet.info/inbs/140120260512525110.pdf"", ""中期経営計画 2030"")","=HYPERLINK(""pdf_tmp/20260513/4471_1500_三洋化成_中期経営計画 2030.pdf"", ""中期経営計画 2030"")",,1,,,,,,,,,,,,,,,,,,,,,,https://www.release.tdnet.info/inbs/140120260512525110.pdf
20260513,4478,G-フリー,決算短信,"=HYPERLINK(""https://www.release.tdnet.info/inbs/140120260513529015.pdf"", ""2026年6月期第3四半期決算短信〔日本基準〕(連結)"")","=HYPERLINK(""pdf_tmp/20260513/4478_1530_G-フリー_2026年6月期第3四半期決算短信〔日本基準〕(連結).pdf"", ""2026年6月期第3四半期決算短信〔日本基準〕(連結)"")",,,,,,,6,,,,,,,,,,,,,,,,,https://www.release.tdnet.info/inbs/140120260513529015.pdf
20260513,4488,G-AIinside,説明資料,"=HYPERLINK(""https://www.release.tdnet.info/inbs/140120260513527991.pdf"", ""2026年3月期 決算説明資料"")","=HYPERLINK(""pdf_tmp/20260513/4488_1535_G-AIinside_2026年3月期 決算説明資料.pdf"", ""2026年3月期 決算説明資料"")",,,,,,,,,,,17 43,,,,,,,,,,,,,https://www.release.tdnet.info/inbs/140120260513527991.pdf
20260513,4502,武田薬,その他,"=HYPERLINK(""https://www.release.tdnet.info/inbs/140120260512527491.pdf"", ""当社取締役に対する株式報酬制度および国内の当社幹部に対する株式付与制度の2026年における継続について"")","=HYPERLINK(""pdf_tmp/20260513/4502_1600_武田薬_当社取締役に対する株式報酬制度および国内の当社幹部に対する株式付与制度の2026年における継続について.pdf"", ""当社取締役に対する株式報酬制度および国内の当社幹部に対する株式付与制度の2026年における継続について"")",,,,,,,,,,5 7,,,,,,,,,,,,,,https://www.release.tdnet.info/inbs/140120260512527491.pdf
20260513,4506,住友ファーマ,決算短信,"=HYPERLINK(""https://www.release.tdnet.info/inbs/140120260512525207.pdf"", ""2026年3月期決算短信〔IFRS〕(連結)"")","=HYPERLINK(""pdf_tmp/20260513/4506_1300_住友ファーマ_2026年3月期決算短信〔IFRS〕(連結).pdf"", ""2026年3月期決算短信〔IFRS〕(連結)"")",,,,,,,,,,,5 6 10,,,,,,,,,,,,,https://www.release.tdnet.info/inbs/140120260512525207.pdf
20260513,4521,科研薬,資本コストや株価,"=HYPERLINK(""https://www.release.tdnet.info/inbs/140120260512527316.pdf"", ""資本コストや株価を意識した経営の実現に向けた対応について(アップデート)"")","=HYPERLINK(""pdf_tmp/20260513/4521_1530_科研薬_資本コストや株価を意識した経営の実現に向けた対応について(アップデート).pdf"", ""資本コストや株価を意識した経営の実現に向けた対応について(アップデート)"")",,,,,,,,,,,12,,,,,,,,,,,,,https://www.release.tdnet.info/inbs/140120260512527316.pdf
20260513,4526,理研ビタミン,その他,"=HYPERLINK(""https://www.release.tdnet.info/inbs/140120260512527500.pdf"", ""2026年3月期 決算補足資料"")","=HYPERLINK(""pdf_tmp/20260513/4526_1600_理研ビタミン_2026年3月期 決算補足資料.pdf"", ""2026年3月期 決算補足資料"")",,,2 3,,,,,,,,,,,,,,,,,,,,,https://www.release.tdnet.info/inbs/140120260512527500.pdf
20260513,4527,ロート薬,決算短信,"=HYPERLINK(""https://www.release.tdnet.info/inbs/140120260513528713.pdf"", ""2026年3月期決算短信〔日本基準〕(連結)"")","=HYPERLINK(""pdf_tmp/20260513/4527_1530_ロート薬_2026年3月期決算短信〔日本基準〕(連結).pdf"", ""2026年3月期決算短信〔日本基準〕(連結)"")",,,,,,,,,,,4 5,,,,,,,,,,,,,https://www.release.tdnet.info/inbs/140120260513528713.pdf
20260513,4558,中京医薬,決算短信,"=HYPERLINK(""https://www.release.tdnet.info/inbs/140120260512526014.pdf"", ""2026年3月期 決算短信〔日本基準〕(非連結)"")","=HYPERLINK(""pdf_tmp/20260513/4558_1600_中京医薬_2026年3月期 決算短信〔日本基準〕(非連結).pdf"", ""2026年3月期 決算短信〔日本基準〕(非連結)"")",,,,,5,,,,,,,,,,,,,,,,,,,https://www.release.tdnet.info/inbs/140120260512526014.pdf
20260513,4570,G-免疫生物研究所,決算短信,"=HYPERLINK(""https://www.release.tdnet.info/inbs/140120260512526634.pdf"", ""2026年3月期 決算短信〔日本基準〕(連結)"")","=HYPERLINK(""pdf_tmp/20260513/4570_1530_G-免疫生物研究所_2026年3月期 決算短信〔日本基準〕(連結).pdf"", ""2026年3月期 決算短信〔日本基準〕(連結)"")",,,,,,,,,,,4,,,,,,,,,,,,,https://www.release.tdnet.info/inbs/140120260512526634.pdf
20260513,4587,ペプチドリーム,決算短信,"=HYPERLINK(""https://www.release.tdnet.info/inbs/140120260513529552.pdf"", ""2026年12月期第1四半期決算短信〔IFRS〕(連結)"")","=HYPERLINK(""pdf_tmp/20260513/4587_1530_ペプチドリーム_2026年12月期第1四半期決算短信〔IFRS〕(連結).pdf"", ""2026年12月期第1四半期決算短信〔IFRS〕(連結)"")",,,,,,,,,,,6 19,,,,,,,,,,,,,https://www.release.tdnet.info/inbs/140120260513529552.pdf
20260513,4611,大日塗料,決算短信,"=HYPERLINK(""https://www.release.tdnet.info/inbs/140120260415505079.pdf"", ""2026年3月期決算短信〔日本基準〕(連結)"")","=HYPERLINK(""pdf_tmp/20260513/4611_1400_大日塗料_2026年3月期決算短信〔日本基準〕(連結).pdf"", ""2026年3月期決算短信〔日本基準〕(連結)"")",,,,,,,,,,,,,,,,4,,,,,,,,https://www.release.tdnet.info/inbs/140120260415505079.pdf
20260513,4625,アトミクス,予想の修正,"=HYPERLINK(""https://www.release.tdnet.info/inbs/140120260512524183.pdf"", ""業績予想の修正に関するお知らせ"")","=HYPERLINK(""pdf_tmp/20260513/4625_1000_アトミクス_業績予想の修正に関するお知らせ.pdf"", ""業績予想の修正に関するお知らせ"")",,,1,,,,,,,,,,,,,,,,,,,,,https://www.release.tdnet.info/inbs/140120260512524183.pdf
20260513,4658,日本空調,決算短信,"=HYPERLINK(""https://www.release.tdnet.info/inbs/140120260513528730.pdf"", ""2026年3月期 決算短信〔日本基準〕(連結)"")","=HYPERLINK(""pdf_tmp/20260513/4658_1620_日本空調_2026年3月期 決算短信〔日本基準〕(連結).pdf"", ""2026年3月期 決算短信〔日本基準〕(連結)"")",,,,,,,,,,,7,,,,,,,,,,,,,https://www.release.tdnet.info/inbs/140120260513528730.pdf
20260513,4658,日本空調,その他,"=HYPERLINK(""https://www.release.tdnet.info/inbs/140120260513528861.pdf"", ""「2026中期4ヵ年経営計画」の策定に関するお知らせ"")","=HYPERLINK(""pdf_tmp/20260513/4658_1620_日本空調_「2026中期4ヵ年経営計画」の策定に関するお知らせ.pdf"", ""「2026中期4ヵ年経営計画」の策定に関するお知らせ"")",,,,,,,,,,,4,,,,,,,,,,,,,https://www.release.tdnet.info/inbs/140120260513528861.pdf
20260513,4680,ラウンドワン,決算短信,"=HYPERLINK(""https://www.release.tdnet.info/inbs/140120260511523376.pdf"", ""2026年3月期 決算短信〔IFRS〕(連結)"")","=HYPERLINK(""pdf_tmp/20260513/4680_1130_ラウンドワン_2026年3月期 決算短信〔IFRS〕(連結).pdf"", ""2026年3月期 決算短信〔IFRS〕(連結)"")",,,,,4,,,,,,,,,,,,,,,,,,,https://www.release.tdnet.info/inbs/140120260511523376.pdf
20260513,4705,クリップ,予想の修正,"=HYPERLINK(""https://www.release.tdnet.info/inbs/140120260504517157.pdf"", ""業績予想の修正に関するお知らせ"")","=HYPERLINK(""pdf_tmp/20260513/4705_1030_クリップ_業績予想の修正に関するお知らせ.pdf"", ""業績予想の修正に関するお知らせ"")",,,,,,,,,,,,,,,,,,,1,,,,,https://www.release.tdnet.info/inbs/140120260504517157.pdf
20260513,4751,サイバーエージェント,決算短信,"=HYPERLINK(""https://www.release.tdnet.info/inbs/140120260513528055.pdf"", ""2026年9月期 第2四半期(中間期)決算短信[日本基準](連結)"")","=HYPERLINK(""pdf_tmp/20260513/4751_1530_サイバーエージェント_2026年9月期 第2四半期(中間期)決算短信[日本基準](連結).pdf"", ""2026年9月期 第2四半期(中間期)決算短信[日本基準](連結)"")",,,,,,,,,,,4,,,,,,,,,,,,,https://www.release.tdnet.info/inbs/140120260513528055.pdf
20260513,4761,さくらKCS,その他,"=HYPERLINK(""https://www.release.tdnet.info/inbs/140120260512526858.pdf"", ""新中期経営計画の策定に関するお知らせ"")","=HYPERLINK(""pdf_tmp/20260513/4761_1530_さくらKCS_新中期経営計画の策定に関するお知らせ.pdf"", ""新中期経営計画の策定に関するお知らせ"")",,,,,,,,,,,1,,,,,,,,,,,,,https://www.release.tdnet.info/inbs/140120260512526858.pdf
20260513,4771,エフアンドエム,予想の修正,"=HYPERLINK(""https://www.release.tdnet.info/inbs/140120260423509477.pdf"", ""業績予想の修正に関するお知らせ"")","=HYPERLINK(""pdf_tmp/20260513/4771_1600_エフアンドエム_業績予想の修正に関するお知らせ.pdf"", ""業績予想の修正に関するお知らせ"")",,,,,,,,,,,,1,,,,,,,,,,,,https://www.release.tdnet.info/inbs/140120260423509477.pdf
20260513,477A,G-スタートライン,予想の修正,"=HYPERLINK(""https://www.release.tdnet.info/inbs/140120260513529271.pdf"", ""法人税等調整額(益)の計上及び通期業績予想の修正に関するお知らせ"")","=HYPERLINK(""pdf_tmp/20260513/477A_1600_G-スタートライン_法人税等調整額(益)の計上及び通期業績予想の修正に関するお知らせ.pdf"", ""法人税等調整額(益)の計上及び通期業績予想の修正に関するお知らせ"")",,,,,,,1,,,,,,,,,,,,,,,,,https://www.release.tdnet.info/inbs/140120260513529271.pdf
20260513,4816,東映アニメ,その他,"=HYPERLINK(""https://www.release.tdnet.info/inbs/140120260513529444.pdf"", ""2026年3月期 決算補足資料"")","=HYPERLINK(""pdf_tmp/20260513/4816_1530_東映アニメ_2026年3月期 決算補足資料.pdf"", ""2026年3月期 決算補足資料"")",,,,,,,,,,,7 10 18,,,,,,,,,,,,,https://www.release.tdnet.info/inbs/140120260513529444.pdf
20260513,4816,東映アニメ,決算短信,"=HYPERLINK(""https://www.release.tdnet.info/inbs/140120260512527159.pdf"", ""2026年3月期決算短信〔日本基準〕(連結)"")","=HYPERLINK(""pdf_tmp/20260513/4816_1530_東映アニメ_2026年3月期決算短信〔日本基準〕(連結).pdf"", ""2026年3月期決算短信〔日本基準〕(連結)"")",,,,,,,,,,,4 5 8,,,,,,,,,,,,,https://www.release.tdnet.info/inbs/140120260512527159.pdf
20260513,4847,IWI,決算短信,"=HYPERLINK(""https://www.release.tdnet.info/inbs/140120260512527238.pdf"", ""2026年6月期第3四半期決算短信〔日本基準〕(非連結)"")","=HYPERLINK(""pdf_tmp/20260513/4847_1530_IWI_2026年6月期第3四半期決算短信〔日本基準〕(非連結).pdf"", ""2026年6月期第3四半期決算短信〔日本基準〕(非連結)"")",,,,,,,,5,,,,,,,,,,,,,,,,https://www.release.tdnet.info/inbs/140120260512527238.pdf
20260513,4847,IWI,予想の修正,"=HYPERLINK(""https://www.release.tdnet.info/inbs/140120260512527347.pdf"", ""通期業績予想の修正に関するお知らせ"")","=HYPERLINK(""pdf_tmp/20260513/4847_1530_IWI_通期業績予想の修正に関するお知らせ.pdf"", ""通期業績予想の修正に関するお知らせ"")",,,,,,,,1,,,,,,,,,,,,,,,,https://www.release.tdnet.info/inbs/140120260512527347.pdf
20260513,4883,G-モダリス,説明資料,"=HYPERLINK(""https://www.release.tdnet.info/inbs/140120260512526163.pdf"", ""2026年12月期 第1四半期決算説明資料"")","=HYPERLINK(""pdf_tmp/20260513/4883_1530_G-モダリス_2026年12月期 第1四半期決算説明資料.pdf"", ""2026年12月期 第1四半期決算説明資料"")",,,,,,,,,,,,,,,,,,,24,,,,,https://www.release.tdnet.info/inbs/140120260512526163.pdf
20260513,4888,G-ステラファーマ,決算短信,"=HYPERLINK(""https://www.release.tdnet.info/inbs/140120260513527944.pdf"", ""2026年3月期  決算短信〔日本基準〕(非連結)"")","=HYPERLINK(""pdf_tmp/20260513/4888_1530_G-ステラファーマ_2026年3月期 決算短信〔日本基準〕(非連結).pdf"", ""2026年3月期  決算短信〔日本基準〕(非連結)"")",,,,,,,,,,,5,,,,,,,,,,,,,https://www.release.tdnet.info/inbs/140120260513527944.pdf
20260513,4888,G-ステラファーマ,その他,"=HYPERLINK(""https://www.release.tdnet.info/inbs/140120260513528009.pdf"", ""2026年3月期 決算補足資料"")","=HYPERLINK(""pdf_tmp/20260513/4888_1530_G-ステラファーマ_2026年3月期 決算補足資料.pdf"", ""2026年3月期 決算補足資料"")",,,,,,,,,,,5 9,,,,,,,,,,,,,https://www.release.tdnet.info/inbs/140120260513528009.pdf
20260513,4926,シーボン,決算短信,"=HYPERLINK(""https://www.release.tdnet.info/inbs/140120260508520757.pdf"", ""2026年3月期 決算短信〔日本基準〕(連結)"")","=HYPERLINK(""pdf_tmp/20260513/4926_1530_シーボン_2026年3月期 決算短信〔日本基準〕(連結).pdf"", ""2026年3月期 決算短信〔日本基準〕(連結)"")",,,,,,,,,,,,,,,,4,,,,,,,,https://www.release.tdnet.info/inbs/140120260508520757.pdf
20260513,4931,新日本製薬,決算短信,"=HYPERLINK(""https://www.release.tdnet.info/inbs/140120260512525186.pdf"", ""2026年9月期第2四半期(中間期)決算短信〔日本基準〕(連結)"")","=HYPERLINK(""pdf_tmp/20260513/4931_1530_新日本製薬_2026年9月期第2四半期(中間期)決算短信〔日本基準〕(連結).pdf"", ""2026年9月期第2四半期(中間期)決算短信〔日本基準〕(連結)"")",,,,,,,,,,,,,4,,,,,,,,,,,https://www.release.tdnet.info/inbs/140120260512525186.pdf
20260513,4974,タカラバイオ,決算短信,"=HYPERLINK(""https://www.release.tdnet.info/inbs/140120260513528430.pdf"", ""2026年3月期 決算短信〔日本基準〕(連結)"")","=HYPERLINK(""pdf_tmp/20260513/4974_1530_タカラバイオ_2026年3月期 決算短信〔日本基準〕(連結).pdf"", ""2026年3月期 決算短信〔日本基準〕(連結)"")",,,,,,,,,,,4 5,,,,,,,,,,,,,https://www.release.tdnet.info/inbs/140120260513528430.pdf
20260513,4974,タカラバイオ,その他,"=HYPERLINK(""https://www.release.tdnet.info/inbs/140120260513528923.pdf"", ""収益改善に向けた構造改革の実施について"")","=HYPERLINK(""pdf_tmp/20260513/4974_1530_タカラバイオ_収益改善に向けた構造改革の実施について.pdf"", ""収益改善に向けた構造改革の実施について"")",,,,,,,,,,,1,,,,,,,,,,,,,https://www.release.tdnet.info/inbs/140120260513528923.pdf
20260513,4979,OATアグリオ,決算短信,"=HYPERLINK(""https://www.release.tdnet.info/inbs/140120260513529632.pdf"", ""2026年12月期第1四半期決算短信〔日本基準〕(連結)"")","=HYPERLINK(""pdf_tmp/20260513/4979_1530_OATアグリオ_2026年12月期第1四半期決算短信〔日本基準〕(連結).pdf"", ""2026年12月期第1四半期決算短信〔日本基準〕(連結)"")",,4,,,,,,,,,,,,,,,,,,,,,,https://www.release.tdnet.info/inbs/140120260513529632.pdf
20260513,4980,デクセリアルズ,決算短信,"=HYPERLINK(""https://www.release.tdnet.info/inbs/140120260513529028.pdf"", ""2026年3月期 決算短信〔IFRS〕(連結)"")","=HYPERLINK(""pdf_tmp/20260513/4980_1530_デクセリアルズ_2026年3月期 決算短信〔IFRS〕(連結).pdf"", ""2026年3月期 決算短信〔IFRS〕(連結)"")",,,,,,,,,,,6,,,,,,,,,,,,,https://www.release.tdnet.info/inbs/140120260513529028.pdf
20260513,5254,G-Arent,説明資料,"=HYPERLINK(""https://www.release.tdnet.info/inbs/140120260511523427.pdf"", ""2026年6月期第3四半期決算説明資料"")","=HYPERLINK(""pdf_tmp/20260513/5254_1600_G-Arent_2026年6月期第3四半期決算説明資料.pdf"", ""2026年6月期第3四半期決算説明資料"")",,,,,,,,,,,10,,,,,,,,,,,,,https://www.release.tdnet.info/inbs/140120260511523427.pdf
20260513,5288,アジアパイルHD,その他,"=HYPERLINK(""https://www.release.tdnet.info/inbs/140120260513529856.pdf"", ""中期経営計画一部修正に関するお知らせ"")","=HYPERLINK(""pdf_tmp/20260513/5288_1530_アジアパイルHD_中期経営計画一部修正に関するお知らせ.pdf"", ""中期経営計画一部修正に関するお知らせ"")",,,,,,,1,,,,,,,,,,,,,,,,,https://www.release.tdnet.info/inbs/140120260513529856.pdf
20260513,5301,東海カーボン,決算短信,"=HYPERLINK(""https://www.release.tdnet.info/inbs/140120260513527915.pdf"", ""2026年12月期第1四半期決算短信〔日本基準〕(連結)"")","=HYPERLINK(""pdf_tmp/20260513/5301_1630_東海カーボン_2026年12月期第1四半期決算短信〔日本基準〕(連結).pdf"", ""2026年12月期第1四半期決算短信〔日本基準〕(連結)"")",,,,,,,,,,,,,,,,,,,4,,,,,https://www.release.tdnet.info/inbs/140120260513527915.pdf
20260513,5342,ジャニス工,その他,"=HYPERLINK(""https://www.release.tdnet.info/inbs/140120260509521019.pdf"", ""個別業績の差異に関するお知らせ"")","=HYPERLINK(""pdf_tmp/20260513/5342_1620_ジャニス工_個別業績の差異に関するお知らせ.pdf"", ""個別業績の差異に関するお知らせ"")",,,,,,,,,,,1,,,,,,,,,,,,,https://www.release.tdnet.info/inbs/140120260509521019.pdf
20260513,5342,ジャニス工,その他,"=HYPERLINK(""https://www.release.tdnet.info/inbs/140120260509521020.pdf"", ""固定資産の減損損失に関するお知らせ"")","=HYPERLINK(""pdf_tmp/20260513/5342_1620_ジャニス工_固定資産の減損損失に関するお知らせ.pdf"", ""固定資産の減損損失に関するお知らせ"")",,,,,,,,,,,,,1,,,,,,,,,,,https://www.release.tdnet.info/inbs/140120260509521020.pdf
20260513,5368,日本インシュレ,その他,"=HYPERLINK(""https://www.release.tdnet.info/inbs/140120260513530302.pdf"", ""2024~2026年度 中期経営計画の進捗状況資料の開示について"")","=HYPERLINK(""pdf_tmp/20260513/5368_1620_日本インシュレ_2024~2026年度 中期経営計画の進捗状況資料の開示について.pdf"", ""2024~2026年度 中期経営計画の進捗状況資料の開示について"")",,,,,,,,,,7 8,,,,,,,,,,,,,,https://www.release.tdnet.info/inbs/140120260513530302.pdf
20260513,5393,ニチアス,その他,"=HYPERLINK(""https://www.release.tdnet.info/inbs/140120260513527697.pdf"", ""2026年3月期 決算説明会"")","=HYPERLINK(""pdf_tmp/20260513/5393_1100_ニチアス_2026年3月期 決算説明会.pdf"", ""2026年3月期 決算説明会"")",,,,,,,,,,,,,,,57,,,,,,,,,https://www.release.tdnet.info/inbs/140120260513527697.pdf
20260513,558A,G-SQUEEZE,説明資料,"=HYPERLINK(""https://www.release.tdnet.info/inbs/140120260513528470.pdf"", ""2026年12月期 第1四半期決算説明資料"")","=HYPERLINK(""pdf_tmp/20260513/558A_1600_G-SQUEEZE_2026年12月期 第1四半期決算説明資料.pdf"", ""2026年12月期 第1四半期決算説明資料"")",,,,,,,,,,,21 23 35,,,,,,,,,,,,,https://www.release.tdnet.info/inbs/140120260513528470.pdf
20260513,5599,G-S&J,事業計画,"=HYPERLINK(""https://www.release.tdnet.info/inbs/140120260513527792.pdf"", ""事業計画及び成長可能性に関する事項(中期経営計画)"")","=HYPERLINK(""pdf_tmp/20260513/5599_1600_G-S&J_事業計画及び成長可能性に関する事項(中期経営計画).pdf"", ""事業計画及び成長可能性に関する事項(中期経営計画)"")",,,,,,,,,,,26 30 41 42 46,,,,,,,,,,,,,https://www.release.tdnet.info/inbs/140120260513527792.pdf
20260513,559A,梅乃宿酒造,決算短信,"=HYPERLINK(""https://www.release.tdnet.info/inbs/140120260512526705.pdf"", ""2026年6月期 第3四半期決算短信〔日本基準〕(非連結)"")","=HYPERLINK(""pdf_tmp/20260513/559A_1645_梅乃宿酒造_2026年6月期 第3四半期決算短信〔日本基準〕(非連結).pdf"", ""2026年6月期 第3四半期決算短信〔日本基準〕(非連結)"")",,,4,,,,,,,,,,,,,,,,,,,,,https://www.release.tdnet.info/inbs/140120260512526705.pdf
20260513,559A,梅乃宿酒造,説明資料,"=HYPERLINK(""https://www.release.tdnet.info/inbs/140120260513528673.pdf"", ""2026年6月期 第3四半期決算補足説明資料"")","=HYPERLINK(""pdf_tmp/20260513/559A_1645_梅乃宿酒造_2026年6月期 第3四半期決算補足説明資料.pdf"", ""2026年6月期 第3四半期決算補足説明資料"")",,,,,4 5,,,,,,,,,,,,,,,,,,,https://www.release.tdnet.info/inbs/140120260513528673.pdf
20260513,5631,日製鋼所,決算短信,"=HYPERLINK(""https://www.release.tdnet.info/inbs/140120260508520684.pdf"", ""2026年3月期 決算短信〔日本基準〕(連結)"")","=HYPERLINK(""pdf_tmp/20260513/5631_1530_日製鋼所_2026年3月期 決算短信〔日本基準〕(連結).pdf"", ""2026年3月期 決算短信〔日本基準〕(連結)"")",,,,,,,,,,,,,,,,,,,19,,,,,https://www.release.tdnet.info/inbs/140120260508520684.pdf
20260513,5632,三菱製鋼,その他,"=HYPERLINK(""https://www.release.tdnet.info/inbs/140120260512527543.pdf"", ""(開示事項の経過)持分法適用会社における火災事故の発生及び当社グループへの影響に関するお知らせ"")","=HYPERLINK(""pdf_tmp/20260513/5632_1500_三菱製鋼_(開示事項の経過)持分法適用会社における火災事故の発生及び当社グループへの影響に関するお知らせ.pdf"", ""(開示事項の経過)持分法適用会社における火災事故の発生及び当社グループへの影響に関するお知らせ"")",,,,,,,,,,,,,,,,,,,1,,,,,https://www.release.tdnet.info/inbs/140120260512527543.pdf
20260513,5632,三菱製鋼,その他,"=HYPERLINK(""https://www.release.tdnet.info/inbs/140120260512527550.pdf"", ""監査等委員会設置会社への移行に伴う業績連動型株式報酬制度の一部改定に関するお知らせ"")","=HYPERLINK(""pdf_tmp/20260513/5632_1500_三菱製鋼_監査等委員会設置会社への移行に伴う業績連動型株式報酬制度の一部改定に関するお知らせ.pdf"", ""監査等委員会設置会社への移行に伴う業績連動型株式報酬制度の一部改定に関するお知らせ"")",,,,,,,,,,3 5,,,,,,,,,,,,,,https://www.release.tdnet.info/inbs/140120260512527550.pdf
20260513,5706,三井金属,説明資料,"=HYPERLINK(""https://www.release.tdnet.info/inbs/140120260502517122.pdf"", ""2026年3月期 決算説明資料"")","=HYPERLINK(""pdf_tmp/20260513/5706_1530_三井金属_2026年3月期 決算説明資料.pdf"", ""2026年3月期 決算説明資料"")",,,,,,,,,,,,,,,,,,,2 15 28,,,,,https://www.release.tdnet.info/inbs/140120260502517122.pdf
20260513,5757,CKサンエツ,決算短信,"=HYPERLINK(""https://www.release.tdnet.info/inbs/140120260513529872.pdf"", ""2026年3月期 決算短信〔日本基準〕(連結)"")","=HYPERLINK(""pdf_tmp/20260513/5757_1530_CKサンエツ_2026年3月期 決算短信〔日本基準〕(連結).pdf"", ""2026年3月期 決算短信〔日本基準〕(連結)"")",,5,,,,,,,,,,,,,,,,,,,,,,https://www.release.tdnet.info/inbs/140120260513529872.pdf
20260513,5951,ダイニチ工,決算短信,"=HYPERLINK(""https://www.release.tdnet.info/inbs/140120260512524635.pdf"", ""2026年3月期 決算短信〔日本基準〕(非連結)"")","=HYPERLINK(""pdf_tmp/20260513/5951_1530_ダイニチ工_2026年3月期 決算短信〔日本基準〕(非連結).pdf"", ""2026年3月期 決算短信〔日本基準〕(非連結)"")",,,,,,,,,,,4,,,,,,,,,,,,,https://www.release.tdnet.info/inbs/140120260512524635.pdf
20260513,5953,昭和鉄,決算短信,"=HYPERLINK(""https://www.release.tdnet.info/inbs/140120260512525144.pdf"", ""2026年3月期 決算短信〔日本基準〕(連結)"")","=HYPERLINK(""pdf_tmp/20260513/5953_1630_昭和鉄_2026年3月期 決算短信〔日本基準〕(連結).pdf"", ""2026年3月期 決算短信〔日本基準〕(連結)"")",,,,,,,,,,,4,,,,,,,,,,,,,https://www.release.tdnet.info/inbs/140120260512525144.pdf
20260513,5953,昭和鉄,その他,"=HYPERLINK(""https://www.release.tdnet.info/inbs/140120260513528798.pdf"", ""新中期経営計画の策定に関するお知らせ"")","=HYPERLINK(""pdf_tmp/20260513/5953_1630_昭和鉄_新中期経営計画の策定に関するお知らせ.pdf"", ""新中期経営計画の策定に関するお知らせ"")",,,,,,,,,,,14,,,,,,,,,,,,,https://www.release.tdnet.info/inbs/140120260513528798.pdf
20260513,5973,トーアミ,決算短信,"=HYPERLINK(""https://www.release.tdnet.info/inbs/140120260512524792.pdf"", ""2026年3月期 決算短信〔日本基準〕(連結)"")","=HYPERLINK(""pdf_tmp/20260513/5973_1600_トーアミ_2026年3月期 決算短信〔日本基準〕(連結).pdf"", ""2026年3月期 決算短信〔日本基準〕(連結)"")",,,,,,,,,,,,,,,,4,,,,,,,,https://www.release.tdnet.info/inbs/140120260512524792.pdf
20260513,5974,中国工,決算短信,"=HYPERLINK(""https://www.release.tdnet.info/inbs/140120260512525916.pdf"", ""2026年3月期決算短信〔日本基準〕(連結)"")","=HYPERLINK(""pdf_tmp/20260513/5974_1500_中国工_2026年3月期決算短信〔日本基準〕(連結).pdf"", ""2026年3月期決算短信〔日本基準〕(連結)"")",,,,,6,,,,,,,,,,,,,,,,,,,https://www.release.tdnet.info/inbs/140120260512525916.pdf
20260513,5976,ネツレン,その他,"=HYPERLINK(""https://www.release.tdnet.info/inbs/140120260512527082.pdf"", ""ネツレングループ資本政策・財務戦略及びPBR1.0倍以上に向けた対応 2024年度及び2025年度実績と2026年度計画について"")","=HYPERLINK(""pdf_tmp/20260513/5976_1530_ネツレン_ネツレングループ資本政策・財務戦略及びPBR1.0倍以上に向けた対応 2024年度及び2025年度実績と2026年度計画について.pdf"", ""ネツレングループ資本政策・財務戦略及びPBR1.0倍以上に向けた対応 2024年度及び2025年度実績と2026年度計画について"")",,,,,,,,,,,3,,,,,,,,,,,,,https://www.release.tdnet.info/inbs/140120260512527082.pdf
20260513,5976,ネツレン,その他,"=HYPERLINK(""https://www.release.tdnet.info/inbs/140120260511523561.pdf"", ""通期個別業績と前期実績との差異に関するお知らせ"")","=HYPERLINK(""pdf_tmp/20260513/5976_1530_ネツレン_通期個別業績と前期実績との差異に関するお知らせ.pdf"", ""通期個別業績と前期実績との差異に関するお知らせ"")",,,,,,,,,,,1,,,,,,,,,,,,,https://www.release.tdnet.info/inbs/140120260511523561.pdf
20260513,6059,ウチヤマHD,説明資料,"=HYPERLINK(""https://www.release.tdnet.info/inbs/140120260512526557.pdf"", ""2026年3月決算説明資料"")","=HYPERLINK(""pdf_tmp/20260513/6059_1200_ウチヤマHD_2026年3月決算説明資料.pdf"", ""2026年3月決算説明資料"")",,,,,,,,,,,5,,,,,,,,,,,,,https://www.release.tdnet.info/inbs/140120260512526557.pdf
20260513,6087,アビスト,その他,"=HYPERLINK(""https://www.release.tdnet.info/inbs/140120260512527013.pdf"", ""2026年9月期第2四半期累計期間業績予想と実績の差異に関するお知らせ"")","=HYPERLINK(""pdf_tmp/20260513/6087_1600_アビスト_2026年9月期第2四半期累計期間業績予想と実績の差異に関するお知らせ.pdf"", ""2026年9月期第2四半期累計期間業績予想と実績の差異に関するお知らせ"")",,,,,,,,,,,,1,,,,,,,,,,,,https://www.release.tdnet.info/inbs/140120260512527013.pdf
20260513,6090,HMT,決算短信,"=HYPERLINK(""https://www.release.tdnet.info/inbs/140120260512526242.pdf"", ""2026年6月期 第3四半期決算短信〔日本基準〕(連結)"")","=HYPERLINK(""pdf_tmp/20260513/6090_1530_HMT_2026年6月期 第3四半期決算短信〔日本基準〕(連結).pdf"", ""2026年6月期 第3四半期決算短信〔日本基準〕(連結)"")",,,,,,,,,,,4,,,,,,,,,,,,,https://www.release.tdnet.info/inbs/140120260512526242.pdf
20260513,6090,HMT,予想の修正,"=HYPERLINK(""https://www.release.tdnet.info/inbs/140120260512526265.pdf"", ""通期業績予想の修正に関するお知らせ"")","=HYPERLINK(""pdf_tmp/20260513/6090_1530_HMT_通期業績予想の修正に関するお知らせ.pdf"", ""通期業績予想の修正に関するお知らせ"")",,,,,,,,,,,,1,,,,,,,,,,,,https://www.release.tdnet.info/inbs/140120260512526265.pdf
20260513,6101,ツガミ,説明資料,"=HYPERLINK(""https://www.release.tdnet.info/inbs/140120260512527244.pdf"", ""2026年3月期 決算説明資料"")","=HYPERLINK(""pdf_tmp/20260513/6101_1300_ツガミ_2026年3月期 決算説明資料.pdf"", ""2026年3月期 決算説明資料"")",,4 6,,,,,,,,,,,,,,,,,,,,,,https://www.release.tdnet.info/inbs/140120260512527244.pdf
20260513,6135,牧野フライス,事業計画,"=HYPERLINK(""https://www.release.tdnet.info/inbs/140120260513527679.pdf"", ""事業計画策定に関するお知らせ"")","=HYPERLINK(""pdf_tmp/20260513/6135_1600_牧野フライス_事業計画策定に関するお知らせ.pdf"", ""事業計画策定に関するお知らせ"")",,,,,,,,,,,,,,,,,,,,,,2,,https://www.release.tdnet.info/inbs/140120260513527679.pdf
20260513,6165,パンチ,説明資料,"=HYPERLINK(""https://www.release.tdnet.info/inbs/140120260512525936.pdf"", ""2026年3月期 決算補足説明資料"")","=HYPERLINK(""pdf_tmp/20260513/6165_1600_パンチ_2026年3月期 決算補足説明資料.pdf"", ""2026年3月期 決算補足説明資料"")",,,12,,,,,,,,,,,,,,,,,,,,,https://www.release.tdnet.info/inbs/140120260512525936.pdf
20260513,6186,一蔵,決算短信,"=HYPERLINK(""https://www.release.tdnet.info/inbs/140120260512527225.pdf"", ""2026年3月期 決算短信〔日本基準〕(連結)"")","=HYPERLINK(""pdf_tmp/20260513/6186_1530_一蔵_2026年3月期 決算短信〔日本基準〕(連結).pdf"", ""2026年3月期 決算短信〔日本基準〕(連結)"")",,,,,,,,,,,,,,,,,,4,,,,,,https://www.release.tdnet.info/inbs/140120260512527225.pdf
20260513,6186,一蔵,その他,"=HYPERLINK(""https://www.release.tdnet.info/inbs/140120260512527304.pdf"", ""特別損失(減損損失)の計上に関するお知らせ"")","=HYPERLINK(""pdf_tmp/20260513/6186_1530_一蔵_特別損失(減損損失)の計上に関するお知らせ.pdf"", ""特別損失(減損損失)の計上に関するお知らせ"")",,,,,,,,,,,,,,,,,,,1,,,,,https://www.release.tdnet.info/inbs/140120260512527304.pdf
20260513,6193,G-バーチャレクス,決算短信,"=HYPERLINK(""https://www.release.tdnet.info/inbs/140120260513528482.pdf"", ""2026年3月期 決算短信〔日本基準〕(連結)"")","=HYPERLINK(""pdf_tmp/20260513/6193_1600_G-バーチャレクス_2026年3月期 決算短信〔日本基準〕(連結).pdf"", ""2026年3月期 決算短信〔日本基準〕(連結)"")",,,,,,,,,,,,,,,,,,,4,,,,,https://www.release.tdnet.info/inbs/140120260513528482.pdf
20260513,6193,G-バーチャレクス,事業計画,"=HYPERLINK(""https://www.release.tdnet.info/inbs/140120260513528488.pdf"", ""2026年3月期決算説明会資料(事業計画及び成長可能性に関する事項)"")","=HYPERLINK(""pdf_tmp/20260513/6193_1600_G-バーチャレクス_2026年3月期決算説明会資料(事業計画及び成長可能性に関する事項).pdf"", ""2026年3月期決算説明会資料(事業計画及び成長可能性に関する事項)"")",,,,,,,,,,,2 5 9,,,,,,,,,,,,,https://www.release.tdnet.info/inbs/140120260513528488.pdf
20260513,6246,テクノスマート,その他,"=HYPERLINK(""https://www.release.tdnet.info/inbs/140120260512526976.pdf"", ""中期経営計画策定に関するお知らせ"")","=HYPERLINK(""pdf_tmp/20260513/6246_1600_テクノスマート_中期経営計画策定に関するお知らせ.pdf"", ""中期経営計画策定に関するお知らせ"")",,,,,,,,3,,,,,,,,,,,,,,,,https://www.release.tdnet.info/inbs/140120260512526976.pdf
20260513,6246,テクノスマート,その他,"=HYPERLINK(""https://www.release.tdnet.info/inbs/140120260507517737.pdf"", ""債権の取立遅延のおそれ及び貸倒引当金繰入額の計上に関するお知らせ"")","=HYPERLINK(""pdf_tmp/20260513/6246_1600_テクノスマート_債権の取立遅延のおそれ及び貸倒引当金繰入額の計上に関するお知らせ.pdf"", ""債権の取立遅延のおそれ及び貸倒引当金繰入額の計上に関するお知らせ"")",,,,,,,,,,,,,,,,,,,1,,,,,https://www.release.tdnet.info/inbs/140120260507517737.pdf
20260513,6262,PEGASUS,決算短信,"=HYPERLINK(""https://www.release.tdnet.info/inbs/140120260513529370.pdf"", ""2026年3月期 決算短信〔日本基準〕(連結)"")","=HYPERLINK(""pdf_tmp/20260513/6262_1500_PEGASUS_2026年3月期 決算短信〔日本基準〕(連結).pdf"", ""2026年3月期 決算短信〔日本基準〕(連結)"")",,,,,,,,,,,,,,,,,,,4,,,,,https://www.release.tdnet.info/inbs/140120260513529370.pdf
20260513,6262,PEGASUS,その他,"=HYPERLINK(""https://www.release.tdnet.info/inbs/140120260513529407.pdf"", ""Be Brave株式会社による当社株式の大量買付等を踏まえた当社株券等の大規模買付行為等に関する対応方針の導入に関するお知らせ"")","=HYPERLINK(""pdf_tmp/20260513/6262_1500_PEGASUS_Be Brave株式会社による当社株式の大量買付等を踏まえた当社株券等の大規模買付行為等に関する対応方針の導入に関するお知らせ.pdf"", ""Be Brave株式会社による当社株式の大量買付等を踏まえた当社株券等の大規模買付行為等に関する対応方針の導入に関するお知らせ"")",,,,,,,,,,,,,,,,,,,,,,7,,https://www.release.tdnet.info/inbs/140120260513529407.pdf
20260513,6262,PEGASUS,その他,"=HYPERLINK(""https://www.release.tdnet.info/inbs/140120260513529378.pdf"", ""「新中期経営計画の基本方針」の公表について"")","=HYPERLINK(""pdf_tmp/20260513/6262_1500_PEGASUS_「新中期経営計画の基本方針」の公表について.pdf"", ""「新中期経営計画の基本方針」の公表について"")",,,,,,,,,,,,,,,,,,,,,,2,,https://www.release.tdnet.info/inbs/140120260513529378.pdf
20260513,6269,三井海洋,決算短信,"=HYPERLINK(""https://www.release.tdnet.info/inbs/140120260513527689.pdf"", ""2026年12月期第1四半期決算短信〔IFRS〕(連結)"")","=HYPERLINK(""pdf_tmp/20260513/6269_1230_三井海洋_2026年12月期第1四半期決算短信〔IFRS〕(連結).pdf"", ""2026年12月期第1四半期決算短信〔IFRS〕(連結)"")",,5,,,,,,,,,,,,,,,,,,,,,,https://www.release.tdnet.info/inbs/140120260513527689.pdf
20260513,6278,ユニオンツール,予想の修正,"=HYPERLINK(""https://www.release.tdnet.info/inbs/140120260511522789.pdf"", ""業績予想の修正に関するお知らせ"")","=HYPERLINK(""pdf_tmp/20260513/6278_1530_ユニオンツール_業績予想の修正に関するお知らせ.pdf"", ""業績予想の修正に関するお知らせ"")",,,,,,,2,,,,,,,,,,,,,,,,,https://www.release.tdnet.info/inbs/140120260511522789.pdf
20260513,6284,ASB機械,予想の修正,"=HYPERLINK(""https://www.release.tdnet.info/inbs/140120260512526783.pdf"", ""業績予想及び配当予想の修正(増配)に関するお知らせ"")","=HYPERLINK(""pdf_tmp/20260513/6284_1600_ASB機械_業績予想及び配当予想の修正(増配)に関するお知らせ.pdf"", ""業績予想及び配当予想の修正(増配)に関するお知らせ"")",,,,,,,1 2,,,,,,,,,,,,,,,,,https://www.release.tdnet.info/inbs/140120260512526783.pdf
20260513,6298,ワイエイシイHD,その他,"=HYPERLINK(""https://www.release.tdnet.info/inbs/140120260511523577.pdf"", ""2026年3月期 決算補足資料"")","=HYPERLINK(""pdf_tmp/20260513/6298_1530_ワイエイシイHD_2026年3月期 決算補足資料.pdf"", ""2026年3月期 決算補足資料"")",,,,,,,,,,,3 4,,,,,,,,,,,,,https://www.release.tdnet.info/inbs/140120260511523577.pdf
20260513,6298,ワイエイシイHD,その他,"=HYPERLINK(""https://www.release.tdnet.info/inbs/140120260511523489.pdf"", ""2026年3月期業績予想と実績との差異に関するお知らせ"")","=HYPERLINK(""pdf_tmp/20260513/6298_1530_ワイエイシイHD_2026年3月期業績予想と実績との差異に関するお知らせ.pdf"", ""2026年3月期業績予想と実績との差異に関するお知らせ"")",,,,,,,,,,1,,,,,,,,,,,,,,https://www.release.tdnet.info/inbs/140120260511523489.pdf
20260513,6298,ワイエイシイHD,その他,"=HYPERLINK(""https://www.release.tdnet.info/inbs/140120260511523538.pdf"", ""前期個別実績との差異に関するお知らせ"")","=HYPERLINK(""pdf_tmp/20260513/6298_1530_ワイエイシイHD_前期個別実績との差異に関するお知らせ.pdf"", ""前期個別実績との差異に関するお知らせ"")",,,,,,,,,,,1,,,,,,,,,,,,,https://www.release.tdnet.info/inbs/140120260511523538.pdf
20260513,6334,明治機,決算短信,"=HYPERLINK(""https://www.release.tdnet.info/inbs/140120260512527254.pdf"", ""2026年3月期 決算短信〔日本基準〕(連結)"")","=HYPERLINK(""pdf_tmp/20260513/6334_1600_明治機_2026年3月期 決算短信〔日本基準〕(連結).pdf"", ""2026年3月期 決算短信〔日本基準〕(連結)"")",,,,,,,,,,,4,,,,,,,,,,,,,https://www.release.tdnet.info/inbs/140120260512527254.pdf
20260513,6334,明治機,その他,"=HYPERLINK(""https://www.release.tdnet.info/inbs/140120260512527286.pdf"", ""通期連結業績予想値と実績値の差異及び個別業績の前期実績値との差異に関するお知らせ"")","=HYPERLINK(""pdf_tmp/20260513/6334_1600_明治機_通期連結業績予想値と実績値の差異及び個別業績の前期実績値との差異に関するお知らせ.pdf"", ""通期連結業績予想値と実績値の差異及び個別業績の前期実績値との差異に関するお知らせ"")",,,,,,,,,,,1,,,,,,,,,,,,,https://www.release.tdnet.info/inbs/140120260512527286.pdf
20260513,6339,新東工,決算短信,"=HYPERLINK(""https://www.release.tdnet.info/inbs/140120260423509650.pdf"", ""2026年3月期決算短信〔日本基準〕(連結)"")","=HYPERLINK(""pdf_tmp/20260513/6339_1540_新東工_2026年3月期決算短信〔日本基準〕(連結).pdf"", ""2026年3月期決算短信〔日本基準〕(連結)"")",,,,,,,,,,,,,,,,,,,4,,,,,https://www.release.tdnet.info/inbs/140120260423509650.pdf
20260513,6358,酒井重,決算短信,"=HYPERLINK(""https://www.release.tdnet.info/inbs/140120260512527504.pdf"", ""2026年3月期 決算短信〔日本基準〕(連結)"")","=HYPERLINK(""pdf_tmp/20260513/6358_1430_酒井重_2026年3月期 決算短信〔日本基準〕(連結).pdf"", ""2026年3月期 決算短信〔日本基準〕(連結)"")",,,5,,,,,,,,,,,,,,,,,,,,,https://www.release.tdnet.info/inbs/140120260512527504.pdf
20260513,6371,椿本チエイン,決算短信,"=HYPERLINK(""https://www.release.tdnet.info/inbs/140120260512526502.pdf"", ""2026年3月期決算短信〔日本基準〕(連結)"")","=HYPERLINK(""pdf_tmp/20260513/6371_1600_椿本チエイン_2026年3月期決算短信〔日本基準〕(連結).pdf"", ""2026年3月期決算短信〔日本基準〕(連結)"")",,,,,,,,,,,,,,,,5,,,,,,,,https://www.release.tdnet.info/inbs/140120260512526502.pdf
20260513,6384,昭和真空,説明資料,"=HYPERLINK(""https://www.release.tdnet.info/inbs/140120260512527271.pdf"", ""2026年3月期決算補足説明資料"")","=HYPERLINK(""pdf_tmp/20260513/6384_1600_昭和真空_2026年3月期決算補足説明資料.pdf"", ""2026年3月期決算補足説明資料"")",,10,,,,,,,,,,,,,,,,,,,,,,https://www.release.tdnet.info/inbs/140120260512527271.pdf
20260513,6384,昭和真空,その他,"=HYPERLINK(""https://www.release.tdnet.info/inbs/140120260512527333.pdf"", ""2026年3月期累計期間連結業績予想数値と実績値の差異に関するお知らせ"")","=HYPERLINK(""pdf_tmp/20260513/6384_1600_昭和真空_2026年3月期累計期間連結業績予想数値と実績値の差異に関するお知らせ.pdf"", ""2026年3月期累計期間連結業績予想数値と実績値の差異に関するお知らせ"")",,,,,,1,,,,,,,,,,,,,,,,,,https://www.release.tdnet.info/inbs/140120260512527333.pdf
20260513,6412,平和,決算短信,"=HYPERLINK(""https://www.release.tdnet.info/inbs/140120260513528544.pdf"", ""2026年3月期 決算短信〔日本基準〕(連結)"")","=HYPERLINK(""pdf_tmp/20260513/6412_1530_平和_2026年3月期 決算短信〔日本基準〕(連結).pdf"", ""2026年3月期 決算短信〔日本基準〕(連結)"")",,,,,,,,,,,,,,,,,,,7 8 9,,,,,https://www.release.tdnet.info/inbs/140120260513528544.pdf
20260513,6418,日金銭,決算短信,"=HYPERLINK(""https://www.release.tdnet.info/inbs/140120260512527429.pdf"", ""2026年3月期 決算短信〔日本基準〕(連結)"")","=HYPERLINK(""pdf_tmp/20260513/6418_1530_日金銭_2026年3月期 決算短信〔日本基準〕(連結).pdf"", ""2026年3月期 決算短信〔日本基準〕(連結)"")",,,,,,4,,,,,,,,,,,,,,,,,,https://www.release.tdnet.info/inbs/140120260512527429.pdf
20260513,6464,ツバキ・ナカシマ,決算短信,"=HYPERLINK(""https://www.release.tdnet.info/inbs/140120260513529868.pdf"", ""2026年12月期 第1四半期決算短信〔IFRS〕(連結)"")","=HYPERLINK(""pdf_tmp/20260513/6464_1700_ツバキ・ナカシマ_2026年12月期 第1四半期決算短信〔IFRS〕(連結).pdf"", ""2026年12月期 第1四半期決算短信〔IFRS〕(連結)"")",,,,,,,,,,,,,,,,,,,4,,,,,https://www.release.tdnet.info/inbs/140120260513529868.pdf
20260513,6485,前沢給装,決算短信,"=HYPERLINK(""https://www.release.tdnet.info/inbs/140120260513528984.pdf"", ""2026年3月期 決算短信〔日本基準〕(非連結)"")","=HYPERLINK(""pdf_tmp/20260513/6485_1530_前沢給装_2026年3月期 決算短信〔日本基準〕(非連結).pdf"", ""2026年3月期 決算短信〔日本基準〕(非連結)"")",,,4,,,,,,,,,,,,,,,,,,,,,https://www.release.tdnet.info/inbs/140120260513528984.pdf
20260513,6486,イーグル工,決算短信,"=HYPERLINK(""https://www.release.tdnet.info/inbs/140120260513528524.pdf"", ""2026年3月期 決算短信〔日本基準〕(連結)"")","=HYPERLINK(""pdf_tmp/20260513/6486_1530_イーグル工_2026年3月期 決算短信〔日本基準〕(連結).pdf"", ""2026年3月期 決算短信〔日本基準〕(連結)"")",,4,,,,,,,,,,,,,,,,,,,,,,https://www.release.tdnet.info/inbs/140120260513528524.pdf
20260513,6498,キッツ,決算短信,"=HYPERLINK(""https://www.release.tdnet.info/inbs/140120260511523662.pdf"", ""2026年12月期 第1四半期決算短信〔日本基準〕(連結)"")","=HYPERLINK(""pdf_tmp/20260513/6498_1530_キッツ_2026年12月期 第1四半期決算短信〔日本基準〕(連結).pdf"", ""2026年12月期 第1四半期決算短信〔日本基準〕(連結)"")",,,4,,,,,,,,,,,,,,,,,,,,,https://www.release.tdnet.info/inbs/140120260511523662.pdf
20260513,6524,湖北工業,決算短信,"=HYPERLINK(""https://www.release.tdnet.info/inbs/140120260513529621.pdf"", ""2026年12月期第1四半期決算短信〔日本基準〕(連結)"")","=HYPERLINK(""pdf_tmp/20260513/6524_1530_湖北工業_2026年12月期第1四半期決算短信〔日本基準〕(連結).pdf"", ""2026年12月期第1四半期決算短信〔日本基準〕(連結)"")",,,,,,,,,,,5,,,,,,,,,,,,,https://www.release.tdnet.info/inbs/140120260513529621.pdf
20260513,6540,船場,決算短信,"=HYPERLINK(""https://www.release.tdnet.info/inbs/140120260512526583.pdf"", ""2026年12月期 第1四半期決算短信 〔日本基準〕 (連結)"")","=HYPERLINK(""pdf_tmp/20260513/6540_1530_船場_2026年12月期 第1四半期決算短信 〔日本基準〕 (連結).pdf"", ""2026年12月期 第1四半期決算短信 〔日本基準〕 (連結)"")",,,,,,,,,,,,,,,,,,,4,,,,,https://www.release.tdnet.info/inbs/140120260512526583.pdf
20260513,6547,グリーンズ,その他,"=HYPERLINK(""https://www.release.tdnet.info/inbs/140120260511522670.pdf"", ""A種優先株式の取得及び消却に関するお知らせ"")","=HYPERLINK(""pdf_tmp/20260513/6547_1400_グリーンズ_A種優先株式の取得及び消却に関するお知らせ.pdf"", ""A種優先株式の取得及び消却に関するお知らせ"")",,,,,,,,,,,,,,,,1,,,,,,,,https://www.release.tdnet.info/inbs/140120260511522670.pdf
20260513,6548,G-旅工房,説明資料,"=HYPERLINK(""https://www.release.tdnet.info/inbs/140120260513530158.pdf"", ""2026年6月期 第3四半期 決算説明資料"")","=HYPERLINK(""pdf_tmp/20260513/6548_1530_G-旅工房_2026年6月期 第3四半期 決算説明資料.pdf"", ""2026年6月期 第3四半期 決算説明資料"")",,,,,,,,,,,,,,,,,,,4,,,,,https://www.release.tdnet.info/inbs/140120260513530158.pdf
20260513,6548,G-旅工房,決算短信,"=HYPERLINK(""https://www.release.tdnet.info/inbs/140120260513530023.pdf"", ""2026年6月期 第3四半期決算短信〔日本基準〕(連結)"")","=HYPERLINK(""pdf_tmp/20260513/6548_1530_G-旅工房_2026年6月期 第3四半期決算短信〔日本基準〕(連結).pdf"", ""2026年6月期 第3四半期決算短信〔日本基準〕(連結)"")",,,,,,,,,,,5,,,,,,,,,,,,,https://www.release.tdnet.info/inbs/140120260513530023.pdf
20260513,6549,ディーエムソリュ,決算短信,"=HYPERLINK(""https://www.release.tdnet.info/inbs/140120260513528378.pdf"", ""2026年3月期 決算短信〔日本基準〕(連結)"")","=HYPERLINK(""pdf_tmp/20260513/6549_1600_ディーエムソリュ_2026年3月期 決算短信〔日本基準〕(連結).pdf"", ""2026年3月期 決算短信〔日本基準〕(連結)"")",,,,,,,,,,,,,,,,,4,,,,,,,https://www.release.tdnet.info/inbs/140120260513528378.pdf
20260513,6551,ツナグGHD,決算短信,"=HYPERLINK(""https://www.release.tdnet.info/inbs/140120260512527098.pdf"", ""2026年9月期 第2四半期(中間期)決算短信〔日本基準〕(連結)"")","=HYPERLINK(""pdf_tmp/20260513/6551_1530_ツナグGHD_2026年9月期 第2四半期(中間期)決算短信〔日本基準〕(連結).pdf"", ""2026年9月期 第2四半期(中間期)決算短信〔日本基準〕(連結)"")",,,,,,,,,,,,,,,,4,,,,,,,,https://www.release.tdnet.info/inbs/140120260512527098.pdf
20260513,6570,共和コーポレーション,決算短信,"=HYPERLINK(""https://www.release.tdnet.info/inbs/140120260513529189.pdf"", ""2026年3月期決算短信〔日本基準〕(連結)"")","=HYPERLINK(""pdf_tmp/20260513/6570_1300_共和コーポレーション_2026年3月期決算短信〔日本基準〕(連結).pdf"", ""2026年3月期決算短信〔日本基準〕(連結)"")",,,,,,,,,,,,,,,,,4,,,,,,,https://www.release.tdnet.info/inbs/140120260513529189.pdf
20260513,6590,芝浦,決算短信,"=HYPERLINK(""https://www.release.tdnet.info/inbs/140120260513527925.pdf"", ""2026年3月期 決算短信[日本基準](連結)"")","=HYPERLINK(""pdf_tmp/20260513/6590_1500_芝浦_2026年3月期 決算短信[日本基準](連結).pdf"", ""2026年3月期 決算短信[日本基準](連結)"")",,,,,,,,,,,4,,,,,,,,,,,,,https://www.release.tdnet.info/inbs/140120260513527925.pdf
20260513,6594,ニデック,その他,"=HYPERLINK(""https://www.release.tdnet.info/inbs/140120260513529077.pdf"", ""新生ニデックに向けての取締役候補者の決定について"")","=HYPERLINK(""pdf_tmp/20260513/6594_1215_ニデック_新生ニデックに向けての取締役候補者の決定について.pdf"", ""新生ニデックに向けての取締役候補者の決定について"")",,,,,,,,,,,3,,,,,,,,,,,,,https://www.release.tdnet.info/inbs/140120260513529077.pdf
20260513,6645,オムロン,決算短信,"=HYPERLINK(""https://www.release.tdnet.info/inbs/140120260513529706.pdf"", ""2026年3月期 決算短信〔米国基準〕(連結)"")","=HYPERLINK(""pdf_tmp/20260513/6645_1535_オムロン_2026年3月期 決算短信〔米国基準〕(連結).pdf"", ""2026年3月期 決算短信〔米国基準〕(連結)"")",,,,,,,,,,,,,,,,,,,11,,,,,https://www.release.tdnet.info/inbs/140120260513529706.pdf
20260513,6645,オムロン,その他,"=HYPERLINK(""https://www.release.tdnet.info/inbs/140120260513529813.pdf"", ""従業員持株会向け業績連動型インセンティブ・プラン制度(事後交付型)の導入に関するお知らせ"")","=HYPERLINK(""pdf_tmp/20260513/6645_1535_オムロン_従業員持株会向け業績連動型インセンティブ・プラン制度(事後交付型)の導入に関するお知らせ.pdf"", ""従業員持株会向け業績連動型インセンティブ・プラン制度(事後交付型)の導入に関するお知らせ"")",,,,,,,,,,3,,,,,,,,,,,,,,https://www.release.tdnet.info/inbs/140120260513529813.pdf
20260513,6648,かわでん,資本コストや株価,"=HYPERLINK(""https://www.release.tdnet.info/inbs/140120260513528760.pdf"", ""資本コストや株価を意識した経営の実現に向けた対応について(アップデート)"")","=HYPERLINK(""pdf_tmp/20260513/6648_1530_かわでん_資本コストや株価を意識した経営の実現に向けた対応について(アップデート).pdf"", ""資本コストや株価を意識した経営の実現に向けた対応について(アップデート)"")",,,,,,,,,,,8,,,,,,,,,,,,,https://www.release.tdnet.info/inbs/140120260513528760.pdf
20260513,6694,ズーム,説明資料,"=HYPERLINK(""https://www.release.tdnet.info/inbs/140120260513528623.pdf"", ""2026年12月期 第1四半期決算補足説明資料"")","=HYPERLINK(""pdf_tmp/20260513/6694_1530_ズーム_2026年12月期 第1四半期決算補足説明資料.pdf"", ""2026年12月期 第1四半期決算補足説明資料"")",,,,,,,,,,,2 4,,,,,,,,,,,,,https://www.release.tdnet.info/inbs/140120260513528623.pdf
20260513,6694,ズーム,決算短信,"=HYPERLINK(""https://www.release.tdnet.info/inbs/140120260513528294.pdf"", ""2026年12月期第1四半期決算短信〔日本基準〕(連結)"")","=HYPERLINK(""pdf_tmp/20260513/6694_1530_ズーム_2026年12月期第1四半期決算短信〔日本基準〕(連結).pdf"", ""2026年12月期第1四半期決算短信〔日本基準〕(連結)"")",,,,,,,,,,,4,,,,,,,,,,,,,https://www.release.tdnet.info/inbs/140120260513528294.pdf
20260513,6707,サンケン電,決算短信,"=HYPERLINK(""https://www.release.tdnet.info/inbs/140120260513527660.pdf"", ""2026年3月期 決算短信〔日本基準〕(連結)"")","=HYPERLINK(""pdf_tmp/20260513/6707_1530_サンケン電_2026年3月期 決算短信〔日本基準〕(連結).pdf"", ""2026年3月期 決算短信〔日本基準〕(連結)"")",,,,,,,,,,,,,,,,,,,,,,6,,https://www.release.tdnet.info/inbs/140120260513527660.pdf
20260513,6727,ワコム,その他,"=HYPERLINK(""https://www.release.tdnet.info/inbs/140120260512525895.pdf"", ""株主提案に対する当社取締役会の意見に関するお知らせ"")","=HYPERLINK(""pdf_tmp/20260513/6727_1530_ワコム_株主提案に対する当社取締役会の意見に関するお知らせ.pdf"", ""株主提案に対する当社取締役会の意見に関するお知らせ"")",,,,,,,,,,,10 12 13,,,,,,,,,,,,,https://www.release.tdnet.info/inbs/140120260512525895.pdf
20260513,6785,鈴木,決算短信,"=HYPERLINK(""https://www.release.tdnet.info/inbs/140120260512524365.pdf"", ""2026年6月期 第3四半期決算短信〔日本基準〕(連結)"")","=HYPERLINK(""pdf_tmp/20260513/6785_1530_鈴木_2026年6月期 第3四半期決算短信〔日本基準〕(連結).pdf"", ""2026年6月期 第3四半期決算短信〔日本基準〕(連結)"")",,,,,,,,,,,,,,,,,4,,,,,,,https://www.release.tdnet.info/inbs/140120260512524365.pdf
20260513,6787,メイコー,決算短信,"=HYPERLINK(""https://www.release.tdnet.info/inbs/140120260512526899.pdf"", ""2026年3月期決算短信〔日本基準〕(連結)"")","=HYPERLINK(""pdf_tmp/20260513/6787_1530_メイコー_2026年3月期決算短信〔日本基準〕(連結).pdf"", ""2026年3月期決算短信〔日本基準〕(連結)"")",,,,,,,,,,,5,,,,,,,,,,,,,https://www.release.tdnet.info/inbs/140120260512526899.pdf
20260513,6800,ヨコオ,決算短信,"=HYPERLINK(""https://www.release.tdnet.info/inbs/140120260512527212.pdf"", ""2026年3月期 決算短信[日本基準](連結)"")","=HYPERLINK(""pdf_tmp/20260513/6800_1200_ヨコオ_2026年3月期 決算短信[日本基準](連結).pdf"", ""2026年3月期 決算短信[日本基準](連結)"")",,,,,,,,,,,4 6,,,,,,,,,,,,,https://www.release.tdnet.info/inbs/140120260512527212.pdf
20260513,6800,ヨコオ,その他,"=HYPERLINK(""https://www.release.tdnet.info/inbs/140120260512527257.pdf"", ""剰余金の配当(期末配当)に関するお知らせ"")","=HYPERLINK(""pdf_tmp/20260513/6800_1200_ヨコオ_剰余金の配当(期末配当)に関するお知らせ.pdf"", ""剰余金の配当(期末配当)に関するお知らせ"")",,,,,,,,,,,1,,,,,,,,,,,,,https://www.release.tdnet.info/inbs/140120260512527257.pdf
20260513,6803,ティアック,その他,"=HYPERLINK(""https://www.release.tdnet.info/inbs/140120260513527751.pdf"", ""中期経営計画策定に関するお知らせ"")","=HYPERLINK(""pdf_tmp/20260513/6803_1200_ティアック_中期経営計画策定に関するお知らせ.pdf"", ""中期経営計画策定に関するお知らせ"")",,,,,,,,,,,,,,,,,,,,,1,,,https://www.release.tdnet.info/inbs/140120260513527751.pdf
20260513,6803,ティアック,その他,"=HYPERLINK(""https://www.release.tdnet.info/inbs/140120260513527735.pdf"", ""業績連動型株式報酬(ファントムストック)導入に関するお知らせ"")","=HYPERLINK(""pdf_tmp/20260513/6803_1200_ティアック_業績連動型株式報酬(ファントムストック)導入に関するお知らせ.pdf"", ""業績連動型株式報酬(ファントムストック)導入に関するお知らせ"")",,,,,,,,,,1,,,,,,,,,,,,,,https://www.release.tdnet.info/inbs/140120260513527735.pdf
20260513,6871,日マイクロニクス,その他,"=HYPERLINK(""https://www.release.tdnet.info/inbs/140120260513528710.pdf"", ""2026年12月期第1四半期決算補足資料(2026年1-3月)"")","=HYPERLINK(""pdf_tmp/20260513/6871_1530_日マイクロニクス_2026年12月期第1四半期決算補足資料(2026年1-3月).pdf"", ""2026年12月期第1四半期決算補足資料(2026年1-3月)"")",,,,,,,,,,,,,,,,,18,,,,,,,https://www.release.tdnet.info/inbs/140120260513528710.pdf
20260513,6894,パルステック,決算短信,"=HYPERLINK(""https://www.release.tdnet.info/inbs/140120260513529012.pdf"", ""2026年3月期 決算短信〔日本基準〕(連結)"")","=HYPERLINK(""pdf_tmp/20260513/6894_1530_パルステック_2026年3月期 決算短信〔日本基準〕(連結).pdf"", ""2026年3月期 決算短信〔日本基準〕(連結)"")",,,,,,,,,,,,,,,,,,,5,,,,,https://www.release.tdnet.info/inbs/140120260513529012.pdf
20260513,6941,山一電機,その他,"=HYPERLINK(""https://www.release.tdnet.info/inbs/140120260513529130.pdf"", ""山一電機グループ「第5次中期経営計画」について"")","=HYPERLINK(""pdf_tmp/20260513/6941_1530_山一電機_山一電機グループ「第5次中期経営計画」について.pdf"", ""山一電機グループ「第5次中期経営計画」について"")",,,,,,,,,,1 9,,,,,,,,,,,,,,https://www.release.tdnet.info/inbs/140120260513529130.pdf
20260513,7031,G-インバウンド,その他,"=HYPERLINK(""https://www.release.tdnet.info/inbs/140120260513529052.pdf"", ""簡易株式交付による株式会社FWの子会社化及び子会社の異動に関するお知らせ"")","=HYPERLINK(""pdf_tmp/20260513/7031_1730_G-インバウンド_簡易株式交付による株式会社FWの子会社化及び子会社の異動に関するお知らせ.pdf"", ""簡易株式交付による株式会社FWの子会社化及び子会社の異動に関するお知らせ"")",,,,,,,,,,,6,,,,,,,,,,,,,https://www.release.tdnet.info/inbs/140120260513529052.pdf
20260513,7036,G-イーエムネットJ,説明資料,"=HYPERLINK(""https://www.release.tdnet.info/inbs/140120260511523234.pdf"", ""2026年12月期 第1四半期決算説明資料"")","=HYPERLINK(""pdf_tmp/20260513/7036_1530_G-イーエムネットJ_2026年12月期 第1四半期決算説明資料.pdf"", ""2026年12月期 第1四半期決算説明資料"")",,,,,,,,,,,15,,,,,,,,,,,,,https://www.release.tdnet.info/inbs/140120260511523234.pdf
20260513,7081,レンティア,決算短信,"=HYPERLINK(""https://www.release.tdnet.info/inbs/140120260513527832.pdf"", ""2026年12月期 第1四半期決算短信〔日本基準〕(連結)"")","=HYPERLINK(""pdf_tmp/20260513/7081_1600_レンティア_2026年12月期 第1四半期決算短信〔日本基準〕(連結).pdf"", ""2026年12月期 第1四半期決算短信〔日本基準〕(連結)"")",,,,,,,,,,,4,,,,,,,,,,,,,https://www.release.tdnet.info/inbs/140120260513527832.pdf
20260513,7096,G-ステムセル研究所,その他,"=HYPERLINK(""https://www.release.tdnet.info/inbs/140120260513529294.pdf"", ""通期業績予想と実績値との差異に関するお知らせ"")","=HYPERLINK(""pdf_tmp/20260513/7096_1530_G-ステムセル研究所_通期業績予想と実績値との差異に関するお知らせ.pdf"", ""通期業績予想と実績値との差異に関するお知らせ"")",,,,,,,,,,2,,,,,,,,,,,,,,https://www.release.tdnet.info/inbs/140120260513529294.pdf
20260513,7150,島根銀行,予想の修正,"=HYPERLINK(""https://www.release.tdnet.info/inbs/140120260511521543.pdf"", ""2026年3月期 業績予想の修正に関するお知らせ"")","=HYPERLINK(""pdf_tmp/20260513/7150_1530_島根銀行_2026年3月期 業績予想の修正に関するお知らせ.pdf"", ""2026年3月期 業績予想の修正に関するお知らせ"")",,,,,,,1,,,,,,,,,,,,,,,,,https://www.release.tdnet.info/inbs/140120260511521543.pdf
20260513,7164,全国保証,決算短信,"=HYPERLINK(""https://www.release.tdnet.info/inbs/140120260513530865.pdf"", ""(訂正)適時開示資料「2026年3月期 決算短信補足資料」の一部訂正について"")","=HYPERLINK(""pdf_tmp/20260513/7164_1800_全国保証_(訂正)適時開示資料「2026年3月期 決算短信補足資料」の一部訂正について.pdf"", ""(訂正)適時開示資料「2026年3月期 決算短信補足資料」の一部訂正について"")",,,,,,,,,,,,,,,,,,,14,,,,,https://www.release.tdnet.info/inbs/140120260513530865.pdf
20260513,7167,めぶきFG,決算短信,"=HYPERLINK(""https://www.release.tdnet.info/inbs/140120260512527050.pdf"", ""2026年3月期決算短信〔日本基準〕(連結)"")","=HYPERLINK(""pdf_tmp/20260513/7167_1200_めぶきFG_2026年3月期決算短信〔日本基準〕(連結).pdf"", ""2026年3月期決算短信〔日本基準〕(連結)"")",,,,,,,,,,,,,,,,,,,4,,,,,https://www.release.tdnet.info/inbs/140120260512527050.pdf
20260513,7201,日産自,その他,"=HYPERLINK(""https://www.release.tdnet.info/inbs/140120260512526673.pdf"", ""減損損失の計上に関するお知らせ"")","=HYPERLINK(""pdf_tmp/20260513/7201_1655_日産自_減損損失の計上に関するお知らせ.pdf"", ""減損損失の計上に関するお知らせ"")",,,,,,,,,,,,,,,,,,,1,,,,,https://www.release.tdnet.info/inbs/140120260512526673.pdf
20260513,7202,いすゞ自,決算短信,"=HYPERLINK(""https://www.release.tdnet.info/inbs/140120260513527748.pdf"", ""2026年3月期 決算短信〔IFRS〕(連結)"")","=HYPERLINK(""pdf_tmp/20260513/7202_1400_いすゞ自_2026年3月期 決算短信〔IFRS〕(連結).pdf"", ""2026年3月期 決算短信〔IFRS〕(連結)"")",,,,,,,,,,,,,,,,,,,4,,,,,https://www.release.tdnet.info/inbs/140120260513527748.pdf
20260513,7238,曙ブレーキ,その他,"=HYPERLINK(""https://www.release.tdnet.info/inbs/140120260513528919.pdf"", ""2026年3月期 決算説明会資料"")","=HYPERLINK(""pdf_tmp/20260513/7238_1500_曙ブレーキ_2026年3月期 決算説明会資料.pdf"", ""2026年3月期 決算説明会資料"")",,,,,,,,,,,9,,,,,,,,,,,,,https://www.release.tdnet.info/inbs/140120260513528919.pdf
20260513,7276,小糸製,決算短信,"=HYPERLINK(""https://www.release.tdnet.info/inbs/140120260422508062.pdf"", ""2026年3月期 決算短信〔日本基準〕(連結)"")","=HYPERLINK(""pdf_tmp/20260513/7276_1300_小糸製_2026年3月期 決算短信〔日本基準〕(連結).pdf"", ""2026年3月期 決算短信〔日本基準〕(連結)"")",,,,,,,,,,,5,,,,,,,,,,,,,https://www.release.tdnet.info/inbs/140120260422508062.pdf
20260513,7299,フジオーゼ,その他,"=HYPERLINK(""https://www.release.tdnet.info/inbs/140120260513527913.pdf"", ""通期個別業績の前期決算値との差異に関するお知らせ"")","=HYPERLINK(""pdf_tmp/20260513/7299_1600_フジオーゼ_通期個別業績の前期決算値との差異に関するお知らせ.pdf"", ""通期個別業績の前期決算値との差異に関するお知らせ"")",,,,,,,,,,,1,,,,,,,,,,,,,https://www.release.tdnet.info/inbs/140120260513527913.pdf
20260513,7337,ひろぎんHD,その他,"=HYPERLINK(""https://www.release.tdnet.info/inbs/140120260513528652.pdf"", ""「中期計画 2024」における経営指標の上方修正に関するお知らせ"")","=HYPERLINK(""pdf_tmp/20260513/7337_1430_ひろぎんHD_「中期計画 2024」における経営指標の上方修正に関するお知らせ.pdf"", ""「中期計画 2024」における経営指標の上方修正に関するお知らせ"")",,,,,,,1,,,,,,,,,,,,,,,,,https://www.release.tdnet.info/inbs/140120260513528652.pdf
20260513,7413,創健社,予想の修正,"=HYPERLINK(""https://www.release.tdnet.info/inbs/140120260509521104.pdf"", ""通期業績予想の修正に関するお知らせ"")","=HYPERLINK(""pdf_tmp/20260513/7413_1530_創健社_通期業績予想の修正に関するお知らせ.pdf"", ""通期業績予想の修正に関するお知らせ"")",,,,,,,,,,,,,2,,,,,,,,,,,https://www.release.tdnet.info/inbs/140120260509521104.pdf
20260513,7476,アズワン,月次,"=HYPERLINK(""https://www.release.tdnet.info/inbs/140120260508520113.pdf"", ""2026年4月度単体月次業績(速報)のお知らせ"")","=HYPERLINK(""pdf_tmp/20260513/7476_1600_アズワン_2026年4月度単体月次業績(速報)のお知らせ.pdf"", ""2026年4月度単体月次業績(速報)のお知らせ"")",,,,,,,,,,,1,,,,,,,,,,,,,https://www.release.tdnet.info/inbs/140120260508520113.pdf
20260513,7482,シモジマ,決算短信,"=HYPERLINK(""https://www.release.tdnet.info/inbs/140120260513528309.pdf"", ""2026年3月期 決算短信〔日本基準〕(連結)"")","=HYPERLINK(""pdf_tmp/20260513/7482_1530_シモジマ_2026年3月期 決算短信〔日本基準〕(連結).pdf"", ""2026年3月期 決算短信〔日本基準〕(連結)"")",,,,6,,,,,,,,,,,,,,,,,,,,https://www.release.tdnet.info/inbs/140120260513528309.pdf
20260513,7482,シモジマ,その他,"=HYPERLINK(""https://www.release.tdnet.info/inbs/140120260513528453.pdf"", ""2026年3月期剰余金の配当(増配)及び2027年3月期の配当予想に関するお知らせ"")","=HYPERLINK(""pdf_tmp/20260513/7482_1530_シモジマ_2026年3月期剰余金の配当(増配)及び2027年3月期の配当予想に関するお知らせ.pdf"", ""2026年3月期剰余金の配当(増配)及び2027年3月期の配当予想に関するお知らせ"")",,,,,,,,,,,,1,,,,,,,,,,,,https://www.release.tdnet.info/inbs/140120260513528453.pdf
20260513,7508,GセブンHD,決算短信,"=HYPERLINK(""https://www.release.tdnet.info/inbs/140120260512524306.pdf"", ""2026年3月期 決算短信〔日本基準〕(連結)"")","=HYPERLINK(""pdf_tmp/20260513/7508_1530_GセブンHD_2026年3月期 決算短信〔日本基準〕(連結).pdf"", ""2026年3月期 決算短信〔日本基準〕(連結)"")",,,,,4,,,,,,,,,,,,,,,,,,,https://www.release.tdnet.info/inbs/140120260512524306.pdf
20260513,7508,GセブンHD,その他,"=HYPERLINK(""https://www.release.tdnet.info/inbs/140120260512524446.pdf"", ""中期経営計画の策定に関するお知らせ"")","=HYPERLINK(""pdf_tmp/20260513/7508_1530_GセブンHD_中期経営計画の策定に関するお知らせ.pdf"", ""中期経営計画の策定に関するお知らせ"")",,,,,,,,,,,,,,,,,,,,,,16,,https://www.release.tdnet.info/inbs/140120260512524446.pdf
20260513,7522,ワタミ,決算短信,"=HYPERLINK(""https://www.release.tdnet.info/inbs/140120260513528208.pdf"", ""2026年3月期 決算短信〔日本基準〕(連結)"")","=HYPERLINK(""pdf_tmp/20260513/7522_1500_ワタミ_2026年3月期 決算短信〔日本基準〕(連結).pdf"", ""2026年3月期 決算短信〔日本基準〕(連結)"")",,,,,6,,,,,,,,,,,,,,,,,,,https://www.release.tdnet.info/inbs/140120260513528208.pdf
20260513,7551,ウェッズ,決算短信,"=HYPERLINK(""https://www.release.tdnet.info/inbs/140120260512526693.pdf"", ""2026年3月期 決算短信〔日本基準〕(連結)"")","=HYPERLINK(""pdf_tmp/20260513/7551_1630_ウェッズ_2026年3月期 決算短信〔日本基準〕(連結).pdf"", ""2026年3月期 決算短信〔日本基準〕(連結)"")",,,,,4,,,,,,,,,,,,,,,,,,,https://www.release.tdnet.info/inbs/140120260512526693.pdf
20260513,7551,ウェッズ,その他,"=HYPERLINK(""https://www.release.tdnet.info/inbs/140120260507518806.pdf"", ""支配株主等に関する事項について"")","=HYPERLINK(""pdf_tmp/20260513/7551_1630_ウェッズ_支配株主等に関する事項について.pdf"", ""支配株主等に関する事項について"")",2,,,,,,,,,,,,,,,,,,,,,,,https://www.release.tdnet.info/inbs/140120260507518806.pdf
20260513,7554,幸楽苑,決算短信,"=HYPERLINK(""https://www.release.tdnet.info/inbs/140120260512526871.pdf"", ""2026年3月期決算短信〔日本基準〕(非連結)"")","=HYPERLINK(""pdf_tmp/20260513/7554_1530_幸楽苑_2026年3月期決算短信〔日本基準〕(非連結).pdf"", ""2026年3月期決算短信〔日本基準〕(非連結)"")",,,,7,,,,,,,,,,,,,,,,,,,,https://www.release.tdnet.info/inbs/140120260512526871.pdf
20260513,7561,ハークスレイ,説明資料,"=HYPERLINK(""https://www.release.tdnet.info/inbs/140120260512525554.pdf"", ""2026年3月期(FY26)決算補足説明資料"")","=HYPERLINK(""pdf_tmp/20260513/7561_1200_ハークスレイ_2026年3月期(FY26)決算補足説明資料.pdf"", ""2026年3月期(FY26)決算補足説明資料"")",,,,,,,,,,,7,,,,,,,,,,,,,https://www.release.tdnet.info/inbs/140120260512525554.pdf
20260513,7585,かんなん,決算短信,"=HYPERLINK(""https://www.release.tdnet.info/inbs/140120260513529315.pdf"", ""2026年6月期 第3四半期決算短信〔日本基準〕(非連結)"")","=HYPERLINK(""pdf_tmp/20260513/7585_1600_かんなん_2026年6月期 第3四半期決算短信〔日本基準〕(非連結).pdf"", ""2026年6月期 第3四半期決算短信〔日本基準〕(非連結)"")",,,4,,,,,,,,,,,,,,,,,,,,,https://www.release.tdnet.info/inbs/140120260513529315.pdf
20260513,7602,レダックス,決算短信,"=HYPERLINK(""https://www.release.tdnet.info/inbs/140120260513529718.pdf"", ""2026年3月期 決算短信〔日本基準〕(連結)"")","=HYPERLINK(""pdf_tmp/20260513/7602_1930_レダックス_2026年3月期 決算短信〔日本基準〕(連結).pdf"", ""2026年3月期 決算短信〔日本基準〕(連結)"")",,,,,,,,,,,5,,,,,,,,,,,,,https://www.release.tdnet.info/inbs/140120260513529718.pdf
20260513,7613,シークス,決算短信,"=HYPERLINK(""https://www.release.tdnet.info/inbs/140120260513527930.pdf"", ""2026年12月期第1四半期決算短信〔日本基準〕(連結)"")","=HYPERLINK(""pdf_tmp/20260513/7613_1530_シークス_2026年12月期第1四半期決算短信〔日本基準〕(連結).pdf"", ""2026年12月期第1四半期決算短信〔日本基準〕(連結)"")",,,,,,,,,,,,,,,,,,,4,,,,,https://www.release.tdnet.info/inbs/140120260513527930.pdf
20260513,7637,白銅,その他,"=HYPERLINK(""https://www.release.tdnet.info/inbs/140120260513530016.pdf"", ""役員報酬制度の改定に関するお知らせ"")","=HYPERLINK(""pdf_tmp/20260513/7637_1530_白銅_役員報酬制度の改定に関するお知らせ.pdf"", ""役員報酬制度の改定に関するお知らせ"")",,,,,3,,,,,,,,,,,,,,,,,,,https://www.release.tdnet.info/inbs/140120260513530016.pdf
20260513,7698,アイスコ,決算短信,"=HYPERLINK(""https://www.release.tdnet.info/inbs/140120260511522403.pdf"", ""2026年3月期決算短信〔日本基準〕(非連結)"")","=HYPERLINK(""pdf_tmp/20260513/7698_1530_アイスコ_2026年3月期決算短信〔日本基準〕(非連結).pdf"", ""2026年3月期決算短信〔日本基準〕(非連結)"")",,,,,6,,,,,,,,,,,,,,,,,,,https://www.release.tdnet.info/inbs/140120260511522403.pdf
20260513,7729,東精密,その他,"=HYPERLINK(""https://www.release.tdnet.info/inbs/140120260513527996.pdf"", ""2025年度(2026年3月期) 決算説明会"")","=HYPERLINK(""pdf_tmp/20260513/7729_1530_東精密_2025年度(2026年3月期) 決算説明会.pdf"", ""2025年度(2026年3月期) 決算説明会"")",,,17,,,,,,,,,,,,,,,,,,,,,https://www.release.tdnet.info/inbs/140120260513527996.pdf
20260513,7729,東精密,決算短信,"=HYPERLINK(""https://www.release.tdnet.info/inbs/140120260512527100.pdf"", ""2026年3月期 決算短信〔日本基準〕(連結)"")","=HYPERLINK(""pdf_tmp/20260513/7729_1530_東精密_2026年3月期 決算短信〔日本基準〕(連結).pdf"", ""2026年3月期 決算短信〔日本基準〕(連結)"")",,,,,,,,,,,,,,,,,,,4,,,,,https://www.release.tdnet.info/inbs/140120260512527100.pdf
20260513,7734,理計器,決算短信,"=HYPERLINK(""https://www.release.tdnet.info/inbs/140120260513528085.pdf"", ""2026年3月期 決算短信〔日本基準〕(連結)"")","=HYPERLINK(""pdf_tmp/20260513/7734_1130_理計器_2026年3月期 決算短信〔日本基準〕(連結).pdf"", ""2026年3月期 決算短信〔日本基準〕(連結)"")",,,6,,,,,,,,,,,,,,,,,,,,,https://www.release.tdnet.info/inbs/140120260513528085.pdf
20260513,7745,A&DホロンHD,その他,"=HYPERLINK(""https://www.release.tdnet.info/inbs/140120260513528119.pdf"", ""2026年3月期決算説明補足資料"")","=HYPERLINK(""pdf_tmp/20260513/7745_1530_A&DホロンHD_2026年3月期決算説明補足資料.pdf"", ""2026年3月期決算説明補足資料"")",,,,,,,,,,2 6,,,,,,,,,,,,,,https://www.release.tdnet.info/inbs/140120260513528119.pdf
20260513,7762,シチズン時計,決算短信,"=HYPERLINK(""https://www.release.tdnet.info/inbs/140120260512527246.pdf"", ""2026年3月期 決算短信〔日本基準〕(連結)"")","=HYPERLINK(""pdf_tmp/20260513/7762_1530_シチズン時計_2026年3月期 決算短信〔日本基準〕(連結).pdf"", ""2026年3月期 決算短信〔日本基準〕(連結)"")",,,,,,,,,,,,,,,,,,,4,,,,,https://www.release.tdnet.info/inbs/140120260512527246.pdf
20260513,7794,G-イーディーピー,決算短信,"=HYPERLINK(""https://www.release.tdnet.info/inbs/140120260513528395.pdf"", ""2026年3月期 決算短信〔日本基準〕(連結)"")","=HYPERLINK(""pdf_tmp/20260513/7794_1530_G-イーディーピー_2026年3月期 決算短信〔日本基準〕(連結).pdf"", ""2026年3月期 決算短信〔日本基準〕(連結)"")",,,,,,,,,,,6,,,,,,,,,,,,,https://www.release.tdnet.info/inbs/140120260513528395.pdf
20260513,7794,G-イーディーピー,その他,"=HYPERLINK(""https://www.release.tdnet.info/inbs/140120260513528514.pdf"", ""ラボグローンダイヤモンド製造用20×20mmまでの大型種結晶の発売に関するお知らせ"")","=HYPERLINK(""pdf_tmp/20260513/7794_1530_G-イーディーピー_ラボグローンダイヤモンド製造用20×20mmまでの大型種結晶の発売に関するお知らせ.pdf"", ""ラボグローンダイヤモンド製造用20×20mmまでの大型種結晶の発売に関するお知らせ"")",,,,,,,,,,,1,,,,,,,,,,,,,https://www.release.tdnet.info/inbs/140120260513528514.pdf
20260513,7794,G-イーディーピー,その他,"=HYPERLINK(""https://www.release.tdnet.info/inbs/140120260513528446.pdf"", ""棚卸資産評価損の計上及び2026年3月期通期業績予想と実績との差異に関するお知らせ"")","=HYPERLINK(""pdf_tmp/20260513/7794_1530_G-イーディーピー_棚卸資産評価損の計上及び2026年3月期通期業績予想と実績との差異に関するお知らせ.pdf"", ""棚卸資産評価損の計上及び2026年3月期通期業績予想と実績との差異に関するお知らせ"")",,,,,,,,,,,2,,,,,,,,,,,,,https://www.release.tdnet.info/inbs/140120260513528446.pdf
20260513,7822,永大産業,決算短信,"=HYPERLINK(""https://www.release.tdnet.info/inbs/140120260513527968.pdf"", ""2026年3月期 決算短信〔日本基準〕(連結)"")","=HYPERLINK(""pdf_tmp/20260513/7822_1600_永大産業_2026年3月期 決算短信〔日本基準〕(連結).pdf"", ""2026年3月期 決算短信〔日本基準〕(連結)"")",,,,,,,,,,,2,,,,,,,,,,,,,https://www.release.tdnet.info/inbs/140120260513527968.pdf
20260513,7826,フルヤ金属,予想の修正,"=HYPERLINK(""https://www.release.tdnet.info/inbs/140120260512525777.pdf"", ""業績予想及び配当予想の修正に関するお知らせ"")","=HYPERLINK(""pdf_tmp/20260513/7826_1530_フルヤ金属_業績予想及び配当予想の修正に関するお知らせ.pdf"", ""業績予想及び配当予想の修正に関するお知らせ"")",,,,,,,2,,,,,,,,,,,,,,,,,https://www.release.tdnet.info/inbs/140120260512525777.pdf
20260513,7863,平賀,その他,"=HYPERLINK(""https://www.release.tdnet.info/inbs/140120260509521050.pdf"", ""2026年3月期 通期業績予想と実績との差異に関するお知らせ"")","=HYPERLINK(""pdf_tmp/20260513/7863_1530_平賀_2026年3月期 通期業績予想と実績との差異に関するお知らせ.pdf"", ""2026年3月期 通期業績予想と実績との差異に関するお知らせ"")",,,,,,1,,,,,,,,,,,,,,,,,,https://www.release.tdnet.info/inbs/140120260509521050.pdf
20260513,7863,平賀,決算短信,"=HYPERLINK(""https://www.release.tdnet.info/inbs/140120260509521051.pdf"", ""2026年3月期決算短信〔日本基準〕(非連結)"")","=HYPERLINK(""pdf_tmp/20260513/7863_1530_平賀_2026年3月期決算短信〔日本基準〕(非連結).pdf"", ""2026年3月期決算短信〔日本基準〕(非連結)"")",,,,,,,,,,,5,,,,,,,,,,,,,https://www.release.tdnet.info/inbs/140120260509521051.pdf
20260513,7877,永大化工,決算短信,"=HYPERLINK(""https://www.release.tdnet.info/inbs/140120260512526860.pdf"", ""2026年3月期 決算短信〔日本基準〕(連結)"")","=HYPERLINK(""pdf_tmp/20260513/7877_1530_永大化工_2026年3月期 決算短信〔日本基準〕(連結).pdf"", ""2026年3月期 決算短信〔日本基準〕(連結)"")",,,,4,,,,,,,,,,,,,,,,,,,,https://www.release.tdnet.info/inbs/140120260512526860.pdf
20260513,7877,永大化工,その他,"=HYPERLINK(""https://www.release.tdnet.info/inbs/140120260511521565.pdf"", ""中期経営計画の策定に関するお知らせ"")","=HYPERLINK(""pdf_tmp/20260513/7877_1530_永大化工_中期経営計画の策定に関するお知らせ.pdf"", ""中期経営計画の策定に関するお知らせ"")",,,,,,,,,,,,,,,,,,,,,,9,,https://www.release.tdnet.info/inbs/140120260511521565.pdf
20260513,7912,大日印,その他,"=HYPERLINK(""https://www.release.tdnet.info/inbs/140120260513528184.pdf"", ""オーストリア上場企業「AUSTRIACARD HOLDINGS AG」株式の公開買付けに関するお知らせ"")","=HYPERLINK(""pdf_tmp/20260513/7912_1600_大日印_オーストリア上場企業「AUSTRIACARD HOLDINGS AG」株式の公開買付けに関するお知らせ.pdf"", ""オーストリア上場企業「AUSTRIACARD HOLDINGS AG」株式の公開買付けに関するお知らせ"")",,,,,,,,,,,,,,,,,,,,,,1,,https://www.release.tdnet.info/inbs/140120260513528184.pdf
20260513,7936,アシックス,決算短信,"=HYPERLINK(""https://www.release.tdnet.info/inbs/140120260511522637.pdf"", ""2026年12月期 第1四半期決算短信〔日本基準〕(連結)"")","=HYPERLINK(""pdf_tmp/20260513/7936_1300_アシックス_2026年12月期 第1四半期決算短信〔日本基準〕(連結).pdf"", ""2026年12月期 第1四半期決算短信〔日本基準〕(連結)"")",,,,,,,,,,,4 7,,,,,,,,,,,,,https://www.release.tdnet.info/inbs/140120260511522637.pdf
20260513,7943,ニチハ,説明資料,"=HYPERLINK(""https://www.release.tdnet.info/inbs/140120260513529564.pdf"", ""2026年3月期 決算説明資料(速報版)"")","=HYPERLINK(""pdf_tmp/20260513/7943_1540_ニチハ_2026年3月期 決算説明資料(速報版).pdf"", ""2026年3月期 決算説明資料(速報版)"")",,,9,,,,,,,,,,,,,,,,,,,,,https://www.release.tdnet.info/inbs/140120260513529564.pdf
20260513,7991,マミヤオーピー,決算短信,"=HYPERLINK(""https://www.release.tdnet.info/inbs/140120260513529336.pdf"", ""2026年3月期 決算短信〔日本基準〕(連結)"")","=HYPERLINK(""pdf_tmp/20260513/7991_1530_マミヤオーピー_2026年3月期 決算短信〔日本基準〕(連結).pdf"", ""2026年3月期 決算短信〔日本基準〕(連結)"")",,,,,4,,,,,,,,,,,,,,,,,,,https://www.release.tdnet.info/inbs/140120260513529336.pdf
20260513,7991,マミヤオーピー,説明資料,"=HYPERLINK(""https://www.release.tdnet.info/inbs/140120260513529524.pdf"", ""2026年3月期 決算説明資料"")","=HYPERLINK(""pdf_tmp/20260513/7991_1530_マミヤオーピー_2026年3月期 決算説明資料.pdf"", ""2026年3月期 決算説明資料"")",,,,,4,,,,,,,,,,,,,,,,,,,https://www.release.tdnet.info/inbs/140120260513529524.pdf
20260513,8050,セイコーG,決算短信,"=HYPERLINK(""https://www.release.tdnet.info/inbs/140120260512526684.pdf"", ""2026年3月期 決算短信[日本基準](連結)"")","=HYPERLINK(""pdf_tmp/20260513/8050_1530_セイコーG_2026年3月期 決算短信[日本基準](連結).pdf"", ""2026年3月期 決算短信[日本基準](連結)"")",,,,,,,,,,,4 5,,,,,,,,,,,,,https://www.release.tdnet.info/inbs/140120260512526684.pdf
20260513,8061,西華産,説明資料,"=HYPERLINK(""https://www.release.tdnet.info/inbs/140120260512526487.pdf"", ""2026年3月期 決算補足説明資料"")","=HYPERLINK(""pdf_tmp/20260513/8061_1400_西華産_2026年3月期 決算補足説明資料.pdf"", ""2026年3月期 決算補足説明資料"")",,,,,,,,,,,10,,,,,,,,,,,,,https://www.release.tdnet.info/inbs/140120260512526487.pdf
20260513,8061,西華産,決算短信,"=HYPERLINK(""https://www.release.tdnet.info/inbs/140120260511522609.pdf"", ""2026年3月期決算短信〔日本基準〕(連結)"")","=HYPERLINK(""pdf_tmp/20260513/8061_1400_西華産_2026年3月期決算短信〔日本基準〕(連結).pdf"", ""2026年3月期決算短信〔日本基準〕(連結)"")",,,,,,,,,,18,,,,,,,,,,,,,,https://www.release.tdnet.info/inbs/140120260511522609.pdf
20260513,8075,神鋼商,説明資料,"=HYPERLINK(""https://www.release.tdnet.info/inbs/140120260513528341.pdf"", ""2025年度決算2026年度計画説明資料"")","=HYPERLINK(""pdf_tmp/20260513/8075_1245_神鋼商_2025年度決算2026年度計画説明資料.pdf"", ""2025年度決算2026年度計画説明資料"")",,,,,,,,,,,,,,,,,,,3,,,,,https://www.release.tdnet.info/inbs/140120260513528341.pdf
20260513,8081,カナデン,その他,"=HYPERLINK(""https://www.release.tdnet.info/inbs/140120260507518090.pdf"", ""新中期経営計画策定に関するお知らせ"")","=HYPERLINK(""pdf_tmp/20260513/8081_1400_カナデン_新中期経営計画策定に関するお知らせ.pdf"", ""新中期経営計画策定に関するお知らせ"")",,,,,,,,,,5,,,,,,,,,,,,,,https://www.release.tdnet.info/inbs/140120260507518090.pdf
20260513,8107,キムラタン,決算短信,"=HYPERLINK(""https://www.release.tdnet.info/inbs/140120260513530256.pdf"", ""2026年3月期 決算短信〔日本基準〕(連結)"")","=HYPERLINK(""pdf_tmp/20260513/8107_1600_キムラタン_2026年3月期 決算短信〔日本基準〕(連結).pdf"", ""2026年3月期 決算短信〔日本基準〕(連結)"")",,,,,,,,,,,,,,,,,,,4,,,,,https://www.release.tdnet.info/inbs/140120260513530256.pdf
20260513,8129,東邦HD,決算短信,"=HYPERLINK(""https://www.release.tdnet.info/inbs/140120260512526235.pdf"", ""2026年3月期 決算短信〔日本基準〕(連結)"")","=HYPERLINK(""pdf_tmp/20260513/8129_1400_東邦HD_2026年3月期 決算短信〔日本基準〕(連結).pdf"", ""2026年3月期 決算短信〔日本基準〕(連結)"")",5,,,,,,,,,,,,,,,,,,,,,,,https://www.release.tdnet.info/inbs/140120260512526235.pdf
20260513,8138,三京化成,決算短信,"=HYPERLINK(""https://www.release.tdnet.info/inbs/140120260513529027.pdf"", ""2026年3月期 決算短信〔日本基準〕(連結)"")","=HYPERLINK(""pdf_tmp/20260513/8138_1430_三京化成_2026年3月期 決算短信〔日本基準〕(連結).pdf"", ""2026年3月期 決算短信〔日本基準〕(連結)"")",,,,,,,,,,,4,,,,,,,,,,,,,https://www.release.tdnet.info/inbs/140120260513529027.pdf
20260513,8316,三井住友,説明資料,"=HYPERLINK(""https://www.release.tdnet.info/inbs/140120260512527534.pdf"", ""2025年度 決算説明資料"")","=HYPERLINK(""pdf_tmp/20260513/8316_1630_三井住友_2025年度 決算説明資料.pdf"", ""2025年度 決算説明資料"")",,,,,,,,,,,,,,,,,,,2,,,,,https://www.release.tdnet.info/inbs/140120260512527534.pdf
20260513,8316,三井住友,決算短信,"=HYPERLINK(""https://www.release.tdnet.info/inbs/140120260402597678.pdf"", ""2026年3月期 決算短信〔日本基準〕(連結)"")","=HYPERLINK(""pdf_tmp/20260513/8316_1630_三井住友_2026年3月期 決算短信〔日本基準〕(連結).pdf"", ""2026年3月期 決算短信〔日本基準〕(連結)"")",,,,,,,,,,,,,,,,,,,2 4,,,,,https://www.release.tdnet.info/inbs/140120260402597678.pdf
20260513,8366,滋賀銀,その他,"=HYPERLINK(""https://www.release.tdnet.info/inbs/140120260512526714.pdf"", ""「第8次中期経営計画」における財務指標の上方修正に関するお知らせ"")","=HYPERLINK(""pdf_tmp/20260513/8366_1500_滋賀銀_「第8次中期経営計画」における財務指標の上方修正に関するお知らせ.pdf"", ""「第8次中期経営計画」における財務指標の上方修正に関するお知らせ"")",,,,,,,1,,,,,,,,,,,,,,,,,https://www.release.tdnet.info/inbs/140120260512526714.pdf
20260513,8524,北洋銀行,決算短信,"=HYPERLINK(""https://www.release.tdnet.info/inbs/140120260512524276.pdf"", ""2026年3月期 決算短信〔日本基準〕(連結)"")","=HYPERLINK(""pdf_tmp/20260513/8524_1400_北洋銀行_2026年3月期 決算短信〔日本基準〕(連結).pdf"", ""2026年3月期 決算短信〔日本基準〕(連結)"")",,,,,,,,,,,,,,,,,,,,,,35,,https://www.release.tdnet.info/inbs/140120260512524276.pdf
20260513,8550,栃木銀,説明資料,"=HYPERLINK(""https://www.release.tdnet.info/inbs/140120260512526733.pdf"", ""2026年3月期決算説明資料"")","=HYPERLINK(""pdf_tmp/20260513/8550_1500_栃木銀_2026年3月期決算説明資料.pdf"", ""2026年3月期決算説明資料"")",,,,,,,,,,,3,,,,,,,,,,,,,https://www.release.tdnet.info/inbs/140120260512526733.pdf
20260513,8560,宮崎太銀,決算短信,"=HYPERLINK(""https://www.release.tdnet.info/inbs/140120260513527756.pdf"", ""2026年3月期 決算短信〔日本基準〕(連結)"")","=HYPERLINK(""pdf_tmp/20260513/8560_1330_宮崎太銀_2026年3月期 決算短信〔日本基準〕(連結).pdf"", ""2026年3月期 決算短信〔日本基準〕(連結)"")",,,,,,,,,,,51,,,,,,,,,,,,,https://www.release.tdnet.info/inbs/140120260513527756.pdf
20260513,8560,宮崎太銀,説明資料,"=HYPERLINK(""https://www.release.tdnet.info/inbs/140120260513527729.pdf"", ""2026年3月期 決算説明資料"")","=HYPERLINK(""pdf_tmp/20260513/8560_1330_宮崎太銀_2026年3月期 決算説明資料.pdf"", ""2026年3月期 決算説明資料"")",,,,,,,,,,,16,,,,,,,,,,,,,https://www.release.tdnet.info/inbs/140120260513527729.pdf
20260513,8746,unbanked,その他,"=HYPERLINK(""https://www.release.tdnet.info/inbs/140120260513529674.pdf"", ""代表取締役の異動並びに取締役(監査等委員である者を除く。)候補者及び監査等委員である取締役候補者の選任に関するお知らせ"")","=HYPERLINK(""pdf_tmp/20260513/8746_1530_unbanked_代表取締役の異動並びに取締役(監査等委員である者を除く。)候補者及び監査等委員である取締役候補者の選任に関するお知らせ.pdf"", ""代表取締役の異動並びに取締役(監査等委員である者を除く。)候補者及び監査等委員である取締役候補者の選任に関するお知らせ"")",,,,,,,,,,,1,,,,,,,,,,,,,https://www.release.tdnet.info/inbs/140120260513529674.pdf
20260513,8772,アサックス,決算短信,"=HYPERLINK(""https://www.release.tdnet.info/inbs/140120260513530538.pdf"", ""2026年3月期 決算短信〔日本基準〕(連結)"")","=HYPERLINK(""pdf_tmp/20260513/8772_1645_アサックス_2026年3月期 決算短信〔日本基準〕(連結).pdf"", ""2026年3月期 決算短信〔日本基準〕(連結)"")",,,,,,,,,,,,,,,,,,,14,,,,,https://www.release.tdnet.info/inbs/140120260513530538.pdf
20260513,8802,三菱地所,その他,"=HYPERLINK(""https://www.release.tdnet.info/inbs/140120260513527817.pdf"", ""2025年度決算ハイライト"")","=HYPERLINK(""pdf_tmp/20260513/8802_1530_三菱地所_2025年度決算ハイライト.pdf"", ""2025年度決算ハイライト"")",,,,,,,,,,,1 2 3,,,,,,,,,,,,,https://www.release.tdnet.info/inbs/140120260513527817.pdf
20260513,8802,三菱地所,決算短信,"=HYPERLINK(""https://www.release.tdnet.info/inbs/140120260512526167.pdf"", ""2026年3月期 決算短信〔日本基準〕(連結)"")","=HYPERLINK(""pdf_tmp/20260513/8802_1530_三菱地所_2026年3月期 決算短信〔日本基準〕(連結).pdf"", ""2026年3月期 決算短信〔日本基準〕(連結)"")",,,,,,,,,,,,,,,,,,,20,,,,,https://www.release.tdnet.info/inbs/140120260512526167.pdf
20260513,8818,京阪神ビ,その他,"=HYPERLINK(""https://www.release.tdnet.info/inbs/140120260512527426.pdf"", ""株主提案に対する当社取締役会意見に関するお知らせ"")","=HYPERLINK(""pdf_tmp/20260513/8818_1500_京阪神ビ_株主提案に対する当社取締役会意見に関するお知らせ.pdf"", ""株主提案に対する当社取締役会意見に関するお知らせ"")",,,,,,,,,,,3,,,,,,,,,,,,,https://www.release.tdnet.info/inbs/140120260512527426.pdf
20260513,8945,サンネクスタグループ,予想の修正,"=HYPERLINK(""https://www.release.tdnet.info/inbs/140120260512526898.pdf"", ""通期連結業績予想の修正に関するお知らせ"")","=HYPERLINK(""pdf_tmp/20260513/8945_1230_サンネクスタグループ_通期連結業績予想の修正に関するお知らせ.pdf"", ""通期連結業績予想の修正に関するお知らせ"")",,,,1,,,,,,,,,,,,,,,,,,,,https://www.release.tdnet.info/inbs/140120260512526898.pdf
20260513,9007,小田急,予想の修正,"=HYPERLINK(""https://www.release.tdnet.info/inbs/140120260507518921.pdf"", ""2026年3月期 期末配当予想の修正(増配)および自己株式取得に係る事項の決定に関するお知らせ"")","=HYPERLINK(""pdf_tmp/20260513/9007_1530_小田急_2026年3月期 期末配当予想の修正(増配)および自己株式取得に係る事項の決定に関するお知らせ.pdf"", ""2026年3月期 期末配当予想の修正(増配)および自己株式取得に係る事項の決定に関するお知らせ"")",,,,,,,,,,,1,,,,,,,,,,,,,https://www.release.tdnet.info/inbs/140120260507518921.pdf
20260513,9007,小田急,説明資料,"=HYPERLINK(""https://www.release.tdnet.info/inbs/140120260507518919.pdf"", ""2026年3月期 決算説明資料"")","=HYPERLINK(""pdf_tmp/20260513/9007_1530_小田急_2026年3月期 決算説明資料.pdf"", ""2026年3月期 決算説明資料"")",,,,,,,2 23,,,,,,,,,,,,,,,,,https://www.release.tdnet.info/inbs/140120260507518919.pdf
20260513,9010,富士急,決算短信,"=HYPERLINK(""https://www.release.tdnet.info/inbs/140120260512525838.pdf"", ""2026年3月期 決算短信〔日本基準〕(連結)"")","=HYPERLINK(""pdf_tmp/20260513/9010_1530_富士急_2026年3月期 決算短信〔日本基準〕(連結).pdf"", ""2026年3月期 決算短信〔日本基準〕(連結)"")",,,,,,,,,,,4,,,,,,,,,,,,,https://www.release.tdnet.info/inbs/140120260512525838.pdf
20260513,9025,鴻池運輸,決算短信,"=HYPERLINK(""https://www.release.tdnet.info/inbs/140120260513527743.pdf"", ""2026年3月期 決算短信〔日本基準〕(連結)"")","=HYPERLINK(""pdf_tmp/20260513/9025_1530_鴻池運輸_2026年3月期 決算短信〔日本基準〕(連結).pdf"", ""2026年3月期 決算短信〔日本基準〕(連結)"")",,,,,,,,,,,,,,,,,,,4,,,,,https://www.release.tdnet.info/inbs/140120260513527743.pdf
20260513,9036,東部ネット,決算短信,"=HYPERLINK(""https://www.release.tdnet.info/inbs/140120260507518537.pdf"", ""2026年3月期決算短信〔日本基準〕(連結)"")","=HYPERLINK(""pdf_tmp/20260513/9036_1500_東部ネット_2026年3月期決算短信〔日本基準〕(連結).pdf"", ""2026年3月期決算短信〔日本基準〕(連結)"")",,,,,,4,,,,,,,,,,,,,,,,,,https://www.release.tdnet.info/inbs/140120260507518537.pdf
20260513,9064,ヤマトHD,その他,"=HYPERLINK(""https://www.release.tdnet.info/inbs/140120260513528785.pdf"", ""業績連動事後交付型譲渡制限付株式報酬制度の導入に関するお知らせ"")","=HYPERLINK(""pdf_tmp/20260513/9064_1630_ヤマトHD_業績連動事後交付型譲渡制限付株式報酬制度の導入に関するお知らせ.pdf"", ""業績連動事後交付型譲渡制限付株式報酬制度の導入に関するお知らせ"")",,,,,,,,,,,1 3,,,,,,,,,,,,,https://www.release.tdnet.info/inbs/140120260513528785.pdf
20260513,9069,センコーグループHD,決算短信,"=HYPERLINK(""https://www.release.tdnet.info/inbs/140120260513529472.pdf"", ""2026年3月期 決算短信〔日本基準〕(連結)"")","=HYPERLINK(""pdf_tmp/20260513/9069_1630_センコーグループHD_2026年3月期 決算短信〔日本基準〕(連結).pdf"", ""2026年3月期 決算短信〔日本基準〕(連結)"")",,,5 6,,,,,,,,,,,,,,,,,,,,,https://www.release.tdnet.info/inbs/140120260513529472.pdf
20260513,9074,日石輸,説明資料,"=HYPERLINK(""https://www.release.tdnet.info/inbs/140120260511523230.pdf"", ""2026年3月期 決算説明資料"")","=HYPERLINK(""pdf_tmp/20260513/9074_1400_日石輸_2026年3月期 決算説明資料.pdf"", ""2026年3月期 決算説明資料"")",,,,,,,,,,,5,,,,,,,,,,,,,https://www.release.tdnet.info/inbs/140120260511523230.pdf
20260513,9087,タカセ,決算短信,"=HYPERLINK(""https://www.release.tdnet.info/inbs/140120260512524486.pdf"", ""2026年3月期決算短信〔日本基準〕(連結)"")","=HYPERLINK(""pdf_tmp/20260513/9087_1545_タカセ_2026年3月期決算短信〔日本基準〕(連結).pdf"", ""2026年3月期決算短信〔日本基準〕(連結)"")",,,,,,,,,,,,,,,,,,,4,,,,,https://www.release.tdnet.info/inbs/140120260512524486.pdf
20260513,9221,フルハシEPO,説明資料,"=HYPERLINK(""https://www.release.tdnet.info/inbs/140120260512524579.pdf"", ""2026年3月期決算補足説明資料"")","=HYPERLINK(""pdf_tmp/20260513/9221_1500_フルハシEPO_2026年3月期決算補足説明資料.pdf"", ""2026年3月期決算補足説明資料"")",,,,,,,,,,,15,,,,,,,,,,,,,https://www.release.tdnet.info/inbs/140120260512524579.pdf
20260513,9239,P-ケーイーティ,決算短信,"=HYPERLINK(""https://www.release.tdnet.info/inbs/140120260511522753.pdf"", ""2026年3月期 決算短信〔日本基準〕(非連結)"")","=HYPERLINK(""pdf_tmp/20260513/9239_1530_P-ケーイーティ_2026年3月期 決算短信〔日本基準〕(非連結).pdf"", ""2026年3月期 決算短信〔日本基準〕(非連結)"")",,,,,,,,,,,,,,,,,,,4,,,,,https://www.release.tdnet.info/inbs/140120260511522753.pdf
20260513,9272,G-ブティックス,その他,"=HYPERLINK(""https://www.release.tdnet.info/inbs/140120260501516123.pdf"", ""募集新株予約権(税制適格ストック・オプション及び有償ストック・オプション)の発行に関するお知らせ"")","=HYPERLINK(""pdf_tmp/20260513/9272_1600_G-ブティックス_募集新株予約権(税制適格ストック・オプション及び有償ストック・オプション)の発行に関するお知らせ.pdf"", ""募集新株予約権(税制適格ストック・オプション及び有償ストック・オプション)の発行に関するお知らせ"")",,,,,,,,,,2 8,,,,,,,,,,,,,,https://www.release.tdnet.info/inbs/140120260501516123.pdf
20260513,9305,ヤマタネ,その他,"=HYPERLINK(""https://www.release.tdnet.info/inbs/140120260513527848.pdf"", ""個別業績の前期実績値との差異に関するお知らせ"")","=HYPERLINK(""pdf_tmp/20260513/9305_1320_ヤマタネ_個別業績の前期実績値との差異に関するお知らせ.pdf"", ""個別業績の前期実績値との差異に関するお知らせ"")",,,,1,,,,,,,,,,,,,,,,,,,,https://www.release.tdnet.info/inbs/140120260513527848.pdf
20260513,9306,東陽倉,決算短信,"=HYPERLINK(""https://www.release.tdnet.info/inbs/140120260511523519.pdf"", ""2026年3月期 決算短信〔日本基準〕(連結)"")","=HYPERLINK(""pdf_tmp/20260513/9306_1440_東陽倉_2026年3月期 決算短信〔日本基準〕(連結).pdf"", ""2026年3月期 決算短信〔日本基準〕(連結)"")",,,,,,,,,,,,,,,,4,,,,,,,,https://www.release.tdnet.info/inbs/140120260511523519.pdf
20260513,9319,中央倉庫,資本コストや株価,"=HYPERLINK(""https://www.release.tdnet.info/inbs/140120260513529960.pdf"", ""資本コストや株価を意識した経営の実現に向けた対応について(アップデート)"")","=HYPERLINK(""pdf_tmp/20260513/9319_1600_中央倉庫_資本コストや株価を意識した経営の実現に向けた対応について(アップデート).pdf"", ""資本コストや株価を意識した経営の実現に向けた対応について(アップデート)"")",,,,,,,,,,,,,,,,,,,,,,2,,https://www.release.tdnet.info/inbs/140120260513529960.pdf
20260513,9332,NISSOHD,説明資料,"=HYPERLINK(""https://www.release.tdnet.info/inbs/140120260508520120.pdf"", ""2026年3月期 決算説明資料"")","=HYPERLINK(""pdf_tmp/20260513/9332_1530_NISSOHD_2026年3月期 決算説明資料.pdf"", ""2026年3月期 決算説明資料"")",,,,,,,,,,,,,,,,,,,3 14,,,,,https://www.release.tdnet.info/inbs/140120260508520120.pdf
20260513,9338,G-INFORICH,決算短信,"=HYPERLINK(""https://www.release.tdnet.info/inbs/140120260513528502.pdf"", ""2026年12月期 第1四半期決算短信〔日本基準〕(連結)"")","=HYPERLINK(""pdf_tmp/20260513/9338_1530_G-INFORICH_2026年12月期 第1四半期決算短信〔日本基準〕(連結).pdf"", ""2026年12月期 第1四半期決算短信〔日本基準〕(連結)"")",,,,,,,,,,,5,,,,,,,,,,,,,https://www.release.tdnet.info/inbs/140120260513528502.pdf
20260513,9340,アソインター,決算短信,"=HYPERLINK(""https://www.release.tdnet.info/inbs/140120260512526762.pdf"", ""2026年6月期 第3四半期決算短信〔日本基準〕(連結)"")","=HYPERLINK(""pdf_tmp/20260513/9340_1430_アソインター_2026年6月期 第3四半期決算短信〔日本基準〕(連結).pdf"", ""2026年6月期 第3四半期決算短信〔日本基準〕(連結)"")",,,,,,,,,,,,,,,,,,,4,,,,,https://www.release.tdnet.info/inbs/140120260512526762.pdf
20260513,9340,アソインター,説明資料,"=HYPERLINK(""https://www.release.tdnet.info/inbs/140120260512526921.pdf"", ""2026年6月期 第3四半期決算説明資料"")","=HYPERLINK(""pdf_tmp/20260513/9340_1430_アソインター_2026年6月期 第3四半期決算説明資料.pdf"", ""2026年6月期 第3四半期決算説明資料"")",,,,,9,,,,,,,,,,,,,,,,,,,https://www.release.tdnet.info/inbs/140120260512526921.pdf
20260513,9341,GENOVA,決算短信,"=HYPERLINK(""https://www.release.tdnet.info/inbs/140120260513530045.pdf"", ""2026年3月期決算短信〔日本基準〕(連結)"")","=HYPERLINK(""pdf_tmp/20260513/9341_1530_GENOVA_2026年3月期決算短信〔日本基準〕(連結).pdf"", ""2026年3月期決算短信〔日本基準〕(連結)"")",,,,,,,,,,,6,,,,,,,,,,,,,https://www.release.tdnet.info/inbs/140120260513530045.pdf
20260513,9365,トレーディア,決算短信,"=HYPERLINK(""https://www.release.tdnet.info/inbs/140120260512527288.pdf"", ""2026年3月期決算短信〔日本基準〕(連結)"")","=HYPERLINK(""pdf_tmp/20260513/9365_1500_トレーディア_2026年3月期決算短信〔日本基準〕(連結).pdf"", ""2026年3月期決算短信〔日本基準〕(連結)"")",,,,,,,,,,,4,,,,,,,,,,,,,https://www.release.tdnet.info/inbs/140120260512527288.pdf
20260513,9419,ワイヤレスゲート,説明資料,"=HYPERLINK(""https://www.release.tdnet.info/inbs/140120260512526273.pdf"", ""2026年12月期 第1四半期 決算説明資料"")","=HYPERLINK(""pdf_tmp/20260513/9419_1530_ワイヤレスゲート_2026年12月期 第1四半期 決算説明資料.pdf"", ""2026年12月期 第1四半期 決算説明資料"")",,,,,,,,,,,2 8 10 21,,,,,,,,,,,,,https://www.release.tdnet.info/inbs/140120260512526273.pdf
20260513,9428,クロップス,説明資料,"=HYPERLINK(""https://www.release.tdnet.info/inbs/140120260512527361.pdf"", ""2026年3月期 決算説明資料"")","=HYPERLINK(""pdf_tmp/20260513/9428_1330_クロップス_2026年3月期 決算説明資料.pdf"", ""2026年3月期 決算説明資料"")",,,,,,,,,,4,,,,,,,,,,,,,,https://www.release.tdnet.info/inbs/140120260512527361.pdf
20260513,9435,光通信,説明資料,"=HYPERLINK(""https://www.release.tdnet.info/inbs/140120260513528101.pdf"", ""2026年3月期決算説明資料"")","=HYPERLINK(""pdf_tmp/20260513/9435_1511_光通信_2026年3月期決算説明資料.pdf"", ""2026年3月期決算説明資料"")",,,,,,,,,,,18,,,,,,,,,,,,,https://www.release.tdnet.info/inbs/140120260513528101.pdf
20260513,9438,エムティーアイ,その他,"=HYPERLINK(""https://www.release.tdnet.info/inbs/140120260513529163.pdf"", ""2026年9月期 2Q決算説明会資料"")","=HYPERLINK(""pdf_tmp/20260513/9438_1300_エムティーアイ_2026年9月期 2Q決算説明会資料.pdf"", ""2026年9月期 2Q決算説明会資料"")",,,,,,,8,,,,,,,,,,,,,,,,,https://www.release.tdnet.info/inbs/140120260513529163.pdf
20260513,9519,レノバ,その他,"=HYPERLINK(""https://www.release.tdnet.info/inbs/140120260512527585.pdf"", ""2026年3月期 決算補足資料"")","=HYPERLINK(""pdf_tmp/20260513/9519_1530_レノバ_2026年3月期 決算補足資料.pdf"", ""2026年3月期 決算補足資料"")",,,,,,,,,,,3 5 6 7 26 55,,,,,,,,,,,,,https://www.release.tdnet.info/inbs/140120260512527585.pdf
20260513,9621,建設技研,その他,"=HYPERLINK(""https://www.release.tdnet.info/inbs/140120260513529888.pdf"", ""第64期(2026年) 第1四半期決算報告"")","=HYPERLINK(""pdf_tmp/20260513/9621_1530_建設技研_第64期(2026年) 第1四半期決算報告.pdf"", ""第64期(2026年) 第1四半期決算報告"")",,,,,,,,,,,2 7,,,,,,,,,,,,,https://www.release.tdnet.info/inbs/140120260513529888.pdf
20260513,9633,テアトル,決算短信,"=HYPERLINK(""https://www.release.tdnet.info/inbs/140120260501516410.pdf"", ""2026年3月期決算短信〔日本基準〕(連結)"")","=HYPERLINK(""pdf_tmp/20260513/9633_1500_テアトル_2026年3月期決算短信〔日本基準〕(連結).pdf"", ""2026年3月期決算短信〔日本基準〕(連結)"")",,,,,,,,,,,5 6,,,,,,,,,,,,,https://www.release.tdnet.info/inbs/140120260501516410.pdf
20260513,9633,テアトル,説明資料,"=HYPERLINK(""https://www.release.tdnet.info/inbs/140120260513528335.pdf"", ""2026年3月期決算補足説明資料"")","=HYPERLINK(""pdf_tmp/20260513/9633_1500_テアトル_2026年3月期決算補足説明資料.pdf"", ""2026年3月期決算補足説明資料"")",,,,,,,,,,,3 7,,,,,,,,,,,,,https://www.release.tdnet.info/inbs/140120260513528335.pdf
20260513,9633,テアトル,その他,"=HYPERLINK(""https://www.release.tdnet.info/inbs/140120260513528393.pdf"", ""個別決算における特別損失(関係会社株式評価損)の計上及び連結業績予想と実績値の差異に関するお知らせ"")","=HYPERLINK(""pdf_tmp/20260513/9633_1500_テアトル_個別決算における特別損失(関係会社株式評価損)の計上及び連結業績予想と実績値の差異に関するお知らせ.pdf"", ""個別決算における特別損失(関係会社株式評価損)の計上及び連結業績予想と実績値の差異に関するお知らせ"")",,,,,,,,,,,,2,,,,,,,,,,,,https://www.release.tdnet.info/inbs/140120260513528393.pdf
20260513,9643,中日興,決算短信,"=HYPERLINK(""https://www.release.tdnet.info/inbs/140120260512524766.pdf"", ""令和8年3月期 決算短信〔日本基準〕(非連結)"")","=HYPERLINK(""pdf_tmp/20260513/9643_1420_中日興_令和8年3月期 決算短信〔日本基準〕(非連結).pdf"", ""令和8年3月期 決算短信〔日本基準〕(非連結)"")",,,,,,,,,,,4,,,,,,,,,,,,,https://www.release.tdnet.info/inbs/140120260512524766.pdf
20260513,9643,中日興,その他,"=HYPERLINK(""https://www.release.tdnet.info/inbs/140120260513528706.pdf"", ""特別損失(減損損失)の計上および業績予想と実績値との差異に関するお知らせ"")","=HYPERLINK(""pdf_tmp/20260513/9643_1420_中日興_特別損失(減損損失)の計上および業績予想と実績値との差異に関するお知らせ.pdf"", ""特別損失(減損損失)の計上および業績予想と実績値との差異に関するお知らせ"")",,,,,,,,,,,,,,,,,,,1,,,,,https://www.release.tdnet.info/inbs/140120260513528706.pdf
20260513,9644,タナベコンサルG,説明資料,"=HYPERLINK(""https://www.release.tdnet.info/inbs/140120260513529120.pdf"", ""2026年3月期 決算補足説明資料"")","=HYPERLINK(""pdf_tmp/20260513/9644_1300_タナベコンサルG_2026年3月期 決算補足説明資料.pdf"", ""2026年3月期 決算補足説明資料"")",,,,,,,,,,,,,,4,,,,,,,,,,https://www.release.tdnet.info/inbs/140120260513529120.pdf
20260513,9644,タナベコンサルG,その他,"=HYPERLINK(""https://www.release.tdnet.info/inbs/140120260513529202.pdf"", ""中期経営計画(2026~2030)「TCG Future Vision 2030」"")","=HYPERLINK(""pdf_tmp/20260513/9644_1300_タナベコンサルG_中期経営計画(2026~2030)「TCG Future Vision 2030」.pdf"", ""中期経営計画(2026~2030)「TCG Future Vision 2030」"")",,,,,,,,,,,,,,,,,,,,,21,,,https://www.release.tdnet.info/inbs/140120260513529202.pdf
20260513,9726,KNTCT,決算短信,"=HYPERLINK(""https://www.release.tdnet.info/inbs/140120260507518629.pdf"", ""2026年3月期 決算短信〔日本基準〕(連結)"")","=HYPERLINK(""pdf_tmp/20260513/9726_1530_KNTCT_2026年3月期 決算短信〔日本基準〕(連結).pdf"", ""2026年3月期 決算短信〔日本基準〕(連結)"")",,,,,,,,,,,,,,,5,,,,,,,,,https://www.release.tdnet.info/inbs/140120260507518629.pdf
20260513,9757,船井総研HD,その他,"=HYPERLINK(""https://www.release.tdnet.info/inbs/140120260513529297.pdf"", ""2026年12月期 第1四半期決算概要書"")","=HYPERLINK(""pdf_tmp/20260513/9757_1530_船井総研HD_2026年12月期 第1四半期決算概要書.pdf"", ""2026年12月期 第1四半期決算概要書"")",,,,,,,,,,,5,,,,,,,,,,,,,https://www.release.tdnet.info/inbs/140120260513529297.pdf
20260513,9850,グルメ杵屋,その他,"=HYPERLINK(""https://www.release.tdnet.info/inbs/140120260513528255.pdf"", ""2026年3月期連結業績予想値と実績値及び個別業績と前年実績値との差異に関するお知らせ"")","=HYPERLINK(""pdf_tmp/20260513/9850_1530_グルメ杵屋_2026年3月期連結業績予想値と実績値及び個別業績と前年実績値との差異に関するお知らせ.pdf"", ""2026年3月期連結業績予想値と実績値及び個別業績と前年実績値との差異に関するお知らせ"")",,,,,,,,,,,2,,,,,,,,,,,,,https://www.release.tdnet.info/inbs/140120260513528255.pdf
20260513,9850,グルメ杵屋,その他,"=HYPERLINK(""https://www.release.tdnet.info/inbs/140120260513528257.pdf"", ""特別利益及び特別損失の計上に関するお知らせ"")","=HYPERLINK(""pdf_tmp/20260513/9850_1530_グルメ杵屋_特別利益及び特別損失の計上に関するお知らせ.pdf"", ""特別利益及び特別損失の計上に関するお知らせ"")",,,,,,,,,,,,,,,,,,,1,,,,,https://www.release.tdnet.info/inbs/140120260513528257.pdf
20260513,9908,日本電計,決算短信,"=HYPERLINK(""https://www.release.tdnet.info/inbs/140120260512525815.pdf"", ""2026年3月期 決算短信[日本基準](連結)"")","=HYPERLINK(""pdf_tmp/20260513/9908_1300_日本電計_2026年3月期 決算短信[日本基準](連結).pdf"", ""2026年3月期 決算短信[日本基準](連結)"")",,,,,,,,,,,,,,,,,,,4,,,,,https://www.release.tdnet.info/inbs/140120260512525815.pdf
20260513,9929,平和紙業,決算短信,"=HYPERLINK(""https://www.release.tdnet.info/inbs/140120260512526382.pdf"", ""2026年3月期 決算短信〔日本基準〕(連結)"")","=HYPERLINK(""pdf_tmp/20260513/9929_1600_平和紙業_2026年3月期 決算短信〔日本基準〕(連結).pdf"", ""2026年3月期 決算短信〔日本基準〕(連結)"")",,,,,,,,,,,,,,,,,,,17 23 45,,,,,https://www.release.tdnet.info/inbs/140120260512526382.pdf
20260513,9956,バローHD,その他,"=HYPERLINK(""https://www.release.tdnet.info/inbs/140120260512526694.pdf"", ""会社の支配に関する基本方針の改定及び当社株式の大量買付行為への対応方針(買収への対応方針)の更新に関するお知らせ"")","=HYPERLINK(""pdf_tmp/20260513/9956_1300_バローHD_会社の支配に関する基本方針の改定及び当社株式の大量買付行為への対応方針(買収への対応方針)の更新に関するお知らせ.pdf"", ""会社の支配に関する基本方針の改定及び当社株式の大量買付行為への対応方針(買収への対応方針)の更新に関するお知らせ"")",,,,,,,,,,,5,,,,,,,,,,,,,https://www.release.tdnet.info/inbs/140120260512526694.pdf
20260513,9956,バローHD,資本コストや株価,"=HYPERLINK(""https://www.release.tdnet.info/inbs/140120260512526653.pdf"", ""資本コストや株価を意識した経営の実現に向けた対応について(アップデート)"")","=HYPERLINK(""pdf_tmp/20260513/9956_1300_バローHD_資本コストや株価を意識した経営の実現に向けた対応について(アップデート).pdf"", ""資本コストや株価を意識した経営の実現に向けた対応について(アップデート)"")",,,,,,,,,,,3 4 5 8,,,,,,,,,,,,,https://www.release.tdnet.info/inbs/140120260512526653.pdf
20260513,9959,アシードHD,決算短信,"=HYPERLINK(""https://www.release.tdnet.info/inbs/140120260508520965.pdf"", ""2026年3月期 決算短信〔日本基準〕(連結)"")","=HYPERLINK(""pdf_tmp/20260513/9959_1400_アシードHD_2026年3月期 決算短信〔日本基準〕(連結).pdf"", ""2026年3月期 決算短信〔日本基準〕(連結)"")",,,,,4 5,,,,,,,,,,,,,,,,,,,https://www.release.tdnet.info/inbs/140120260508520965.pdf
